fips,county,month,visits,pounds,individuals,adults,children,seniors,n_sites,n_sites_reported,n_sites_missing
27001,Aitkin,2022-01-01,222.0,11249.0,547.0,238.0,114.0,195.0,6,6,0
27001,Aitkin,2022-02-01,222.0,11249.0,547.0,238.0,114.0,195.0,6,6,0
27001,Aitkin,2022-03-01,234.0,12729.0,562.0,224.0,126.0,212.0,5,5,0
27001,Aitkin,2022-04-01,297.0,14382.0,597.0,221.0,140.0,236.0,5,5,0
27001,Aitkin,2022-05-01,236.0,13290.0,593.0,250.0,131.0,212.0,5,5,0
27001,Aitkin,2022-06-01,229.0,11612.0,573.0,205.0,144.0,224.0,5,5,0
27001,Aitkin,2022-07-01,276.0,12319.0,677.0,257.0,180.0,240.0,6,5,1
27001,Aitkin,2022-08-01,256.0,14187.0,660.0,284.0,139.0,237.0,5,5,0
27001,Aitkin,2022-09-01,398.0,21750.0,973.0,402.0,222.0,349.0,8,8,0
27001,Aitkin,2022-10-01,356.0,24112.0,783.0,329.0,171.0,283.0,8,8,0
27001,Aitkin,2022-11-01,390.0,25680.0,820.0,337.0,184.0,299.0,7,7,0
27001,Aitkin,2022-12-01,287.0,13037.0,709.0,303.0,172.0,234.0,7,7,0
27001,Aitkin,2023-01-01,309.0,15872.0,723.0,321.0,166.0,236.0,7,7,0
27001,Aitkin,2023-02-01,250.0,12655.0,620.0,264.0,137.0,219.0,7,7,0
27001,Aitkin,2023-03-01,286.0,14253.0,763.0,321.0,180.0,262.0,7,7,0
27001,Aitkin,2023-04-01,417.0,15030.0,771.0,346.0,169.0,256.0,8,8,0
27001,Aitkin,2023-05-01,347.0,34629.0,883.0,379.0,217.0,287.0,8,8,0
27001,Aitkin,2023-06-01,454.0,19584.0,1002.0,444.0,242.0,316.0,8,8,0
27001,Aitkin,2023-07-01,427.0,19723.0,959.0,421.0,222.0,316.0,8,8,0
27001,Aitkin,2023-08-01,389.0,18844.0,891.0,379.0,210.0,302.0,8,8,0
27001,Aitkin,2023-09-01,391.0,21064.0,1044.0,475.0,254.0,315.0,8,8,0
27001,Aitkin,2023-10-01,400.0,21033.0,986.0,448.0,228.0,310.0,8,8,0
27001,Aitkin,2023-11-01,451.0,23941.0,1121.0,509.0,287.0,325.0,8,8,0
27001,Aitkin,2023-12-01,380.0,4351.85,929.0,414.0,243.0,272.0,7,6,1
27001,Aitkin,2024-01-01,256.0,14004.0,605.0,311.0,123.0,171.0,4,4,0
27001,Aitkin,2024-02-01,260.0,13869.8,573.0,301.0,117.0,155.0,4,4,0
27001,Aitkin,2024-03-01,261.0,13426.0,593.0,301.0,122.0,170.0,5,5,0
27001,Aitkin,2024-04-01,382.0,18628.0,803.0,389.0,147.0,267.0,5,5,0
27001,Aitkin,2024-05-01,350.0,24305.0,689.0,322.0,137.0,230.0,5,5,0
27001,Aitkin,2024-06-01,348.0,18069.0,742.0,346.0,125.0,271.0,5,5,0
27001,Aitkin,2024-07-01,326.0,16815.35,672.0,306.0,129.0,237.0,6,5,1
27001,Aitkin,2024-08-01,356.0,20652.0,723.0,332.0,124.0,267.0,5,5,0
27001,Aitkin,2024-09-01,348.0,15138.0,717.0,329.0,129.0,259.0,5,5,0
27001,Aitkin,2024-10-01,341.0,20420.0,787.0,417.0,139.0,231.0,5,5,0
27001,Aitkin,2024-11-01,388.0,23104.0,891.0,484.0,183.0,224.0,5,5,0
27001,Aitkin,2024-12-01,355.0,17784.55,838.0,416.0,200.0,222.0,5,5,0
27001,Aitkin,2025-01-01,367.0,17233.0,819.0,416.0,171.0,232.0,5,5,0
27001,Aitkin,2025-02-01,385.0,19515.0,815.0,410.0,154.0,251.0,5,5,0
27001,Aitkin,2025-03-01,371.0,20158.0,835.0,436.0,148.0,251.0,6,5,1
27001,Aitkin,2025-04-01,382.0,18554.0,803.0,411.0,135.0,257.0,5,5,0
27001,Aitkin,2025-05-01,368.0,21135.0,772.0,358.0,126.0,288.0,5,5,0
27001,Aitkin,2025-06-01,386.0,18565.0,815.0,377.0,131.0,307.0,5,5,0
27001,Aitkin,2025-07-01,356.0,16776.0,768.0,376.0,128.0,264.0,5,5,0
27001,Aitkin,2025-08-01,424.0,20002.0,835.0,392.0,178.0,265.0,5,5,0
27001,Aitkin,2025-09-01,325.0,17357.0,773.0,350.0,167.0,256.0,5,5,0
27001,Aitkin,2025-10-01,497.0,23009.0,1173.0,567.0,259.0,347.0,5,5,0
27001,Aitkin,2025-11-01,518.0,22466.0,1218.0,648.0,252.0,318.0,5,5,0
27001,Aitkin,2025-12-01,399.0,27764.0,934.0,453.0,206.0,275.0,5,5,0
27001,Aitkin,2026-01-01,436.0,26962.5,995.0,460.0,196.0,339.0,5,5,0
27001,Aitkin,2026-02-01,397.0,21714.0,897.0,426.0,160.0,311.0,5,5,0
27001,Aitkin,2026-03-01,524.0,28865.0,1173.0,560.0,217.0,396.0,6,6,0
27001,Aitkin,2026-04-01,545.0,16348.0,1252.0,562.0,266.0,424.0,6,6,0
27001,Aitkin,2026-05-01,437.0,19508.0,975.0,436.0,193.0,346.0,8,5,3
27001,Aitkin,2026-06-01,523.0,20744.0,1136.0,506.0,231.0,399.0,6,6,0
27001,Aitkin,2026-07-01,529.0,27378.0,1158.0,536.0,223.0,399.0,6,6,0
27003,Anoka,2022-01-01,8459.0,625774.0,31991.0,15612.0,11349.0,5030.0,11,11,0
27003,Anoka,2022-02-01,22209.0,644384.0,35047.0,16842.0,12838.0,5367.0,11,11,0
27003,Anoka,2022-03-01,13587.0,715588.0,44170.0,21859.0,15779.0,6532.0,11,11,0
27003,Anoka,2022-04-01,13785.0,632057.0,47398.0,23367.0,17438.0,6593.0,11,11,0
27003,Anoka,2022-05-01,12414.0,592570.0,42170.0,20443.0,15809.0,5918.0,11,11,0
27003,Anoka,2022-06-01,13663.0,753942.0,46826.0,21998.0,18062.0,6766.0,11,11,0
27003,Anoka,2022-07-01,11172.0,608950.0,39107.0,18724.0,14434.0,5949.0,12,12,0
27003,Anoka,2022-08-01,12889.0,740423.0,44681.0,21883.0,16382.0,6416.0,12,12,0
27003,Anoka,2022-09-01,12683.0,703650.0,46715.0,22756.0,17297.0,6662.0,12,12,0
27003,Anoka,2022-10-01,14375.0,720826.0,50838.0,24798.0,19297.0,6743.0,12,12,0
27003,Anoka,2022-11-01,13493.0,630076.0,47642.0,23187.0,18013.0,6442.0,12,12,0
27003,Anoka,2022-12-01,12169.0,756034.0,45248.0,21969.0,17444.0,5835.0,12,12,0
27003,Anoka,2023-01-01,14445.0,743923.0,53439.0,27028.0,19824.0,6587.0,13,12,1
27003,Anoka,2023-02-01,13379.0,682175.0,48949.0,24425.0,18521.0,6003.0,13,13,0
27003,Anoka,2023-03-01,17031.0,887198.0,61262.0,30464.0,22708.0,8090.0,13,13,0
27003,Anoka,2023-04-01,18545.0,750381.0,68238.0,33574.0,25723.0,8941.0,13,13,0
27003,Anoka,2023-05-01,15790.0,745924.0,56478.0,27943.0,21151.0,7384.0,13,13,0
27003,Anoka,2023-06-01,17892.0,785940.0,65349.0,32488.0,24422.0,8439.0,13,13,0
27003,Anoka,2023-07-01,14847.0,698014.0,55312.0,27114.0,20506.0,7692.0,13,13,0
27003,Anoka,2023-08-01,18371.0,800411.0,68732.0,34288.0,25397.0,9047.0,13,13,0
27003,Anoka,2023-09-01,17301.0,792815.0,65408.0,33152.0,24299.0,7957.0,13,13,0
27003,Anoka,2023-10-01,18783.0,789391.0,71341.0,36215.0,26838.0,8288.0,13,13,0
27003,Anoka,2023-11-01,19570.0,926125.0,71758.0,36531.0,26494.0,8733.0,13,13,0
27003,Anoka,2023-12-01,17048.0,770312.0,64692.0,32313.0,24544.0,7835.0,13,13,0
27003,Anoka,2024-01-01,18251.0,671037.0,69024.0,35586.0,26990.0,6448.0,12,12,0
27003,Anoka,2024-02-01,21941.0,867855.0,82868.0,42291.0,32218.0,8359.0,12,12,0
27003,Anoka,2024-03-01,21034.0,742368.0,80792.0,40414.0,31694.0,8684.0,12,12,0
27003,Anoka,2024-04-01,21607.0,753744.0,78891.0,39344.0,30776.0,8771.0,12,12,0
27003,Anoka,2024-05-01,19804.0,974994.0,75036.0,36500.0,29597.0,8939.0,12,12,0
27003,Anoka,2024-06-01,19866.0,694990.0,78754.0,38950.0,30916.0,8888.0,12,12,0
27003,Anoka,2024-07-01,17245.0,772956.0,60658.0,30460.0,22522.0,7676.0,12,12,0
27003,Anoka,2024-08-01,20456.0,792095.0,75300.0,38494.0,27327.0,9479.0,12,12,0
27003,Anoka,2024-09-01,17969.0,691486.0,66588.0,34008.0,24430.0,8150.0,12,12,0
27003,Anoka,2024-10-01,20571.0,837179.0,78784.0,38556.0,30290.0,9938.0,12,12,0
27003,Anoka,2024-11-01,18209.0,674964.0,65269.0,33562.0,23837.0,7870.0,12,12,0
27003,Anoka,2024-12-01,16628.0,824134.0,64025.0,32171.0,24156.0,7698.0,12,12,0
27003,Anoka,2025-01-01,21057.0,748885.0,78674.0,40515.0,29189.0,8970.0,13,13,0
27003,Anoka,2025-02-01,20461.0,780997.0,76650.0,39809.0,28316.0,8525.0,13,13,0
27003,Anoka,2025-03-01,24323.0,872344.0,97426.0,48906.0,37844.0,10676.0,13,13,0
27003,Anoka,2025-04-01,22369.0,915708.0,81543.0,41611.0,29957.0,9975.0,13,13,0
27003,Anoka,2025-05-01,22989.0,898837.0,79975.0,39937.0,29592.0,10446.0,13,13,0
27003,Anoka,2025-06-01,22173.0,797874.0,66853.0,34446.0,24220.0,8187.0,13,13,0
27003,Anoka,2025-07-01,21072.0,932336.0,70329.0,35422.0,26110.0,8797.0,13,13,0
27003,Anoka,2025-08-01,20888.0,819551.0,72272.0,36799.0,26586.0,8887.0,14,14,0
27003,Anoka,2025-09-01,19874.0,883983.0,69292.0,35582.0,25345.0,8365.0,14,14,0
27003,Anoka,2025-10-01,21084.0,921263.0,73586.0,39031.0,26197.0,8358.0,14,14,0
27003,Anoka,2025-11-01,20353.0,795553.0,72585.0,37239.0,27082.0,8264.0,14,14,0
27003,Anoka,2025-12-01,17678.0,963439.0,64177.0,33168.0,23668.0,7341.0,14,14,0
27003,Anoka,2026-01-01,24347.0,951670.0,93004.0,48138.0,35083.0,9783.0,14,14,0
27003,Anoka,2026-02-01,29784.0,1037260.0,128764.0,68771.0,51554.0,8439.0,14,14,0
27003,Anoka,2026-03-01,25943.0,1197684.0,114970.0,61544.0,46401.0,7027.0,14,14,0
27003,Anoka,2026-04-01,21749.0,1087288.0,93174.0,49485.0,36773.0,6916.0,14,14,0
27003,Anoka,2026-05-01,16342.0,768467.0,73749.0,33412.0,34672.0,5665.0,13,13,0
27003,Anoka,2026-06-01,16523.0,693299.0,63806.0,33240.0,24727.0,5839.0,14,14,0
27003,Anoka,2026-07-01,15832.0,815334.0,59189.0,30754.0,23206.0,5229.0,14,14,0
27005,Becker,2022-01-01,297.0,35884.0,939.0,515.0,306.0,118.0,1,1,0
27005,Becker,2022-02-01,264.0,28173.0,786.0,442.0,235.0,109.0,1,1,0
27005,Becker,2022-03-01,361.0,39926.0,1093.0,599.0,345.0,149.0,1,1,0
27005,Becker,2022-04-01,312.0,33060.0,962.0,527.0,306.0,129.0,1,1,0
27005,Becker,2022-05-01,360.0,36583.0,1169.0,632.0,396.0,141.0,1,1,0
27005,Becker,2022-06-01,356.0,37192.0,1139.0,625.0,374.0,140.0,1,1,0
27005,Becker,2022-07-01,360.0,33988.0,1149.0,624.0,379.0,146.0,1,1,0
27005,Becker,2022-08-01,416.0,41607.0,1234.0,687.0,370.0,177.0,1,1,0
27005,Becker,2022-09-01,397.0,41043.0,1235.0,676.0,400.0,159.0,1,1,0
27005,Becker,2022-10-01,416.0,40016.0,1261.0,684.0,401.0,176.0,1,1,0
27005,Becker,2022-11-01,402.0,43693.0,1182.0,678.0,345.0,159.0,1,1,0
27005,Becker,2022-12-01,375.0,40512.0,1111.0,600.0,354.0,157.0,1,1,0
27005,Becker,2023-01-01,429.0,43654.0,1308.0,719.0,411.0,178.0,1,1,0
27005,Becker,2023-02-01,348.0,34602.0,1017.0,569.0,296.0,152.0,1,1,0
27005,Becker,2023-03-01,391.0,39582.0,1188.0,677.0,350.0,161.0,1,1,0
27005,Becker,2023-04-01,469.0,40801.0,1422.0,798.0,435.0,189.0,1,1,0
27005,Becker,2023-05-01,494.0,42605.0,1618.0,891.0,542.0,185.0,1,1,0
27005,Becker,2023-06-01,521.0,42280.0,1638.0,899.0,529.0,210.0,1,1,0
27005,Becker,2023-07-01,433.0,35113.0,1395.0,752.0,456.0,187.0,1,1,0
27005,Becker,2023-08-01,507.0,40841.0,1588.0,857.0,503.0,228.0,1,1,0
27005,Becker,2023-09-01,438.0,34669.0,1336.0,707.0,428.0,201.0,1,1,0
27005,Becker,2023-10-01,397.0,32264.0,1217.0,668.0,371.0,178.0,1,1,0
27005,Becker,2023-11-01,552.0,48105.0,1791.0,1012.0,546.0,233.0,1,1,0
27005,Becker,2023-12-01,487.0,47068.0,1530.0,870.0,460.0,200.0,1,1,0
27005,Becker,2024-01-01,587.0,53141.0,1940.0,1079.0,593.0,268.0,1,1,0
27005,Becker,2024-02-01,488.0,41351.0,1503.0,876.0,409.0,218.0,1,1,0
27005,Becker,2024-03-01,517.0,50626.0,1567.0,911.0,441.0,215.0,1,1,0
27005,Becker,2024-04-01,566.0,56232.0,1758.0,1000.0,524.0,234.0,1,1,0
27005,Becker,2024-05-01,552.0,47768.0,1763.0,973.0,570.0,220.0,1,1,0
27005,Becker,2024-06-01,541.0,46303.0,1709.0,977.0,511.0,221.0,1,1,0
27005,Becker,2024-07-01,572.0,47431.0,1885.0,1032.0,626.0,227.0,1,1,0
27005,Becker,2024-08-01,537.0,56775.0,1723.0,963.0,534.0,226.0,1,1,0
27005,Becker,2024-09-01,537.0,56775.0,1743.0,972.0,542.0,229.0,1,1,0
27005,Becker,2024-10-01,606.0,56775.0,1930.0,1070.0,614.0,246.0,1,1,0
27005,Becker,2024-11-01,549.0,54324.0,1779.0,973.0,544.0,262.0,1,1,0
27005,Becker,2024-12-01,473.0,47918.0,1541.0,881.0,469.0,191.0,1,1,0
27005,Becker,2025-01-01,583.0,54504.0,1874.0,1062.0,581.0,231.0,1,1,0
27005,Becker,2025-02-01,509.0,44652.0,1614.0,919.0,485.0,210.0,1,1,0
27005,Becker,2025-03-01,515.0,48585.0,1602.0,928.0,443.0,231.0,1,1,0
27005,Becker,2025-04-01,547.0,53347.0,1823.0,1002.0,584.0,237.0,1,1,0
27005,Becker,2025-05-01,550.0,42679.0,1802.0,1036.0,562.0,204.0,1,1,0
27005,Becker,2025-06-01,534.0,46922.0,1673.0,953.0,493.0,227.0,1,1,0
27005,Becker,2025-07-01,653.0,53533.0,2201.0,1239.0,688.0,274.0,1,1,0
27005,Becker,2025-08-01,555.0,51318.0,1879.0,1040.0,609.0,230.0,1,1,0
27005,Becker,2025-09-01,574.0,49484.0,1819.0,1024.0,546.0,249.0,1,1,0
27005,Becker,2025-10-01,659.0,57935.0,2214.0,1217.0,735.0,262.0,1,1,0
27005,Becker,2025-11-01,550.0,42125.0,1773.0,991.0,541.0,241.0,1,1,0
27005,Becker,2025-12-01,511.0,40323.0,1617.0,892.0,480.0,245.0,1,1,0
27005,Becker,2026-01-01,532.0,42572.0,1760.0,987.0,544.0,229.0,1,1,0
27005,Becker,2026-02-01,522.0,37874.0,1655.0,951.0,471.0,233.0,1,1,0
27005,Becker,2026-03-01,559.0,46312.0,1803.0,1049.0,496.0,258.0,1,1,0
27005,Becker,2026-04-01,571.0,45433.0,1843.0,1060.0,526.0,257.0,1,1,0
27005,Becker,2026-05-01,523.0,39010.0,1699.0,945.0,525.0,229.0,1,1,0
27005,Becker,2026-06-01,552.0,42804.0,1752.0,989.0,524.0,239.0,1,1,0
27005,Becker,2026-07-01,530.0,40555.0,1681.0,938.0,500.0,243.0,1,1,0
27007,Beltrami,2022-01-01,1132.0,73888.0,3668.0,2027.0,1264.0,377.0,2,2,0
27007,Beltrami,2022-02-01,1079.0,69362.0,3265.0,1846.0,1049.0,370.0,2,2,0
27007,Beltrami,2022-03-01,984.0,68056.0,3050.0,1695.0,1013.0,342.0,2,2,0
27007,Beltrami,2022-04-01,1048.0,71943.0,3236.0,1758.0,1117.0,361.0,2,2,0
27007,Beltrami,2022-05-01,1051.0,64855.0,3264.0,1788.0,1085.0,391.0,2,2,0
27007,Beltrami,2022-06-01,1165.0,75176.0,3629.0,1929.0,1304.0,396.0,2,2,0
27007,Beltrami,2022-07-01,1113.0,70842.0,3417.0,1850.0,1165.0,402.0,2,2,0
27007,Beltrami,2022-08-01,1094.0,66378.0,3229.0,1792.0,1022.0,415.0,2,2,0
27007,Beltrami,2022-09-01,1211.0,76594.0,3644.0,1955.0,1237.0,452.0,3,3,0
27007,Beltrami,2022-10-01,1214.0,75795.0,3760.0,2016.0,1269.0,475.0,5,3,2
27007,Beltrami,2022-11-01,1302.0,82422.0,3760.0,1975.0,1285.0,500.0,5,3,2
27007,Beltrami,2022-12-01,1069.0,68207.0,2929.0,1578.0,991.0,360.0,5,4,1
27007,Beltrami,2023-01-01,1281.0,88127.0,3654.0,1934.0,1272.0,448.0,5,5,0
27007,Beltrami,2023-02-01,1134.0,71549.0,3069.0,1662.0,1015.0,392.0,5,4,1
27007,Beltrami,2023-03-01,1314.0,81501.0,3546.0,1874.0,1200.0,472.0,5,4,1
27007,Beltrami,2023-04-01,1284.0,84477.0,3867.0,2012.0,1357.0,498.0,5,4,1
27007,Beltrami,2023-05-01,1127.0,64658.0,3460.0,1786.0,1204.0,470.0,5,2,3
27007,Beltrami,2023-06-01,1166.0,61629.0,3650.0,1878.0,1331.0,441.0,5,2,3
27007,Beltrami,2023-07-01,1185.0,59008.0,3669.0,1843.0,1311.0,515.0,5,3,2
27007,Beltrami,2023-08-01,1076.0,71539.6,3384.0,1751.0,1195.0,438.0,5,3,2
27007,Beltrami,2023-09-01,1103.0,74428.7,3386.0,1781.0,1167.0,438.0,5,4,1
27007,Beltrami,2023-10-01,1171.0,90959.9,3702.0,1943.0,1302.0,457.0,5,4,1
27007,Beltrami,2023-11-01,1184.0,94054.67,3780.0,1960.0,1372.0,448.0,5,4,1
27007,Beltrami,2023-12-01,1102.0,78452.68999999999,3496.0,1848.0,1258.0,390.0,5,3,2
27007,Beltrami,2024-01-01,1122.0,82569.7,3556.0,1866.0,1321.0,369.0,4,3,1
27007,Beltrami,2024-02-01,1021.0,72401.9,3046.0,1619.0,1009.0,418.0,5,4,1
27007,Beltrami,2024-03-01,1091.0,75164.25,3255.0,1693.0,1106.0,456.0,5,4,1
27007,Beltrami,2024-04-01,1248.0,85039.2,3687.0,1946.0,1251.0,490.0,5,4,1
27007,Beltrami,2024-05-01,1388.0,84103.0,3947.0,2056.0,1374.0,517.0,5,4,1
27007,Beltrami,2024-06-01,1326.0,81833.8,3799.0,1960.0,1361.0,478.0,5,4,1
27007,Beltrami,2024-07-01,1595.0,94253.1,4336.0,2216.0,1615.0,505.0,5,4,1
27007,Beltrami,2024-08-01,1164.0,86166.4,3444.0,1795.0,1153.0,496.0,5,4,1
27007,Beltrami,2024-09-01,1269.0,94389.6,3904.0,1998.0,1359.0,547.0,5,4,1
27007,Beltrami,2024-10-01,1303.0,95416.2,4162.0,2136.0,1506.0,520.0,5,4,1
27007,Beltrami,2024-11-01,1289.0,97969.95,3884.0,1968.0,1360.0,556.0,5,4,1
27007,Beltrami,2024-12-01,1188.0,84483.05,3588.0,1849.0,1258.0,481.0,5,4,1
27007,Beltrami,2025-01-01,1270.0,88628.1,4054.0,2139.0,1476.0,439.0,5,4,1
27007,Beltrami,2025-02-01,1076.0,74291.8,3304.0,1747.0,1145.0,412.0,5,4,1
27007,Beltrami,2025-03-01,1129.0,76531.25,3342.0,1784.0,1092.0,466.0,5,4,1
27007,Beltrami,2025-04-01,1195.0,80955.15,3749.0,1969.0,1292.0,488.0,5,4,1
27007,Beltrami,2025-05-01,1157.0,75354.6,3556.0,1857.0,1241.0,458.0,5,4,1
27007,Beltrami,2025-06-01,1184.0,84045.8,3726.0,1995.0,1268.0,463.0,5,4,1
27007,Beltrami,2025-07-01,1172.0,88774.1,3492.0,1852.0,1215.0,425.0,5,4,1
27007,Beltrami,2025-08-01,1303.0,94979.8,4004.0,2108.0,1359.0,537.0,5,5,0
27007,Beltrami,2025-09-01,1309.0,86210.0,3964.0,2134.0,1334.0,496.0,5,3,2
27007,Beltrami,2025-10-01,1412.0,85564.0,4387.0,2292.0,1571.0,524.0,5,3,2
27007,Beltrami,2025-11-01,1278.0,76853.62,3909.0,2040.0,1374.0,495.0,6,6,0
27007,Beltrami,2025-12-01,1203.0,78744.59999999999,3732.0,1997.0,1262.0,473.0,7,6,1
27007,Beltrami,2026-01-01,791.0,55817.3,2449.0,1301.0,784.0,364.0,7,7,0
27007,Beltrami,2026-02-01,1110.0,153324.71000000002,3106.0,1710.0,926.0,470.0,8,7,1
27007,Beltrami,2026-03-01,1564.0,109267.7,4427.0,2396.0,1433.0,598.0,8,8,0
27007,Beltrami,2026-04-01,1361.0,91089.40000000001,3984.0,2130.0,1304.0,550.0,7,7,0
27007,Beltrami,2026-05-01,1373.0,91071.74,4030.0,2183.0,1282.0,565.0,7,7,0
27007,Beltrami,2026-06-01,1777.0,110033.3,5200.0,2778.0,1699.0,723.0,8,8,0
27007,Beltrami,2026-07-01,1512.0,92479.90000000001,4547.0,2455.0,1499.0,593.0,7,7,0
27009,Benton,2022-01-01,109.0,10762.0,260.0,151.0,60.0,49.0,2,2,0
27009,Benton,2022-02-01,211.0,9552.0,274.0,161.0,63.0,50.0,2,2,0
27009,Benton,2022-03-01,120.0,10520.0,331.0,197.0,84.0,50.0,2,2,0
27009,Benton,2022-04-01,163.0,11631.0,328.0,199.0,79.0,50.0,2,2,0
27009,Benton,2022-05-01,159.0,14211.0,277.0,151.0,83.0,43.0,2,2,0
27009,Benton,2022-06-01,221.0,13228.0,558.0,287.0,176.0,95.0,2,2,0
27009,Benton,2022-07-01,240.0,14661.0,784.0,375.0,233.0,176.0,3,3,0
27009,Benton,2022-08-01,263.0,18438.0,938.0,452.0,288.0,198.0,3,3,0
27009,Benton,2022-09-01,289.0,17663.0,874.0,442.0,211.0,221.0,3,3,0
27009,Benton,2022-10-01,314.0,23699.0,1096.0,485.0,269.0,342.0,3,3,0
27009,Benton,2022-11-01,273.0,21770.0,983.0,448.0,244.0,291.0,3,3,0
27009,Benton,2022-12-01,293.0,23878.0,964.0,476.0,268.0,220.0,3,3,0
27009,Benton,2023-01-01,448.0,23271.0,1099.0,553.0,313.0,233.0,3,3,0
27009,Benton,2023-02-01,366.0,19520.0,887.0,455.0,212.0,220.0,3,3,0
27009,Benton,2023-03-01,444.0,23194.0,1081.0,571.0,277.0,233.0,3,3,0
27009,Benton,2023-04-01,471.0,26034.0,1194.0,603.0,336.0,255.0,3,3,0
27009,Benton,2023-05-01,528.0,26585.0,1310.0,656.0,339.0,315.0,3,3,0
27009,Benton,2023-06-01,518.0,26218.0,1312.0,675.0,363.0,274.0,3,3,0
27009,Benton,2023-07-01,543.0,33213.0,1340.0,678.0,400.0,262.0,3,3,0
27009,Benton,2023-08-01,620.0,29173.0,1550.0,738.0,473.0,339.0,3,3,0
27009,Benton,2023-09-01,469.0,24629.0,1191.0,618.0,341.0,232.0,3,3,0
27009,Benton,2023-10-01,595.0,31757.0,1498.0,771.0,419.0,308.0,3,3,0
27009,Benton,2023-11-01,575.0,36261.0,1479.0,768.0,438.0,273.0,3,3,0
27009,Benton,2023-12-01,543.0,34452.0,1376.0,692.0,415.0,269.0,3,3,0
27009,Benton,2024-01-01,625.0,31241.0,1552.0,779.0,451.0,322.0,3,3,0
27009,Benton,2024-02-01,587.0,27363.0,1455.0,727.0,429.0,299.0,3,3,0
27009,Benton,2024-03-01,523.0,32110.0,1343.0,684.0,389.0,270.0,3,3,0
27009,Benton,2024-04-01,597.0,29869.0,1521.0,786.0,463.0,272.0,3,3,0
27009,Benton,2024-05-01,621.0,32687.0,1630.0,831.0,500.0,299.0,3,3,0
27009,Benton,2024-06-01,610.0,34954.0,1555.0,784.0,470.0,301.0,3,3,0
27009,Benton,2024-07-01,709.0,43124.0,1826.0,896.0,593.0,337.0,3,3,0
27009,Benton,2024-08-01,684.0,36695.0,1779.0,884.0,580.0,315.0,3,3,0
27009,Benton,2024-09-01,860.0,37686.0,1699.0,825.0,520.0,354.0,3,3,0
27009,Benton,2024-10-01,748.0,40127.0,1858.0,939.0,536.0,383.0,3,3,0
27009,Benton,2024-11-01,752.0,43137.0,2027.0,1024.0,604.0,399.0,3,3,0
27009,Benton,2024-12-01,761.0,52312.0,2080.0,1087.0,630.0,363.0,3,3,0
27009,Benton,2025-01-01,744.0,51547.0,2209.0,1133.0,701.0,375.0,3,3,0
27009,Benton,2025-02-01,694.0,39644.0,1926.0,1028.0,531.0,367.0,3,3,0
27009,Benton,2025-03-01,864.0,51726.0,2280.0,1234.0,595.0,451.0,3,3,0
27009,Benton,2025-04-01,782.0,43641.0,2010.0,1066.0,564.0,380.0,3,3,0
27009,Benton,2025-05-01,705.0,31289.0,1777.0,970.0,490.0,317.0,3,3,0
27009,Benton,2025-06-01,730.0,29048.0,1878.0,1002.0,522.0,354.0,3,3,0
27009,Benton,2025-07-01,775.0,29044.0,1986.0,1077.0,511.0,398.0,3,3,0
27009,Benton,2025-08-01,706.0,31775.0,1880.0,984.0,545.0,351.0,3,3,0
27009,Benton,2025-09-01,749.0,29675.0,1926.0,1022.0,506.0,398.0,3,3,0
27009,Benton,2025-10-01,767.0,30334.0,1988.0,1091.0,518.0,379.0,3,3,0
27009,Benton,2025-11-01,696.0,33544.0,1917.0,1044.0,525.0,348.0,3,3,0
27009,Benton,2025-12-01,664.0,32152.0,1721.0,910.0,462.0,349.0,3,3,0
27009,Benton,2026-01-01,610.0,26045.0,1547.0,847.0,389.0,311.0,3,3,0
27009,Benton,2026-02-01,672.0,28574.0,1697.0,936.0,415.0,346.0,3,3,0
27009,Benton,2026-03-01,796.0,32185.0,1959.0,1039.0,478.0,442.0,3,3,0
27009,Benton,2026-04-01,757.0,32995.0,1894.0,1034.0,479.0,381.0,3,3,0
27009,Benton,2026-05-01,629.0,27378.0,1507.0,785.0,346.0,376.0,3,3,0
27009,Benton,2026-06-01,804.0,32472.0,1988.0,1034.0,514.0,440.0,3,3,0
27009,Benton,2026-07-01,734.0,33088.0,1836.0,952.0,482.0,402.0,3,3,0
27011,Big Stone,2022-01-01,41.0,4485.0,113.0,63.0,40.0,10.0,2,1,1
27011,Big Stone,2022-02-01,60.0,3558.0,89.0,48.0,29.0,12.0,1,1,0
27011,Big Stone,2022-03-01,55.0,1966.0,143.0,77.0,48.0,18.0,2,1,1
27011,Big Stone,2022-04-01,44.0,4061.0,117.0,64.0,41.0,12.0,1,1,0
27011,Big Stone,2022-05-01,51.0,4851.0,141.0,70.0,55.0,16.0,1,1,0
27011,Big Stone,2022-06-01,67.0,5559.0,164.0,93.0,49.0,22.0,1,1,0
27011,Big Stone,2022-07-01,75.0,5576.0,195.0,109.0,63.0,23.0,2,1,1
27011,Big Stone,2022-08-01,56.0,4597.0,133.0,74.0,43.0,16.0,1,1,0
27011,Big Stone,2022-09-01,53.0,4174.0,147.0,92.0,43.0,12.0,1,1,0
27011,Big Stone,2022-10-01,63.0,4845.0,162.0,95.0,50.0,17.0,1,1,0
27011,Big Stone,2022-11-01,52.0,4537.0,127.0,70.0,39.0,18.0,1,1,0
27011,Big Stone,2022-12-01,48.0,3966.0,124.0,78.0,31.0,15.0,1,1,0
27011,Big Stone,2023-01-01,59.0,5061.0,149.0,85.0,52.0,12.0,1,1,0
27011,Big Stone,2023-02-01,42.0,3769.0,103.0,58.0,31.0,14.0,1,1,0
27011,Big Stone,2023-03-01,46.0,4280.0,102.0,72.0,23.0,7.0,1,1,0
27011,Big Stone,2023-04-01,51.0,4165.0,112.0,79.0,23.0,10.0,1,1,0
27011,Big Stone,2023-05-01,71.0,5406.0,195.0,112.0,59.0,24.0,1,1,0
27011,Big Stone,2023-06-01,67.0,5420.0,188.0,102.0,72.0,14.0,1,1,0
27011,Big Stone,2023-07-01,67.0,5270.0,181.0,99.0,64.0,18.0,1,1,0
27011,Big Stone,2023-08-01,73.0,5746.0,216.0,118.0,83.0,15.0,1,1,0
27011,Big Stone,2023-09-01,64.0,5415.0,180.0,98.0,61.0,21.0,1,1,0
27011,Big Stone,2023-10-01,93.0,6939.0,260.0,145.0,93.0,22.0,1,1,0
27011,Big Stone,2023-11-01,89.0,7352.0,275.0,151.0,111.0,13.0,1,1,0
27011,Big Stone,2023-12-01,71.0,5949.0,214.0,131.0,71.0,12.0,1,1,0
27011,Big Stone,2024-01-01,91.0,7535.0,243.0,143.0,77.0,23.0,1,1,0
27011,Big Stone,2024-02-01,92.0,6677.0,264.0,160.0,88.0,16.0,1,1,0
27011,Big Stone,2024-03-01,68.0,5655.0,188.0,118.0,55.0,15.0,1,1,0
27011,Big Stone,2024-04-01,95.0,6693.0,288.0,175.0,94.0,19.0,1,1,0
27011,Big Stone,2024-05-01,91.0,6166.0,303.0,173.0,115.0,15.0,1,1,0
27011,Big Stone,2024-06-01,115.0,6363.0,395.0,224.0,153.0,18.0,1,1,0
27011,Big Stone,2024-07-01,103.0,7081.0,329.0,197.0,119.0,13.0,1,1,0
27011,Big Stone,2024-08-01,73.0,6726.0,243.0,131.0,99.0,13.0,1,1,0
27011,Big Stone,2024-09-01,86.0,6986.0,268.0,144.0,99.0,25.0,1,1,0
27011,Big Stone,2024-10-01,83.0,6565.0,271.0,142.0,110.0,19.0,1,1,0
27011,Big Stone,2024-11-01,76.0,6441.0,264.0,132.0,114.0,18.0,1,1,0
27011,Big Stone,2024-12-01,60.0,4687.0,190.0,103.0,74.0,13.0,1,1,0
27011,Big Stone,2025-01-01,68.0,6769.0,212.0,114.0,84.0,14.0,1,1,0
27011,Big Stone,2025-02-01,60.0,5433.0,177.0,98.0,63.0,16.0,1,1,0
27011,Big Stone,2025-03-01,73.0,2571.0,243.0,136.0,91.0,16.0,1,1,0
27011,Big Stone,2025-04-01,82.0,7289.0,242.0,141.0,81.0,20.0,1,1,0
27011,Big Stone,2025-05-01,76.0,5293.0,230.0,123.0,90.0,17.0,1,1,0
27011,Big Stone,2025-06-01,64.0,5636.0,207.0,112.0,84.0,11.0,1,1,0
27011,Big Stone,2025-07-01,72.0,6473.0,244.0,127.0,102.0,15.0,1,1,0
27011,Big Stone,2025-08-01,84.0,7163.0,256.0,132.0,100.0,24.0,1,1,0
27011,Big Stone,2025-09-01,78.0,7337.0,248.0,126.0,98.0,24.0,1,1,0
27011,Big Stone,2025-10-01,109.0,8986.0,335.0,176.0,129.0,30.0,1,1,0
27011,Big Stone,2025-11-01,75.0,6112.0,232.0,122.0,91.0,19.0,1,1,0
27011,Big Stone,2025-12-01,74.0,6463.0,211.0,118.0,73.0,20.0,1,1,0
27011,Big Stone,2026-01-01,62.0,4715.0,194.0,106.0,72.0,16.0,1,1,0
27011,Big Stone,2026-02-01,61.0,5984.0,170.0,99.0,51.0,20.0,1,1,0
27011,Big Stone,2026-03-01,65.0,5964.0,192.0,106.0,68.0,18.0,1,1,0
27011,Big Stone,2026-04-01,72.0,6229.0,209.0,121.0,68.0,20.0,1,1,0
27011,Big Stone,2026-05-01,67.0,5931.0,211.0,118.0,74.0,19.0,1,1,0
27011,Big Stone,2026-06-01,69.0,5254.0,208.0,124.0,69.0,15.0,1,1,0
27011,Big Stone,2026-07-01,80.0,6451.0,232.0,129.0,82.0,21.0,1,1,0
27013,Blue Earth,2022-01-01,1994.0,166979.0,5552.0,3465.0,1811.0,276.0,3,3,0
27013,Blue Earth,2022-02-01,3994.0,168874.0,5738.0,3644.0,1744.0,350.0,3,3,0
27013,Blue Earth,2022-03-01,2274.0,186176.0,6428.0,3994.0,2025.0,409.0,3,3,0
27013,Blue Earth,2022-04-01,2213.0,169014.0,6613.0,4076.0,2098.0,439.0,3,3,0
27013,Blue Earth,2022-05-01,2190.0,175818.0,6630.0,4034.0,2171.0,425.0,3,3,0
27013,Blue Earth,2022-06-01,3265.0,225228.0,9591.0,4897.0,4241.0,453.0,3,3,0
27013,Blue Earth,2022-07-01,2914.0,175628.0,8024.0,4097.0,3511.0,416.0,3,3,0
27013,Blue Earth,2022-08-01,3470.0,225610.0,9344.0,4865.0,4055.0,424.0,3,3,0
27013,Blue Earth,2022-09-01,2881.0,209713.0,8497.0,5145.0,2882.0,470.0,3,3,0
27013,Blue Earth,2022-10-01,2822.0,190979.0,8208.0,5078.0,2649.0,481.0,3,3,0
27013,Blue Earth,2022-11-01,4060.0,210450.0,12123.0,7246.0,3938.0,939.0,3,3,0
27013,Blue Earth,2022-12-01,2557.0,167839.0,7692.0,4547.0,2458.0,687.0,3,3,0
27013,Blue Earth,2023-01-01,2350.0,193826.0,7884.0,4943.0,2542.0,399.0,3,3,0
27013,Blue Earth,2023-02-01,2441.0,141174.0,7006.0,4465.0,2147.0,394.0,3,3,0
27013,Blue Earth,2023-03-01,2776.0,203376.0,9049.0,5753.0,2827.0,469.0,3,3,0
27013,Blue Earth,2023-04-01,2642.0,176713.0,8711.0,5384.0,2864.0,463.0,3,3,0
27013,Blue Earth,2023-05-01,3169.0,228286.0,10552.0,6369.0,3675.0,508.0,3,3,0
27013,Blue Earth,2023-06-01,4350.0,301602.0,13767.0,7080.0,6057.0,630.0,3,3,0
27013,Blue Earth,2023-07-01,3695.0,218663.0,11256.0,5351.0,5421.0,484.0,3,3,0
27013,Blue Earth,2023-08-01,4612.0,281513.0,14471.0,7211.0,6675.0,585.0,3,3,0
27013,Blue Earth,2023-09-01,3434.0,225451.0,12038.0,7163.0,4366.0,509.0,3,3,0
27013,Blue Earth,2023-10-01,3232.0,237523.0,11118.0,6636.0,3970.0,512.0,3,3,0
27013,Blue Earth,2023-11-01,4732.0,277127.0,16084.0,9644.0,5508.0,932.0,3,3,0
27013,Blue Earth,2023-12-01,3213.0,222616.0,12742.0,8143.0,4016.0,583.0,3,3,0
27013,Blue Earth,2024-01-01,3320.0,225813.0,11593.0,6964.0,4095.0,534.0,3,3,0
27013,Blue Earth,2024-02-01,3154.0,221073.0,10665.0,6518.0,3582.0,565.0,3,3,0
27013,Blue Earth,2024-03-01,3079.0,200748.0,10384.0,6340.0,3488.0,556.0,3,3,0
27013,Blue Earth,2024-04-01,3207.0,245782.0,10983.0,6568.0,3874.0,541.0,3,3,0
27013,Blue Earth,2024-05-01,3387.0,243841.0,11782.0,7032.0,4170.0,580.0,3,3,0
27013,Blue Earth,2024-06-01,4130.0,261631.0,13504.0,6688.0,6260.0,556.0,3,3,0
27013,Blue Earth,2024-07-01,4251.0,254208.0,13786.0,6442.0,6755.0,589.0,3,3,0
27013,Blue Earth,2024-08-01,4741.0,282463.0,14830.0,7101.0,7067.0,662.0,3,3,0
27013,Blue Earth,2024-09-01,3231.0,225664.0,11400.0,6735.0,4058.0,607.0,3,3,0
27013,Blue Earth,2024-10-01,3791.0,250063.0,13432.0,7947.0,4702.0,783.0,3,3,0
27013,Blue Earth,2024-11-01,5186.0,288960.0,17612.0,10295.0,6078.0,1239.0,3,3,0
27013,Blue Earth,2024-12-01,3473.0,952099.0,12119.0,7090.0,4364.0,665.0,3,3,0
27013,Blue Earth,2025-01-01,4287.0,263463.0,12619.0,7599.0,4351.0,669.0,3,3,0
27013,Blue Earth,2025-02-01,3820.0,218599.0,11136.0,6778.0,3719.0,639.0,3,3,0
27013,Blue Earth,2025-03-01,4006.0,226942.0,10935.0,6714.0,3546.0,675.0,3,3,0
27013,Blue Earth,2025-04-01,4356.0,239460.0,11143.0,7374.0,3084.0,685.0,3,3,0
27013,Blue Earth,2025-05-01,3848.0,245771.0,12078.0,7204.0,4136.0,738.0,3,3,0
27013,Blue Earth,2025-06-01,4729.0,47968.0,13780.0,7059.0,5986.0,735.0,3,3,0
27013,Blue Earth,2025-07-01,5070.0,266211.0,15084.0,7244.0,7116.0,724.0,3,3,0
27013,Blue Earth,2025-08-01,5134.0,273079.0,15455.0,7510.0,7206.0,739.0,3,3,0
27013,Blue Earth,2025-09-01,4320.0,239828.0,13053.0,7814.0,4462.0,777.0,3,3,0
27013,Blue Earth,2025-10-01,4661.0,257830.0,14406.0,8563.0,5002.0,841.0,3,3,0
27013,Blue Earth,2025-11-01,5508.0,276926.0,16943.0,9904.0,5786.0,1253.0,3,3,0
27013,Blue Earth,2025-12-01,3704.0,248581.0,9241.0,6720.0,1795.0,726.0,3,3,0
27013,Blue Earth,2026-01-01,3884.0,252982.0,5782.0,1659.0,3979.0,144.0,3,3,0
27013,Blue Earth,2026-02-01,3715.0,247946.0,11429.0,6819.0,3856.0,754.0,3,3,0
27013,Blue Earth,2026-03-01,3782.0,243849.0,11387.0,6936.0,3651.0,800.0,3,3,0
27013,Blue Earth,2026-04-01,4141.0,265052.0,13022.0,7752.0,4411.0,859.0,3,3,0
27013,Blue Earth,2026-05-01,3946.0,236169.0,12787.0,6782.0,5243.0,762.0,3,3,0
27013,Blue Earth,2026-06-01,4852.0,287733.0,14070.0,6711.0,6576.0,783.0,3,3,0
27013,Blue Earth,2026-07-01,5010.0,290297.0,15145.0,7351.0,6947.0,847.0,3,3,0
27015,Brown,2022-01-01,164.0,19148.0,400.0,238.0,104.0,58.0,3,3,0
27015,Brown,2022-02-01,255.0,17799.0,338.0,203.0,83.0,52.0,3,3,0
27015,Brown,2022-03-01,174.0,20244.0,401.0,232.0,103.0,66.0,3,3,0
27015,Brown,2022-04-01,180.0,19715.0,425.0,256.0,103.0,66.0,3,3,0
27015,Brown,2022-05-01,192.0,19406.0,449.0,254.0,123.0,72.0,3,3,0
27015,Brown,2022-06-01,214.0,23913.0,575.0,326.0,171.0,78.0,3,3,0
27015,Brown,2022-07-01,209.0,23868.0,556.0,321.0,164.0,71.0,3,3,0
27015,Brown,2022-08-01,209.0,27043.0,547.0,312.0,158.0,77.0,3,3,0
27015,Brown,2022-09-01,173.0,22771.0,456.0,254.0,130.0,72.0,3,3,0
27015,Brown,2022-10-01,180.0,25293.0,441.0,238.0,118.0,85.0,3,3,0
27015,Brown,2022-11-01,196.0,25355.0,456.0,252.0,123.0,81.0,3,3,0
27015,Brown,2022-12-01,148.0,20873.0,334.0,184.0,78.0,72.0,3,3,0
27015,Brown,2023-01-01,160.0,23570.0,388.0,209.0,108.0,71.0,3,3,0
27015,Brown,2023-02-01,164.0,21052.0,373.0,221.0,89.0,63.0,3,3,0
27015,Brown,2023-03-01,172.0,21581.0,405.0,222.0,103.0,80.0,3,3,0
27015,Brown,2023-04-01,184.0,21987.0,410.0,232.0,97.0,81.0,3,3,0
27015,Brown,2023-05-01,235.0,32334.0,575.0,332.0,153.0,90.0,3,3,0
27015,Brown,2023-06-01,248.0,30678.0,584.0,333.0,149.0,102.0,3,3,0
27015,Brown,2023-07-01,281.0,29688.0,711.0,400.0,216.0,95.0,3,3,0
27015,Brown,2023-08-01,260.0,31105.0,613.0,352.0,165.0,96.0,3,3,0
27015,Brown,2023-09-01,246.0,30494.0,622.0,350.0,179.0,93.0,3,3,0
27015,Brown,2023-10-01,262.0,26674.0,635.0,374.0,175.0,86.0,3,3,0
27015,Brown,2023-11-01,312.0,39468.0,797.0,461.0,233.0,103.0,3,3,0
27015,Brown,2023-12-01,262.0,33540.0,635.0,344.0,195.0,96.0,3,3,0
27015,Brown,2024-01-01,297.0,31232.0,733.0,417.0,213.0,103.0,3,3,0
27015,Brown,2024-02-01,260.0,26697.0,690.0,392.0,208.0,90.0,3,3,0
27015,Brown,2024-03-01,268.0,27053.0,643.0,378.0,164.0,101.0,3,3,0
27015,Brown,2024-04-01,290.0,29135.0,731.0,436.0,195.0,100.0,3,3,0
27015,Brown,2024-05-01,260.0,25128.0,651.0,373.0,182.0,96.0,3,3,0
27015,Brown,2024-06-01,294.0,28650.0,749.0,433.0,217.0,99.0,3,3,0
27015,Brown,2024-07-01,312.0,32586.0,903.0,486.0,312.0,105.0,3,3,0
27015,Brown,2024-08-01,294.0,27727.0,772.0,440.0,224.0,108.0,3,3,0
27015,Brown,2024-09-01,292.0,29616.0,800.0,439.0,258.0,103.0,3,3,0
27015,Brown,2024-10-01,304.0,30321.0,809.0,467.0,230.0,112.0,3,3,0
27015,Brown,2024-11-01,328.0,33682.0,845.0,477.0,247.0,121.0,3,3,0
27015,Brown,2024-12-01,318.0,31118.0,853.0,499.0,254.0,100.0,3,3,0
27015,Brown,2025-01-01,318.0,29535.0,841.0,477.0,263.0,101.0,3,3,0
27015,Brown,2025-02-01,284.0,26662.0,742.0,437.0,203.0,102.0,3,3,0
27015,Brown,2025-03-01,322.0,27782.0,821.0,490.0,214.0,117.0,3,3,0
27015,Brown,2025-04-01,310.0,26750.0,802.0,485.0,220.0,97.0,3,3,0
27015,Brown,2025-05-01,316.0,29681.0,889.0,508.0,273.0,108.0,3,3,0
27015,Brown,2025-06-01,333.0,29856.0,848.0,507.0,225.0,116.0,3,3,0
27015,Brown,2025-07-01,341.0,30907.0,908.0,518.0,278.0,112.0,3,3,0
27015,Brown,2025-08-01,310.0,27697.0,849.0,496.0,246.0,107.0,3,3,0
27015,Brown,2025-09-01,321.0,29584.0,841.0,509.0,228.0,104.0,3,3,0
27015,Brown,2025-10-01,374.0,31682.0,1008.0,592.0,296.0,120.0,3,3,0
27015,Brown,2025-11-01,364.0,30383.0,940.0,529.0,268.0,143.0,3,3,0
27015,Brown,2025-12-01,346.0,31754.0,888.0,525.0,250.0,113.0,3,3,0
27015,Brown,2026-01-01,301.0,26334.0,807.0,455.0,240.0,112.0,3,3,0
27015,Brown,2026-02-01,270.0,23990.0,668.0,390.0,174.0,104.0,3,3,0
27015,Brown,2026-03-01,315.0,27848.0,810.0,462.0,219.0,129.0,3,3,0
27015,Brown,2026-04-01,278.0,24527.0,677.0,389.0,181.0,107.0,3,3,0
27015,Brown,2026-05-01,269.0,24184.0,728.0,422.0,208.0,98.0,3,3,0
27015,Brown,2026-06-01,343.0,29039.0,911.0,509.0,267.0,135.0,3,3,0
27015,Brown,2026-07-01,330.0,30028.0,913.0,526.0,270.0,117.0,3,3,0
27017,Carlton,2022-01-01,563.0,32361.0,1296.0,713.0,272.0,311.0,4,4,0
27017,Carlton,2022-02-01,517.0,29024.0,1283.0,704.0,285.0,294.0,4,4,0
27017,Carlton,2022-03-01,388.0,28457.0,891.0,482.0,207.0,202.0,4,4,0
27017,Carlton,2022-04-01,691.0,40077.0,1471.0,819.0,320.0,332.0,4,4,0
27017,Carlton,2022-05-01,553.0,38861.0,1484.0,848.0,322.0,314.0,4,4,0
27017,Carlton,2022-06-01,622.0,37342.0,1376.0,790.0,268.0,318.0,4,4,0
27017,Carlton,2022-07-01,626.0,37508.0,1402.0,784.0,290.0,328.0,4,4,0
27017,Carlton,2022-08-01,661.0,38935.0,1418.0,789.0,304.0,325.0,4,4,0
27017,Carlton,2022-09-01,661.0,43074.0,1512.0,836.0,324.0,352.0,4,4,0
27017,Carlton,2022-10-01,768.0,41692.0,1496.0,827.0,341.0,328.0,4,4,0
27017,Carlton,2022-11-01,639.0,36852.0,1508.0,853.0,328.0,327.0,4,4,0
27017,Carlton,2022-12-01,343.0,25106.0,842.0,475.0,236.0,131.0,4,4,0
27017,Carlton,2023-01-01,563.0,35114.0,1245.0,690.0,258.0,297.0,4,4,0
27017,Carlton,2023-02-01,610.0,37708.0,1325.0,758.0,262.0,305.0,4,4,0
27017,Carlton,2023-03-01,625.0,42337.0,1362.0,736.0,289.0,337.0,4,4,0
27017,Carlton,2023-04-01,642.0,33818.0,1482.0,856.0,308.0,318.0,4,4,0
27017,Carlton,2023-05-01,832.0,51579.0,1945.0,1121.0,456.0,368.0,4,4,0
27017,Carlton,2023-06-01,806.0,37219.0,1849.0,1070.0,456.0,323.0,4,4,0
27017,Carlton,2023-07-01,707.0,35496.0,1638.0,935.0,381.0,322.0,4,4,0
27017,Carlton,2023-08-01,677.0,34656.0,1680.0,935.0,475.0,270.0,4,4,0
27017,Carlton,2023-09-01,747.0,49055.0,1810.0,968.0,463.0,379.0,4,4,0
27017,Carlton,2023-10-01,769.0,42549.0,1853.0,1020.0,481.0,352.0,4,4,0
27017,Carlton,2023-11-01,763.0,43663.0,1830.0,1029.0,449.0,352.0,4,4,0
27017,Carlton,2023-12-01,742.0,44326.0,1843.0,1038.0,478.0,327.0,4,4,0
27017,Carlton,2024-01-01,686.0,39325.0,1662.0,932.0,446.0,284.0,4,4,0
27017,Carlton,2024-02-01,649.0,35859.12,1456.0,835.0,347.0,274.0,4,4,0
27017,Carlton,2024-03-01,700.0,41800.6,1513.0,904.0,289.0,320.0,4,4,0
27017,Carlton,2024-04-01,664.0,42008.0,1565.0,833.0,432.0,300.0,4,4,0
27017,Carlton,2024-05-01,652.0,37420.0,1548.0,872.0,397.0,279.0,4,4,0
27017,Carlton,2024-06-01,688.0,43724.0,1649.0,963.0,391.0,295.0,4,4,0
27017,Carlton,2024-07-01,672.0,36779.0,1497.0,780.0,410.0,307.0,4,4,0
27017,Carlton,2024-08-01,662.0,38271.0,1438.0,880.0,311.0,247.0,4,4,0
27017,Carlton,2024-09-01,671.0,40509.08,1541.0,892.0,343.0,306.0,4,4,0
27017,Carlton,2024-10-01,654.0,39972.0,1515.0,907.0,314.0,294.0,4,4,0
27017,Carlton,2024-11-01,766.0,45445.0,1753.0,976.0,479.0,298.0,4,4,0
27017,Carlton,2024-12-01,396.0,34495.9,975.0,572.0,283.0,120.0,4,4,0
27017,Carlton,2025-01-01,643.0,37182.0,1305.0,682.0,331.0,292.0,4,4,0
27017,Carlton,2025-02-01,603.0,32984.0,1257.0,674.0,288.0,295.0,4,4,0
27017,Carlton,2025-03-01,661.0,41995.0,1212.0,688.0,269.0,255.0,4,4,0
27017,Carlton,2025-04-01,662.0,35043.0,1385.0,781.0,323.0,281.0,4,4,0
27017,Carlton,2025-05-01,561.0,36445.0,1175.0,655.0,253.0,267.0,4,4,0
27017,Carlton,2025-06-01,511.0,37456.0,1104.0,621.0,250.0,233.0,4,4,0
27017,Carlton,2025-07-01,565.0,36933.0,1305.0,681.0,369.0,255.0,4,4,0
27017,Carlton,2025-08-01,491.0,31582.0,1192.0,621.0,323.0,248.0,4,4,0
27017,Carlton,2025-09-01,505.0,20540.0,1116.0,560.0,239.0,317.0,4,4,0
27017,Carlton,2025-10-01,589.0,37453.0,1374.0,722.0,357.0,295.0,4,4,0
27017,Carlton,2025-11-01,614.0,40184.0,1412.0,754.0,396.0,262.0,4,4,0
27017,Carlton,2025-12-01,599.0,40341.0,1363.0,707.0,345.0,311.0,4,4,0
27017,Carlton,2026-01-01,449.0,37082.9999999999,919.0,461.0,204.0,254.0,4,4,0
27017,Carlton,2026-02-01,460.0,29654.0,1043.0,543.0,267.0,233.0,4,4,0
27017,Carlton,2026-03-01,570.0,36397.0,1225.0,632.0,259.0,334.0,4,4,0
27017,Carlton,2026-04-01,534.0,29615.0,1186.0,586.0,284.0,316.0,4,4,0
27017,Carlton,2026-05-01,588.0,28446.0,1298.0,677.0,309.0,312.0,4,4,0
27017,Carlton,2026-06-01,593.0,38830.0,1327.0,699.0,343.0,285.0,4,4,0
27017,Carlton,2026-07-01,541.0,34866.0,1160.0,653.0,260.0,247.0,4,4,0
27019,Carver,2022-01-01,800.0,53602.0,2351.0,1314.0,768.0,269.0,4,4,0
27019,Carver,2022-02-01,1291.0,47210.0,1858.0,1080.0,567.0,211.0,4,4,0
27019,Carver,2022-03-01,808.0,55374.0,2216.0,1236.0,714.0,266.0,4,4,0
27019,Carver,2022-04-01,828.0,55651.0,2373.0,1361.0,736.0,276.0,4,4,0
27019,Carver,2022-05-01,847.0,61673.0,2478.0,1409.0,770.0,299.0,4,4,0
27019,Carver,2022-06-01,892.0,67818.0,2595.0,1483.0,805.0,307.0,4,4,0
27019,Carver,2022-07-01,885.0,65009.0,2621.0,1481.0,834.0,306.0,4,4,0
27019,Carver,2022-08-01,993.0,73042.0,2989.0,1674.0,975.0,340.0,4,4,0
27019,Carver,2022-09-01,914.0,69555.0,2806.0,1559.0,951.0,296.0,4,4,0
27019,Carver,2022-10-01,991.0,71096.0,3159.0,1775.0,1092.0,292.0,4,4,0
27019,Carver,2022-11-01,995.0,72257.0,3204.0,1832.0,1090.0,282.0,4,4,0
27019,Carver,2022-12-01,995.0,78302.0,3120.0,1777.0,1090.0,253.0,4,4,0
27019,Carver,2023-01-01,1304.0,93969.0,4149.0,2299.0,1555.0,295.0,4,4,0
27019,Carver,2023-02-01,1047.0,80853.0,3218.0,1854.0,1084.0,280.0,4,4,0
27019,Carver,2023-03-01,1145.0,92917.0,3528.0,2036.0,1175.0,317.0,4,4,0
27019,Carver,2023-04-01,1269.0,101306.0,4000.0,2328.0,1318.0,354.0,4,4,0
27019,Carver,2023-05-01,1415.0,107415.0,4431.0,2569.0,1470.0,392.0,4,4,0
27019,Carver,2023-06-01,1467.0,117633.0,4717.0,2714.0,1600.0,403.0,5,5,0
27019,Carver,2023-07-01,1489.0,121937.0,5015.0,2860.0,1766.0,389.0,5,5,0
27019,Carver,2023-08-01,1633.0,140781.0,5400.0,3066.0,1886.0,448.0,5,5,0
27019,Carver,2023-09-01,1585.0,127087.0,5256.0,2997.0,1813.0,446.0,5,5,0
27019,Carver,2023-10-01,1610.0,126045.0,5439.0,3124.0,1868.0,447.0,5,5,0
27019,Carver,2023-11-01,2340.0,155866.0,7923.0,4523.0,2727.0,673.0,5,5,0
27019,Carver,2023-12-01,1684.0,133450.0,5796.0,3366.0,1991.0,439.0,5,5,0
27019,Carver,2024-01-01,1889.0,140454.0,6519.0,3803.0,2227.0,489.0,5,5,0
27019,Carver,2024-02-01,1800.0,134747.0,6213.0,3669.0,2060.0,484.0,5,5,0
27019,Carver,2024-03-01,1830.0,135191.0,6089.0,3633.0,1962.0,494.0,5,5,0
27019,Carver,2024-04-01,1984.0,159777.0,6962.0,4146.0,2274.0,542.0,4,4,0
27019,Carver,2024-05-01,1933.0,156915.0,6903.0,4077.0,2289.0,537.0,5,5,0
27019,Carver,2024-06-01,2066.0,163071.0,7451.0,4345.0,2531.0,575.0,5,5,0
27019,Carver,2024-07-01,2177.0,183627.0,7984.0,4702.0,2675.0,607.0,5,5,0
27019,Carver,2024-08-01,2146.0,179676.0,7578.0,4496.0,2517.0,565.0,5,5,0
27019,Carver,2024-09-01,2053.0,170957.0,7156.0,4140.0,2431.0,585.0,5,5,0
27019,Carver,2024-10-01,2255.0,177815.0,7878.0,4570.0,2667.0,641.0,5,5,0
27019,Carver,2024-11-01,2753.0,181276.0,9897.0,5748.0,3315.0,834.0,5,5,0
27019,Carver,2024-12-01,1984.0,157013.0,7135.0,4145.0,2418.0,572.0,5,5,0
27019,Carver,2025-01-01,2212.0,176044.0,7992.0,4668.0,2672.0,652.0,5,5,0
27019,Carver,2025-02-01,1976.0,159861.0,7148.0,4184.0,2372.0,592.0,5,5,0
27019,Carver,2025-03-01,2191.0,163495.0,7821.0,4626.0,2538.0,657.0,5,5,0
27019,Carver,2025-04-01,2277.0,170346.0,8259.0,4851.0,2697.0,711.0,5,5,0
27019,Carver,2025-05-01,2165.0,177463.0,7712.0,4518.0,2520.0,674.0,5,5,0
27019,Carver,2025-06-01,2230.0,164914.0,7897.0,4594.0,2577.0,726.0,5,5,0
27019,Carver,2025-07-01,2315.0,187636.0,7818.0,4568.0,2507.0,743.0,5,5,0
27019,Carver,2025-08-01,2194.0,189229.0,7506.0,4379.0,2446.0,681.0,5,5,0
27019,Carver,2025-09-01,2209.0,187368.0,7738.0,4428.0,2617.0,693.0,5,5,0
27019,Carver,2025-10-01,2323.0,172706.0,8071.0,4600.0,2740.0,731.0,5,5,0
27019,Carver,2025-11-01,2910.0,192561.0,10083.0,5739.0,3296.0,1048.0,5,5,0
27019,Carver,2025-12-01,2250.0,182586.0,7797.0,4449.0,2631.0,717.0,5,5,0
27019,Carver,2026-01-01,2219.0,176957.0,7410.0,4224.0,2427.0,759.0,5,5,0
27019,Carver,2026-02-01,2348.0,170191.0,8146.0,4516.0,2839.0,791.0,5,5,0
27019,Carver,2026-03-01,2519.0,185595.0,8667.0,5086.0,2732.0,849.0,5,5,0
27019,Carver,2026-04-01,2237.0,174076.0,7610.0,4372.0,2441.0,797.0,5,5,0
27019,Carver,2026-05-01,2063.0,160817.0,6829.0,3928.0,2145.0,756.0,5,5,0
27019,Carver,2026-06-01,2303.0,179415.0,7796.0,4479.0,2515.0,802.0,5,5,0
27019,Carver,2026-07-01,2209.0,184094.0,7340.0,4229.0,2298.0,813.0,5,5,0
27021,Cass,2022-01-01,546.0,31389.0,1748.0,882.0,586.0,280.0,8,7,1
27021,Cass,2022-02-01,546.0,31389.0,1748.0,882.0,586.0,280.0,9,7,2
27021,Cass,2022-03-01,697.0,34875.0,2125.0,1072.0,771.0,282.0,8,7,1
27021,Cass,2022-04-01,688.0,40196.0,1949.0,975.0,683.0,291.0,7,7,0
27021,Cass,2022-05-01,760.0,51604.0,2251.0,1106.0,729.0,416.0,7,7,0
27021,Cass,2022-06-01,944.0,50222.0,3217.0,1525.0,1183.0,509.0,7,7,0
27021,Cass,2022-07-01,829.0,44758.0,2539.0,1141.0,935.0,463.0,8,7,1
27021,Cass,2022-08-01,804.0,55172.0,2266.0,1073.0,694.0,499.0,7,7,0
27021,Cass,2022-09-01,1076.0,98922.0,3398.0,1630.0,1123.0,645.0,12,12,0
27021,Cass,2022-10-01,942.0,83773.0,2402.0,1145.0,741.0,516.0,12,12,0
27021,Cass,2022-11-01,1098.0,78481.0,2502.0,1239.0,718.0,545.0,12,12,0
27021,Cass,2022-12-01,849.0,64273.0,2193.0,1032.0,692.0,469.0,12,12,0
27021,Cass,2023-01-01,925.0,64445.0,2363.0,1152.0,816.0,395.0,12,12,0
27021,Cass,2023-02-01,902.0,73177.0,2068.0,994.0,670.0,404.0,12,12,0
27021,Cass,2023-03-01,1095.0,79312.0,2496.0,1192.0,732.0,572.0,12,12,0
27021,Cass,2023-04-01,1433.0,86370.0,3068.0,1420.0,1030.0,618.0,12,12,0
27021,Cass,2023-05-01,1364.0,88530.0,3443.0,1695.0,1100.0,648.0,12,12,0
27021,Cass,2023-06-01,1481.0,89650.0,3862.0,1895.0,1246.0,721.0,12,12,0
27021,Cass,2023-07-01,1304.0,81413.0,3075.0,1547.0,949.0,579.0,12,12,0
27021,Cass,2023-08-01,1566.0,86571.0,4309.0,2224.0,1388.0,697.0,12,12,0
27021,Cass,2023-09-01,1357.0,100802.0,3992.0,1970.0,1338.0,684.0,12,12,0
27021,Cass,2023-10-01,1457.0,104465.0,4314.0,2117.0,1458.0,739.0,12,12,0
27021,Cass,2023-11-01,1630.0,111461.0,4751.0,2419.0,1475.0,857.0,12,12,0
27021,Cass,2023-12-01,1076.0,63934.94,3334.0,1649.0,1141.0,544.0,12,8,4
27021,Cass,2024-01-01,1244.0,65537.0,3863.0,1954.0,1314.0,595.0,7,7,0
27021,Cass,2024-02-01,1311.0,71424.06,3684.0,1896.0,1106.0,682.0,9,9,0
27021,Cass,2024-03-01,1237.0,72683.0,3517.0,1765.0,1034.0,718.0,9,9,0
27021,Cass,2024-04-01,1241.0,74842.8,4060.0,2038.0,1298.0,724.0,9,9,0
27021,Cass,2024-05-01,1435.0,74467.0,3422.0,1681.0,1142.0,599.0,9,9,0
27021,Cass,2024-06-01,1265.0,72859.0,3764.0,1815.0,1194.0,755.0,9,9,0
27021,Cass,2024-07-01,1379.0,86247.0,4345.0,2070.0,1462.0,813.0,9,9,0
27021,Cass,2024-08-01,1316.0,92594.0,3766.0,1831.0,1182.0,753.0,9,9,0
27021,Cass,2024-09-01,1404.0,79066.0,3841.0,1979.0,1206.0,656.0,9,9,0
27021,Cass,2024-10-01,1550.0,79974.0,4629.0,2207.0,1526.0,896.0,9,9,0
27021,Cass,2024-11-01,1408.0,102442.0,4102.0,1999.0,1327.0,776.0,9,9,0
27021,Cass,2024-12-01,1175.0,63414.2,3349.0,1640.0,1065.0,644.0,9,9,0
27021,Cass,2025-01-01,1257.0,69925.0,3891.0,1891.0,1360.0,640.0,7,7,0
27021,Cass,2025-02-01,1173.0,68989.0,3353.0,1713.0,1033.0,607.0,8,7,1
27021,Cass,2025-03-01,1248.0,69252.0,3489.0,1779.0,1034.0,676.0,7,7,0
27021,Cass,2025-04-01,1462.0,75035.0,4276.0,2142.0,1365.0,769.0,7,7,0
27021,Cass,2025-05-01,1220.0,41626.0,3547.0,1731.0,1117.0,699.0,7,7,0
27021,Cass,2025-06-01,1253.0,41631.0,3547.0,1731.0,1117.0,699.0,7,7,0
27021,Cass,2025-07-01,1437.0,52845.0,4306.0,2028.0,1460.0,818.0,8,7,1
27021,Cass,2025-08-01,1436.0,73188.0,4222.0,2016.0,1423.0,783.0,7,7,0
27021,Cass,2025-09-01,1379.0,80889.0,4015.0,1808.0,1244.0,963.0,8,8,0
27021,Cass,2025-10-01,1732.0,69474.0,4784.0,2246.0,1469.0,1069.0,8,8,0
27021,Cass,2025-11-01,1506.0,72631.0,4128.0,2067.0,1234.0,827.0,9,9,0
27021,Cass,2025-12-01,1041.0,50582.0,2956.0,1349.0,893.0,714.0,8,7,1
27021,Cass,2026-01-01,1270.0,83938.0,3836.0,1809.0,1220.0,807.0,8,8,0
27021,Cass,2026-02-01,1251.0,82103.0,3452.0,1633.0,951.0,868.0,9,9,0
27021,Cass,2026-03-01,1443.0,69124.0,4098.0,1965.0,1144.0,989.0,9,9,0
27021,Cass,2026-04-01,1528.0,57456.0,4334.0,2022.0,1234.0,1078.0,9,9,0
27021,Cass,2026-05-01,1462.0,59333.0,4435.0,1964.0,1141.0,1330.0,12,9,3
27021,Cass,2026-06-01,1510.0,57629.0,4444.0,2150.0,1240.0,1054.0,9,9,0
27021,Cass,2026-07-01,1530.0,65804.0,4286.0,2062.0,1189.0,1035.0,9,9,0
27023,Chippewa,2022-01-01,117.0,9030.0,262.0,149.0,82.0,31.0,1,1,0
27023,Chippewa,2022-02-01,169.0,4874.0,246.0,138.0,77.0,31.0,1,1,0
27023,Chippewa,2022-03-01,119.0,211.0,266.0,147.0,74.0,45.0,1,1,0
27023,Chippewa,2022-04-01,118.0,6667.0,290.0,180.0,67.0,43.0,1,1,0
27023,Chippewa,2022-05-01,133.0,7354.0,296.0,177.0,92.0,27.0,1,1,0
27023,Chippewa,2022-06-01,185.0,9429.0,449.0,273.0,142.0,34.0,1,1,0
27023,Chippewa,2022-07-01,157.0,15608.0,396.0,245.0,112.0,39.0,1,1,0
27023,Chippewa,2022-08-01,147.0,29152.0,363.0,231.0,85.0,47.0,1,1,0
27023,Chippewa,2022-09-01,164.0,16619.0,426.0,254.0,121.0,51.0,1,1,0
27023,Chippewa,2022-10-01,156.0,16044.0,407.0,254.0,108.0,45.0,1,1,0
27023,Chippewa,2022-11-01,153.0,16321.0,428.0,248.0,137.0,43.0,1,1,0
27023,Chippewa,2022-12-01,178.0,29612.0,493.0,275.0,160.0,58.0,1,1,0
27023,Chippewa,2023-01-01,140.0,8192.0,352.0,220.0,110.0,22.0,1,1,0
27023,Chippewa,2023-02-01,131.0,6158.0,329.0,185.0,102.0,42.0,1,1,0
27023,Chippewa,2023-03-01,161.0,7677.0,427.0,232.0,131.0,64.0,1,1,0
27023,Chippewa,2023-04-01,154.0,6885.0,408.0,222.0,134.0,52.0,1,1,0
27023,Chippewa,2023-05-01,187.0,8093.0,455.0,287.0,117.0,51.0,1,1,0
27023,Chippewa,2023-06-01,147.0,6038.0,397.0,226.0,108.0,63.0,1,1,0
27023,Chippewa,2023-07-01,174.0,6753.0,514.0,279.0,171.0,64.0,1,1,0
27023,Chippewa,2023-08-01,168.0,7394.0,502.0,235.0,209.0,58.0,1,1,0
27023,Chippewa,2023-09-01,190.0,7888.0,582.0,306.0,217.0,59.0,1,1,0
27023,Chippewa,2023-10-01,222.0,9468.0,629.0,354.0,211.0,64.0,1,1,0
27023,Chippewa,2023-11-01,252.0,11988.0,719.0,419.0,242.0,58.0,1,1,0
27023,Chippewa,2023-12-01,237.0,13190.0,685.0,408.0,229.0,48.0,1,1,0
27023,Chippewa,2024-01-01,252.0,12295.0,769.0,434.0,289.0,46.0,1,1,0
27023,Chippewa,2024-02-01,210.0,9425.0,564.0,352.0,173.0,39.0,1,1,0
27023,Chippewa,2024-03-01,228.0,9526.0,698.0,364.0,259.0,75.0,1,1,0
27023,Chippewa,2024-04-01,228.0,9526.0,690.0,364.0,255.0,71.0,1,1,0
27023,Chippewa,2024-05-01,254.0,10673.0,710.0,437.0,217.0,56.0,1,1,0
27023,Chippewa,2024-06-01,225.0,9919.0,359.0,207.0,111.0,41.0,1,1,0
27023,Chippewa,2024-07-01,239.0,10056.0,728.0,410.0,255.0,63.0,1,1,0
27023,Chippewa,2024-08-01,249.0,8894.0,696.0,423.0,231.0,42.0,1,1,0
27023,Chippewa,2024-09-01,270.0,10135.0,779.0,470.0,252.0,57.0,1,1,0
27023,Chippewa,2024-10-01,283.0,10479.0,807.0,464.0,274.0,69.0,1,1,0
27023,Chippewa,2024-11-01,282.0,10582.0,800.0,488.0,262.0,50.0,1,1,0
27023,Chippewa,2024-12-01,234.0,8827.0,672.0,383.0,230.0,59.0,1,1,0
27023,Chippewa,2025-01-01,262.0,9329.0,760.0,436.0,261.0,63.0,1,1,0
27023,Chippewa,2025-02-01,215.0,7497.0,583.0,337.0,197.0,49.0,1,1,0
27023,Chippewa,2025-03-01,233.0,8827.0,672.0,383.0,230.0,59.0,1,1,0
27023,Chippewa,2025-04-01,235.0,8252.0,650.0,369.0,224.0,57.0,1,1,0
27023,Chippewa,2025-05-01,231.0,7688.0,631.0,367.0,214.0,50.0,1,1,0
27023,Chippewa,2025-06-01,207.0,7698.0,602.0,365.0,190.0,47.0,1,1,0
27023,Chippewa,2025-07-01,237.0,8222.0,732.0,395.0,283.0,54.0,1,1,0
27023,Chippewa,2025-08-01,242.0,8428.0,512.0,355.0,104.0,53.0,1,1,0
27023,Chippewa,2025-09-01,236.0,8241.0,677.0,377.0,243.0,57.0,1,1,0
27023,Chippewa,2025-10-01,248.0,8389.0,716.0,393.0,269.0,54.0,1,1,0
27023,Chippewa,2025-11-01,240.0,8467.0,677.0,378.0,238.0,61.0,1,1,0
27023,Chippewa,2025-12-01,203.0,8077.0,572.0,302.0,215.0,55.0,1,1,0
27023,Chippewa,2026-01-01,223.0,8207.0,674.0,363.0,254.0,57.0,1,1,0
27023,Chippewa,2026-02-01,172.0,6109.0,464.0,247.0,167.0,50.0,1,1,0
27023,Chippewa,2026-03-01,193.0,7042.0,518.0,277.0,181.0,60.0,1,1,0
27023,Chippewa,2026-04-01,195.0,7362.0,541.0,297.0,159.0,85.0,1,1,0
27023,Chippewa,2026-05-01,185.0,7067.0,528.0,285.0,186.0,57.0,1,1,0
27023,Chippewa,2026-06-01,182.0,6617.0,502.0,259.0,188.0,55.0,1,1,0
27023,Chippewa,2026-07-01,188.0,7947.0,515.0,277.0,180.0,58.0,1,1,0
27025,Chisago,2022-01-01,912.0,58379.0,1728.0,775.0,393.0,560.0,5,5,0
27025,Chisago,2022-02-01,1204.0,57138.0,1533.0,688.0,329.0,516.0,5,5,0
27025,Chisago,2022-03-01,1060.0,66803.0,1949.0,907.0,378.0,664.0,5,5,0
27025,Chisago,2022-04-01,997.0,113266.0,1807.0,852.0,326.0,629.0,5,5,0
27025,Chisago,2022-05-01,1032.0,59919.0,1985.0,860.0,383.0,742.0,5,5,0
27025,Chisago,2022-06-01,1083.0,64218.0,2080.0,943.0,454.0,683.0,5,5,0
27025,Chisago,2022-07-01,1001.0,58020.0,1916.0,877.0,406.0,633.0,5,5,0
27025,Chisago,2022-08-01,1123.0,64229.0,2177.0,1047.0,497.0,633.0,5,5,0
27025,Chisago,2022-09-01,1017.0,56205.0,2020.0,952.0,432.0,636.0,5,5,0
27025,Chisago,2022-10-01,1017.0,62425.0,2020.0,958.0,440.0,622.0,5,5,0
27025,Chisago,2022-11-01,1480.0,66521.0,2882.0,1351.0,641.0,890.0,5,5,0
27025,Chisago,2022-12-01,1049.0,63354.0,2164.0,1012.0,464.0,688.0,5,5,0
27025,Chisago,2023-01-01,1088.0,58149.0,2054.0,933.0,470.0,651.0,5,5,0
27025,Chisago,2023-02-01,1052.0,62494.0,2095.0,943.0,506.0,646.0,5,5,0
27025,Chisago,2023-03-01,1167.0,62987.0,2286.0,1021.0,519.0,746.0,5,5,0
27025,Chisago,2023-04-01,1063.0,59218.0,2167.0,992.0,496.0,679.0,5,5,0
27025,Chisago,2023-05-01,1001.0,63292.0,2451.0,1279.0,493.0,679.0,5,5,0
27025,Chisago,2023-06-01,1066.0,62530.0,2388.0,1038.0,541.0,809.0,5,5,0
27025,Chisago,2023-07-01,1097.0,57687.0,2137.0,926.0,511.0,700.0,5,5,0
27025,Chisago,2023-08-01,1134.0,65116.0,2512.0,1073.0,568.0,871.0,5,5,0
27025,Chisago,2023-09-01,1116.0,66331.0,2263.0,967.0,562.0,734.0,5,5,0
27025,Chisago,2023-10-01,1175.0,68504.0,2574.0,1128.0,656.0,790.0,5,5,0
27025,Chisago,2023-11-01,1405.0,79420.0,3170.0,1428.0,807.0,935.0,5,5,0
27025,Chisago,2023-12-01,1355.0,71584.0,3011.0,1354.0,734.0,923.0,5,5,0
27025,Chisago,2024-01-01,1199.0,67755.0,2644.0,1192.0,644.0,808.0,5,5,0
27025,Chisago,2024-02-01,1152.0,59933.0,2481.0,1142.0,521.0,818.0,5,5,0
27025,Chisago,2024-03-01,1238.0,63192.0,2771.0,1275.0,669.0,827.0,5,5,0
27025,Chisago,2024-04-01,1201.0,66596.0,2555.0,1160.0,547.0,848.0,5,5,0
27025,Chisago,2024-05-01,1155.0,64588.0,2530.0,1168.0,634.0,728.0,5,5,0
27025,Chisago,2024-06-01,1158.0,67375.0,2547.0,1184.0,560.0,803.0,5,5,0
27025,Chisago,2024-07-01,1228.0,70072.0,2762.0,1267.0,653.0,842.0,5,5,0
27025,Chisago,2024-08-01,1116.0,71965.0,2526.0,1180.0,625.0,721.0,5,5,0
27025,Chisago,2024-09-01,1167.0,63165.0,2382.0,1078.0,556.0,748.0,5,5,0
27025,Chisago,2024-10-01,1104.0,74062.0,2634.0,1237.0,670.0,727.0,5,5,0
27025,Chisago,2024-11-01,1372.0,79137.0,3398.0,1629.0,880.0,889.0,5,5,0
27025,Chisago,2024-12-01,1205.0,70786.0,2780.0,1303.0,690.0,787.0,5,5,0
27025,Chisago,2025-01-01,1188.0,73701.0,2960.0,1405.0,769.0,786.0,5,5,0
27025,Chisago,2025-02-01,1152.0,68856.0,2765.0,1313.0,691.0,761.0,5,5,0
27025,Chisago,2025-03-01,1300.0,69796.0,2911.0,1376.0,714.0,821.0,5,5,0
27025,Chisago,2025-04-01,1584.0,73398.0,3700.0,1846.0,884.0,970.0,5,5,0
27025,Chisago,2025-05-01,1370.0,77554.0,3242.0,1571.0,814.0,857.0,5,5,0
27025,Chisago,2025-06-01,1329.0,74707.0,3034.0,1504.0,740.0,790.0,5,5,0
27025,Chisago,2025-07-01,1444.0,84156.0,3444.0,1704.0,858.0,882.0,5,5,0
27025,Chisago,2025-08-01,1337.0,76814.0,3162.0,1565.0,778.0,819.0,5,5,0
27025,Chisago,2025-09-01,1387.0,75762.0,3188.0,1590.0,748.0,850.0,5,5,0
27025,Chisago,2025-10-01,1563.0,86509.0,3757.0,1872.0,953.0,932.0,5,5,0
27025,Chisago,2025-11-01,1575.0,91206.0,3734.0,1879.0,950.0,905.0,5,5,0
27025,Chisago,2025-12-01,1460.0,88494.0,3397.0,1692.0,809.0,896.0,5,5,0
27025,Chisago,2026-01-01,1347.0,74808.0,3188.0,1636.0,682.0,870.0,5,5,0
27025,Chisago,2026-02-01,1380.0,75333.0,3152.0,1539.0,709.0,904.0,5,5,0
27025,Chisago,2026-03-01,1437.0,80631.0,3411.0,1680.0,791.0,940.0,5,5,0
27025,Chisago,2026-04-01,1514.0,78479.0,3643.0,1792.0,904.0,947.0,5,5,0
27025,Chisago,2026-05-01,1390.0,69826.0,2915.0,1472.0,660.0,783.0,5,5,0
27025,Chisago,2026-06-01,1250.0,85038.0,3344.0,1669.0,747.0,928.0,5,5,0
27025,Chisago,2026-07-01,1658.0,85384.0,3663.0,1795.0,852.0,1016.0,5,5,0
27027,Clay,2022-01-01,1539.0,120044.0,3470.0,1974.0,1095.0,401.0,9,7,2
27027,Clay,2022-02-01,1125.0,56652.0,2795.0,1530.0,878.0,387.0,7,7,0
27027,Clay,2022-03-01,1470.0,84499.0,3463.0,1968.0,1027.0,468.0,7,7,0
27027,Clay,2022-04-01,1685.0,93744.0,3795.0,2180.0,1075.0,540.0,7,7,0
27027,Clay,2022-05-01,1459.0,83556.0,3261.0,1858.0,934.0,469.0,7,7,0
27027,Clay,2022-06-01,1422.0,75306.0,3334.0,1864.0,1011.0,459.0,7,7,0
27027,Clay,2022-07-01,1560.0,77882.0,3748.0,1923.0,1270.0,555.0,8,8,0
27027,Clay,2022-08-01,1295.0,78639.0,3098.0,1722.0,953.0,423.0,8,8,0
27027,Clay,2022-09-01,1166.0,69219.0,3184.0,1725.0,1030.0,429.0,8,8,0
27027,Clay,2022-10-01,1043.0,75039.0,2994.0,1619.0,1006.0,369.0,8,8,0
27027,Clay,2022-11-01,1055.0,51298.0,2455.0,1359.0,738.0,358.0,8,8,0
27027,Clay,2022-12-01,1036.0,64943.0,2618.0,1375.0,845.0,398.0,8,8,0
27027,Clay,2023-01-01,1716.0,56958.0,2871.0,1571.0,917.0,383.0,8,8,0
27027,Clay,2023-02-01,1167.0,38687.0,2627.0,1370.0,870.0,387.0,8,8,0
27027,Clay,2023-03-01,1486.0,60045.0,2972.0,1585.0,965.0,422.0,8,8,0
27027,Clay,2023-04-01,1585.0,56974.0,2949.0,1593.0,930.0,426.0,8,8,0
27027,Clay,2023-05-01,1286.0,66127.0,2964.0,1633.0,869.0,462.0,9,7,2
27027,Clay,2023-06-01,1379.0,35909.0,3110.0,1585.0,1022.0,503.0,9,9,0
27027,Clay,2023-07-01,1489.0,61361.0,3150.0,1725.0,977.0,448.0,9,8,1
27027,Clay,2023-08-01,2391.0,93489.0,4963.0,2330.0,2031.0,602.0,8,8,0
27027,Clay,2023-09-01,1593.0,71715.0,3576.0,1916.0,1112.0,548.0,11,10,1
27027,Clay,2023-10-01,2146.0,108708.0,5537.0,2726.0,2136.0,675.0,11,9,2
27027,Clay,2023-11-01,1720.0,75003.0,3792.0,1972.0,1246.0,574.0,13,11,2
27027,Clay,2023-12-01,1681.0,91702.0,4857.0,2421.0,1825.0,611.0,13,11,2
27027,Clay,2024-01-01,1575.0,69076.0,3982.0,2182.0,1309.0,491.0,13,12,1
27027,Clay,2024-02-01,1373.0,62186.0,3417.0,1825.0,1068.0,524.0,13,12,1
27027,Clay,2024-03-01,1825.0,67256.0,5236.0,2598.0,1896.0,742.0,14,14,0
27027,Clay,2024-04-01,2017.0,85633.0,5750.0,2814.0,2128.0,808.0,14,13,1
27027,Clay,2024-05-01,2069.0,92898.0,6111.0,3158.0,2299.0,654.0,13,13,0
27027,Clay,2024-06-01,1778.0,63949.0,5085.0,2713.0,1764.0,608.0,13,13,0
27027,Clay,2024-07-01,2658.0,78066.0,5420.0,2748.0,1992.0,680.0,13,12,1
27027,Clay,2024-08-01,2757.0,80614.0,5308.0,2748.0,1900.0,660.0,13,11,2
27027,Clay,2024-09-01,3140.0,88151.0,6151.0,3052.0,2068.0,1031.0,13,12,1
27027,Clay,2024-10-01,2917.0,108207.0,7711.0,4335.0,2627.0,749.0,13,12,1
27027,Clay,2024-11-01,2394.0,91251.0,7444.0,4539.0,2256.0,649.0,13,12,1
27027,Clay,2024-12-01,2308.0,100558.0,6529.0,3987.0,2018.0,524.0,12,12,0
27027,Clay,2025-01-01,1653.0,56165.0,4350.0,2210.0,1479.0,661.0,12,9,3
27027,Clay,2025-02-01,2355.0,101577.0,5584.0,2847.0,1865.0,872.0,11,10,1
27027,Clay,2025-03-01,2708.0,92165.0,5712.0,2879.0,1794.0,1039.0,11,10,1
27027,Clay,2025-04-01,2994.0,112556.0,6454.0,3271.0,2138.0,1045.0,11,11,0
27027,Clay,2025-05-01,3212.0,111319.0,6241.0,3003.0,2226.0,1012.0,11,11,0
27027,Clay,2025-06-01,1928.0,48542.0,6323.0,3029.0,2354.0,940.0,10,10,0
27027,Clay,2025-07-01,3393.0,140461.0,8325.0,3491.0,3463.0,1371.0,10,10,0
27027,Clay,2025-08-01,2995.0,143048.0,7610.0,3125.0,3260.0,1225.0,10,10,0
27027,Clay,2025-09-01,2813.0,127741.0,8368.0,2639.0,4282.0,1447.0,10,10,0
27027,Clay,2025-10-01,2908.0,116023.0,7745.0,4614.0,2179.0,952.0,6,3,3
27027,Clay,2025-11-01,1415.0,74586.0,4048.0,2065.0,1245.0,738.0,7,4,3
27027,Clay,2025-12-01,2224.0,121746.0,6603.0,3611.0,2065.0,927.0,8,5,3
27027,Clay,2026-01-01,2420.0,118213.0,6067.0,3425.0,1838.0,804.0,4,4,0
27027,Clay,2026-02-01,2422.0,113033.0,6552.0,3652.0,2015.0,885.0,5,4,1
27027,Clay,2026-03-01,2595.0,121319.0,7251.0,4107.0,2209.0,935.0,6,4,2
27027,Clay,2026-04-01,2719.0,123530.0,7604.0,4299.0,2401.0,904.0,5,4,1
27027,Clay,2026-05-01,2758.0,103239.0,6934.0,3926.0,2186.0,822.0,4,4,0
27027,Clay,2026-06-01,2682.0,71814.0,7894.0,4460.0,2547.0,887.0,4,4,0
27027,Clay,2026-07-01,2623.0,124208.0,7786.0,4417.0,2498.0,871.0,4,4,0
27029,Clearwater,2022-01-01,124.0,9894.0,291.0,145.0,83.0,63.0,1,1,0
27029,Clearwater,2022-02-01,116.0,9490.0,269.0,134.0,64.0,71.0,1,1,0
27029,Clearwater,2022-03-01,147.0,11964.0,353.0,175.0,99.0,79.0,1,1,0
27029,Clearwater,2022-04-01,132.0,10123.0,313.0,152.0,85.0,76.0,1,1,0
27029,Clearwater,2022-05-01,148.0,11044.0,366.0,194.0,107.0,65.0,1,1,0
27029,Clearwater,2022-06-01,158.0,11536.0,398.0,200.0,117.0,81.0,1,1,0
27029,Clearwater,2022-07-01,153.0,10554.0,369.0,195.0,109.0,65.0,1,1,0
27029,Clearwater,2022-08-01,171.0,11938.0,419.0,213.0,113.0,93.0,1,1,0
27029,Clearwater,2022-09-01,162.0,10781.0,420.0,213.0,122.0,85.0,1,1,0
27029,Clearwater,2022-10-01,168.0,10289.0,383.0,180.0,101.0,102.0,1,1,0
27029,Clearwater,2022-11-01,201.0,9021.0,486.0,261.0,133.0,92.0,1,1,0
27029,Clearwater,2022-12-01,148.0,7041.0,396.0,190.0,131.0,75.0,1,1,0
27029,Clearwater,2023-01-01,152.0,7896.0,391.0,180.0,124.0,87.0,1,1,0
27029,Clearwater,2023-02-01,161.0,8028.0,397.0,205.0,124.0,68.0,1,1,0
27029,Clearwater,2023-03-01,168.0,9337.0,422.0,228.0,110.0,84.0,1,1,0
27029,Clearwater,2023-04-01,158.0,8375.0,370.0,191.0,97.0,82.0,1,1,0
27029,Clearwater,2023-05-01,190.0,10381.0,485.0,248.0,165.0,72.0,1,1,0
27029,Clearwater,2023-06-01,176.0,8461.0,456.0,215.0,158.0,83.0,1,1,0
27029,Clearwater,2023-07-01,176.0,8983.0,485.0,220.0,180.0,85.0,1,1,0
27029,Clearwater,2023-08-01,206.0,10650.0,467.0,224.0,151.0,92.0,1,1,0
27029,Clearwater,2023-09-01,188.0,9907.0,421.0,212.0,108.0,101.0,1,1,0
27029,Clearwater,2023-10-01,183.0,10776.0,431.0,212.0,129.0,90.0,1,1,0
27029,Clearwater,2023-11-01,254.0,16086.0,618.0,323.0,176.0,119.0,1,1,0
27029,Clearwater,2023-12-01,226.0,15184.0,568.0,288.0,167.0,113.0,1,1,0
27029,Clearwater,2024-01-01,228.0,12783.0,561.0,276.0,167.0,118.0,1,1,0
27029,Clearwater,2024-02-01,17.0,9538.0,448.0,216.0,140.0,92.0,1,1,0
27029,Clearwater,2024-03-01,183.0,11056.0,432.0,213.0,132.0,87.0,1,1,0
27029,Clearwater,2024-04-01,197.0,11621.0,471.0,250.0,128.0,93.0,1,1,0
27029,Clearwater,2024-05-01,217.0,12133.0,544.0,286.0,164.0,94.0,1,1,0
27029,Clearwater,2024-06-01,205.0,13273.0,501.0,252.0,164.0,85.0,1,1,0
27029,Clearwater,2024-07-01,203.0,14619.0,468.0,251.0,130.0,87.0,1,1,0
27029,Clearwater,2024-08-01,208.0,12965.0,488.0,254.0,137.0,97.0,1,1,0
27029,Clearwater,2024-09-01,215.0,14052.0,526.0,248.0,170.0,108.0,1,1,0
27029,Clearwater,2024-10-01,236.0,14218.0,545.0,290.0,151.0,104.0,1,1,0
27029,Clearwater,2024-11-01,228.0,16738.0,529.0,275.0,166.0,88.0,1,1,0
27029,Clearwater,2024-12-01,195.0,12051.0,458.0,237.0,146.0,75.0,1,1,0
27029,Clearwater,2025-01-01,199.0,14506.0,500.0,256.0,144.0,100.0,1,1,0
27029,Clearwater,2025-02-01,206.0,13446.0,471.0,251.0,131.0,89.0,1,1,0
27029,Clearwater,2025-03-01,211.0,16041.0,470.0,253.0,122.0,95.0,1,1,0
27029,Clearwater,2025-04-01,221.0,13223.0,493.0,241.0,143.0,109.0,1,1,0
27029,Clearwater,2025-05-01,225.0,13339.0,539.0,283.0,163.0,93.0,1,1,0
27029,Clearwater,2025-06-01,194.0,11409.0,421.0,227.0,109.0,85.0,1,1,0
27029,Clearwater,2025-07-01,240.0,12479.0,547.0,291.0,168.0,88.0,1,1,0
27029,Clearwater,2025-08-01,212.0,11537.0,496.0,257.0,156.0,83.0,1,1,0
27029,Clearwater,2025-09-01,211.0,12734.0,527.0,265.0,167.0,95.0,1,1,0
27029,Clearwater,2025-10-01,271.0,15482.0,689.0,349.0,245.0,95.0,1,1,0
27029,Clearwater,2025-11-01,269.0,15621.0,647.0,345.0,206.0,96.0,1,1,0
27029,Clearwater,2025-12-01,226.0,11675.0,581.0,297.0,208.0,76.0,1,1,0
27029,Clearwater,2026-01-01,217.0,11221.0,509.0,265.0,157.0,87.0,1,1,0
27029,Clearwater,2026-02-01,182.0,9623.0,470.0,217.0,170.0,83.0,1,1,0
27029,Clearwater,2026-03-01,200.0,10763.0,467.0,247.0,139.0,81.0,1,1,0
27029,Clearwater,2026-04-01,221.0,12030.0,536.0,275.0,177.0,84.0,1,1,0
27029,Clearwater,2026-05-01,211.0,11641.0,486.0,247.0,147.0,92.0,1,1,0
27029,Clearwater,2026-06-01,203.0,9716.0,477.0,249.0,150.0,78.0,1,1,0
27029,Clearwater,2026-07-01,247.0,14087.0,615.0,304.0,221.0,90.0,1,1,0
27031,Cook,2022-01-01,273.0,11188.0,611.0,325.0,162.0,124.0,3,3,0
27031,Cook,2022-02-01,235.0,11108.0,523.0,302.0,133.0,88.0,3,3,0
27031,Cook,2022-03-01,244.0,14123.0,527.0,270.0,128.0,129.0,3,3,0
27031,Cook,2022-04-01,262.0,15244.0,569.0,289.0,139.0,141.0,3,3,0
27031,Cook,2022-05-01,266.0,10674.0,587.0,302.0,151.0,134.0,3,3,0
27031,Cook,2022-06-01,257.0,13555.0,521.0,265.0,180.0,76.0,3,3,0
27031,Cook,2022-07-01,249.0,14063.0,543.0,264.0,152.0,127.0,3,3,0
27031,Cook,2022-08-01,253.0,10621.0,586.0,290.0,181.0,115.0,3,3,0
27031,Cook,2022-09-01,254.0,9620.0,636.0,319.0,217.0,100.0,3,3,0
27031,Cook,2022-10-01,275.0,11824.0,607.0,305.0,167.0,135.0,3,3,0
27031,Cook,2022-11-01,228.0,12660.0,566.0,298.0,155.0,113.0,3,3,0
27031,Cook,2022-12-01,211.0,15743.0,465.0,245.0,127.0,93.0,3,3,0
27031,Cook,2023-01-01,260.0,12811.0,566.0,302.0,149.0,115.0,3,3,0
27031,Cook,2023-02-01,244.0,8404.0,537.0,287.0,152.0,98.0,3,3,0
27031,Cook,2023-03-01,231.0,15287.0,464.0,251.0,110.0,103.0,3,3,0
27031,Cook,2023-04-01,284.0,12675.0,610.0,312.0,157.0,141.0,3,3,0
27031,Cook,2023-05-01,289.0,15175.0,642.0,325.0,192.0,125.0,3,3,0
27031,Cook,2023-06-01,252.0,16854.0,580.0,280.0,178.0,122.0,3,3,0
27031,Cook,2023-07-01,241.0,15522.0,567.0,317.0,171.0,79.0,3,3,0
27031,Cook,2023-08-01,227.0,13682.0,465.0,236.0,114.0,115.0,3,3,0
27031,Cook,2023-09-01,235.0,13593.0,505.0,257.0,140.0,108.0,3,3,0
27031,Cook,2023-10-01,250.0,9872.0,504.0,287.0,125.0,92.0,3,3,0
27031,Cook,2023-11-01,218.0,11457.0,483.0,296.0,149.0,38.0,3,3,0
27031,Cook,2023-12-01,227.0,14988.0,501.0,272.0,150.0,79.0,3,3,0
27031,Cook,2024-01-01,241.0,10976.0,532.0,291.0,150.0,91.0,3,3,0
27031,Cook,2024-02-01,251.0,10269.0,555.0,282.0,160.0,113.0,3,3,0
27031,Cook,2024-03-01,229.0,17352.0,493.0,274.0,134.0,85.0,3,3,0
27031,Cook,2024-04-01,237.0,13815.0,527.0,265.0,154.0,108.0,3,3,0
27031,Cook,2024-05-01,229.0,15001.0,485.0,242.0,133.0,110.0,3,3,0
27031,Cook,2024-06-01,272.0,10716.0,563.0,261.0,148.0,154.0,3,3,0
27031,Cook,2024-07-01,250.0,14607.0,578.0,223.0,233.0,122.0,3,3,0
27031,Cook,2024-08-01,263.0,11760.0,548.0,276.0,153.0,119.0,3,3,0
27031,Cook,2024-09-01,214.0,14074.0,482.0,250.0,154.0,78.0,3,3,0
27031,Cook,2024-10-01,229.0,12522.0,479.0,258.0,142.0,79.0,3,3,0
27031,Cook,2024-11-01,203.0,12788.0,473.0,231.0,147.0,95.0,3,3,0
27031,Cook,2024-12-01,219.0,12986.0,503.0,256.0,164.0,83.0,3,3,0
27031,Cook,2025-01-01,231.0,9790.0,517.0,269.0,158.0,90.0,3,3,0
27031,Cook,2025-02-01,257.0,12781.0,580.0,298.0,188.0,94.0,3,3,0
27031,Cook,2025-03-01,237.0,15921.0,547.0,277.0,171.0,99.0,3,3,0
27031,Cook,2025-04-01,244.0,12348.0,500.0,225.0,147.0,128.0,3,3,0
27031,Cook,2025-05-01,269.0,16371.0,576.0,282.0,171.0,123.0,3,3,0
27031,Cook,2025-06-01,292.0,14777.0,685.0,321.0,226.0,138.0,3,3,0
27031,Cook,2025-07-01,268.0,11243.0,584.0,312.0,176.0,96.0,3,3,0
27031,Cook,2025-08-01,253.0,11348.0,507.0,265.0,141.0,101.0,3,3,0
27031,Cook,2025-09-01,237.0,10095.0,496.0,241.0,132.0,123.0,3,3,0
27031,Cook,2025-10-01,226.0,12220.0,482.0,265.0,124.0,93.0,3,3,0
27031,Cook,2025-11-01,192.0,12037.0,407.0,217.0,114.0,76.0,3,3,0
27031,Cook,2025-12-01,256.0,15343.0,566.0,313.0,144.0,109.0,3,3,0
27031,Cook,2026-01-01,147.0,7493.0,331.0,154.0,87.0,90.0,3,3,0
27031,Cook,2026-02-01,265.0,12737.0,488.0,280.0,129.0,79.0,3,3,0
27031,Cook,2026-03-01,244.0,8620.0,505.0,279.0,127.0,99.0,3,3,0
27031,Cook,2026-04-01,232.0,7278.0,503.0,263.0,144.0,96.0,3,3,0
27031,Cook,2026-05-01,231.0,7153.0,521.0,268.0,152.0,101.0,3,3,0
27031,Cook,2026-06-01,289.0,6192.0,603.0,322.0,165.0,116.0,3,3,0
27031,Cook,2026-07-01,285.0,12524.0,571.0,317.0,141.0,113.0,3,3,0
27033,Cottonwood,2022-01-01,360.0,11682.0,587.0,303.0,224.0,60.0,3,3,0
27033,Cottonwood,2022-02-01,306.0,11826.0,578.0,254.0,272.0,52.0,3,3,0
27033,Cottonwood,2022-03-01,348.0,12464.0,583.0,313.0,206.0,64.0,3,3,0
27033,Cottonwood,2022-04-01,160.0,10340.0,615.0,297.0,274.0,44.0,2,2,0
27033,Cottonwood,2022-05-01,472.0,14933.0,690.0,362.0,257.0,71.0,3,3,0
27033,Cottonwood,2022-06-01,458.0,14495.0,698.0,363.0,272.0,63.0,3,3,0
27033,Cottonwood,2022-07-01,193.0,12207.0,616.0,329.0,230.0,57.0,3,3,0
27033,Cottonwood,2022-08-01,209.0,15851.0,646.0,346.0,232.0,68.0,3,3,0
27033,Cottonwood,2022-09-01,223.0,16241.0,799.0,418.0,315.0,66.0,3,3,0
27033,Cottonwood,2022-10-01,245.0,15643.0,860.0,436.0,352.0,72.0,3,3,0
27033,Cottonwood,2022-11-01,225.0,15633.0,806.0,423.0,312.0,71.0,3,3,0
27033,Cottonwood,2022-12-01,203.0,13217.0,725.0,388.0,286.0,51.0,3,3,0
27033,Cottonwood,2023-01-01,222.0,16465.0,805.0,428.0,313.0,64.0,3,3,0
27033,Cottonwood,2023-02-01,208.0,13170.0,714.0,365.0,292.0,57.0,3,3,0
27033,Cottonwood,2023-03-01,222.0,15761.0,756.0,393.0,298.0,65.0,3,3,0
27033,Cottonwood,2023-04-01,256.0,16361.0,875.0,458.0,350.0,67.0,3,3,0
27033,Cottonwood,2023-05-01,255.0,16524.0,829.0,440.0,334.0,55.0,3,3,0
27033,Cottonwood,2023-06-01,240.0,15212.0,791.0,422.0,320.0,49.0,3,3,0
27033,Cottonwood,2023-07-01,251.0,16403.0,883.0,467.0,339.0,77.0,3,3,0
27033,Cottonwood,2023-08-01,298.0,19338.0,1056.0,554.0,429.0,73.0,3,3,0
27033,Cottonwood,2023-09-01,288.0,18117.0,1019.0,555.0,381.0,83.0,3,3,0
27033,Cottonwood,2023-10-01,307.0,19319.0,1113.0,598.0,437.0,78.0,3,3,0
27033,Cottonwood,2023-11-01,309.0,20037.0,1045.0,569.0,401.0,75.0,3,3,0
27033,Cottonwood,2023-12-01,246.0,17520.0,888.0,462.0,357.0,69.0,3,3,0
27033,Cottonwood,2024-01-01,284.0,18910.0,993.0,517.0,401.0,75.0,3,3,0
27033,Cottonwood,2024-02-01,273.0,16044.0,945.0,525.0,352.0,68.0,3,3,0
27033,Cottonwood,2024-03-01,241.0,14598.0,857.0,452.0,336.0,69.0,3,3,0
27033,Cottonwood,2024-04-01,291.0,17207.0,1025.0,552.0,398.0,75.0,3,3,0
27033,Cottonwood,2024-05-01,645.0,17779.0,958.0,497.0,389.0,72.0,3,3,0
27033,Cottonwood,2024-06-01,264.0,16557.0,995.0,505.0,421.0,69.0,3,3,0
27033,Cottonwood,2024-07-01,349.0,21828.0,1202.0,589.0,522.0,91.0,3,3,0
27033,Cottonwood,2024-08-01,308.0,19711.0,1131.0,580.0,463.0,88.0,3,3,0
27033,Cottonwood,2024-09-01,315.0,21375.0,1251.0,653.0,480.0,118.0,3,3,0
27033,Cottonwood,2024-10-01,335.0,21240.0,1229.0,646.0,486.0,97.0,3,3,0
27033,Cottonwood,2024-11-01,290.0,18934.0,1027.0,544.0,397.0,86.0,3,3,0
27033,Cottonwood,2024-12-01,287.0,18813.0,1018.0,543.0,384.0,91.0,3,3,0
27033,Cottonwood,2025-01-01,317.0,19944.0,1142.0,594.0,455.0,93.0,3,3,0
27033,Cottonwood,2025-02-01,282.0,15687.0,1181.0,500.0,379.0,302.0,3,3,0
27033,Cottonwood,2025-03-01,271.0,16372.0,933.0,496.0,340.0,97.0,3,3,0
27033,Cottonwood,2025-04-01,289.0,18034.0,1077.0,562.0,432.0,83.0,3,3,0
27033,Cottonwood,2025-05-01,307.0,15843.0,923.0,473.0,376.0,74.0,3,3,0
27033,Cottonwood,2025-06-01,283.0,17627.0,1062.0,560.0,414.0,88.0,3,3,0
27033,Cottonwood,2025-07-01,337.0,20944.0,1269.0,627.0,536.0,106.0,3,3,0
27033,Cottonwood,2025-08-01,295.0,18196.0,1113.0,535.0,481.0,97.0,3,3,0
27033,Cottonwood,2025-09-01,327.0,22065.0,1229.0,622.0,518.0,89.0,3,3,0
27033,Cottonwood,2025-10-01,345.0,21702.0,1282.0,661.0,507.0,114.0,3,3,0
27033,Cottonwood,2025-11-01,305.0,19331.0,1111.0,570.0,438.0,103.0,3,3,0
27033,Cottonwood,2025-12-01,297.0,19980.0,1082.0,525.0,467.0,90.0,3,3,0
27033,Cottonwood,2026-01-01,280.0,17789.0,985.0,509.0,387.0,89.0,3,3,0
27033,Cottonwood,2026-02-01,297.0,16903.0,1172.0,585.0,489.0,98.0,3,3,0
27033,Cottonwood,2026-03-01,291.0,19295.0,1035.0,524.0,409.0,102.0,3,3,0
27033,Cottonwood,2026-04-01,270.0,15466.0,999.0,521.0,373.0,105.0,3,3,0
27033,Cottonwood,2026-05-01,272.0,17356.0,1017.0,536.0,381.0,100.0,3,3,0
27033,Cottonwood,2026-06-01,298.0,20535.0,1087.0,548.0,436.0,103.0,3,3,0
27033,Cottonwood,2026-07-01,333.0,21953.0,1270.0,627.0,535.0,108.0,3,3,0
27035,Crow Wing,2022-01-01,853.0,59588.0,2031.0,1061.0,617.0,353.0,8,7,1
27035,Crow Wing,2022-02-01,902.0,60278.0,2092.0,1083.0,654.0,355.0,7,7,0
27035,Crow Wing,2022-03-01,823.0,58107.0,1948.0,982.0,620.0,346.0,9,7,2
27035,Crow Wing,2022-04-01,743.0,65369.0,1818.0,955.0,516.0,347.0,6,6,0
27035,Crow Wing,2022-05-01,762.0,57986.0,1870.0,962.0,502.0,406.0,6,6,0
27035,Crow Wing,2022-06-01,1189.0,76418.0,2824.0,1382.0,897.0,545.0,7,7,0
27035,Crow Wing,2022-07-01,1065.0,63193.0,2510.0,1234.0,776.0,500.0,7,7,0
27035,Crow Wing,2022-08-01,1120.0,68588.0,2318.0,1062.0,719.0,537.0,7,7,0
27035,Crow Wing,2022-09-01,1455.0,101720.0,2992.0,1449.0,880.0,663.0,9,9,0
27035,Crow Wing,2022-10-01,1480.0,97553.0,3099.0,1475.0,911.0,713.0,9,9,0
27035,Crow Wing,2022-11-01,1656.0,111247.0,3312.0,1475.0,965.0,872.0,9,9,0
27035,Crow Wing,2022-12-01,1458.0,83651.0,2902.0,1445.0,831.0,626.0,9,9,0
27035,Crow Wing,2023-01-01,1310.0,92831.0,2576.0,1253.0,804.0,519.0,9,9,0
27035,Crow Wing,2023-02-01,1343.0,85832.0,2572.0,1194.0,748.0,630.0,9,9,0
27035,Crow Wing,2023-03-01,1411.0,111434.0,3521.0,1734.0,1000.0,787.0,9,9,0
27035,Crow Wing,2023-04-01,1680.0,98663.0,3398.0,1646.0,981.0,771.0,9,9,0
27035,Crow Wing,2023-05-01,1950.0,101977.0,4566.0,2236.0,1334.0,996.0,9,9,0
27035,Crow Wing,2023-06-01,2071.0,112456.0,4702.0,2339.0,1354.0,1009.0,9,9,0
27035,Crow Wing,2023-07-01,1618.0,93367.0,3473.0,1726.0,907.0,840.0,9,8,1
27035,Crow Wing,2023-08-01,2018.0,117399.0,3770.0,1689.0,1261.0,820.0,9,9,0
27035,Crow Wing,2023-09-01,1811.0,113167.0,4218.0,2103.0,1175.0,940.0,9,9,0
27035,Crow Wing,2023-10-01,1971.0,127052.0,4746.0,2408.0,1321.0,1017.0,9,9,0
27035,Crow Wing,2023-11-01,2468.0,156657.0,6225.0,3061.0,1823.0,1341.0,9,9,0
27035,Crow Wing,2023-12-01,1815.0,79471.0,4490.0,2267.0,1316.0,907.0,9,8,1
27035,Crow Wing,2024-01-01,1824.0,68392.0,4512.0,2376.0,1325.0,811.0,7,7,0
27035,Crow Wing,2024-02-01,1673.0,100061.0,4037.0,2139.0,1106.0,792.0,7,7,0
27035,Crow Wing,2024-03-01,1908.0,144146.0,4528.0,2433.0,1206.0,889.0,8,8,0
27035,Crow Wing,2024-04-01,2074.0,111223.69,4910.0,2564.0,1350.0,996.0,8,8,0
27035,Crow Wing,2024-05-01,1980.0,89847.0,3721.0,1884.0,1077.0,760.0,8,8,0
27035,Crow Wing,2024-06-01,2044.0,100652.9,4822.0,2452.0,1362.0,1008.0,8,8,0
27035,Crow Wing,2024-07-01,2043.0,101994.0,4806.0,2547.0,1250.0,1009.0,8,8,0
27035,Crow Wing,2024-08-01,1936.0,124287.79999999999,4576.0,2392.0,1170.0,1014.0,8,8,0
27035,Crow Wing,2024-09-01,2002.0,127981.0,4738.0,2470.0,1217.0,1051.0,8,8,0
27035,Crow Wing,2024-10-01,2183.0,141665.0,5181.0,2730.0,1373.0,1078.0,8,8,0
27035,Crow Wing,2024-11-01,2271.0,142553.0,5699.0,2910.0,1600.0,1189.0,8,8,0
27035,Crow Wing,2024-12-01,1985.0,130323.0,4961.0,2547.0,1358.0,1056.0,8,8,0
27035,Crow Wing,2025-01-01,1978.0,113925.6,4991.0,2621.0,1428.0,942.0,7,7,0
27035,Crow Wing,2025-02-01,1864.0,104922.0,4621.0,2478.0,1279.0,864.0,7,7,0
27035,Crow Wing,2025-03-01,1876.0,102893.0,4536.0,2354.0,1213.0,969.0,7,7,0
27035,Crow Wing,2025-04-01,2121.0,115193.0,5299.0,2655.0,1496.0,1148.0,7,7,0
27035,Crow Wing,2025-05-01,2018.0,102067.0,4899.0,2564.0,1448.0,887.0,7,7,0
27035,Crow Wing,2025-06-01,2006.0,101265.0,4990.0,2541.0,1468.0,981.0,7,7,0
27035,Crow Wing,2025-07-01,1870.0,95228.0,4914.0,2522.0,1493.0,899.0,7,7,0
27035,Crow Wing,2025-08-01,1946.0,99543.0,4939.0,2456.0,1505.0,978.0,7,7,0
27035,Crow Wing,2025-09-01,2329.0,74957.0,5703.0,2567.0,1712.0,1424.0,8,8,0
27035,Crow Wing,2025-10-01,2330.0,117278.0,6036.0,2911.0,1883.0,1242.0,8,8,0
27035,Crow Wing,2025-11-01,2508.0,128780.0,6623.0,3333.0,1997.0,1293.0,8,8,0
27035,Crow Wing,2025-12-01,2326.0,134259.0,5975.0,2733.0,1836.0,1406.0,8,8,0
27035,Crow Wing,2026-01-01,2136.0,109674.0,5464.0,2562.0,1678.0,1224.0,8,8,0
27035,Crow Wing,2026-02-01,1942.0,155021.0,4839.0,2394.0,1356.0,1089.0,7,7,0
27035,Crow Wing,2026-03-01,2363.0,81339.0,5867.0,2887.0,1528.0,1452.0,8,8,0
27035,Crow Wing,2026-04-01,1813.0,74467.0,4594.0,2232.0,1144.0,1218.0,7,7,0
27035,Crow Wing,2026-05-01,2532.0,83863.0,6162.0,2693.0,1450.0,2019.0,9,8,1
27035,Crow Wing,2026-06-01,2583.0,54389.0,6486.0,3133.0,1754.0,1599.0,8,8,0
27035,Crow Wing,2026-07-01,2608.0,129406.0,6680.0,3264.0,1793.0,1623.0,9,8,1
27037,Dakota,2022-01-01,5222.0,359760.0,16486.0,8412.0,6144.0,1930.0,15,15,0
27037,Dakota,2022-02-01,7905.0,300953.0,12205.0,6682.0,4300.0,1223.0,15,15,0
27037,Dakota,2022-03-01,7768.0,510881.0,28610.0,15159.0,10368.0,3083.0,18,18,0
27037,Dakota,2022-04-01,7859.0,427903.0,28934.0,15393.0,10674.0,2867.0,19,19,0
27037,Dakota,2022-05-01,8502.0,536113.0,31809.0,15064.0,13114.0,3631.0,20,20,0
27037,Dakota,2022-06-01,9647.0,514850.0,34548.0,14348.0,16669.0,3531.0,19,19,0
27037,Dakota,2022-07-01,11415.0,511225.0,34776.0,12383.0,19828.0,2565.0,21,21,0
27037,Dakota,2022-08-01,15079.0,671770.0,45042.0,17535.0,24275.0,3232.0,21,21,0
27037,Dakota,2022-09-01,7592.0,515328.0,24120.0,13201.0,8378.0,2541.0,21,21,0
27037,Dakota,2022-10-01,9822.0,548882.0,32176.0,16867.0,11740.0,3569.0,22,22,0
27037,Dakota,2022-11-01,11432.0,548394.0,25841.0,14007.0,9118.0,2716.0,23,23,0
27037,Dakota,2022-12-01,6957.0,504683.0,22798.0,11914.0,8327.0,2557.0,24,24,0
27037,Dakota,2023-01-01,5958.0,451240.0,18596.0,9612.0,6433.0,2551.0,24,24,0
27037,Dakota,2023-02-01,5566.0,415211.0,16795.0,8989.0,5875.0,1931.0,24,24,0
27037,Dakota,2023-03-01,6941.0,513714.0,19486.0,10230.0,7149.0,2107.0,24,24,0
27037,Dakota,2023-04-01,6887.0,482822.0,20800.0,10995.0,7450.0,2355.0,24,24,0
27037,Dakota,2023-05-01,8516.0,596757.0,27007.0,14591.0,9462.0,2954.0,24,24,0
27037,Dakota,2023-06-01,10703.0,673881.0,32409.0,14690.0,14875.0,2844.0,23,23,0
27037,Dakota,2023-07-01,12539.0,584518.0,36935.0,13694.0,20411.0,2830.0,23,23,0
27037,Dakota,2023-08-01,14814.0,715541.0,38167.0,16714.0,18293.0,3160.0,22,22,0
27037,Dakota,2023-09-01,9106.0,604198.0,27217.0,14941.0,9433.0,2843.0,20,20,0
27037,Dakota,2023-10-01,9565.0,698374.0,28969.0,16005.0,9990.0,2974.0,20,20,0
27037,Dakota,2023-11-01,8326.0,669248.0,25189.0,14073.0,8604.0,2512.0,20,20,0
27037,Dakota,2023-12-01,8604.0,630978.0,26394.0,14334.0,9389.0,2671.0,20,20,0
27037,Dakota,2024-01-01,8652.0,676643.0,26906.0,14916.0,9145.0,2845.0,20,20,0
27037,Dakota,2024-02-01,8658.0,670430.0,26934.0,14539.0,9468.0,2927.0,20,20,0
27037,Dakota,2024-03-01,8415.0,670540.0,24395.0,12963.0,8416.0,3016.0,20,20,0
27037,Dakota,2024-04-01,9843.0,794433.0,29164.0,16147.0,10148.0,2869.0,20,20,0
27037,Dakota,2024-05-01,8872.0,718185.0,27671.0,14628.0,9522.0,3521.0,20,20,0
27037,Dakota,2024-06-01,12076.0,755631.0,34897.0,14886.0,16843.0,3168.0,20,20,0
27037,Dakota,2024-07-01,10653.0,813692.0,32127.0,17722.0,10773.0,3632.0,20,20,0
27037,Dakota,2024-08-01,13576.0,834304.0,39690.0,16685.0,19798.0,3207.0,19,19,0
27037,Dakota,2024-09-01,8908.0,684874.0,27326.0,14695.0,9646.0,2985.0,20,20,0
27037,Dakota,2024-10-01,9845.0,824590.0,30389.0,16243.0,10852.0,3294.0,20,20,0
27037,Dakota,2024-11-01,9526.0,765573.0,29812.0,16279.0,10240.0,3293.0,20,20,0
27037,Dakota,2024-12-01,8870.0,726939.0,28002.0,14932.0,9463.0,3607.0,20,20,0
27037,Dakota,2025-01-01,10623.0,796618.0,34136.0,17978.0,12406.0,3752.0,20,20,0
27037,Dakota,2025-02-01,10796.0,757783.0,33336.0,18060.0,11467.0,3809.0,20,20,0
27037,Dakota,2025-03-01,11878.0,822147.0,36904.0,20173.0,12230.0,4501.0,20,20,0
27037,Dakota,2025-04-01,13819.0,841886.0,41834.0,22854.0,13843.0,5137.0,20,20,0
27037,Dakota,2025-05-01,11072.0,822497.0,35589.0,19508.0,11865.0,4216.0,20,20,0
27037,Dakota,2025-06-01,12200.0,830844.0,38283.0,20774.0,12695.0,4814.0,20,20,0
27037,Dakota,2025-07-01,17266.0,922866.0,50105.0,27193.0,16778.0,6134.0,20,20,0
27037,Dakota,2025-08-01,12360.0,882977.0,40014.0,21335.0,14105.0,4574.0,21,21,0
27037,Dakota,2025-09-01,12917.0,916186.0,41171.0,22803.0,13573.0,4795.0,21,21,0
27037,Dakota,2025-10-01,15425.0,917120.0,49884.0,27828.0,16694.0,5362.0,21,21,0
27037,Dakota,2025-11-01,15462.0,926857.0,50505.0,27710.0,17705.0,5090.0,21,21,0
27037,Dakota,2025-12-01,14640.0,877399.0,45132.0,24643.0,15223.0,5266.0,21,21,0
27037,Dakota,2026-01-01,15407.0,829996.0,50713.0,26602.0,19804.0,4307.0,21,21,0
27037,Dakota,2026-02-01,17558.0,911235.0,60794.0,30987.0,24329.0,5478.0,21,21,0
27037,Dakota,2026-03-01,16129.0,910081.0,53189.0,28694.0,19277.0,5218.0,21,21,0
27037,Dakota,2026-04-01,13225.0,826142.0,43145.0,22163.0,15686.0,5296.0,20,20,0
27037,Dakota,2026-05-01,12653.0,732120.0,35353.0,18175.0,11939.0,5239.0,20,20,0
27037,Dakota,2026-06-01,15382.0,907525.0,46810.0,24699.0,16133.0,5978.0,20,20,0
27037,Dakota,2026-07-01,15654.0,988759.0,48111.0,24431.0,17590.0,6090.0,20,20,0
27039,Dodge,2022-01-01,392.0,17305.0,1005.0,570.0,314.0,121.0,2,2,0
27039,Dodge,2022-02-01,438.0,20326.0,1171.0,657.0,395.0,119.0,2,2,0
27039,Dodge,2022-03-01,564.0,28485.0,1530.0,867.0,491.0,172.0,2,2,0
27039,Dodge,2022-04-01,520.0,23317.0,1212.0,677.0,387.0,148.0,2,2,0
27039,Dodge,2022-05-01,505.0,24249.0,1289.0,722.0,408.0,159.0,2,2,0
27039,Dodge,2022-06-01,578.0,24987.0,1556.0,859.0,498.0,199.0,2,2,0
27039,Dodge,2022-07-01,472.0,20331.0,1241.0,702.0,396.0,143.0,2,2,0
27039,Dodge,2022-08-01,562.0,23877.0,1507.0,854.0,465.0,188.0,2,2,0
27039,Dodge,2022-09-01,469.0,22067.0,1312.0,735.0,421.0,156.0,2,2,0
27039,Dodge,2022-10-01,467.0,23322.0,1325.0,726.0,447.0,152.0,2,2,0
27039,Dodge,2022-11-01,554.0,30144.0,1603.0,849.0,562.0,192.0,2,2,0
27039,Dodge,2022-12-01,375.0,24434.0,1115.0,603.0,361.0,151.0,2,2,0
27039,Dodge,2023-01-01,465.0,22252.0,1312.0,691.0,453.0,168.0,2,2,0
27039,Dodge,2023-02-01,403.0,16872.0,1041.0,547.0,346.0,148.0,2,2,0
27039,Dodge,2023-03-01,530.0,25161.0,1377.0,707.0,459.0,211.0,2,2,0
27039,Dodge,2023-04-01,569.0,27052.0,1462.0,745.0,497.0,220.0,2,2,0
27039,Dodge,2023-05-01,683.0,30100.0,1789.0,943.0,628.0,218.0,2,2,0
27039,Dodge,2023-06-01,609.0,25321.0,1573.0,838.0,538.0,197.0,2,2,0
27039,Dodge,2023-07-01,648.0,26578.0,1777.0,917.0,647.0,213.0,2,2,0
27039,Dodge,2023-08-01,764.0,35016.0,1877.0,959.0,618.0,300.0,2,2,0
27039,Dodge,2023-09-01,713.0,31266.0,1883.0,985.0,664.0,234.0,2,2,0
27039,Dodge,2023-10-01,741.0,35468.0,2029.0,1060.0,718.0,251.0,2,2,0
27039,Dodge,2023-11-01,913.0,43354.0,2524.0,1294.0,921.0,309.0,2,2,0
27039,Dodge,2023-12-01,728.0,36316.0,1964.0,993.0,708.0,263.0,2,2,0
27039,Dodge,2024-01-01,873.0,36899.0,2352.0,1256.0,880.0,216.0,2,2,0
27039,Dodge,2024-02-01,753.0,32968.0,2064.0,1087.0,724.0,253.0,2,2,0
27039,Dodge,2024-03-01,746.0,32897.0,1849.0,1037.0,532.0,280.0,2,2,0
27039,Dodge,2024-04-01,730.0,33236.0,1986.0,1060.0,645.0,281.0,2,2,0
27039,Dodge,2024-05-01,859.0,34845.0,2353.0,1251.0,770.0,332.0,2,2,0
27039,Dodge,2024-06-01,758.0,33697.0,2259.0,1129.0,675.0,455.0,2,2,0
27039,Dodge,2024-07-01,939.0,40082.0,2670.0,1404.0,920.0,346.0,2,2,0
27039,Dodge,2024-08-01,744.0,31087.0,2034.0,1078.0,673.0,283.0,2,2,0
27039,Dodge,2024-09-01,719.0,32654.0,1953.0,1048.0,620.0,285.0,2,2,0
27039,Dodge,2024-10-01,906.0,40922.0,2439.0,1326.0,776.0,337.0,2,2,0
27039,Dodge,2024-11-01,757.0,31645.0,2137.0,1131.0,722.0,284.0,2,2,0
27039,Dodge,2024-12-01,776.0,31549.0,2159.0,1198.0,694.0,267.0,2,2,0
27039,Dodge,2025-01-01,805.0,30420.0,2316.0,1299.0,747.0,270.0,2,2,0
27039,Dodge,2025-02-01,721.0,25755.0,1935.0,1047.0,623.0,265.0,2,2,0
27039,Dodge,2025-03-01,741.0,25736.0,2256.0,1124.0,626.0,506.0,2,2,0
27039,Dodge,2025-04-01,841.0,27485.0,2319.0,1292.0,726.0,301.0,2,2,0
27039,Dodge,2025-05-01,707.0,24356.0,1820.0,1009.0,529.0,282.0,2,2,0
27039,Dodge,2025-06-01,659.0,21891.0,1756.0,965.0,527.0,264.0,2,2,0
27039,Dodge,2025-07-01,848.0,28939.0,2281.0,1284.0,672.0,325.0,2,2,0
27039,Dodge,2025-08-01,735.0,27426.0,1994.0,1107.0,612.0,275.0,2,2,0
27039,Dodge,2025-09-01,786.0,28900.0,2173.0,1206.0,682.0,285.0,2,2,0
27039,Dodge,2025-10-01,926.0,31930.0,2582.0,1459.0,792.0,331.0,2,2,0
27039,Dodge,2025-11-01,846.0,33436.0,2390.0,1344.0,732.0,314.0,2,2,0
27039,Dodge,2025-12-01,817.0,33679.0,2266.0,1249.0,755.0,262.0,2,2,0
27039,Dodge,2026-01-01,804.0,32516.0,2054.0,1125.0,654.0,275.0,2,2,0
27039,Dodge,2026-02-01,698.0,26752.0,1797.0,996.0,531.0,270.0,2,2,0
27039,Dodge,2026-03-01,715.0,26652.0,1819.0,1001.0,525.0,293.0,2,2,0
27039,Dodge,2026-04-01,847.0,30314.0,2192.0,1221.0,615.0,356.0,2,2,0
27039,Dodge,2026-05-01,741.0,26797.0,1916.0,1041.0,585.0,290.0,2,2,0
27039,Dodge,2026-06-01,758.0,28015.0,1977.0,1099.0,594.0,284.0,2,2,0
27039,Dodge,2026-07-01,769.0,27102.0,2072.0,1147.0,628.0,297.0,2,2,0
27041,Douglas,2022-01-01,295.0,49262.0,875.0,516.0,294.0,65.0,1,1,0
27041,Douglas,2022-02-01,255.0,38221.0,757.0,482.0,225.0,50.0,1,1,0
27041,Douglas,2022-03-01,333.0,47628.0,907.0,537.0,278.0,92.0,1,1,0
27041,Douglas,2022-04-01,293.0,44777.0,867.0,537.0,267.0,63.0,1,1,0
27041,Douglas,2022-05-01,360.0,49238.0,1029.0,642.0,307.0,80.0,1,1,0
27041,Douglas,2022-06-01,343.0,45903.0,994.0,586.0,339.0,69.0,1,1,0
27041,Douglas,2022-07-01,319.0,43576.0,918.0,556.0,291.0,71.0,1,1,0
27041,Douglas,2022-08-01,358.0,51552.0,993.0,604.0,297.0,92.0,1,1,0
27041,Douglas,2022-09-01,341.0,50135.0,1013.0,612.0,327.0,74.0,1,1,0
27041,Douglas,2022-10-01,326.0,50711.0,972.0,557.0,329.0,86.0,1,1,0
27041,Douglas,2022-11-01,363.0,58600.0,1040.0,633.0,323.0,84.0,1,1,0
27041,Douglas,2022-12-01,293.0,48913.0,851.0,523.0,257.0,71.0,1,1,0
27041,Douglas,2023-01-01,345.0,54568.0,1028.0,615.0,339.0,74.0,1,1,0
27041,Douglas,2023-02-01,264.0,44712.0,780.0,473.0,241.0,66.0,1,1,0
27041,Douglas,2023-03-01,304.0,56170.0,893.0,533.0,276.0,84.0,1,1,0
27041,Douglas,2023-04-01,314.0,50575.0,924.0,545.0,304.0,75.0,1,1,0
27041,Douglas,2023-05-01,367.0,48085.0,1064.0,624.0,353.0,87.0,1,1,0
27041,Douglas,2023-06-01,,416.0,1222.0,706.0,421.0,95.0,1,1,0
27041,Douglas,2023-07-01,403.0,57634.0,1125.0,645.0,367.0,113.0,1,1,0
27041,Douglas,2023-08-01,422.0,58317.0,1234.0,734.0,397.0,103.0,1,1,0
27041,Douglas,2023-09-01,385.0,53887.0,1158.0,674.0,398.0,86.0,1,1,0
27041,Douglas,2023-10-01,446.0,66896.0,1270.0,743.0,424.0,103.0,1,1,0
27041,Douglas,2023-11-01,461.0,69097.0,1376.0,808.0,459.0,109.0,1,1,0
27041,Douglas,2023-12-01,382.0,52922.0,1125.0,626.0,400.0,99.0,1,1,0
27041,Douglas,2024-01-01,422.0,58838.0,1262.0,726.0,433.0,103.0,1,1,0
27041,Douglas,2024-02-01,384.0,51032.0,1082.0,676.0,310.0,96.0,1,1,0
27041,Douglas,2024-03-01,372.0,51923.0,1045.0,632.0,309.0,104.0,1,1,0
27041,Douglas,2024-04-01,448.0,61487.0,1260.0,790.0,348.0,122.0,1,1,0
27041,Douglas,2024-05-01,455.0,58877.0,1314.0,772.0,424.0,118.0,1,1,0
27041,Douglas,2024-06-01,449.0,52689.0,1334.0,764.0,455.0,115.0,1,1,0
27041,Douglas,2024-07-01,503.0,65062.0,1418.0,841.0,460.0,117.0,1,1,0
27041,Douglas,2024-08-01,489.0,61356.0,1404.0,811.0,466.0,127.0,1,1,0
27041,Douglas,2024-09-01,482.0,74460.0,1326.0,768.0,445.0,113.0,1,1,0
27041,Douglas,2024-10-01,578.0,76229.0,1668.0,968.0,556.0,144.0,1,1,0
27041,Douglas,2024-11-01,540.0,74098.0,1506.0,904.0,465.0,137.0,1,1,0
27041,Douglas,2024-12-01,505.0,67693.0,1429.0,809.0,482.0,138.0,1,1,0
27041,Douglas,2025-01-01,542.0,72342.0,1506.0,916.0,461.0,129.0,1,1,0
27041,Douglas,2025-02-01,430.0,57976.0,1231.0,726.0,396.0,109.0,1,1,0
27041,Douglas,2025-03-01,531.0,68238.0,1470.0,887.0,436.0,147.0,1,1,0
27041,Douglas,2025-04-01,545.0,65242.0,1504.0,897.0,471.0,136.0,1,1,0
27041,Douglas,2025-05-01,526.0,57459.0,1460.0,878.0,434.0,148.0,1,1,0
27041,Douglas,2025-06-01,553.0,63269.0,1524.0,909.0,487.0,128.0,1,1,0
27041,Douglas,2025-07-01,607.0,2929.0,1632.0,949.0,540.0,143.0,1,1,0
27041,Douglas,2025-08-01,548.0,65593.0,1490.0,881.0,452.0,157.0,1,1,0
27041,Douglas,2025-09-01,517.0,69357.0,1463.0,827.0,500.0,136.0,1,1,0
27041,Douglas,2025-10-01,609.0,79843.0,1619.0,931.0,550.0,138.0,1,1,0
27041,Douglas,2025-11-01,525.0,74181.0,1512.0,898.0,469.0,145.0,1,1,0
27041,Douglas,2025-12-01,523.0,66117.0,1428.0,844.0,432.0,152.0,1,1,0
27041,Douglas,2026-01-01,521.0,79840.0,1453.0,887.0,444.0,122.0,1,1,0
27041,Douglas,2026-02-01,485.0,69474.0,1323.0,785.0,403.0,135.0,1,1,0
27041,Douglas,2026-03-01,518.0,75941.0,1399.0,841.0,402.0,156.0,1,1,0
27041,Douglas,2026-04-01,500.0,79508.0,1362.0,798.0,423.0,141.0,1,1,0
27041,Douglas,2026-05-01,474.0,75191.0,1288.0,752.0,392.0,144.0,1,1,0
27041,Douglas,2026-06-01,565.0,67833.0,1613.0,944.0,518.0,151.0,1,1,0
27041,Douglas,2026-07-01,597.0,80215.0,1668.0,956.0,543.0,169.0,1,1,0
27043,Faribault,2022-01-01,216.0,9310.0,436.0,241.0,93.0,102.0,3,3,0
27043,Faribault,2022-02-01,237.0,6223.0,511.0,316.0,108.0,87.0,3,3,0
27043,Faribault,2022-03-01,287.0,14809.75,1124.0,668.0,263.0,193.0,3,3,0
27043,Faribault,2022-04-01,303.0,16512.65,1215.0,738.0,278.0,199.0,3,3,0
27043,Faribault,2022-05-01,352.0,21290.0,2177.0,1357.0,473.0,347.0,3,3,0
27043,Faribault,2022-06-01,337.0,17452.0,789.0,462.0,188.0,139.0,3,3,0
27043,Faribault,2022-07-01,349.0,19929.0,849.0,536.0,193.0,120.0,3,3,0
27043,Faribault,2022-08-01,359.0,19583.6,885.0,579.0,193.0,113.0,3,3,0
27043,Faribault,2022-09-01,350.0,20862.0,839.0,557.0,161.0,121.0,3,3,0
27043,Faribault,2022-10-01,302.0,16627.8,734.0,496.0,144.0,94.0,3,3,0
27043,Faribault,2022-11-01,320.0,19192.0,763.0,576.0,118.0,69.0,3,3,0
27043,Faribault,2022-12-01,311.0,17886.0,757.0,563.0,128.0,66.0,3,3,0
27043,Faribault,2023-01-01,269.0,19303.0,695.0,480.0,124.0,91.0,3,3,0
27043,Faribault,2023-02-01,385.0,18634.0,310.0,151.0,115.0,44.0,3,3,0
27043,Faribault,2023-03-01,365.0,17869.0,938.0,723.0,143.0,72.0,3,3,0
27043,Faribault,2023-04-01,360.0,19633.0,874.0,436.0,244.0,194.0,3,3,0
27043,Faribault,2023-05-01,386.0,21959.8,962.0,474.0,285.0,203.0,3,3,0
27043,Faribault,2023-06-01,373.0,22696.7,921.0,656.0,166.0,99.0,3,3,0
27043,Faribault,2023-07-01,352.0,14317.0,794.0,613.0,106.0,75.0,3,2,1
27043,Faribault,2023-08-01,301.0,18200.0,704.0,505.0,104.0,95.0,2,2,0
27043,Faribault,2023-09-01,298.0,13308.0,654.0,330.0,183.0,141.0,2,2,0
27043,Faribault,2023-10-01,336.0,14547.0,678.0,324.0,216.0,138.0,2,2,0
27043,Faribault,2023-11-01,308.0,12106.0,834.0,358.0,281.0,195.0,2,2,0
27043,Faribault,2023-12-01,364.0,14527.5,877.0,383.0,277.0,217.0,2,2,0
27043,Faribault,2024-01-01,281.0,13531.0,747.0,418.0,229.0,100.0,2,2,0
27043,Faribault,2024-02-01,336.0,14548.0,797.0,411.0,235.0,151.0,2,2,0
27043,Faribault,2024-03-01,330.0,15424.0,785.0,374.0,235.0,176.0,2,2,0
27043,Faribault,2024-04-01,337.0,14604.0,857.0,437.0,254.0,166.0,2,2,0
27043,Faribault,2024-05-01,288.0,14621.0,718.0,371.0,215.0,132.0,2,2,0
27043,Faribault,2024-06-01,308.0,12096.0,718.0,328.0,214.0,176.0,3,2,1
27043,Faribault,2024-07-01,323.0,13566.0,814.0,434.0,235.0,145.0,3,2,1
27043,Faribault,2024-08-01,318.0,14937.0,812.0,386.0,239.0,187.0,3,3,0
27043,Faribault,2024-09-01,368.0,14357.0,928.0,488.0,266.0,174.0,3,3,0
27043,Faribault,2024-10-01,556.0,19183.0,941.0,485.0,263.0,193.0,3,3,0
27043,Faribault,2024-11-01,500.0,21429.0,1132.0,576.0,343.0,213.0,3,3,0
27043,Faribault,2024-12-01,338.0,14480.0,757.0,397.0,191.0,169.0,3,3,0
27043,Faribault,2025-01-01,393.0,15441.0,1039.0,521.0,329.0,189.0,3,3,0
27043,Faribault,2025-02-01,331.0,9114.0,822.0,437.0,205.0,180.0,3,3,0
27043,Faribault,2025-03-01,356.0,11496.0,881.0,469.0,230.0,182.0,3,3,0
27043,Faribault,2025-04-01,368.0,11574.0,878.0,452.0,233.0,193.0,3,3,0
27043,Faribault,2025-05-01,338.0,10405.0,845.0,443.0,229.0,173.0,3,3,0
27043,Faribault,2025-06-01,316.0,12386.0,823.0,462.0,203.0,158.0,3,3,0
27043,Faribault,2025-07-01,350.0,14488.0,952.0,501.0,293.0,158.0,3,3,0
27043,Faribault,2025-08-01,258.0,10819.0,762.0,412.0,211.0,139.0,3,3,0
27043,Faribault,2025-09-01,320.0,11603.0,813.0,435.0,218.0,160.0,3,3,0
27043,Faribault,2025-10-01,321.0,12584.0,816.0,447.0,207.0,162.0,3,3,0
27043,Faribault,2025-11-01,353.0,16413.0,864.0,457.0,239.0,168.0,3,3,0
27043,Faribault,2025-12-01,263.0,12362.0,659.0,333.0,179.0,147.0,3,3,0
27043,Faribault,2026-01-01,144.0,8734.0,399.0,221.0,124.0,54.0,3,3,0
27043,Faribault,2026-02-01,310.0,13356.2,805.0,442.0,215.0,148.0,3,3,0
27043,Faribault,2026-03-01,293.0,16609.2,701.0,383.0,183.0,135.0,3,3,0
27043,Faribault,2026-04-01,299.0,13568.5,736.0,393.0,178.0,165.0,3,3,0
27043,Faribault,2026-05-01,305.0,12313.0,702.0,377.0,146.0,179.0,3,3,0
27043,Faribault,2026-06-01,251.0,11847.0,673.0,353.0,205.0,115.0,3,3,0
27043,Faribault,2026-07-01,338.0,14453.0,921.0,524.0,236.0,161.0,3,3,0
27045,Fillmore,2022-01-01,231.0,16756.9,536.0,301.0,135.0,100.0,5,5,0
27045,Fillmore,2022-02-01,216.0,16126.8,503.0,268.0,128.0,107.0,5,5,0
27045,Fillmore,2022-03-01,271.0,18434.8,603.0,335.0,149.0,119.0,5,5,0
27045,Fillmore,2022-04-01,274.0,18087.5,671.0,375.0,174.0,122.0,5,5,0
27045,Fillmore,2022-05-01,265.0,18913.6,630.0,359.0,152.0,119.0,5,5,0
27045,Fillmore,2022-06-01,296.0,19277.57,716.0,396.0,198.0,122.0,5,5,0
27045,Fillmore,2022-07-01,279.0,17299.0,654.0,365.0,169.0,120.0,5,5,0
27045,Fillmore,2022-08-01,275.0,18458.0,676.0,371.0,177.0,128.0,5,5,0
27045,Fillmore,2022-09-01,299.0,19945.4,713.0,376.0,182.0,155.0,5,5,0
27045,Fillmore,2022-10-01,290.0,16793.5,666.0,357.0,157.0,152.0,5,5,0
27045,Fillmore,2022-11-01,342.0,20450.0,896.0,464.0,268.0,164.0,5,5,0
27045,Fillmore,2022-12-01,288.0,18311.4,644.0,336.0,178.0,130.0,5,5,0
27045,Fillmore,2023-01-01,289.0,17463.0,671.0,359.0,180.0,132.0,5,5,0
27045,Fillmore,2023-02-01,237.0,15255.0,540.0,291.0,135.0,114.0,5,5,0
27045,Fillmore,2023-03-01,296.0,19860.7,654.0,349.0,160.0,145.0,5,5,0
27045,Fillmore,2023-04-01,334.0,20541.0,787.0,430.0,233.0,124.0,5,5,0
27045,Fillmore,2023-05-01,345.0,21794.2,806.0,437.0,218.0,151.0,5,5,0
27045,Fillmore,2023-06-01,355.0,21013.4,853.0,447.0,252.0,154.0,5,5,0
27045,Fillmore,2023-07-01,357.0,19607.510000000002,866.0,462.0,247.0,157.0,5,5,0
27045,Fillmore,2023-08-01,419.0,22042.0,980.0,518.0,292.0,170.0,5,5,0
27045,Fillmore,2023-09-01,367.0,21714.5,898.0,465.0,267.0,166.0,5,5,0
27045,Fillmore,2023-10-01,375.0,22158.0,923.0,488.0,266.0,169.0,5,5,0
27045,Fillmore,2023-11-01,427.0,23566.5,1103.0,606.0,335.0,162.0,5,5,0
27045,Fillmore,2023-12-01,376.0,25189.850000000002,897.0,486.0,250.0,161.0,5,5,0
27045,Fillmore,2024-01-01,380.0,18906.9,895.0,499.0,213.0,183.0,5,5,0
27045,Fillmore,2024-02-01,360.0,22488.98,844.0,456.0,226.0,162.0,5,5,0
27045,Fillmore,2024-03-01,409.0,23479.32,1011.0,524.0,302.0,185.0,5,5,0
27045,Fillmore,2024-04-01,374.0,21196.52,874.0,455.0,236.0,183.0,5,5,0
27045,Fillmore,2024-05-01,432.0,21675.2,1028.0,524.0,290.0,214.0,5,5,0
27045,Fillmore,2024-06-01,395.0,21038.76,934.0,497.0,264.0,173.0,5,5,0
27045,Fillmore,2024-07-01,402.0,20102.21,937.0,508.0,244.0,185.0,5,5,0
27045,Fillmore,2024-08-01,419.0,19250.800000000003,986.0,500.0,268.0,218.0,5,5,0
27045,Fillmore,2024-09-01,387.0,18670.8,885.0,435.0,241.0,209.0,4,4,0
27045,Fillmore,2024-10-01,425.0,21236.3,1042.0,538.0,302.0,202.0,4,4,0
27045,Fillmore,2024-11-01,398.0,19467.9,1015.0,518.0,315.0,182.0,4,4,0
27045,Fillmore,2024-12-01,321.0,16657.4,771.0,414.0,204.0,153.0,4,4,0
27045,Fillmore,2025-01-01,402.0,21315.0,993.0,536.0,267.0,190.0,4,4,0
27045,Fillmore,2025-02-01,349.0,17447.0,852.0,448.0,231.0,173.0,4,4,0
27045,Fillmore,2025-03-01,361.0,17983.0,852.0,440.0,220.0,192.0,4,4,0
27045,Fillmore,2025-04-01,383.0,19250.0,964.0,507.0,253.0,204.0,4,4,0
27045,Fillmore,2025-05-01,387.0,20068.0,963.0,507.0,260.0,196.0,4,4,0
27045,Fillmore,2025-06-01,350.0,19094.0,886.0,464.0,241.0,181.0,4,4,0
27045,Fillmore,2025-07-01,406.0,20129.0,999.0,529.0,263.0,207.0,4,4,0
27045,Fillmore,2025-08-01,405.0,19993.0,983.0,514.0,270.0,199.0,4,4,0
27045,Fillmore,2025-09-01,419.0,19210.0,1067.0,554.0,315.0,198.0,4,4,0
27045,Fillmore,2025-10-01,461.0,22810.0,1150.0,591.0,335.0,224.0,4,4,0
27045,Fillmore,2025-11-01,574.0,32510.0,1136.0,561.0,357.0,218.0,4,4,0
27045,Fillmore,2025-12-01,372.0,23676.0,953.0,484.0,290.0,179.0,4,4,0
27045,Fillmore,2026-01-01,419.0,23528.0,1104.0,580.0,333.0,191.0,4,4,0
27045,Fillmore,2026-02-01,390.0,20632.0,980.0,500.0,307.0,173.0,4,4,0
27045,Fillmore,2026-03-01,401.0,22660.0,1033.0,536.0,320.0,177.0,4,4,0
27045,Fillmore,2026-04-01,388.0,21248.0,941.0,487.0,256.0,198.0,4,4,0
27045,Fillmore,2026-05-01,384.0,19852.0,941.0,492.0,262.0,187.0,4,4,0
27045,Fillmore,2026-06-01,405.0,21413.0,967.0,523.0,255.0,189.0,4,4,0
27045,Fillmore,2026-07-01,406.0,22475.0,1019.0,552.0,279.0,188.0,4,4,0
27047,Freeborn,2022-01-01,281.0,15591.0,753.0,428.0,250.0,75.0,3,3,0
27047,Freeborn,2022-02-01,237.0,13352.0,620.0,347.0,207.0,66.0,3,3,0
27047,Freeborn,2022-03-01,330.0,18271.0,792.0,461.0,246.0,85.0,3,3,0
27047,Freeborn,2022-04-01,295.0,17830.0,720.0,431.0,194.0,95.0,3,3,0
27047,Freeborn,2022-05-01,332.0,18286.0,910.0,512.0,295.0,103.0,3,3,0
27047,Freeborn,2022-06-01,376.0,17871.0,987.0,539.0,349.0,99.0,3,3,0
27047,Freeborn,2022-07-01,554.0,25025.5,1482.0,744.0,479.0,259.0,4,4,0
27047,Freeborn,2022-08-01,667.0,24256.0,1870.0,990.0,637.0,243.0,4,4,0
27047,Freeborn,2022-09-01,647.0,25469.0,1803.0,971.0,606.0,226.0,4,4,0
27047,Freeborn,2022-10-01,661.0,24216.0,1804.0,939.0,606.0,259.0,4,4,0
27047,Freeborn,2022-11-01,592.0,27983.0,1535.0,808.0,451.0,276.0,4,4,0
27047,Freeborn,2022-12-01,431.0,18369.0,1196.0,594.0,373.0,229.0,4,4,0
27047,Freeborn,2023-01-01,432.0,19110.0,1210.0,655.0,412.0,143.0,4,4,0
27047,Freeborn,2023-02-01,298.0,13088.0,742.0,447.0,216.0,79.0,4,4,0
27047,Freeborn,2023-03-01,531.0,27750.5,1468.0,768.0,470.0,230.0,4,4,0
27047,Freeborn,2023-04-01,635.0,26208.5,1728.0,911.0,533.0,284.0,4,4,0
27047,Freeborn,2023-05-01,502.0,22538.0,1271.0,729.0,421.0,121.0,4,4,0
27047,Freeborn,2023-06-01,653.0,30120.0,1632.0,875.0,552.0,205.0,4,4,0
27047,Freeborn,2023-07-01,1046.0,45734.0,2299.0,1199.0,828.0,272.0,4,4,0
27047,Freeborn,2023-08-01,1109.0,50217.0,2983.0,1698.0,933.0,352.0,4,4,0
27047,Freeborn,2023-09-01,958.0,43735.0,2556.0,1465.0,762.0,329.0,4,4,0
27047,Freeborn,2023-10-01,1154.0,57732.0,2891.0,1625.0,860.0,406.0,4,4,0
27047,Freeborn,2023-11-01,1164.0,61340.0,3055.0,1698.0,933.0,424.0,4,4,0
27047,Freeborn,2023-12-01,1038.0,52230.0,2686.0,1607.0,705.0,374.0,4,4,0
27047,Freeborn,2024-01-01,922.0,50646.0,2662.0,1525.0,766.0,371.0,4,4,0
27047,Freeborn,2024-02-01,975.0,51179.0,2486.0,1435.0,649.0,402.0,4,4,0
27047,Freeborn,2024-03-01,866.0,39656.0,2142.0,1211.0,538.0,393.0,4,4,0
27047,Freeborn,2024-04-01,1035.0,42529.0,2615.0,1513.0,690.0,412.0,4,4,0
27047,Freeborn,2024-05-01,1136.0,52592.0,2864.0,1623.0,808.0,433.0,4,4,0
27047,Freeborn,2024-06-01,991.0,47069.0,2587.0,1428.0,784.0,375.0,4,4,0
27047,Freeborn,2024-07-01,1001.0,50514.0,2628.0,1459.0,800.0,369.0,4,4,0
27047,Freeborn,2024-08-01,1046.0,49250.0,2817.0,1595.0,815.0,407.0,4,4,0
27047,Freeborn,2024-09-01,967.0,42825.0,2603.0,1441.0,790.0,372.0,4,4,0
27047,Freeborn,2024-10-01,1009.0,43979.0,2716.0,1481.0,835.0,400.0,4,4,0
27047,Freeborn,2024-11-01,856.0,37815.0,2306.0,1312.0,654.0,340.0,4,4,0
27047,Freeborn,2024-12-01,812.0,32780.0,2199.0,1213.0,675.0,311.0,4,4,0
27047,Freeborn,2025-01-01,1032.0,39410.0,2753.0,1531.0,843.0,379.0,4,4,0
27047,Freeborn,2025-02-01,963.0,36638.0,2559.0,1421.0,737.0,401.0,4,4,0
27047,Freeborn,2025-03-01,802.0,29949.0,2049.0,1166.0,568.0,315.0,4,4,0
27047,Freeborn,2025-04-01,966.0,34355.0,2480.0,1400.0,675.0,405.0,4,4,0
27047,Freeborn,2025-05-01,885.0,28740.0,2251.0,1259.0,682.0,310.0,4,4,0
27047,Freeborn,2025-06-01,763.0,27517.0,1979.0,1113.0,586.0,280.0,4,4,0
27047,Freeborn,2025-07-01,888.0,31272.0,2397.0,1285.0,762.0,350.0,4,4,0
27047,Freeborn,2025-08-01,827.0,30184.0,2212.0,1170.0,739.0,303.0,4,4,0
27047,Freeborn,2025-09-01,833.0,25604.0,2130.0,1124.0,699.0,307.0,4,4,0
27047,Freeborn,2025-10-01,887.0,30605.0,2347.0,1269.0,730.0,348.0,4,4,0
27047,Freeborn,2025-11-01,783.0,29427.0,2134.0,1151.0,690.0,293.0,4,4,0
27047,Freeborn,2025-12-01,694.0,29227.0,1854.0,986.0,574.0,294.0,4,4,0
27047,Freeborn,2026-01-01,714.0,24222.0,1852.0,975.0,598.0,279.0,4,4,0
27047,Freeborn,2026-02-01,756.0,27251.0,1878.0,1028.0,544.0,306.0,4,4,0
27047,Freeborn,2026-03-01,735.0,26904.0,1844.0,985.0,544.0,315.0,4,4,0
27047,Freeborn,2026-04-01,818.0,26658.0,2265.0,1230.0,689.0,346.0,4,4,0
27047,Freeborn,2026-05-01,737.0,25168.0,1986.0,1041.0,629.0,316.0,4,4,0
27047,Freeborn,2026-06-01,811.0,30287.0,2189.0,1168.0,683.0,338.0,4,4,0
27047,Freeborn,2026-07-01,765.0,27540.0,2146.0,1124.0,722.0,300.0,4,4,0
27049,Goodhue,2022-01-01,419.0,31373.0,1198.0,686.0,406.0,106.0,5,5,0
27049,Goodhue,2022-02-01,465.0,32495.2,1245.0,733.0,406.0,106.0,5,5,0
27049,Goodhue,2022-03-01,500.0,35054.6,1315.0,784.0,386.0,145.0,5,5,0
27049,Goodhue,2022-04-01,541.0,39363.1,1473.0,893.0,448.0,132.0,5,5,0
27049,Goodhue,2022-05-01,560.0,39273.7,1470.0,888.0,441.0,141.0,5,5,0
27049,Goodhue,2022-06-01,597.0,35114.7,1709.0,1010.0,542.0,157.0,5,5,0
27049,Goodhue,2022-07-01,603.0,34693.0,1733.0,1023.0,531.0,179.0,5,5,0
27049,Goodhue,2022-08-01,678.0,36966.0,1858.0,1134.0,533.0,191.0,5,5,0
27049,Goodhue,2022-09-01,690.0,39560.0,1983.0,1150.0,623.0,210.0,5,5,0
27049,Goodhue,2022-10-01,681.0,40181.0,1955.0,1127.0,618.0,210.0,5,5,0
27049,Goodhue,2022-11-01,767.0,46153.0,2172.0,1202.0,753.0,217.0,5,5,0
27049,Goodhue,2022-12-01,709.0,43660.9,2076.0,1197.0,686.0,193.0,5,5,0
27049,Goodhue,2023-01-01,744.0,41668.0,2081.0,1237.0,652.0,192.0,5,5,0
27049,Goodhue,2023-02-01,758.0,38207.0,2068.0,1226.0,646.0,196.0,5,5,0
27049,Goodhue,2023-03-01,922.0,50052.5,2767.0,1651.0,851.0,265.0,5,5,0
27049,Goodhue,2023-04-01,884.0,47551.8,2561.0,1474.0,838.0,249.0,5,5,0
27049,Goodhue,2023-05-01,981.0,50758.0,2843.0,1615.0,940.0,288.0,5,5,0
27049,Goodhue,2023-06-01,1029.0,50289.0,2952.0,1662.0,1010.0,280.0,5,5,0
27049,Goodhue,2023-07-01,901.0,48424.0,2672.0,1522.0,893.0,257.0,5,5,0
27049,Goodhue,2023-08-01,993.0,53385.4,2968.0,1712.0,987.0,269.0,5,5,0
27049,Goodhue,2023-09-01,995.0,54240.299999999996,2994.0,1697.0,1039.0,258.0,5,5,0
27049,Goodhue,2023-10-01,1049.0,56160.6,3045.0,1742.0,1039.0,264.0,5,5,0
27049,Goodhue,2023-11-01,1178.0,68637.5,3492.0,1955.0,1214.0,323.0,5,5,0
27049,Goodhue,2023-12-01,1068.0,61388.8,3223.0,1858.0,1064.0,301.0,5,5,0
27049,Goodhue,2024-01-01,2210.0,77791.59999999999,6548.0,3266.0,2070.0,1212.0,5,5,0
27049,Goodhue,2024-02-01,1171.0,63950.0,3465.0,1995.0,1131.0,339.0,5,5,0
27049,Goodhue,2024-03-01,1122.0,61248.5,3184.0,1904.0,946.0,334.0,5,5,0
27049,Goodhue,2024-04-01,1217.0,67358.2,3458.0,2018.0,1069.0,371.0,5,5,0
27049,Goodhue,2024-05-01,1253.0,70795.09999999999,3659.0,2116.0,1143.0,400.0,5,5,0
27049,Goodhue,2024-06-01,1209.0,63446.8,3443.0,1958.0,1109.0,376.0,5,5,0
27049,Goodhue,2024-07-01,1116.0,62761.8,3319.0,1867.0,1128.0,324.0,5,5,0
27049,Goodhue,2024-08-01,1761.0,63302.4,2250.0,1222.0,714.0,314.0,5,5,0
27049,Goodhue,2024-09-01,1167.0,58829.3,2187.0,1237.0,715.0,235.0,4,4,0
27049,Goodhue,2024-10-01,1353.0,69539.2,2441.0,1369.0,821.0,251.0,4,4,0
27049,Goodhue,2024-11-01,1290.0,68928.2,2339.0,1321.0,758.0,260.0,5,4,1
27049,Goodhue,2024-12-01,1137.0,54833.3,2021.0,1147.0,673.0,201.0,4,4,0
27049,Goodhue,2025-01-01,1245.0,58867.1,3671.0,2044.0,1253.0,374.0,4,4,0
27049,Goodhue,2025-02-01,1156.0,48781.1,3305.0,1878.0,1048.0,379.0,4,4,0
27049,Goodhue,2025-03-01,1177.0,46861.7,3421.0,2007.0,1073.0,341.0,4,4,0
27049,Goodhue,2025-04-01,1235.0,54036.7,3588.0,2025.0,1177.0,386.0,4,4,0
27049,Goodhue,2025-05-01,1283.0,57045.84,3752.0,2117.0,1223.0,412.0,4,4,0
27049,Goodhue,2025-06-01,1158.0,51319.7,3482.0,1923.0,1186.0,373.0,4,4,0
27049,Goodhue,2025-07-01,1276.0,55794.9,3779.0,2057.0,1303.0,419.0,4,4,0
27049,Goodhue,2025-08-01,1192.0,55582.4,3689.0,2048.0,1294.0,347.0,4,4,0
27049,Goodhue,2025-09-01,1213.0,53423.75,3616.0,1981.0,1242.0,393.0,4,4,0
27049,Goodhue,2025-10-01,1392.0,66753.2,4080.0,2265.0,1356.0,459.0,4,4,0
27049,Goodhue,2025-11-01,1235.0,67823.5,3621.0,1995.0,1205.0,421.0,4,4,0
27049,Goodhue,2025-12-01,1198.0,57984.2,3438.0,1981.0,1072.0,385.0,4,4,0
27049,Goodhue,2026-01-01,1158.0,53994.5,3259.0,1997.0,885.0,377.0,4,4,0
27049,Goodhue,2026-02-01,1282.0,56235.2,3559.0,2116.0,1070.0,373.0,4,4,0
27049,Goodhue,2026-03-01,1217.0,56170.22,3518.0,2064.0,1031.0,423.0,4,4,0
27049,Goodhue,2026-04-01,1220.0,55911.9,3250.0,1868.0,919.0,463.0,4,4,0
27049,Goodhue,2026-05-01,1296.0,56652.8,3634.0,2005.0,1148.0,481.0,4,4,0
27049,Goodhue,2026-06-01,1382.0,59960.0,3904.0,2216.0,1242.0,446.0,4,4,0
27049,Goodhue,2026-07-01,1380.0,59358.8,3943.0,2195.0,1269.0,479.0,4,4,0
27051,Grant,2022-01-01,45.0,5235.0,118.0,65.0,39.0,14.0,1,1,0
27051,Grant,2022-02-01,27.0,2945.0,69.0,39.0,20.0,10.0,2,1,1
27051,Grant,2022-03-01,46.0,5850.0,130.0,69.0,48.0,13.0,2,1,1
27051,Grant,2022-04-01,38.0,4230.0,91.0,49.0,26.0,16.0,2,1,1
27051,Grant,2022-05-01,49.0,5505.0,126.0,68.0,39.0,19.0,2,1,1
27051,Grant,2022-06-01,62.0,6617.0,148.0,85.0,42.0,21.0,2,1,1
27051,Grant,2022-07-01,41.0,4561.0,101.0,50.0,29.0,22.0,2,1,1
27051,Grant,2022-08-01,45.0,5300.0,115.0,63.0,34.0,18.0,2,1,1
27051,Grant,2022-09-01,58.0,6420.0,134.0,82.0,33.0,19.0,2,1,1
27051,Grant,2022-10-01,,,,,,,2,0,2
27051,Grant,2022-11-01,,,,,,,2,0,2
27051,Grant,2022-12-01,,,,,,,2,0,2
27051,Grant,2023-01-01,75.0,7096.0,196.0,98.0,57.0,41.0,2,2,0
27051,Grant,2023-02-01,57.0,4891.0,127.0,67.0,30.0,30.0,2,2,0
27051,Grant,2023-03-01,73.0,6643.0,182.0,97.0,49.0,36.0,2,2,0
27051,Grant,2023-04-01,62.0,6092.08,153.0,81.0,41.0,31.0,2,2,0
27051,Grant,2023-05-01,64.0,6223.5,165.0,92.0,39.0,34.0,2,2,0
27051,Grant,2023-06-01,59.0,5676.8,153.0,71.0,42.0,40.0,2,2,0
27051,Grant,2023-07-01,64.0,5745.0,144.0,77.0,31.0,36.0,2,2,0
27051,Grant,2023-08-01,84.0,8142.4,203.0,109.0,50.0,44.0,2,2,0
27051,Grant,2023-09-01,72.0,5907.2,159.0,81.0,33.0,45.0,2,2,0
27051,Grant,2023-10-01,78.0,6728.3,205.0,111.0,58.0,36.0,2,2,0
27051,Grant,2023-11-01,108.0,9614.7,277.0,136.0,87.0,54.0,2,2,0
27051,Grant,2023-12-01,88.0,7511.4,510.0,288.0,136.0,86.0,2,2,0
27051,Grant,2024-01-01,85.0,7074.780000000001,190.0,113.0,42.0,35.0,2,2,0
27051,Grant,2024-02-01,74.0,6679.2,179.0,97.0,40.0,42.0,2,2,0
27051,Grant,2024-03-01,62.0,5451.51,141.0,78.0,31.0,32.0,2,2,0
27051,Grant,2024-04-01,85.0,6625.16,203.0,100.0,52.0,51.0,2,2,0
27051,Grant,2024-05-01,71.0,6538.73,178.0,102.0,39.0,37.0,2,2,0
27051,Grant,2024-06-01,165.0,7123.71,197.0,110.0,47.0,40.0,2,2,0
27051,Grant,2024-07-01,86.0,7401.23,203.0,110.0,53.0,40.0,2,2,0
27051,Grant,2024-08-01,79.0,7461.49,188.0,89.0,52.0,47.0,2,2,0
27051,Grant,2024-09-01,80.0,6495.55,189.0,110.0,43.0,36.0,2,2,0
27051,Grant,2024-10-01,97.0,6894.42,209.0,112.0,47.0,50.0,2,2,0
27051,Grant,2024-11-01,90.0,7978.65,234.0,124.0,70.0,40.0,2,2,0
27051,Grant,2024-12-01,153.0,9926.34,286.0,170.0,36.0,80.0,2,2,0
27051,Grant,2025-01-01,82.0,7622.15,218.0,115.0,65.0,38.0,2,2,0
27051,Grant,2025-02-01,62.0,5479.3,147.0,73.0,46.0,28.0,2,2,0
27051,Grant,2025-03-01,146.0,10727.11,315.0,154.0,83.0,78.0,2,2,0
27051,Grant,2025-04-01,97.0,7678.66,221.0,107.0,61.0,53.0,2,2,0
27051,Grant,2025-05-01,112.0,9218.72,243.0,138.0,58.0,47.0,2,2,0
27051,Grant,2025-06-01,104.0,7637.38,228.0,139.0,46.0,43.0,2,2,0
27051,Grant,2025-07-01,50.0,3067.0,108.0,60.0,22.0,26.0,2,1,1
27051,Grant,2025-08-01,117.0,7817.530000000001,250.0,158.0,43.0,49.0,2,2,0
27051,Grant,2025-09-01,113.0,9991.56,273.0,166.0,64.0,43.0,2,2,0
27051,Grant,2025-10-01,115.0,7553.37,256.0,155.0,62.0,39.0,2,2,0
27051,Grant,2025-11-01,103.0,8341.27,226.0,120.0,61.0,45.0,2,2,0
27051,Grant,2025-12-01,88.0,7958.139999999999,205.0,121.0,51.0,33.0,2,2,0
27051,Grant,2026-01-01,87.0,7006.1,175.0,111.0,26.0,38.0,2,2,0
27051,Grant,2026-02-01,87.0,7864.42,187.0,106.0,42.0,39.0,2,2,0
27051,Grant,2026-03-01,89.0,7501.15,174.0,107.0,34.0,33.0,2,2,0
27051,Grant,2026-04-01,200.0,19076.28,435.0,280.0,78.0,77.0,2,2,0
27051,Grant,2026-05-01,66.0,5380.0,135.0,93.0,27.0,15.0,2,1,1
27051,Grant,2026-06-01,95.0,8232.57,202.0,125.0,34.0,43.0,2,2,0
27051,Grant,2026-07-01,110.0,8165.46,239.0,134.0,67.0,38.0,2,2,0
27053,Hennepin,2022-01-01,37069.0,3209186.4299999997,100253.0,51366.0,36287.0,12600.0,76,74,2
27053,Hennepin,2022-02-01,36151.0,2273619.16,105240.0,55378.0,37830.0,12032.0,71,70,1
27053,Hennepin,2022-03-01,41467.0,2885238.0,123988.0,65606.0,44543.0,13839.0,78,75,3
27053,Hennepin,2022-04-01,40151.0,2820969.7,126062.0,66795.0,45564.0,13703.0,79,77,2
27053,Hennepin,2022-05-01,39691.0,3047828.0,130053.0,68132.0,47493.0,14428.0,82,81,1
27053,Hennepin,2022-06-01,42173.0,3265364.0,132331.0,69350.0,49677.0,13304.0,83,83,0
27053,Hennepin,2022-07-01,42132.0,2881236.0,132326.0,68439.0,50284.0,13603.0,84,81,3
27053,Hennepin,2022-08-01,47839.0,3303383.0,151528.0,75925.0,56894.0,18709.0,86,85,1
27053,Hennepin,2022-09-01,49260.0,3150854.0,147869.0,76611.0,54615.0,16643.0,86,85,1
27053,Hennepin,2022-10-01,53057.0,3998535.0,155489.0,81658.0,57403.0,16428.0,85,85,0
27053,Hennepin,2022-11-01,53073.0,4306985.0,157738.0,82613.0,57533.0,17592.0,85,85,0
27053,Hennepin,2022-12-01,51535.0,3013445.0,142532.0,75853.0,51897.0,14782.0,85,85,0
27053,Hennepin,2023-01-01,51800.0,3206240.0,153615.0,81546.0,55220.0,16849.0,85,85,0
27053,Hennepin,2023-02-01,52356.0,3009461.0,151403.0,79978.0,55438.0,15987.0,86,86,0
27053,Hennepin,2023-03-01,59549.0,3606759.0,187688.0,100470.0,69066.0,18152.0,87,87,0
27053,Hennepin,2023-04-01,61737.0,3450061.0,184744.0,98134.0,68013.0,18597.0,88,88,0
27053,Hennepin,2023-05-01,65441.0,3743589.0,191252.0,100147.0,71620.0,19485.0,88,88,0
27053,Hennepin,2023-06-01,69186.0,3779632.0,200331.0,104245.0,76293.0,19793.0,87,87,0
27053,Hennepin,2023-07-01,66609.0,3695445.0,197478.0,102148.0,75613.0,19717.0,89,89,0
27053,Hennepin,2023-08-01,75232.0,4297991.0,230287.0,120712.0,87454.0,22121.0,88,88,0
27053,Hennepin,2023-09-01,67971.0,3959126.0,209959.0,111269.0,78665.0,20025.0,89,89,0
27053,Hennepin,2023-10-01,74777.0,4147440.0,219827.0,115348.0,81383.0,23096.0,88,88,0
27053,Hennepin,2023-11-01,77674.0,4198658.0,246662.0,138409.0,87510.0,20743.0,90,90,0
27053,Hennepin,2023-12-01,76472.0,4026183.7,220102.0,115152.0,83964.0,20986.0,90,90,0
27053,Hennepin,2024-01-01,86591.0,4670903.0,267821.0,141761.0,102657.0,23403.0,93,93,0
27053,Hennepin,2024-02-01,82270.0,4195237.0,251394.0,135248.0,93390.0,22756.0,91,91,0
27053,Hennepin,2024-03-01,80564.0,4154309.0,241328.0,129498.0,90406.0,21424.0,94,94,0
27053,Hennepin,2024-04-01,75869.0,4171465.0,241673.0,133235.0,87973.0,20465.0,91,89,2
27053,Hennepin,2024-05-01,75044.0,4187665.0,244324.0,132672.0,90468.0,21184.0,92,92,0
27053,Hennepin,2024-06-01,72261.0,3961787.0,217816.0,115350.0,83176.0,19290.0,94,93,1
27053,Hennepin,2024-07-01,72979.0,4362512.0,227337.0,119995.0,85513.0,21829.0,92,91,1
27053,Hennepin,2024-08-01,76601.0,4190793.0,233703.0,125302.0,87652.0,20749.0,92,92,0
27053,Hennepin,2024-09-01,84578.0,3908172.0,251645.0,131428.0,94577.0,25640.0,93,93,0
27053,Hennepin,2024-10-01,86638.0,4482000.0,267234.0,135459.0,104221.0,27554.0,96,93,3
27053,Hennepin,2024-11-01,86903.0,4156779.0,257091.0,126976.0,101242.0,28873.0,93,93,0
27053,Hennepin,2024-12-01,82768.0,4301844.0,253483.0,121006.0,103870.0,28607.0,96,96,0
27053,Hennepin,2025-01-01,89887.0,4285368.0,279223.0,135497.0,115186.0,28540.0,91,91,0
27053,Hennepin,2025-02-01,91866.0,3996051.0,250546.0,132114.0,90557.0,27875.0,90,90,0
27053,Hennepin,2025-03-01,85689.0,4185807.0,248887.0,133528.0,94516.0,20843.0,90,90,0
27053,Hennepin,2025-04-01,93128.0,4319716.0,265163.0,141247.0,101020.0,22896.0,86,86,0
27053,Hennepin,2025-05-01,86269.0,3909066.0,234045.0,124723.0,88426.0,20896.0,88,88,0
27053,Hennepin,2025-06-01,77714.0,3843384.0,217478.0,116160.0,80647.0,20671.0,86,86,0
27053,Hennepin,2025-07-01,89270.0,4273385.0,246649.0,128889.0,91171.0,26589.0,85,85,0
27053,Hennepin,2025-08-01,80493.0,4071707.0,231412.0,119552.0,85608.0,26252.0,86,86,0
27053,Hennepin,2025-09-01,86327.0,3962511.0,242893.0,131885.0,86626.0,24382.0,86,86,0
27053,Hennepin,2025-10-01,97645.0,4345237.0,272213.0,144176.0,98382.0,29655.0,87,87,0
27053,Hennepin,2025-11-01,92101.0,4281135.0,255839.0,135526.0,95155.0,25158.0,87,87,0
27053,Hennepin,2025-12-01,80933.0,4368620.0,230312.0,121008.0,86228.0,23076.0,87,87,0
27053,Hennepin,2026-01-01,80522.0,4186235.0,222690.0,119546.0,81340.0,21804.0,87,87,0
27053,Hennepin,2026-02-01,92129.0,4556801.0,276290.0,148656.0,103871.0,23763.0,86,83,3
27053,Hennepin,2026-03-01,97502.0,4636405.0,276624.0,155718.0,97390.0,23516.0,84,82,2
27053,Hennepin,2026-04-01,90130.0,4250893.0,251232.0,138860.0,88622.0,23750.0,82,82,0
27053,Hennepin,2026-05-01,71762.0,3669761.0,213505.0,114923.0,78951.0,19631.0,84,82,2
27053,Hennepin,2026-06-01,70533.0,3885528.0,219610.0,117608.0,81259.0,20743.0,80,80,0
27053,Hennepin,2026-07-01,69835.0,3936204.0,218397.0,118579.0,79280.0,20538.0,81,81,0
27055,Houston,2022-01-01,270.0,13717.0,604.0,295.0,187.0,122.0,4,4,0
27055,Houston,2022-02-01,285.0,17503.0,747.0,385.0,194.0,168.0,4,4,0
27055,Houston,2022-03-01,334.0,17875.0,770.0,374.0,225.0,171.0,4,4,0
27055,Houston,2022-04-01,307.0,15534.0,658.0,321.0,190.0,147.0,4,4,0
27055,Houston,2022-05-01,328.0,17820.0,1098.0,463.0,496.0,139.0,4,4,0
27055,Houston,2022-06-01,406.0,18709.0,1056.0,593.0,255.0,208.0,4,4,0
27055,Houston,2022-07-01,396.0,17758.0,975.0,492.0,255.0,228.0,4,4,0
27055,Houston,2022-08-01,406.0,18977.0,963.0,506.0,281.0,176.0,4,4,0
27055,Houston,2022-09-01,514.0,18388.0,1134.0,578.0,329.0,227.0,4,4,0
27055,Houston,2022-10-01,450.0,18944.0,1263.0,637.0,450.0,176.0,4,4,0
27055,Houston,2022-11-01,573.0,21926.0,1085.0,570.0,358.0,157.0,4,4,0
27055,Houston,2022-12-01,520.0,19060.7,1220.0,629.0,398.0,193.0,4,4,0
27055,Houston,2023-01-01,547.0,19576.0,1306.0,663.0,458.0,185.0,4,4,0
27055,Houston,2023-02-01,514.0,17054.0,1218.0,639.0,428.0,151.0,4,4,0
27055,Houston,2023-03-01,667.0,22349.7,1594.0,801.0,556.0,237.0,4,4,0
27055,Houston,2023-04-01,465.0,22000.0,1192.0,635.0,343.0,214.0,4,4,0
27055,Houston,2023-05-01,509.0,21561.0,1246.0,639.0,387.0,220.0,4,4,0
27055,Houston,2023-06-01,490.0,22661.5,1521.0,666.0,488.0,367.0,4,4,0
27055,Houston,2023-07-01,537.0,20735.3,1286.0,693.0,378.0,215.0,4,4,0
27055,Houston,2023-08-01,635.0,23863.9,1046.0,535.0,289.0,222.0,4,4,0
27055,Houston,2023-09-01,572.0,21820.9,1323.0,649.0,426.0,248.0,4,4,0
27055,Houston,2023-10-01,670.0,21952.9,1548.0,780.0,517.0,251.0,4,4,0
27055,Houston,2023-11-01,859.0,30852.0,1966.0,1002.0,654.0,310.0,4,4,0
27055,Houston,2023-12-01,728.0,28653.0,1731.0,871.0,577.0,283.0,4,4,0
27055,Houston,2024-01-01,815.0,28790.7,1896.0,968.0,636.0,292.0,4,4,0
27055,Houston,2024-02-01,834.0,27494.5,1974.0,996.0,677.0,301.0,4,4,0
27055,Houston,2024-03-01,723.0,25774.0,1642.0,835.0,529.0,278.0,4,4,0
27055,Houston,2024-04-01,790.0,26144.4,1787.0,897.0,610.0,280.0,4,4,0
27055,Houston,2024-05-01,902.0,29010.2,2123.0,1056.0,746.0,321.0,4,4,0
27055,Houston,2024-06-01,699.0,24679.3,1585.0,824.0,465.0,296.0,4,4,0
27055,Houston,2024-07-01,683.0,26370.15,1576.0,779.0,505.0,292.0,4,4,0
27055,Houston,2024-08-01,826.0,28915.4,1839.0,930.0,543.0,366.0,4,4,0
27055,Houston,2024-09-01,657.0,25575.0,1582.0,802.0,477.0,303.0,3,3,0
27055,Houston,2024-10-01,939.0,31742.0,2341.0,1207.0,753.0,381.0,3,3,0
27055,Houston,2024-11-01,795.0,26671.0,1919.0,933.0,657.0,329.0,3,3,0
27055,Houston,2024-12-01,757.0,25646.0,1850.0,903.0,651.0,296.0,3,3,0
27055,Houston,2025-01-01,923.0,30739.0,2305.0,1126.0,826.0,353.0,3,3,0
27055,Houston,2025-02-01,803.0,25624.0,1991.0,988.0,692.0,311.0,3,3,0
27055,Houston,2025-03-01,750.0,23886.0,1749.0,875.0,571.0,303.0,3,3,0
27055,Houston,2025-04-01,876.0,28979.0,2152.0,1079.0,740.0,333.0,3,3,0
27055,Houston,2025-05-01,912.0,29063.0,2169.0,1078.0,722.0,369.0,3,3,0
27055,Houston,2025-06-01,689.0,23621.0,1661.0,861.0,500.0,300.0,3,3,0
27055,Houston,2025-07-01,872.0,30915.0,2092.0,1091.0,628.0,373.0,3,3,0
27055,Houston,2025-08-01,687.0,25295.0,1675.0,849.0,520.0,306.0,3,3,0
27055,Houston,2025-09-01,728.0,25885.0,1718.0,875.0,507.0,336.0,3,3,0
27055,Houston,2025-10-01,935.0,32785.7,2221.0,1112.0,699.0,410.0,3,3,0
27055,Houston,2025-11-01,754.0,28141.0,1793.0,933.0,540.0,320.0,3,3,0
27055,Houston,2025-12-01,727.0,28413.0,1731.0,916.0,492.0,323.0,3,3,0
27055,Houston,2026-01-01,734.0,27452.2,1775.0,935.0,526.0,314.0,3,3,0
27055,Houston,2026-02-01,723.0,30453.0,1674.0,856.0,477.0,341.0,3,3,0
27055,Houston,2026-03-01,632.0,23392.0,1360.0,725.0,323.0,312.0,3,3,0
27055,Houston,2026-04-01,831.0,29620.5,1884.0,996.0,507.0,381.0,3,3,0
27055,Houston,2026-05-01,676.0,24547.0,1537.0,831.0,436.0,270.0,3,3,0
27055,Houston,2026-06-01,732.0,27059.0,1726.0,898.0,468.0,360.0,3,3,0
27055,Houston,2026-07-01,784.0,31722.0,2001.0,1085.0,575.0,341.0,3,3,0
27057,Hubbard,2022-01-01,353.0,41141.0,1246.0,636.0,398.0,212.0,3,3,0
27057,Hubbard,2022-02-01,338.0,32729.0,933.0,471.0,269.0,193.0,3,3,0
27057,Hubbard,2022-03-01,411.0,38404.0,1143.0,588.0,323.0,232.0,3,3,0
27057,Hubbard,2022-04-01,440.0,39328.0,1266.0,670.0,363.0,233.0,3,3,0
27057,Hubbard,2022-05-01,432.0,36684.0,1261.0,656.0,365.0,240.0,3,3,0
27057,Hubbard,2022-06-01,486.0,36783.0,1377.0,705.0,425.0,247.0,3,3,0
27057,Hubbard,2022-07-01,475.0,35397.0,1352.0,695.0,402.0,255.0,3,3,0
27057,Hubbard,2022-08-01,497.0,55752.0,1339.0,711.0,378.0,250.0,3,3,0
27057,Hubbard,2022-09-01,495.0,40495.0,1403.0,748.0,431.0,224.0,3,3,0
27057,Hubbard,2022-10-01,472.0,44160.0,1349.0,717.0,413.0,219.0,3,3,0
27057,Hubbard,2022-11-01,488.0,47841.0,1436.0,745.0,449.0,242.0,3,3,0
27057,Hubbard,2022-12-01,445.0,41993.0,1266.0,666.0,380.0,220.0,3,3,0
27057,Hubbard,2023-01-01,467.0,39206.0,1339.0,699.0,386.0,254.0,3,3,0
27057,Hubbard,2023-02-01,451.0,36098.0,1310.0,674.0,315.0,321.0,3,3,0
27057,Hubbard,2023-03-01,494.0,45153.0,1428.0,771.0,364.0,293.0,3,3,0
27057,Hubbard,2023-04-01,538.0,44226.0,1483.0,786.0,425.0,272.0,3,3,0
27057,Hubbard,2023-05-01,1365.0,44256.0,1529.0,808.0,456.0,265.0,3,3,0
27057,Hubbard,2023-06-01,613.0,45365.0,1694.0,895.0,519.0,280.0,3,3,0
27057,Hubbard,2023-07-01,595.0,42036.0,1764.0,921.0,535.0,308.0,3,3,0
27057,Hubbard,2023-08-01,529.0,41889.0,1456.0,776.0,409.0,271.0,3,3,0
27057,Hubbard,2023-09-01,660.0,48054.0,1572.0,865.0,466.0,241.0,3,3,0
27057,Hubbard,2023-10-01,547.0,49593.0,1520.0,804.0,447.0,269.0,3,3,0
27057,Hubbard,2023-11-01,559.0,52709.0,1591.0,825.0,498.0,268.0,3,3,0
27057,Hubbard,2023-12-01,499.0,54016.0,1365.0,690.0,414.0,261.0,3,3,0
27057,Hubbard,2024-01-01,496.0,51858.0,1399.0,735.0,404.0,260.0,3,3,0
27057,Hubbard,2024-02-01,511.0,46451.0,1347.0,725.0,362.0,260.0,3,3,0
27057,Hubbard,2024-03-01,467.0,49120.0,1283.0,660.0,389.0,234.0,3,3,0
27057,Hubbard,2024-04-01,559.0,53798.0,1516.0,792.0,438.0,286.0,3,3,0
27057,Hubbard,2024-05-01,555.0,51173.0,1512.0,787.0,455.0,270.0,3,3,0
27057,Hubbard,2024-06-01,561.0,50565.0,1570.0,801.0,484.0,285.0,3,3,0
27057,Hubbard,2024-07-01,562.0,54267.0,1739.0,895.0,547.0,297.0,3,3,0
27057,Hubbard,2024-08-01,570.0,49125.0,1588.0,820.0,445.0,323.0,3,3,0
27057,Hubbard,2024-09-01,604.0,55829.0,1734.0,861.0,565.0,308.0,3,3,0
27057,Hubbard,2024-10-01,625.0,58515.0,1792.0,878.0,604.0,310.0,3,3,0
27057,Hubbard,2024-11-01,597.0,58328.0,1746.0,843.0,617.0,286.0,3,3,0
27057,Hubbard,2024-12-01,594.0,66863.0,1687.0,824.0,566.0,297.0,3,3,0
27057,Hubbard,2025-01-01,587.0,62788.0,1671.0,824.0,551.0,296.0,3,3,0
27057,Hubbard,2025-02-01,1339.0,7902.0,1493.0,742.0,482.0,269.0,3,3,0
27057,Hubbard,2025-03-01,605.0,63319.0,1681.0,858.0,513.0,310.0,3,3,0
27057,Hubbard,2025-04-01,572.0,54359.0,1620.0,821.0,499.0,300.0,3,3,0
27057,Hubbard,2025-05-01,566.0,46301.0,1641.0,823.0,529.0,289.0,3,3,0
27057,Hubbard,2025-06-01,617.0,44116.0,1751.0,852.0,583.0,316.0,3,3,0
27057,Hubbard,2025-07-01,561.0,46006.0,1721.0,868.0,541.0,312.0,3,3,0
27057,Hubbard,2025-08-01,632.0,46660.0,1869.0,981.0,600.0,288.0,3,3,0
27057,Hubbard,2025-09-01,588.0,42482.0,1685.0,832.0,538.0,315.0,3,3,0
27057,Hubbard,2025-10-01,641.0,52350.0,1896.0,948.0,646.0,302.0,3,3,0
27057,Hubbard,2025-11-01,480.0,39108.0,1681.0,825.0,563.0,293.0,3,3,0
27057,Hubbard,2025-12-01,592.0,43387.0,1662.0,834.0,584.0,244.0,3,3,0
27057,Hubbard,2026-01-01,573.0,39515.0,1610.0,803.0,567.0,240.0,3,3,0
27057,Hubbard,2026-02-01,499.0,39706.0,1427.0,691.0,478.0,258.0,3,3,0
27057,Hubbard,2026-03-01,533.0,44566.0,1520.0,792.0,434.0,294.0,3,3,0
27057,Hubbard,2026-04-01,598.0,42527.0,1621.0,784.0,539.0,298.0,3,3,0
27057,Hubbard,2026-05-01,515.0,37052.0,1469.0,727.0,456.0,286.0,3,3,0
27057,Hubbard,2026-06-01,547.0,37367.0,1527.0,746.0,478.0,303.0,3,3,0
27057,Hubbard,2026-07-01,562.0,43072.0,1666.0,855.0,528.0,283.0,3,3,0
27059,Isanti,2022-01-01,491.0,38414.0,1537.0,778.0,525.0,234.0,2,2,0
27059,Isanti,2022-02-01,933.0,36802.0,1654.0,727.0,721.0,206.0,2,2,0
27059,Isanti,2022-03-01,615.0,42428.0,2004.0,924.0,803.0,277.0,2,2,0
27059,Isanti,2022-04-01,637.0,41091.0,2042.0,881.0,895.0,266.0,2,2,0
27059,Isanti,2022-05-01,620.0,39589.0,2066.0,1085.0,717.0,264.0,2,2,0
27059,Isanti,2022-06-01,680.0,44640.0,2241.0,1358.0,571.0,312.0,2,2,0
27059,Isanti,2022-07-01,604.0,36469.0,2205.0,1463.0,504.0,238.0,2,2,0
27059,Isanti,2022-08-01,700.0,38054.0,2157.0,1173.0,690.0,294.0,2,2,0
27059,Isanti,2022-09-01,757.0,39821.0,2310.0,1246.0,771.0,293.0,2,2,0
27059,Isanti,2022-10-01,763.0,39476.0,2975.0,1506.0,1064.0,405.0,2,2,0
27059,Isanti,2022-11-01,746.0,44213.0,3078.0,1460.0,1120.0,498.0,2,2,0
27059,Isanti,2022-12-01,706.0,45447.0,2838.0,1504.0,850.0,484.0,2,2,0
27059,Isanti,2023-01-01,708.0,41449.0,2378.0,1227.0,707.0,444.0,2,2,0
27059,Isanti,2023-02-01,648.0,35909.0,2681.0,1278.0,1059.0,344.0,2,2,0
27059,Isanti,2023-03-01,801.0,43776.0,2404.0,1349.0,670.0,385.0,2,2,0
27059,Isanti,2023-04-01,746.0,41356.0,2212.0,1188.0,580.0,444.0,2,2,0
27059,Isanti,2023-05-01,912.0,47681.0,3215.0,1783.0,878.0,554.0,2,2,0
27059,Isanti,2023-06-01,904.0,50071.0,2998.0,1772.0,725.0,501.0,2,2,0
27059,Isanti,2023-07-01,900.0,49364.0,2791.0,1479.0,802.0,510.0,2,2,0
27059,Isanti,2023-08-01,970.0,54322.0,3141.0,1726.0,795.0,620.0,2,2,0
27059,Isanti,2023-09-01,878.0,47215.0,2773.0,1483.0,719.0,571.0,2,2,0
27059,Isanti,2023-10-01,997.0,53816.0,3201.0,1650.0,897.0,654.0,2,2,0
27059,Isanti,2023-11-01,1072.0,59313.0,3538.0,1840.0,1060.0,638.0,2,2,0
27059,Isanti,2023-12-01,925.0,51696.0,2977.0,1664.0,822.0,491.0,2,2,0
27059,Isanti,2024-01-01,1006.0,52952.0,3280.0,1621.0,930.0,729.0,2,2,0
27059,Isanti,2024-02-01,948.0,48466.0,2982.0,1504.0,822.0,656.0,2,2,0
27059,Isanti,2024-03-01,910.0,47156.0,3107.0,1547.0,867.0,693.0,2,2,0
27059,Isanti,2024-04-01,1091.0,55335.0,3438.0,1726.0,968.0,744.0,2,2,0
27059,Isanti,2024-05-01,1119.0,57831.0,3683.0,1959.0,998.0,726.0,2,2,0
27059,Isanti,2024-06-01,1036.0,54654.0,3254.0,1749.0,951.0,554.0,2,2,0
27059,Isanti,2024-07-01,1180.0,61160.0,3753.0,1937.0,1084.0,732.0,2,2,0
27059,Isanti,2024-08-01,1190.0,66511.0,3893.0,2284.0,1128.0,481.0,2,2,0
27059,Isanti,2024-09-01,1117.0,58843.0,3546.0,1862.0,1143.0,541.0,2,2,0
27059,Isanti,2024-10-01,1286.0,70526.0,4276.0,2254.0,1304.0,718.0,2,2,0
27059,Isanti,2024-11-01,1235.0,74618.0,4116.0,2266.0,1216.0,634.0,2,2,0
27059,Isanti,2024-12-01,1174.0,67605.0,3911.0,2048.0,1208.0,655.0,2,2,0
27059,Isanti,2025-01-01,1336.0,71750.0,4243.0,2406.0,1359.0,478.0,2,2,0
27059,Isanti,2025-02-01,1167.0,60867.0,4040.0,2264.0,1317.0,459.0,2,2,0
27059,Isanti,2025-03-01,1290.0,65576.0,4005.0,2188.0,1328.0,489.0,2,2,0
27059,Isanti,2025-04-01,1342.0,68099.0,4132.0,2272.0,1306.0,554.0,2,2,0
27059,Isanti,2025-05-01,1291.0,65011.0,4162.0,2352.0,1267.0,543.0,2,2,0
27059,Isanti,2025-06-01,1230.0,66862.0,4007.0,2213.0,1306.0,488.0,2,2,0
27059,Isanti,2025-07-01,1335.0,69760.0,3910.0,2064.0,1284.0,562.0,2,2,0
27059,Isanti,2025-08-01,1258.0,66435.0,3870.0,2106.0,1309.0,455.0,2,2,0
27059,Isanti,2025-09-01,1339.0,67920.0,3502.0,2419.0,588.0,495.0,2,2,0
27059,Isanti,2025-10-01,1483.0,79238.0,3928.0,2674.0,716.0,538.0,2,2,0
27059,Isanti,2025-11-01,1278.0,15995.0,3511.0,2356.0,683.0,472.0,2,2,0
27059,Isanti,2025-12-01,1304.0,82558.0,3494.0,2318.0,688.0,488.0,2,2,0
27059,Isanti,2026-01-01,1351.0,76340.0,3746.0,2444.0,790.0,512.0,2,2,0
27059,Isanti,2026-02-01,1275.0,64293.0,3488.0,2306.0,683.0,499.0,2,2,0
27059,Isanti,2026-03-01,1348.0,75215.0,3806.0,2488.0,785.0,533.0,2,2,0
27059,Isanti,2026-04-01,1420.0,71185.0,3943.0,2611.0,768.0,564.0,2,2,0
27059,Isanti,2026-05-01,1308.0,65272.0,3500.0,2304.0,707.0,489.0,2,2,0
27059,Isanti,2026-06-01,1362.0,70306.0,3733.0,2348.0,852.0,533.0,2,2,0
27059,Isanti,2026-07-01,1385.0,72557.0,4012.0,2501.0,990.0,521.0,2,2,0
27061,Itasca,2022-01-01,656.0,56926.0,1951.0,1095.0,626.0,230.0,6,4,2
27061,Itasca,2022-02-01,656.0,56926.0,1951.0,1095.0,626.0,230.0,4,4,0
27061,Itasca,2022-03-01,675.0,56356.0,1967.0,1049.0,695.0,223.0,5,4,1
27061,Itasca,2022-04-01,2267.0,418292.0,23183.0,9062.0,10265.0,3856.0,4,4,0
27061,Itasca,2022-05-01,2401.0,436739.0,23207.0,10098.0,8620.0,4489.0,4,4,0
27061,Itasca,2022-06-01,865.0,69744.0,2146.0,1092.0,684.0,370.0,4,4,0
27061,Itasca,2022-07-01,1155.0,325681.0,2885.0,1346.0,838.0,701.0,5,5,0
27061,Itasca,2022-08-01,2310.0,176893.0,5172.0,2249.0,1269.0,1654.0,5,5,0
27061,Itasca,2022-09-01,1295.0,129644.0,3121.0,1528.0,887.0,706.0,13,13,0
27061,Itasca,2022-10-01,1130.0,101278.0,2668.0,1337.0,721.0,610.0,12,12,0
27061,Itasca,2022-11-01,1149.0,94551.0,3076.0,1535.0,940.0,601.0,12,12,0
27061,Itasca,2022-12-01,1175.0,78073.0,2864.0,1511.0,876.0,477.0,12,12,0
27061,Itasca,2023-01-01,1094.0,109972.0,2727.0,1481.0,836.0,410.0,12,12,0
27061,Itasca,2023-02-01,948.0,69248.0,2332.0,1247.0,692.0,393.0,12,12,0
27061,Itasca,2023-03-01,1083.0,86289.0,2549.0,1262.0,762.0,525.0,12,12,0
27061,Itasca,2023-04-01,1479.0,81318.0,3211.0,1681.0,968.0,562.0,14,14,0
27061,Itasca,2023-05-01,1800.0,108720.0,3960.0,1813.0,1429.0,718.0,14,14,0
27061,Itasca,2023-06-01,1895.0,91604.0,4586.0,2413.0,1464.0,709.0,14,14,0
27061,Itasca,2023-07-01,1797.0,97025.0,4248.0,2241.0,1284.0,723.0,15,14,1
27061,Itasca,2023-08-01,1858.0,114674.0,4422.0,2367.0,1288.0,767.0,15,15,0
27061,Itasca,2023-09-01,1693.0,125357.0,4321.0,2221.0,1281.0,819.0,15,15,0
27061,Itasca,2023-10-01,1613.0,126121.0,4187.0,2160.0,1304.0,723.0,15,15,0
27061,Itasca,2023-11-01,1862.0,80686.0,5016.0,2603.0,1584.0,829.0,15,15,0
27061,Itasca,2023-12-01,1771.0,10499.9,4531.0,2362.0,1335.0,834.0,16,13,3
27061,Itasca,2024-01-01,1453.0,72971.0,4074.0,2235.0,1296.0,543.0,6,5,1
27061,Itasca,2024-02-01,1495.0,78672.06,3956.0,2207.0,1103.0,646.0,8,8,0
27061,Itasca,2024-03-01,1435.0,54657.0,3714.0,2056.0,985.0,673.0,10,10,0
27061,Itasca,2024-04-01,1724.0,186789.5,4468.0,2475.0,1232.0,761.0,10,10,0
27061,Itasca,2024-05-01,1665.0,116412.0,3704.0,1998.0,1077.0,629.0,10,10,0
27061,Itasca,2024-06-01,1721.0,135054.0,4659.0,2485.0,1393.0,781.0,10,10,0
27061,Itasca,2024-07-01,1791.0,107121.0,4897.0,2687.0,1453.0,757.0,10,10,0
27061,Itasca,2024-08-01,1635.0,113736.0,4334.0,2449.0,1175.0,710.0,10,10,0
27061,Itasca,2024-09-01,1623.0,123427.0,4292.0,2429.0,1153.0,710.0,10,10,0
27061,Itasca,2024-10-01,1981.0,122491.0,4920.0,2659.0,1325.0,936.0,10,10,0
27061,Itasca,2024-11-01,1588.0,123031.0,2802.0,865.0,1187.0,750.0,10,10,0
27061,Itasca,2024-12-01,1430.0,107638.7,3931.0,2159.0,1119.0,653.0,10,10,0
27061,Itasca,2025-01-01,1596.0,109715.5,4386.0,2465.0,1275.0,646.0,10,10,0
27061,Itasca,2025-02-01,1359.0,87789.0,3642.0,2005.0,1044.0,593.0,10,10,0
27061,Itasca,2025-03-01,1657.0,110765.0,4393.0,2354.0,1292.0,747.0,10,10,0
27061,Itasca,2025-04-01,1765.0,108487.0,4884.0,2659.0,1436.0,789.0,10,10,0
27061,Itasca,2025-05-01,1631.0,102916.0,4401.0,2380.0,1268.0,753.0,11,10,1
27061,Itasca,2025-06-01,1631.0,102916.0,4401.0,2380.0,1268.0,753.0,10,10,0
27061,Itasca,2025-07-01,1541.0,91896.0,4098.0,2229.0,1133.0,736.0,10,10,0
27061,Itasca,2025-08-01,514.0,16002.0,1191.0,618.0,281.0,292.0,10,8,2
27061,Itasca,2025-09-01,1817.0,17706.0,5047.0,2465.0,1483.0,1099.0,10,10,0
27061,Itasca,2025-10-01,1692.0,102828.5,4368.0,2347.0,1302.0,719.0,10,10,0
27061,Itasca,2025-11-01,1554.0,109247.5,4300.0,2332.0,1274.0,694.0,10,10,0
27061,Itasca,2025-12-01,1514.0,106215.0,4210.0,2092.0,1276.0,842.0,10,10,0
27061,Itasca,2026-01-01,1449.0,88176.0,4081.0,2036.0,1236.0,809.0,10,10,0
27061,Itasca,2026-02-01,1309.0,73973.0,3720.0,1868.0,1100.0,752.0,10,10,0
27061,Itasca,2026-03-01,1407.0,80832.0,3997.0,1936.0,1185.0,876.0,10,10,0
27061,Itasca,2026-04-01,1771.0,99289.0,4849.0,2514.0,1367.0,968.0,10,10,0
27061,Itasca,2026-05-01,1572.0,80184.0,4573.0,2397.0,1315.0,861.0,11,10,1
27061,Itasca,2026-06-01,1741.0,91781.0,5083.0,2661.0,1468.0,954.0,10,10,0
27061,Itasca,2026-07-01,1714.0,95208.0,5066.0,2610.0,1563.0,893.0,10,10,0
27063,Jackson,2022-01-01,151.0,14330.0,466.0,248.0,168.0,50.0,2,2,0
27063,Jackson,2022-02-01,259.0,14150.0,418.0,219.0,159.0,40.0,2,2,0
27063,Jackson,2022-03-01,168.0,17717.0,485.0,259.0,167.0,59.0,2,2,0
27063,Jackson,2022-04-01,163.0,14159.0,473.0,263.0,160.0,50.0,2,2,0
27063,Jackson,2022-05-01,182.0,20701.0,516.0,286.0,174.0,56.0,2,2,0
27063,Jackson,2022-06-01,182.0,19965.0,553.0,293.0,203.0,57.0,3,2,1
27063,Jackson,2022-07-01,182.0,21424.0,521.0,274.0,185.0,62.0,2,2,0
27063,Jackson,2022-08-01,185.0,15582.0,487.0,269.0,159.0,59.0,2,2,0
27063,Jackson,2022-09-01,230.0,21151.0,666.0,357.0,249.0,60.0,2,2,0
27063,Jackson,2022-10-01,225.0,21837.0,647.0,336.0,233.0,78.0,3,3,0
27063,Jackson,2022-11-01,256.0,21847.0,818.0,390.0,350.0,78.0,3,3,0
27063,Jackson,2022-12-01,432.0,32627.0,1265.0,642.0,501.0,122.0,3,3,0
27063,Jackson,2023-01-01,192.0,16221.0,634.0,345.0,244.0,45.0,3,3,0
27063,Jackson,2023-02-01,165.0,13598.0,508.0,283.0,190.0,35.0,3,3,0
27063,Jackson,2023-03-01,205.0,21474.0,643.0,342.0,237.0,64.0,3,3,0
27063,Jackson,2023-04-01,223.0,21171.0,684.0,374.0,256.0,54.0,3,3,0
27063,Jackson,2023-05-01,247.0,21032.0,804.0,434.0,315.0,55.0,3,3,0
27063,Jackson,2023-06-01,264.0,22506.0,872.0,461.0,347.0,64.0,3,3,0
27063,Jackson,2023-07-01,294.0,28526.0,1042.0,519.0,457.0,66.0,3,3,0
27063,Jackson,2023-08-01,283.0,26566.0,933.0,502.0,367.0,64.0,3,3,0
27063,Jackson,2023-09-01,292.0,30423.0,981.0,549.0,354.0,78.0,3,3,0
27063,Jackson,2023-10-01,301.0,25583.0,1019.0,555.0,403.0,61.0,3,3,0
27063,Jackson,2023-11-01,386.0,30129.0,1361.0,730.0,551.0,80.0,3,3,0
27063,Jackson,2023-12-01,375.0,27789.0,1327.0,711.0,556.0,60.0,3,3,0
27063,Jackson,2024-01-01,252.0,23305.0,834.0,461.0,324.0,49.0,3,3,0
27063,Jackson,2024-02-01,277.0,25008.0,952.0,543.0,365.0,44.0,3,3,0
27063,Jackson,2024-03-01,286.0,22124.0,995.0,559.0,382.0,54.0,3,3,0
27063,Jackson,2024-04-01,241.0,20898.0,843.0,482.0,321.0,40.0,3,3,0
27063,Jackson,2024-05-01,296.0,26874.0,1056.0,576.0,415.0,65.0,3,3,0
27063,Jackson,2024-06-01,256.0,22055.0,920.0,486.0,366.0,68.0,3,3,0
27063,Jackson,2024-07-01,283.0,24427.0,1078.0,555.0,448.0,75.0,3,3,0
27063,Jackson,2024-08-01,300.0,27190.0,1158.0,621.0,472.0,65.0,3,3,0
27063,Jackson,2024-09-01,302.0,29887.0,1133.0,623.0,451.0,59.0,3,3,0
27063,Jackson,2024-10-01,292.0,32324.0,1056.0,599.0,397.0,60.0,3,3,0
27063,Jackson,2024-11-01,429.0,32857.0,1388.0,722.0,593.0,73.0,3,3,0
27063,Jackson,2024-12-01,293.0,23695.0,1127.0,612.0,459.0,56.0,3,3,0
27063,Jackson,2025-01-01,291.0,28819.0,1147.0,601.0,488.0,58.0,3,3,0
27063,Jackson,2025-02-01,279.0,26977.0,1053.0,572.0,427.0,54.0,3,3,0
27063,Jackson,2025-03-01,264.0,26156.0,970.0,563.0,354.0,53.0,3,3,0
27063,Jackson,2025-04-01,326.0,27608.0,1292.0,727.0,508.0,57.0,3,3,0
27063,Jackson,2025-05-01,276.0,26617.0,1060.0,583.0,424.0,53.0,3,3,0
27063,Jackson,2025-06-01,274.0,25485.0,1088.0,591.0,438.0,59.0,3,3,0
27063,Jackson,2025-07-01,256.0,24964.0,977.0,533.0,392.0,52.0,3,3,0
27063,Jackson,2025-08-01,288.0,28196.0,1091.0,582.0,452.0,57.0,3,3,0
27063,Jackson,2025-09-01,304.0,28799.0,1158.0,623.0,467.0,68.0,3,3,0
27063,Jackson,2025-10-01,317.0,32485.0,1204.0,647.0,494.0,63.0,3,3,0
27063,Jackson,2025-11-01,334.0,26174.0,1304.0,681.0,553.0,70.0,3,3,0
27063,Jackson,2025-12-01,285.0,23666.0,1147.0,566.0,518.0,63.0,3,3,0
27063,Jackson,2026-01-01,234.0,26111.0,814.0,438.0,323.0,53.0,3,3,0
27063,Jackson,2026-02-01,242.0,24251.0,907.0,486.0,371.0,50.0,3,3,0
27063,Jackson,2026-03-01,242.0,22292.0,882.0,481.0,337.0,64.0,3,3,0
27063,Jackson,2026-04-01,233.0,24470.0,849.0,482.0,315.0,52.0,3,3,0
27063,Jackson,2026-05-01,221.0,22314.0,836.0,457.0,332.0,47.0,3,3,0
27063,Jackson,2026-06-01,252.0,25877.0,930.0,499.0,375.0,56.0,3,3,0
27063,Jackson,2026-07-01,278.0,29178.0,1058.0,580.0,423.0,55.0,3,3,0
27065,Kanabec,2022-01-01,226.0,12912.0,580.0,334.0,133.0,113.0,2,2,0
27065,Kanabec,2022-02-01,226.0,12912.0,580.0,334.0,133.0,113.0,2,2,0
27065,Kanabec,2022-03-01,233.0,17767.0,641.0,348.0,156.0,137.0,2,2,0
27065,Kanabec,2022-04-01,296.0,20241.0,876.0,482.0,247.0,147.0,2,2,0
27065,Kanabec,2022-05-01,261.0,19812.0,799.0,433.0,211.0,155.0,2,2,0
27065,Kanabec,2022-06-01,283.0,15586.0,778.0,428.0,193.0,157.0,2,2,0
27065,Kanabec,2022-07-01,280.0,14989.0,837.0,450.0,234.0,153.0,2,2,0
27065,Kanabec,2022-08-01,118.0,17143.0,316.0,146.0,82.0,88.0,2,2,0
27065,Kanabec,2022-09-01,279.0,24410.0,741.0,414.0,166.0,161.0,2,2,0
27065,Kanabec,2022-10-01,336.0,31402.0,912.0,454.0,238.0,220.0,3,3,0
27065,Kanabec,2022-11-01,272.0,24209.0,695.0,347.0,170.0,178.0,2,2,0
27065,Kanabec,2022-12-01,295.0,19794.0,740.0,412.0,184.0,144.0,2,2,0
27065,Kanabec,2023-01-01,321.0,22736.0,838.0,483.0,216.0,139.0,2,2,0
27065,Kanabec,2023-02-01,336.0,21331.0,787.0,396.0,206.0,185.0,2,2,0
27065,Kanabec,2023-03-01,309.0,25240.0,710.0,395.0,178.0,137.0,2,2,0
27065,Kanabec,2023-04-01,396.0,22955.0,791.0,458.0,167.0,166.0,3,3,0
27065,Kanabec,2023-05-01,404.0,21566.0,965.0,523.0,231.0,211.0,3,3,0
27065,Kanabec,2023-06-01,538.0,22959.0,1064.0,597.0,257.0,210.0,3,3,0
27065,Kanabec,2023-07-01,477.0,24800.0,960.0,528.0,252.0,180.0,3,3,0
27065,Kanabec,2023-08-01,412.0,33106.0,945.0,551.0,222.0,172.0,3,3,0
27065,Kanabec,2023-09-01,389.0,24547.0,1066.0,610.0,275.0,181.0,3,3,0
27065,Kanabec,2023-10-01,383.0,31380.0,1075.0,609.0,266.0,200.0,3,3,0
27065,Kanabec,2023-11-01,373.0,27060.0,1042.0,575.0,276.0,191.0,3,3,0
27065,Kanabec,2023-12-01,420.0,21020.1,1184.0,664.0,299.0,221.0,3,3,0
27065,Kanabec,2024-01-01,352.0,6828.0,1004.0,582.0,259.0,163.0,2,2,0
27065,Kanabec,2024-02-01,353.0,18818.0,949.0,567.0,233.0,149.0,2,2,0
27065,Kanabec,2024-03-01,300.0,22061.0,781.0,448.0,184.0,149.0,2,2,0
27065,Kanabec,2024-04-01,397.0,15369.0,1018.0,586.0,244.0,188.0,2,2,0
27065,Kanabec,2024-05-01,379.0,21181.0,857.0,487.0,203.0,167.0,2,2,0
27065,Kanabec,2024-06-01,370.0,34500.0,904.0,513.0,196.0,195.0,2,2,0
27065,Kanabec,2024-07-01,409.0,16977.0,1035.0,621.0,226.0,188.0,2,2,0
27065,Kanabec,2024-08-01,399.0,21267.0,1047.0,626.0,229.0,192.0,2,2,0
27065,Kanabec,2024-09-01,410.0,19963.0,1074.0,627.0,234.0,213.0,2,2,0
27065,Kanabec,2024-10-01,464.0,32623.0,1146.0,627.0,267.0,252.0,2,2,0
27065,Kanabec,2024-11-01,474.0,19587.0,1193.0,710.0,261.0,222.0,2,2,0
27065,Kanabec,2024-12-01,344.0,23546.0,857.0,480.0,192.0,185.0,2,2,0
27065,Kanabec,2025-01-01,372.0,14593.0,960.0,557.0,211.0,192.0,2,2,0
27065,Kanabec,2025-02-01,319.0,16198.0,794.0,449.0,177.0,168.0,2,2,0
27065,Kanabec,2025-03-01,386.0,18562.0,922.0,533.0,175.0,214.0,3,3,0
27065,Kanabec,2025-04-01,434.0,18537.0,1025.0,572.0,194.0,259.0,3,3,0
27065,Kanabec,2025-05-01,365.0,14708.0,885.0,506.0,168.0,211.0,3,3,0
27065,Kanabec,2025-06-01,365.0,14708.0,885.0,506.0,168.0,211.0,3,3,0
27065,Kanabec,2025-07-01,346.0,18262.0,837.0,490.0,162.0,185.0,3,3,0
27065,Kanabec,2025-08-01,343.0,18361.0,892.0,483.0,204.0,205.0,3,2,1
27065,Kanabec,2025-09-01,784.0,19111.0,1979.0,978.0,477.0,524.0,3,3,0
27065,Kanabec,2025-10-01,388.0,23527.0,1004.0,552.0,238.0,214.0,3,3,0
27065,Kanabec,2025-11-01,388.0,21882.0,1004.0,552.0,238.0,214.0,3,3,0
27065,Kanabec,2025-12-01,315.0,20068.0,804.0,381.0,170.0,253.0,3,3,0
27065,Kanabec,2026-01-01,341.0,15694.0,873.0,418.0,187.0,268.0,3,3,0
27065,Kanabec,2026-02-01,361.0,18634.0,896.0,413.0,174.0,309.0,3,3,0
27065,Kanabec,2026-03-01,362.0,14000.0,866.0,379.0,150.0,337.0,3,3,0
27065,Kanabec,2026-04-01,367.0,17964.0,911.0,398.0,184.0,329.0,3,3,0
27065,Kanabec,2026-05-01,372.0,13344.0,955.0,430.0,186.0,339.0,3,3,0
27065,Kanabec,2026-06-01,391.0,12113.0,980.0,459.0,196.0,325.0,3,3,0
27065,Kanabec,2026-07-01,375.0,19704.0,908.0,418.0,170.0,320.0,3,3,0
27067,Kandiyohi,2022-01-01,473.0,25306.0,1401.0,819.0,453.0,129.0,2,2,0
27067,Kandiyohi,2022-02-01,824.0,23210.0,1278.0,708.0,454.0,116.0,2,2,0
27067,Kandiyohi,2022-03-01,686.0,37377.0,2101.0,1044.0,847.0,210.0,2,2,0
27067,Kandiyohi,2022-04-01,512.0,33778.0,1631.0,910.0,576.0,145.0,2,2,0
27067,Kandiyohi,2022-05-01,522.0,30248.0,1671.0,929.0,612.0,130.0,2,2,0
27067,Kandiyohi,2022-06-01,599.0,34105.0,1990.0,1132.0,715.0,143.0,2,2,0
27067,Kandiyohi,2022-07-01,584.0,30517.0,1821.0,1021.0,640.0,160.0,2,2,0
27067,Kandiyohi,2022-08-01,584.0,59197.0,1834.0,1066.0,619.0,149.0,2,2,0
27067,Kandiyohi,2022-09-01,608.0,30296.0,1883.0,1036.0,688.0,159.0,2,2,0
27067,Kandiyohi,2022-10-01,719.0,53344.0,2247.0,1357.0,811.0,79.0,2,2,0
27067,Kandiyohi,2022-11-01,591.0,28404.0,1879.0,1063.0,666.0,150.0,2,2,0
27067,Kandiyohi,2022-12-01,539.0,29847.0,1719.0,966.0,617.0,136.0,2,2,0
27067,Kandiyohi,2023-01-01,558.0,32462.0,1833.0,1036.0,657.0,140.0,2,2,0
27067,Kandiyohi,2023-02-01,501.0,27289.0,1606.0,920.0,557.0,129.0,2,2,0
27067,Kandiyohi,2023-03-01,578.0,33601.0,1798.0,1076.0,561.0,161.0,2,2,0
27067,Kandiyohi,2023-04-01,642.0,38163.0,2017.0,1127.0,705.0,185.0,2,2,0
27067,Kandiyohi,2023-05-01,700.0,36197.0,2229.0,1243.0,797.0,189.0,2,2,0
27067,Kandiyohi,2023-06-01,751.0,38489.0,2439.0,1376.0,859.0,204.0,2,2,0
27067,Kandiyohi,2023-07-01,741.0,41864.0,2384.0,1300.0,889.0,195.0,2,2,0
27067,Kandiyohi,2023-08-01,736.0,45490.0,2316.0,1307.0,822.0,187.0,2,2,0
27067,Kandiyohi,2023-09-01,753.0,52703.0,2297.0,1288.0,813.0,196.0,2,2,0
27067,Kandiyohi,2023-10-01,770.0,57770.0,2442.0,1325.0,933.0,184.0,2,2,0
27067,Kandiyohi,2023-11-01,766.0,47098.0,2478.0,1377.0,893.0,208.0,2,2,0
27067,Kandiyohi,2023-12-01,753.0,45497.0,2449.0,1328.0,913.0,208.0,2,2,0
27067,Kandiyohi,2024-01-01,806.0,47781.0,2609.0,1440.0,961.0,208.0,2,2,0
27067,Kandiyohi,2024-02-01,786.0,43435.0,2566.0,1425.0,914.0,227.0,2,2,0
27067,Kandiyohi,2024-03-01,712.0,40409.0,2163.0,1213.0,744.0,206.0,2,2,0
27067,Kandiyohi,2024-04-01,839.0,48330.0,2708.0,1477.0,996.0,235.0,2,2,0
27067,Kandiyohi,2024-05-01,808.0,46180.0,2645.0,1460.0,958.0,227.0,2,2,0
27067,Kandiyohi,2024-06-01,801.0,47860.0,2606.0,1444.0,954.0,208.0,2,2,0
27067,Kandiyohi,2024-07-01,856.0,48425.0,2832.0,1564.0,1046.0,222.0,2,2,0
27067,Kandiyohi,2024-08-01,854.0,50112.0,2752.0,1553.0,972.0,227.0,2,2,0
27067,Kandiyohi,2024-09-01,820.0,47614.0,2623.0,1472.0,927.0,224.0,2,2,0
27067,Kandiyohi,2024-10-01,843.0,54149.0,2731.0,1529.0,997.0,205.0,2,2,0
27067,Kandiyohi,2024-11-01,854.0,58118.0,2715.0,1522.0,960.0,233.0,2,2,0
27067,Kandiyohi,2024-12-01,784.0,46079.0,2454.0,1401.0,861.0,192.0,2,2,0
27067,Kandiyohi,2025-01-01,826.0,44024.0,2584.0,1503.0,863.0,218.0,2,2,0
27067,Kandiyohi,2025-02-01,777.0,43385.0,2351.0,1388.0,749.0,214.0,2,2,0
27067,Kandiyohi,2025-03-01,808.0,45822.0,2436.0,1442.0,778.0,216.0,2,2,0
27067,Kandiyohi,2025-04-01,831.0,47610.0,2529.0,1437.0,853.0,239.0,2,2,0
27067,Kandiyohi,2025-05-01,813.0,50228.0,2501.0,1420.0,863.0,218.0,2,2,0
27067,Kandiyohi,2025-06-01,790.0,48383.0,2506.0,1428.0,864.0,214.0,2,2,0
27067,Kandiyohi,2025-07-01,923.0,51568.0,3014.0,1640.0,1154.0,220.0,2,2,0
27067,Kandiyohi,2025-08-01,857.0,64049.0,2805.0,1553.0,1036.0,216.0,2,2,0
27067,Kandiyohi,2025-09-01,873.0,61429.0,2886.0,1568.0,1089.0,229.0,2,2,0
27067,Kandiyohi,2025-10-01,951.0,66325.0,3103.0,1734.0,1142.0,227.0,2,2,0
27067,Kandiyohi,2025-11-01,896.0,54056.0,2863.0,1609.0,1039.0,215.0,2,2,0
27067,Kandiyohi,2025-12-01,798.0,58503.0,2578.0,1426.0,959.0,193.0,2,2,0
27067,Kandiyohi,2026-01-01,926.0,62948.0,2631.0,1430.0,994.0,207.0,2,2,0
27067,Kandiyohi,2026-02-01,924.0,68892.0,2290.0,1287.0,812.0,191.0,2,2,0
27067,Kandiyohi,2026-03-01,856.0,52377.0,2734.0,1579.0,944.0,211.0,2,2,0
27067,Kandiyohi,2026-04-01,853.0,48054.0,2768.0,1551.0,1005.0,212.0,2,2,0
27067,Kandiyohi,2026-05-01,898.0,74489.0,2927.0,1625.0,1084.0,218.0,2,2,0
27067,Kandiyohi,2026-06-01,906.0,78947.0,3020.0,1637.0,1143.0,240.0,2,2,0
27067,Kandiyohi,2026-07-01,924.0,81173.0,2946.0,1596.0,1119.0,231.0,2,2,0
27069,Kittson,2022-01-01,49.0,2855.0,94.0,48.0,22.0,24.0,1,1,0
27069,Kittson,2022-02-01,59.0,3578.0,135.0,64.0,38.0,33.0,1,1,0
27069,Kittson,2022-03-01,74.0,4899.0,143.0,73.0,34.0,36.0,1,1,0
27069,Kittson,2022-04-01,74.0,4899.0,143.0,73.0,34.0,36.0,1,1,0
27069,Kittson,2022-05-01,61.0,3813.0,136.0,72.0,30.0,34.0,1,1,0
27069,Kittson,2022-06-01,59.0,3578.0,135.0,64.0,38.0,33.0,1,1,0
27069,Kittson,2022-07-01,67.0,3429.0,145.0,73.0,24.0,48.0,1,1,0
27069,Kittson,2022-08-01,97.0,4476.0,117.0,69.0,11.0,37.0,1,1,0
27069,Kittson,2022-09-01,74.0,5045.0,156.0,80.0,32.0,44.0,1,1,0
27069,Kittson,2022-10-01,46.0,5232.0,131.0,82.0,41.0,8.0,2,2,0
27069,Kittson,2022-11-01,124.0,12090.0,230.0,141.0,48.0,41.0,2,2,0
27069,Kittson,2022-12-01,136.0,20018.0,297.0,196.0,65.0,36.0,2,2,0
27069,Kittson,2023-01-01,140.0,13848.0,333.0,204.0,84.0,45.0,2,2,0
27069,Kittson,2023-02-01,118.0,12659.0,278.0,173.0,74.0,31.0,2,2,0
27069,Kittson,2023-03-01,142.0,16898.0,320.0,191.0,72.0,57.0,2,2,0
27069,Kittson,2023-04-01,138.0,14788.0,336.0,201.0,88.0,47.0,2,2,0
27069,Kittson,2023-05-01,166.0,15164.2,391.0,229.0,96.0,66.0,2,2,0
27069,Kittson,2023-06-01,158.0,14233.2,369.0,196.0,107.0,66.0,2,2,0
27069,Kittson,2023-07-01,140.0,13822.02,331.0,193.0,90.0,48.0,2,2,0
27069,Kittson,2023-08-01,163.0,13856.27,402.0,222.0,117.0,63.0,2,2,0
27069,Kittson,2023-09-01,161.0,14607.63,415.0,230.0,128.0,57.0,2,2,0
27069,Kittson,2023-10-01,166.0,13931.73,416.0,230.0,131.0,55.0,2,2,0
27069,Kittson,2023-11-01,175.0,10880.9,470.0,269.0,145.0,56.0,2,2,0
27069,Kittson,2023-12-01,120.0,9014.7,292.0,161.0,100.0,31.0,2,2,0
27069,Kittson,2024-01-01,134.0,6947.8,283.0,160.0,89.0,34.0,2,2,0
27069,Kittson,2024-02-01,167.0,7281.4,373.0,189.0,140.0,44.0,2,2,0
27069,Kittson,2024-03-01,218.0,11972.81,426.0,267.0,112.0,47.0,2,2,0
27069,Kittson,2024-04-01,117.0,6727.1,272.0,161.0,76.0,35.0,2,2,0
27069,Kittson,2024-05-01,116.0,6818.2,299.0,173.0,93.0,33.0,2,2,0
27069,Kittson,2024-06-01,129.0,6430.3,362.0,221.0,106.0,35.0,2,2,0
27069,Kittson,2024-07-01,141.0,8276.9,420.0,249.0,119.0,52.0,2,2,0
27069,Kittson,2024-08-01,153.0,8172.4,336.0,189.0,101.0,46.0,2,2,0
27069,Kittson,2024-09-01,126.0,8999.7,317.0,175.0,96.0,46.0,2,2,0
27069,Kittson,2024-10-01,113.0,7696.6,299.0,173.0,93.0,33.0,2,2,0
27069,Kittson,2024-11-01,151.0,11883.5,377.0,211.0,116.0,50.0,2,2,0
27069,Kittson,2024-12-01,107.0,7635.1,268.0,155.0,81.0,32.0,2,2,0
27069,Kittson,2025-01-01,112.0,6831.7,273.0,153.0,83.0,37.0,2,2,0
27069,Kittson,2025-02-01,74.0,5305.5,185.0,93.0,70.0,22.0,2,2,0
27069,Kittson,2025-03-01,85.0,7272.9,186.0,109.0,40.0,37.0,2,2,0
27069,Kittson,2025-04-01,125.0,6717.700000000001,283.0,155.0,76.0,52.0,2,2,0
27069,Kittson,2025-05-01,113.0,6348.4,229.0,131.0,47.0,51.0,2,2,0
27069,Kittson,2025-06-01,95.0,5645.4,219.0,124.0,54.0,41.0,2,2,0
27069,Kittson,2025-07-01,124.0,6644.2,295.0,166.0,87.0,42.0,2,2,0
27069,Kittson,2025-08-01,93.0,4655.4,214.0,126.0,46.0,42.0,2,2,0
27069,Kittson,2025-09-01,110.0,5728.58,259.0,149.0,64.0,46.0,2,2,0
27069,Kittson,2025-10-01,102.0,5351.8,243.0,142.0,59.0,42.0,2,2,0
27069,Kittson,2025-11-01,98.0,6230.2,243.0,133.0,72.0,38.0,2,2,0
27069,Kittson,2025-12-01,87.0,9978.4,212.0,110.0,62.0,40.0,2,2,0
27069,Kittson,2026-01-01,84.0,5851.3,235.0,126.0,79.0,30.0,2,2,0
27069,Kittson,2026-02-01,80.0,5777.0,193.0,120.0,49.0,24.0,2,2,0
27069,Kittson,2026-03-01,94.0,6162.8,206.0,118.0,47.0,41.0,2,2,0
27069,Kittson,2026-04-01,133.0,7576.099999999999,306.0,174.0,79.0,53.0,2,2,0
27069,Kittson,2026-05-01,106.0,5551.799999999999,292.0,156.0,109.0,27.0,2,2,0
27069,Kittson,2026-06-01,128.0,6480.0,337.0,189.0,104.0,44.0,2,2,0
27069,Kittson,2026-07-01,95.0,4370.0,243.0,122.0,86.0,35.0,2,2,0
27071,Koochiching,2022-01-01,309.0,21409.0,743.0,407.0,212.0,124.0,6,4,2
27071,Koochiching,2022-02-01,321.0,25452.0,768.0,420.0,221.0,127.0,5,4,1
27071,Koochiching,2022-03-01,342.0,19478.0,774.0,443.0,209.0,122.0,5,4,1
27071,Koochiching,2022-04-01,399.0,20878.0,896.0,514.0,249.0,133.0,4,4,0
27071,Koochiching,2022-05-01,451.0,23030.0,977.0,529.0,302.0,146.0,4,4,0
27071,Koochiching,2022-06-01,482.0,25878.0,1002.0,534.0,304.0,164.0,4,4,0
27071,Koochiching,2022-07-01,411.0,18468.0,905.0,492.0,246.0,167.0,7,7,0
27071,Koochiching,2022-08-01,434.0,23135.0,742.0,386.0,198.0,158.0,5,5,0
27071,Koochiching,2022-09-01,682.0,49729.0,1289.0,682.0,332.0,275.0,10,10,0
27071,Koochiching,2022-10-01,715.0,46106.0,1431.0,710.0,441.0,280.0,11,11,0
27071,Koochiching,2022-11-01,924.0,49090.0,1452.0,715.0,399.0,338.0,11,11,0
27071,Koochiching,2022-12-01,363.0,25825.0,648.0,374.0,163.0,111.0,11,11,0
27071,Koochiching,2023-01-01,535.0,25102.0,946.0,558.0,243.0,145.0,11,11,0
27071,Koochiching,2023-02-01,490.0,26523.0,863.0,457.0,229.0,177.0,11,11,0
27071,Koochiching,2023-03-01,699.0,45603.0,1232.0,653.0,308.0,271.0,11,11,0
27071,Koochiching,2023-04-01,740.0,32888.0,1393.0,753.0,374.0,266.0,11,11,0
27071,Koochiching,2023-05-01,731.0,36293.0,1490.0,806.0,363.0,321.0,11,11,0
27071,Koochiching,2023-06-01,932.0,38386.0,1788.0,965.0,409.0,414.0,11,11,0
27071,Koochiching,2023-07-01,770.0,32663.0,1530.0,806.0,372.0,352.0,11,11,0
27071,Koochiching,2023-08-01,796.0,44040.0,1573.0,892.0,339.0,342.0,11,11,0
27071,Koochiching,2023-09-01,740.0,54819.0,1493.0,812.0,364.0,317.0,11,11,0
27071,Koochiching,2023-10-01,923.0,41668.0,1845.0,1066.0,390.0,389.0,11,11,0
27071,Koochiching,2023-11-01,992.0,57444.0,2180.0,1190.0,589.0,401.0,11,11,0
27071,Koochiching,2023-12-01,744.0,30215.4,1634.0,864.0,396.0,374.0,9,7,2
27071,Koochiching,2024-01-01,1044.0,29005.0,1510.0,879.0,402.0,229.0,4,4,0
27071,Koochiching,2024-02-01,745.0,32762.0,1382.0,790.0,340.0,252.0,5,5,0
27071,Koochiching,2024-03-01,621.0,26487.0,1244.0,705.0,265.0,274.0,6,6,0
27071,Koochiching,2024-04-01,668.0,30680.0,1314.0,706.0,268.0,340.0,7,7,0
27071,Koochiching,2024-05-01,639.0,35321.0,1030.0,523.0,238.0,269.0,7,7,0
27071,Koochiching,2024-06-01,696.0,31075.3,1153.0,581.0,270.0,302.0,7,7,0
27071,Koochiching,2024-07-01,544.0,23440.0,1089.0,567.0,251.0,271.0,7,7,0
27071,Koochiching,2024-08-01,539.0,34148.21,1272.0,708.0,258.0,306.0,7,7,0
27071,Koochiching,2024-09-01,544.0,32324.0,1117.0,546.0,262.0,309.0,7,7,0
27071,Koochiching,2024-10-01,541.0,36497.0,1136.0,537.0,283.0,316.0,7,7,0
27071,Koochiching,2024-11-01,595.0,34033.0,1156.0,593.0,274.0,289.0,7,7,0
27071,Koochiching,2024-12-01,654.0,24320.5,1099.0,581.0,266.0,252.0,7,7,0
27071,Koochiching,2025-01-01,624.0,27829.0,1384.0,692.0,365.0,327.0,6,6,0
27071,Koochiching,2025-02-01,511.0,28841.0,1065.0,553.0,252.0,260.0,7,6,1
27071,Koochiching,2025-03-01,580.0,27290.0,1181.0,600.0,252.0,329.0,6,6,0
27071,Koochiching,2025-04-01,624.0,35882.0,1258.0,659.0,233.0,366.0,6,6,0
27071,Koochiching,2025-05-01,553.0,27953.0,1173.0,588.0,278.0,307.0,6,6,0
27071,Koochiching,2025-06-01,573.0,28335.0,1181.0,587.0,271.0,323.0,6,6,0
27071,Koochiching,2025-07-01,360.0,22860.0,820.0,343.0,208.0,269.0,6,6,0
27071,Koochiching,2025-08-01,620.0,24915.0,1315.0,637.0,323.0,355.0,6,6,0
27071,Koochiching,2025-09-01,662.0,29765.0,1407.0,644.0,358.0,405.0,6,6,0
27071,Koochiching,2025-10-01,672.0,35933.0,1466.0,725.0,409.0,332.0,6,6,0
27071,Koochiching,2025-11-01,723.0,41540.0,1493.0,766.0,359.0,368.0,6,6,0
27071,Koochiching,2025-12-01,651.0,39024.0,1358.0,695.0,312.0,351.0,6,6,0
27071,Koochiching,2026-01-01,536.0,36660.0,1133.0,523.0,306.0,304.0,6,6,0
27071,Koochiching,2026-02-01,553.0,27086.0,1094.0,516.0,257.0,321.0,6,6,0
27071,Koochiching,2026-03-01,699.0,27327.0,1376.0,704.0,310.0,362.0,6,6,0
27071,Koochiching,2026-04-01,725.0,187613.0,1473.0,717.0,351.0,405.0,6,6,0
27071,Koochiching,2026-05-01,650.0,33744.0,1327.0,664.0,311.0,352.0,6,6,0
27071,Koochiching,2026-06-01,776.0,32566.0,1644.0,806.0,418.0,420.0,6,6,0
27071,Koochiching,2026-07-01,749.0,36399.0,1692.0,851.0,466.0,375.0,6,6,0
27073,Lac qui Parle,2022-01-01,29.0,2328.0,50.0,34.0,9.0,7.0,1,1,0
27073,Lac qui Parle,2022-02-01,55.0,3493.0,72.0,42.0,17.0,13.0,1,1,0
27073,Lac qui Parle,2022-03-01,37.0,2699.0,84.0,44.0,26.0,14.0,1,1,0
27073,Lac qui Parle,2022-04-01,37.0,2867.0,61.0,37.0,9.0,15.0,1,1,0
27073,Lac qui Parle,2022-05-01,38.0,2528.0,75.0,43.0,16.0,16.0,1,1,0
27073,Lac qui Parle,2022-06-01,44.0,2371.0,97.0,53.0,26.0,18.0,1,1,0
27073,Lac qui Parle,2022-07-01,45.0,3121.0,101.0,60.0,22.0,19.0,1,1,0
27073,Lac qui Parle,2022-08-01,37.0,2665.0,65.0,40.0,13.0,12.0,1,1,0
27073,Lac qui Parle,2022-09-01,36.0,2512.0,65.0,41.0,8.0,16.0,1,1,0
27073,Lac qui Parle,2022-10-01,37.0,2500.0,61.0,32.0,15.0,14.0,1,1,0
27073,Lac qui Parle,2022-11-01,39.0,2873.0,65.0,38.0,8.0,19.0,1,1,0
27073,Lac qui Parle,2022-12-01,29.0,2239.0,62.0,40.0,13.0,9.0,1,1,0
27073,Lac qui Parle,2023-01-01,40.0,2819.0,90.0,51.0,24.0,15.0,1,1,0
27073,Lac qui Parle,2023-02-01,28.0,2033.0,70.0,34.0,20.0,16.0,1,1,0
27073,Lac qui Parle,2023-03-01,36.0,2727.0,77.0,48.0,16.0,13.0,1,1,0
27073,Lac qui Parle,2023-04-01,31.0,2448.0,65.0,35.0,18.0,12.0,1,1,0
27073,Lac qui Parle,2023-05-01,43.0,3021.0,95.0,52.0,26.0,17.0,1,1,0
27073,Lac qui Parle,2023-06-01,53.0,3736.0,114.0,71.0,27.0,16.0,1,1,0
27073,Lac qui Parle,2023-07-01,43.0,2971.0,94.0,50.0,29.0,15.0,1,1,0
27073,Lac qui Parle,2023-08-01,53.0,3809.0,121.0,66.0,39.0,16.0,1,1,0
27073,Lac qui Parle,2023-09-01,47.0,3334.0,113.0,66.0,33.0,14.0,1,1,0
27073,Lac qui Parle,2023-10-01,46.0,3106.0,94.0,49.0,29.0,16.0,1,1,0
27073,Lac qui Parle,2023-11-01,49.0,3943.0,113.0,61.0,32.0,20.0,1,1,0
27073,Lac qui Parle,2023-12-01,48.0,3674.0,99.0,62.0,18.0,19.0,1,1,0
27073,Lac qui Parle,2024-01-01,41.0,2989.0,85.0,49.0,20.0,16.0,1,1,0
27073,Lac qui Parle,2024-02-01,47.0,3325.0,91.0,59.0,14.0,18.0,1,1,0
27073,Lac qui Parle,2024-03-01,48.0,3798.0,100.0,54.0,24.0,22.0,1,1,0
27073,Lac qui Parle,2024-04-01,36.0,2815.0,75.0,39.0,22.0,14.0,1,1,0
27073,Lac qui Parle,2024-05-01,53.0,4002.0,116.0,63.0,30.0,23.0,1,1,0
27073,Lac qui Parle,2024-06-01,52.0,4523.0,116.0,62.0,34.0,20.0,1,1,0
27073,Lac qui Parle,2024-07-01,55.0,4406.0,61.0,6.0,38.0,17.0,1,1,0
27073,Lac qui Parle,2024-08-01,60.0,4519.0,120.0,66.0,30.0,24.0,1,1,0
27073,Lac qui Parle,2024-09-01,52.0,3946.0,115.0,61.0,32.0,22.0,1,1,0
27073,Lac qui Parle,2024-10-01,60.0,4525.0,134.0,62.0,47.0,25.0,1,1,0
27073,Lac qui Parle,2024-11-01,51.0,4233.0,100.0,49.0,26.0,25.0,1,1,0
27073,Lac qui Parle,2024-12-01,48.0,3697.0,91.0,53.0,20.0,18.0,1,1,0
27073,Lac qui Parle,2025-01-01,57.0,4299.0,123.0,64.0,35.0,24.0,1,1,0
27073,Lac qui Parle,2025-02-01,37.0,2655.0,71.0,34.0,19.0,18.0,1,1,0
27073,Lac qui Parle,2025-03-01,47.0,349.0,101.0,56.0,25.0,20.0,1,1,0
27073,Lac qui Parle,2025-04-01,38.0,2663.0,74.0,38.0,17.0,19.0,1,1,0
27073,Lac qui Parle,2025-05-01,48.0,3423.0,82.0,49.0,13.0,20.0,1,1,0
27073,Lac qui Parle,2025-06-01,27.0,3168.0,111.0,59.0,40.0,12.0,1,1,0
27073,Lac qui Parle,2025-07-01,54.0,4078.0,109.0,61.0,29.0,19.0,1,1,0
27073,Lac qui Parle,2025-08-01,39.0,2971.0,71.0,40.0,12.0,19.0,1,1,0
27073,Lac qui Parle,2025-09-01,49.0,3865.0,96.0,53.0,28.0,15.0,1,1,0
27073,Lac qui Parle,2025-10-01,58.0,4355.0,123.0,66.0,41.0,16.0,1,1,0
27073,Lac qui Parle,2025-11-01,54.0,4818.0,106.0,56.0,31.0,19.0,1,1,0
27073,Lac qui Parle,2025-12-01,30.0,2742.0,58.0,30.0,17.0,11.0,1,1,0
27073,Lac qui Parle,2026-01-01,54.0,4540.0,99.0,56.0,24.0,19.0,1,1,0
27073,Lac qui Parle,2026-02-01,49.0,4046.0,95.0,57.0,21.0,17.0,1,1,0
27073,Lac qui Parle,2026-03-01,49.0,4142.0,91.0,51.0,21.0,19.0,1,1,0
27073,Lac qui Parle,2026-04-01,59.0,5098.0,119.0,72.0,28.0,19.0,1,1,0
27073,Lac qui Parle,2026-05-01,44.0,3426.0,87.0,45.0,24.0,18.0,1,1,0
27073,Lac qui Parle,2026-06-01,52.0,4350.0,111.0,54.0,34.0,23.0,1,1,0
27073,Lac qui Parle,2026-07-01,53.0,4461.0,112.0,64.0,27.0,21.0,1,1,0
27075,Lake,2022-01-01,164.0,12276.0,372.0,226.0,80.0,66.0,3,3,0
27075,Lake,2022-02-01,152.0,11540.0,340.0,211.0,81.0,48.0,3,3,0
27075,Lake,2022-03-01,189.0,14144.0,400.0,254.0,84.0,62.0,3,3,0
27075,Lake,2022-04-01,187.0,13558.0,420.0,261.0,99.0,60.0,3,3,0
27075,Lake,2022-05-01,194.0,14859.0,458.0,288.0,110.0,60.0,3,3,0
27075,Lake,2022-06-01,196.0,13525.0,438.0,265.0,95.0,78.0,3,3,0
27075,Lake,2022-07-01,178.0,12040.0,436.0,262.0,114.0,60.0,3,3,0
27075,Lake,2022-08-01,219.0,13903.0,503.0,327.0,91.0,85.0,3,3,0
27075,Lake,2022-09-01,261.0,16960.0,582.0,359.0,121.0,102.0,3,3,0
27075,Lake,2022-10-01,280.0,17559.0,680.0,410.0,158.0,112.0,3,3,0
27075,Lake,2022-11-01,297.0,19434.0,762.0,447.0,191.0,124.0,3,3,0
27075,Lake,2022-12-01,271.0,19297.0,644.0,384.0,145.0,115.0,3,3,0
27075,Lake,2023-01-01,278.0,18471.0,640.0,383.0,129.0,128.0,3,3,0
27075,Lake,2023-02-01,310.0,18037.0,711.0,452.0,141.0,118.0,3,3,0
27075,Lake,2023-03-01,302.0,18031.0,636.0,401.0,120.0,115.0,3,3,0
27075,Lake,2023-04-01,298.0,17119.0,668.0,418.0,140.0,110.0,3,3,0
27075,Lake,2023-05-01,341.0,19690.0,752.0,448.0,170.0,134.0,3,3,0
27075,Lake,2023-06-01,333.0,18499.0,750.0,424.0,190.0,136.0,3,3,0
27075,Lake,2023-07-01,269.0,15921.0,590.0,364.0,126.0,100.0,3,2,1
27075,Lake,2023-08-01,334.0,19073.0,723.0,423.0,170.0,130.0,3,3,0
27075,Lake,2023-09-01,76.0,3357.0,156.0,97.0,29.0,30.0,3,2,1
27075,Lake,2023-10-01,359.0,19987.0,856.0,460.0,204.0,192.0,3,3,0
27075,Lake,2023-11-01,440.0,27961.0,1022.0,593.0,232.0,197.0,3,3,0
27075,Lake,2023-12-01,387.0,25426.0,862.0,497.0,213.0,152.0,3,3,0
27075,Lake,2024-01-01,315.0,20392.0,676.0,393.0,164.0,119.0,3,3,0
27075,Lake,2024-02-01,363.0,24157.0,828.0,490.0,204.0,134.0,3,3,0
27075,Lake,2024-03-01,306.0,19991.0,666.0,381.0,157.0,128.0,3,3,0
27075,Lake,2024-04-01,336.0,21897.0,764.0,436.0,197.0,131.0,3,3,0
27075,Lake,2024-05-01,356.0,21984.0,833.0,490.0,208.0,135.0,3,3,0
27075,Lake,2024-06-01,304.0,20026.0,673.0,373.0,163.0,137.0,3,3,0
27075,Lake,2024-07-01,378.0,20990.0,835.0,509.0,209.0,117.0,3,3,0
27075,Lake,2024-08-01,277.0,16217.0,611.0,344.0,125.0,142.0,3,3,0
27075,Lake,2024-09-01,222.0,15772.8,505.0,291.0,125.0,89.0,3,3,0
27075,Lake,2024-10-01,240.0,13321.0,531.0,294.0,126.0,111.0,3,3,0
27075,Lake,2024-11-01,293.0,22062.0,651.0,363.0,172.0,116.0,3,3,0
27075,Lake,2024-12-01,243.0,20921.0,464.0,263.0,115.0,86.0,3,3,0
27075,Lake,2025-01-01,331.0,18189.0,740.0,429.0,180.0,131.0,3,3,0
27075,Lake,2025-02-01,307.0,14685.0,704.0,408.0,181.0,115.0,3,3,0
27075,Lake,2025-03-01,271.0,14900.0,606.0,360.0,126.0,120.0,3,3,0
27075,Lake,2025-04-01,77.0,3901.0,176.0,99.0,36.0,41.0,3,2,1
27075,Lake,2025-05-01,261.0,13939.0,551.0,309.0,116.0,126.0,3,3,0
27075,Lake,2025-06-01,265.0,13728.0,548.0,314.0,108.0,126.0,3,3,0
27075,Lake,2025-07-01,337.0,12195.0,664.0,381.0,129.0,154.0,3,3,0
27075,Lake,2025-08-01,266.0,9382.0,570.0,323.0,124.0,123.0,3,3,0
27075,Lake,2025-09-01,272.0,10973.0,569.0,309.0,118.0,142.0,3,3,0
27075,Lake,2025-10-01,361.0,15424.0,757.0,414.0,165.0,178.0,3,3,0
27075,Lake,2025-11-01,347.0,15627.0,757.0,437.0,178.0,142.0,3,3,0
27075,Lake,2025-12-01,421.0,15197.0,908.0,482.0,211.0,215.0,3,3,0
27075,Lake,2026-01-01,281.0,10660.0,608.0,327.0,137.0,144.0,3,3,0
27075,Lake,2026-02-01,289.0,11955.0,611.0,334.0,124.0,153.0,3,3,0
27075,Lake,2026-03-01,314.0,12818.0,693.0,366.0,133.0,194.0,3,3,0
27075,Lake,2026-04-01,304.0,9454.0,656.0,372.0,115.0,169.0,3,3,0
27075,Lake,2026-05-01,301.0,8824.0,632.0,321.0,119.0,192.0,3,3,0
27075,Lake,2026-06-01,295.0,8740.0,649.0,348.0,120.0,181.0,3,3,0
27075,Lake,2026-07-01,293.0,9341.0,611.0,338.0,102.0,171.0,3,3,0
27077,Lake of the Woods,2022-01-01,41.0,2079.0,68.0,39.0,16.0,13.0,1,1,0
27077,Lake of the Woods,2022-02-01,37.0,2406.0,58.0,33.0,9.0,16.0,1,1,0
27077,Lake of the Woods,2022-03-01,50.0,3378.0,98.0,43.0,24.0,31.0,1,1,0
27077,Lake of the Woods,2022-04-01,57.0,4143.0,102.0,55.0,24.0,23.0,1,1,0
27077,Lake of the Woods,2022-05-01,55.0,3616.0,107.0,53.0,29.0,25.0,1,1,0
27077,Lake of the Woods,2022-06-01,57.0,3162.0,116.0,53.0,37.0,26.0,1,1,0
27077,Lake of the Woods,2022-07-01,52.0,2772.0,88.0,39.0,17.0,32.0,1,1,0
27077,Lake of the Woods,2022-08-01,48.0,2432.0,94.0,41.0,28.0,25.0,1,1,0
27077,Lake of the Woods,2022-09-01,67.0,3420.0,138.0,72.0,36.0,30.0,1,1,0
27077,Lake of the Woods,2022-10-01,69.0,4413.0,140.0,70.0,35.0,35.0,1,1,0
27077,Lake of the Woods,2022-11-01,89.0,6364.0,181.0,90.0,53.0,38.0,1,1,0
27077,Lake of the Woods,2022-12-01,78.0,4780.0,147.0,76.0,40.0,31.0,1,1,0
27077,Lake of the Woods,2023-01-01,64.0,5072.0,139.0,72.0,37.0,30.0,1,1,0
27077,Lake of the Woods,2023-02-01,64.0,4366.0,113.0,56.0,24.0,33.0,1,1,0
27077,Lake of the Woods,2023-03-01,68.0,4142.0,125.0,61.0,32.0,32.0,1,1,0
27077,Lake of the Woods,2023-04-01,68.0,4403.0,122.0,65.0,26.0,31.0,1,1,0
27077,Lake of the Woods,2023-05-01,52.0,2202.86,101.0,55.0,24.0,22.0,1,1,0
27077,Lake of the Woods,2023-06-01,71.0,2890.95,137.0,71.0,32.0,34.0,1,1,0
27077,Lake of the Woods,2023-07-01,71.0,3121.17,148.0,74.0,37.0,37.0,1,1,0
27077,Lake of the Woods,2023-08-01,70.0,4000.29,150.0,65.0,43.0,42.0,1,1,0
27077,Lake of the Woods,2023-09-01,72.0,3680.37,146.0,71.0,33.0,42.0,1,1,0
27077,Lake of the Woods,2023-10-01,69.0,3933.97,138.0,74.0,30.0,34.0,1,1,0
27077,Lake of the Woods,2023-11-01,111.0,7074.15,227.0,123.0,51.0,53.0,1,1,0
27077,Lake of the Woods,2023-12-01,100.0,5549.48,221.0,125.0,53.0,43.0,1,1,0
27077,Lake of the Woods,2024-01-01,65.0,3403.24,134.0,68.0,37.0,29.0,1,1,0
27077,Lake of the Woods,2024-02-01,80.0,4450.66,169.0,94.0,38.0,37.0,1,1,0
27077,Lake of the Woods,2024-03-01,68.0,3445.08,141.0,79.0,35.0,27.0,1,1,0
27077,Lake of the Woods,2024-04-01,80.0,4022.1,167.0,94.0,36.0,37.0,1,1,0
27077,Lake of the Woods,2024-05-01,74.0,3083.9,164.0,94.0,36.0,34.0,1,1,0
27077,Lake of the Woods,2024-06-01,70.0,3520.4,147.0,33.0,54.0,60.0,1,1,0
27077,Lake of the Woods,2024-07-01,66.0,3438.71,148.0,74.0,37.0,37.0,1,1,0
27077,Lake of the Woods,2024-08-01,65.0,3271.1,126.0,61.0,26.0,39.0,1,1,0
27077,Lake of the Woods,2024-09-01,62.0,5079.7,122.0,60.0,28.0,34.0,1,1,0
27077,Lake of the Woods,2024-10-01,77.0,4748.05,174.0,84.0,44.0,46.0,1,1,0
27077,Lake of the Woods,2024-11-01,100.0,7398.5,199.0,102.0,48.0,49.0,1,1,0
27077,Lake of the Woods,2024-12-01,104.0,7594.8,208.0,107.0,47.0,54.0,1,1,0
27077,Lake of the Woods,2025-01-01,68.0,5270.1,127.0,60.0,23.0,44.0,1,1,0
27077,Lake of the Woods,2025-02-01,88.0,6628.4,164.0,83.0,30.0,51.0,1,1,0
27077,Lake of the Woods,2025-03-01,87.0,6090.4,167.0,81.0,32.0,54.0,1,1,0
27077,Lake of the Woods,2025-04-01,92.0,6169.09,178.0,90.0,32.0,56.0,1,1,0
27077,Lake of the Woods,2025-05-01,81.0,5258.91,157.0,83.0,24.0,50.0,1,1,0
27077,Lake of the Woods,2025-06-01,89.0,5234.8,168.0,73.0,33.0,62.0,1,1,0
27077,Lake of the Woods,2025-07-01,87.0,4909.8,166.0,84.0,27.0,55.0,1,1,0
27077,Lake of the Woods,2025-08-01,72.0,4060.5,132.0,68.0,18.0,46.0,1,1,0
27077,Lake of the Woods,2025-09-01,83.0,4714.4,156.0,79.0,23.0,54.0,1,1,0
27077,Lake of the Woods,2025-10-01,93.0,5419.5,176.0,93.0,28.0,55.0,1,1,0
27077,Lake of the Woods,2025-11-01,120.0,5527.4,250.0,134.0,54.0,62.0,1,1,0
27077,Lake of the Woods,2025-12-01,116.0,6312.6,235.0,127.0,50.0,58.0,1,1,0
27077,Lake of the Woods,2026-01-01,85.0,4660.8,169.0,83.0,30.0,56.0,1,1,0
27077,Lake of the Woods,2026-02-01,79.0,4098.0,147.0,75.0,19.0,53.0,1,1,0
27077,Lake of the Woods,2026-03-01,80.0,4590.6,146.0,66.0,22.0,58.0,1,1,0
27077,Lake of the Woods,2026-04-01,90.0,4786.12,178.0,83.0,26.0,69.0,1,1,0
27077,Lake of the Woods,2026-05-01,100.0,6170.3,204.0,98.0,38.0,68.0,1,1,0
27077,Lake of the Woods,2026-06-01,88.0,4451.0,190.0,84.0,39.0,67.0,1,1,0
27077,Lake of the Woods,2026-07-01,97.0,6735.9,195.0,92.0,42.0,61.0,1,1,0
27079,Le Sueur,2022-01-01,431.0,32473.0,1228.0,538.0,375.0,315.0,5,5,0
27079,Le Sueur,2022-02-01,619.0,29925.0,1154.0,546.0,322.0,286.0,5,5,0
27079,Le Sueur,2022-03-01,566.0,24175.0,909.0,367.0,295.0,247.0,5,4,1
27079,Le Sueur,2022-04-01,410.0,26999.0,1152.0,554.0,303.0,295.0,4,3,1
27079,Le Sueur,2022-05-01,413.0,17460.0,644.0,357.0,225.0,62.0,3,3,0
27079,Le Sueur,2022-06-01,478.0,19624.0,763.0,435.0,262.0,66.0,3,3,0
27079,Le Sueur,2022-07-01,810.0,34301.0,1446.0,757.0,380.0,309.0,5,5,0
27079,Le Sueur,2022-08-01,809.0,36495.0,1421.0,714.0,396.0,311.0,5,5,0
27079,Le Sueur,2022-09-01,787.0,31985.0,1375.0,701.0,378.0,296.0,5,5,0
27079,Le Sueur,2022-10-01,805.0,28129.0,1413.0,765.0,359.0,289.0,5,4,1
27079,Le Sueur,2022-11-01,714.0,34403.0,1514.0,783.0,474.0,257.0,5,4,1
27079,Le Sueur,2022-12-01,616.0,28324.0,1350.0,691.0,370.0,289.0,5,5,0
27079,Le Sueur,2023-01-01,693.0,35207.0,1342.0,687.0,381.0,274.0,5,5,0
27079,Le Sueur,2023-02-01,529.0,32772.0,1403.0,709.0,402.0,292.0,5,5,0
27079,Le Sueur,2023-03-01,549.0,39190.0,1535.0,772.0,466.0,297.0,5,5,0
27079,Le Sueur,2023-04-01,644.0,36526.0,1541.0,768.0,483.0,290.0,5,5,0
27079,Le Sueur,2023-05-01,618.0,36136.0,1476.0,720.0,453.0,303.0,5,5,0
27079,Le Sueur,2023-06-01,674.0,40193.0,1858.0,879.0,631.0,348.0,5,5,0
27079,Le Sueur,2023-07-01,722.0,39758.0,1827.0,850.0,592.0,385.0,5,5,0
27079,Le Sueur,2023-08-01,692.0,40113.0,1819.0,836.0,627.0,356.0,5,5,0
27079,Le Sueur,2023-09-01,665.0,38282.0,1741.0,789.0,596.0,356.0,5,5,0
27079,Le Sueur,2023-10-01,578.0,35264.0,1585.0,739.0,491.0,355.0,5,5,0
27079,Le Sueur,2023-11-01,689.0,46789.0,1967.0,876.0,708.0,383.0,5,5,0
27079,Le Sueur,2023-12-01,878.0,51282.0,2340.0,1096.0,743.0,501.0,5,5,0
27079,Le Sueur,2024-01-01,665.0,39565.0,1912.0,923.0,665.0,324.0,5,5,0
27079,Le Sueur,2024-02-01,664.0,43482.0,1924.0,942.0,629.0,353.0,5,5,0
27079,Le Sueur,2024-03-01,701.0,40815.0,2043.0,998.0,699.0,346.0,5,5,0
27079,Le Sueur,2024-04-01,747.0,46129.0,1951.0,944.0,654.0,353.0,5,5,0
27079,Le Sueur,2024-05-01,763.0,47274.0,2208.0,1056.0,770.0,382.0,5,5,0
27079,Le Sueur,2024-06-01,768.0,47269.0,2144.0,995.0,809.0,340.0,5,5,0
27079,Le Sueur,2024-07-01,657.0,50332.0,1905.0,885.0,683.0,337.0,4,4,0
27079,Le Sueur,2024-08-01,583.0,41389.0,1883.0,856.0,702.0,325.0,5,5,0
27079,Le Sueur,2024-09-01,690.0,41923.0,1915.0,881.0,677.0,357.0,5,5,0
27079,Le Sueur,2024-10-01,787.0,50288.0,2162.0,1048.0,724.0,390.0,5,5,0
27079,Le Sueur,2024-11-01,794.0,49442.0,2160.0,1015.0,732.0,413.0,5,5,0
27079,Le Sueur,2024-12-01,741.0,43718.0,1984.0,938.0,652.0,394.0,5,5,0
27079,Le Sueur,2025-01-01,760.0,36263.0,2010.0,979.0,668.0,363.0,5,5,0
27079,Le Sueur,2025-02-01,751.0,46308.0,2066.0,1032.0,672.0,362.0,5,5,0
27079,Le Sueur,2025-03-01,770.0,54514.0,2059.0,1025.0,638.0,396.0,5,5,0
27079,Le Sueur,2025-04-01,799.0,52227.0,2234.0,1112.0,702.0,420.0,5,5,0
27079,Le Sueur,2025-05-01,746.0,49776.0,2076.0,1039.0,643.0,394.0,5,5,0
27079,Le Sueur,2025-06-01,759.0,49014.0,2140.0,1007.0,725.0,408.0,5,5,0
27079,Le Sueur,2025-07-01,835.0,52544.0,2226.0,1070.0,751.0,405.0,5,5,0
27079,Le Sueur,2025-08-01,739.0,48681.0,2079.0,1019.0,694.0,366.0,5,5,0
27079,Le Sueur,2025-09-01,736.0,48475.0,1998.0,979.0,637.0,382.0,5,5,0
27079,Le Sueur,2025-10-01,724.0,43926.0,2024.0,964.0,580.0,480.0,5,5,0
27079,Le Sueur,2025-11-01,723.0,43563.0,2004.0,978.0,644.0,382.0,5,5,0
27079,Le Sueur,2025-12-01,665.0,39558.0,1887.0,844.0,619.0,424.0,5,5,0
27079,Le Sueur,2026-01-01,668.0,40497.0,1677.0,811.0,548.0,318.0,5,5,0
27079,Le Sueur,2026-02-01,671.0,40154.0,1718.0,871.0,530.0,317.0,5,5,0
27079,Le Sueur,2026-03-01,691.0,40818.0,1821.0,923.0,572.0,326.0,5,5,0
27079,Le Sueur,2026-04-01,705.0,41346.0,1898.0,958.0,623.0,317.0,5,5,0
27079,Le Sueur,2026-05-01,638.0,37687.0,1699.0,856.0,541.0,302.0,4,4,0
27079,Le Sueur,2026-06-01,665.0,37437.0,1756.0,717.0,582.0,457.0,4,4,0
27079,Le Sueur,2026-07-01,664.0,40187.0,1176.0,633.0,343.0,200.0,4,4,0
27081,Lincoln,2022-01-01,829.0,734.0,782.0,14.0,5.0,763.0,1,1,0
27081,Lincoln,2022-02-01,78.0,1010.0,79.0,6.0,1.0,72.0,1,1,0
27081,Lincoln,2022-03-01,98.0,2624.0,131.0,38.0,11.0,82.0,1,1,0
27081,Lincoln,2022-04-01,77.0,1453.0,92.0,13.0,4.0,75.0,1,1,0
27081,Lincoln,2022-05-01,75.0,1040.0,114.0,18.0,8.0,88.0,1,1,0
27081,Lincoln,2022-06-01,89.0,1934.0,122.0,27.0,15.0,80.0,1,1,0
27081,Lincoln,2022-07-01,77.0,1431.0,99.0,17.0,5.0,77.0,1,1,0
27081,Lincoln,2022-08-01,84.0,2527.0,101.0,15.0,7.0,79.0,1,1,0
27081,Lincoln,2022-09-01,81.0,1636.0,113.0,14.0,11.0,88.0,1,1,0
27081,Lincoln,2022-10-01,72.0,1822.0,105.0,18.0,10.0,77.0,1,1,0
27081,Lincoln,2022-11-01,81.0,2311.0,120.0,28.0,9.0,83.0,1,1,0
27081,Lincoln,2022-12-01,95.0,2469.0,121.0,27.0,12.0,82.0,1,1,0
27081,Lincoln,2023-01-01,79.0,2232.0,108.0,23.0,18.0,67.0,1,1,0
27081,Lincoln,2023-02-01,73.0,1651.0,99.0,17.0,12.0,70.0,1,1,0
27081,Lincoln,2023-03-01,83.0,2546.0,106.0,29.0,5.0,72.0,1,1,0
27081,Lincoln,2023-04-01,90.0,2425.0,119.0,30.0,12.0,77.0,1,1,0
27081,Lincoln,2023-05-01,87.0,2450.0,142.0,35.0,35.0,72.0,1,1,0
27081,Lincoln,2023-06-01,51.0,2962.0,142.0,37.0,17.0,88.0,1,1,0
27081,Lincoln,2023-07-01,38.0,2557.0,116.0,30.0,11.0,75.0,1,1,0
27081,Lincoln,2023-08-01,58.0,3327.0,156.0,42.0,30.0,84.0,1,1,0
27081,Lincoln,2023-09-01,39.0,2624.0,136.0,36.0,18.0,82.0,1,1,0
27081,Lincoln,2023-10-01,50.0,3198.0,157.0,49.0,31.0,77.0,1,1,0
27081,Lincoln,2023-11-01,102.0,4113.0,192.0,56.0,53.0,83.0,1,1,0
27081,Lincoln,2023-12-01,95.0,4023.0,154.0,41.0,34.0,79.0,1,1,0
27081,Lincoln,2024-01-01,108.0,3759.0,192.0,64.0,43.0,85.0,1,1,0
27081,Lincoln,2024-02-01,90.0,2330.0,119.0,28.0,10.0,81.0,1,1,0
27081,Lincoln,2024-03-01,104.0,2137.0,137.0,28.0,20.0,89.0,1,1,0
27081,Lincoln,2024-04-01,120.0,3184.0,191.0,44.0,40.0,107.0,1,1,0
27081,Lincoln,2024-05-01,129.0,4299.0,227.0,62.0,51.0,114.0,1,1,0
27081,Lincoln,2024-06-01,101.0,2234.0,142.0,29.0,20.0,93.0,1,1,0
27081,Lincoln,2024-07-01,111.0,3351.0,156.0,51.0,43.0,62.0,1,1,0
27081,Lincoln,2024-08-01,104.0,3217.0,148.0,38.0,21.0,89.0,1,1,0
27081,Lincoln,2024-09-01,105.0,3258.0,154.0,33.0,26.0,95.0,1,1,0
27081,Lincoln,2024-10-01,102.0,2848.0,149.0,42.0,25.0,82.0,1,1,0
27081,Lincoln,2024-11-01,142.0,3916.0,178.0,48.0,40.0,90.0,1,1,0
27081,Lincoln,2024-12-01,123.0,3295.0,151.0,35.0,32.0,84.0,1,1,0
27081,Lincoln,2025-01-01,102.0,2752.0,148.0,44.0,25.0,79.0,1,1,0
27081,Lincoln,2025-02-01,120.0,2941.0,149.0,38.0,26.0,85.0,1,1,0
27081,Lincoln,2025-03-01,96.0,2829.0,140.0,36.0,24.0,80.0,1,1,0
27081,Lincoln,2025-04-01,96.0,2707.0,148.0,44.0,30.0,74.0,1,1,0
27081,Lincoln,2025-05-01,120.0,3194.0,176.0,50.0,30.0,96.0,1,1,0
27081,Lincoln,2025-06-01,112.0,3051.0,172.0,43.0,24.0,105.0,1,1,0
27081,Lincoln,2025-07-01,124.0,3046.0,182.0,56.0,22.0,104.0,1,1,0
27081,Lincoln,2025-08-01,114.0,2780.0,149.0,43.0,8.0,98.0,1,1,0
27081,Lincoln,2025-09-01,133.0,3872.0,196.0,63.0,25.0,108.0,1,1,0
27081,Lincoln,2025-10-01,124.0,3932.0,190.0,59.0,29.0,102.0,1,1,0
27081,Lincoln,2025-11-01,168.0,5339.0,229.0,72.0,61.0,96.0,1,1,0
27081,Lincoln,2025-12-01,117.0,4845.0,232.0,53.0,54.0,125.0,1,1,0
27081,Lincoln,2026-01-01,101.0,3127.0,155.0,46.0,25.0,84.0,1,1,0
27081,Lincoln,2026-02-01,106.0,3593.0,164.0,45.0,32.0,87.0,1,1,0
27081,Lincoln,2026-03-01,404.0,3265.0,154.0,38.0,28.0,88.0,1,1,0
27081,Lincoln,2026-04-01,106.0,3717.0,164.0,33.0,41.0,90.0,1,1,0
27081,Lincoln,2026-05-01,96.0,2784.0,147.0,37.0,24.0,86.0,1,1,0
27081,Lincoln,2026-06-01,108.0,3235.0,164.0,48.0,21.0,95.0,1,1,0
27081,Lincoln,2026-07-01,116.0,3713.0,173.0,56.0,18.0,99.0,1,1,0
27083,Lyon,2022-01-01,279.0,23915.0,657.0,365.0,228.0,64.0,2,2,0
27083,Lyon,2022-02-01,325.0,21385.0,571.0,265.0,246.0,60.0,2,2,0
27083,Lyon,2022-03-01,268.0,21989.0,606.0,324.0,204.0,78.0,2,2,0
27083,Lyon,2022-04-01,273.0,21338.0,655.0,370.0,214.0,71.0,2,2,0
27083,Lyon,2022-05-01,272.0,23883.0,682.0,371.0,246.0,65.0,2,2,0
27083,Lyon,2022-06-01,323.0,27144.0,819.0,448.0,286.0,85.0,2,2,0
27083,Lyon,2022-07-01,313.0,27717.0,780.0,433.0,262.0,85.0,2,2,0
27083,Lyon,2022-08-01,297.0,26222.0,679.0,397.0,210.0,72.0,2,2,0
27083,Lyon,2022-09-01,315.0,26495.0,741.0,422.0,230.0,89.0,2,2,0
27083,Lyon,2022-10-01,279.0,23064.0,637.0,355.0,204.0,78.0,2,2,0
27083,Lyon,2022-11-01,288.0,24995.0,676.0,378.0,219.0,79.0,2,2,0
27083,Lyon,2022-12-01,271.0,25523.0,663.0,351.0,234.0,78.0,2,2,0
27083,Lyon,2023-01-01,674.0,23453.0,722.0,395.0,241.0,86.0,2,2,0
27083,Lyon,2023-02-01,256.0,19739.0,671.0,373.0,230.0,68.0,2,2,0
27083,Lyon,2023-03-01,318.0,23887.0,760.0,398.0,261.0,101.0,2,2,0
27083,Lyon,2023-04-01,388.0,30685.0,988.0,509.0,358.0,121.0,2,2,0
27083,Lyon,2023-05-01,390.0,29666.0,972.0,492.0,369.0,111.0,2,2,0
27083,Lyon,2023-06-01,450.0,30044.0,1118.0,617.0,393.0,108.0,2,2,0
27083,Lyon,2023-07-01,441.0,27897.0,1159.0,640.0,415.0,104.0,2,2,0
27083,Lyon,2023-08-01,414.0,28927.0,1070.0,606.0,365.0,99.0,2,2,0
27083,Lyon,2023-09-01,427.0,27805.0,1109.0,605.0,399.0,105.0,2,2,0
27083,Lyon,2023-10-01,423.0,29988.0,1131.0,618.0,408.0,105.0,2,2,0
27083,Lyon,2023-11-01,450.0,27468.0,1223.0,653.0,466.0,104.0,2,2,0
27083,Lyon,2023-12-01,458.0,32195.0,1283.0,703.0,476.0,104.0,2,2,0
27083,Lyon,2024-01-01,450.0,30226.0,1184.0,651.0,450.0,83.0,2,2,0
27083,Lyon,2024-02-01,410.0,29611.0,1167.0,635.0,444.0,88.0,2,2,0
27083,Lyon,2024-03-01,364.0,31235.0,1142.0,637.0,419.0,86.0,2,2,0
27083,Lyon,2024-04-01,453.0,31471.0,1207.0,650.0,460.0,97.0,2,2,0
27083,Lyon,2024-05-01,484.0,34287.0,1334.0,705.0,532.0,97.0,2,2,0
27083,Lyon,2024-06-01,468.0,30081.0,1288.0,705.0,488.0,95.0,2,2,0
27083,Lyon,2024-07-01,521.0,32705.0,1509.0,807.0,612.0,90.0,2,2,0
27083,Lyon,2024-08-01,522.0,33450.0,1410.0,779.0,528.0,103.0,2,2,0
27083,Lyon,2024-09-01,505.0,33551.0,1382.0,726.0,559.0,97.0,2,2,0
27083,Lyon,2024-10-01,554.0,36112.0,1525.0,812.0,608.0,105.0,2,2,0
27083,Lyon,2024-11-01,510.0,35018.0,1372.0,769.0,502.0,101.0,2,2,0
27083,Lyon,2024-12-01,510.0,36333.0,1460.0,791.0,574.0,95.0,2,2,0
27083,Lyon,2025-01-01,1219.0,34976.0,1311.0,696.0,487.0,128.0,2,2,0
27083,Lyon,2025-02-01,487.0,35929.0,1317.0,723.0,473.0,121.0,2,2,0
27083,Lyon,2025-03-01,527.0,38708.0,1442.0,805.0,501.0,136.0,2,2,0
27083,Lyon,2025-04-01,518.0,37194.0,1394.0,800.0,478.0,116.0,2,2,0
27083,Lyon,2025-05-01,514.0,35427.0,1363.0,736.0,502.0,125.0,2,2,0
27083,Lyon,2025-06-01,531.0,35656.0,1381.0,783.0,473.0,125.0,2,2,0
27083,Lyon,2025-07-01,546.0,36148.0,1416.0,778.0,507.0,131.0,2,2,0
27083,Lyon,2025-08-01,562.0,38328.0,1501.0,830.0,547.0,124.0,2,2,0
27083,Lyon,2025-09-01,566.0,39757.0,1491.0,811.0,548.0,132.0,2,2,0
27083,Lyon,2025-10-01,1240.0,48239.0,2324.0,1546.0,635.0,143.0,3,3,0
27083,Lyon,2025-11-01,886.0,38760.0,1782.0,1147.0,508.0,127.0,3,3,0
27083,Lyon,2025-12-01,649.0,42423.0,1638.0,961.0,561.0,116.0,3,3,0
27083,Lyon,2026-01-01,750.0,37436.0,1608.0,991.0,499.0,118.0,3,3,0
27083,Lyon,2026-02-01,972.0,43865.0,1823.0,1228.0,470.0,125.0,3,3,0
27083,Lyon,2026-03-01,834.0,42974.0,1650.0,1070.0,451.0,129.0,3,3,0
27083,Lyon,2026-04-01,989.0,42149.0,1779.0,1155.0,493.0,131.0,3,3,0
27083,Lyon,2026-05-01,556.0,38585.0,1480.0,853.0,489.0,138.0,3,3,0
27083,Lyon,2026-06-01,611.0,39768.0,1609.0,928.0,544.0,137.0,3,3,0
27083,Lyon,2026-07-01,610.0,42233.0,1575.0,889.0,550.0,136.0,3,3,0
27085,McLeod,2022-01-01,1339.0,93039.0,3587.0,1955.0,1106.0,526.0,3,3,0
27085,McLeod,2022-02-01,1155.0,35851.0,1573.0,863.0,418.0,292.0,2,2,0
27085,McLeod,2022-03-01,742.0,41610.0,1869.0,995.0,525.0,349.0,3,3,0
27085,McLeod,2022-04-01,716.0,39114.0,1790.0,928.0,508.0,354.0,2,2,0
27085,McLeod,2022-05-01,814.0,45481.0,2132.0,1106.0,630.0,396.0,2,2,0
27085,McLeod,2022-06-01,994.0,51993.0,2405.0,1294.0,671.0,440.0,2,2,0
27085,McLeod,2022-07-01,1023.0,52578.0,2313.0,1284.0,595.0,434.0,2,2,0
27085,McLeod,2022-08-01,1051.0,50347.0,2421.0,1370.0,593.0,458.0,2,2,0
27085,McLeod,2022-09-01,1045.0,70221.0,2465.0,1345.0,639.0,481.0,2,2,0
27085,McLeod,2022-10-01,953.0,48725.0,2282.0,1228.0,613.0,441.0,3,3,0
27085,McLeod,2022-11-01,936.0,53365.0,2373.0,1288.0,661.0,424.0,2,2,0
27085,McLeod,2022-12-01,805.0,48109.0,2161.0,1131.0,652.0,378.0,3,3,0
27085,McLeod,2023-01-01,836.0,50061.0,2298.0,1230.0,681.0,387.0,3,3,0
27085,McLeod,2023-02-01,836.0,47841.0,2274.0,1221.0,679.0,374.0,3,3,0
27085,McLeod,2023-03-01,1022.0,54723.0,2741.0,1508.0,797.0,436.0,3,3,0
27085,McLeod,2023-04-01,965.0,54348.0,2659.0,1446.0,801.0,412.0,3,3,0
27085,McLeod,2023-05-01,1123.0,55474.0,2852.0,1562.0,767.0,523.0,3,3,0
27085,McLeod,2023-06-01,1233.0,58611.0,3103.0,1714.0,882.0,507.0,3,3,0
27085,McLeod,2023-07-01,1479.0,63322.0,3372.0,1853.0,946.0,573.0,3,3,0
27085,McLeod,2023-08-01,1361.0,65177.0,3179.0,1747.0,868.0,564.0,3,3,0
27085,McLeod,2023-09-01,1208.0,56582.0,2837.0,1539.0,792.0,506.0,3,3,0
27085,McLeod,2023-10-01,1234.0,61026.0,3053.0,1663.0,858.0,532.0,3,3,0
27085,McLeod,2023-11-01,1160.0,57574.0,3064.0,1675.0,902.0,487.0,3,3,0
27085,McLeod,2023-12-01,1030.0,56456.0,2671.0,1441.0,787.0,443.0,3,3,0
27085,McLeod,2024-01-01,1078.0,53573.0,1852.0,1009.0,584.0,259.0,3,3,0
27085,McLeod,2024-02-01,1069.0,49434.0,1774.0,1000.0,498.0,276.0,3,3,0
27085,McLeod,2024-03-01,987.0,42399.0,4761.0,2670.0,1335.0,756.0,3,3,0
27085,McLeod,2024-04-01,1085.0,47586.0,2748.0,1508.0,788.0,452.0,3,3,0
27085,McLeod,2024-05-01,1091.0,53346.0,2854.0,1522.0,851.0,481.0,3,3,0
27085,McLeod,2024-06-01,804.0,35263.0,1975.0,1099.0,570.0,306.0,3,3,0
27085,McLeod,2024-07-01,1536.0,67567.0,3499.0,1976.0,957.0,566.0,3,3,0
27085,McLeod,2024-08-01,1404.0,57549.0,3065.0,1729.0,792.0,544.0,3,3,0
27085,McLeod,2024-09-01,1178.0,60226.0,2871.0,1537.0,837.0,497.0,3,3,0
27085,McLeod,2024-10-01,1274.0,62033.0,3068.0,1716.0,863.0,489.0,3,3,0
27085,McLeod,2024-11-01,1050.0,56976.0,3262.0,1560.0,806.0,896.0,3,3,0
27085,McLeod,2024-12-01,982.0,56005.0,2604.0,1465.0,781.0,358.0,3,3,0
27085,McLeod,2025-01-01,1113.0,59575.0,2913.0,1611.0,873.0,429.0,3,3,0
27085,McLeod,2025-02-01,1013.0,52171.0,2590.0,1471.0,722.0,397.0,3,3,0
27085,McLeod,2025-03-01,1056.0,54928.0,2665.0,1476.0,746.0,443.0,3,3,0
27085,McLeod,2025-04-01,1062.0,52403.0,2640.0,1437.0,738.0,465.0,3,3,0
27085,McLeod,2025-05-01,1135.0,54924.0,2841.0,1572.0,798.0,471.0,3,3,0
27085,McLeod,2025-06-01,1304.0,63162.0,3157.0,1773.0,870.0,514.0,3,3,0
27085,McLeod,2025-07-01,1555.0,72471.0,3954.0,1990.0,957.0,1007.0,3,3,0
27085,McLeod,2025-08-01,1385.0,65259.0,3306.0,1834.0,938.0,534.0,3,3,0
27085,McLeod,2025-09-01,1329.0,64198.0,3264.0,1810.0,907.0,547.0,3,3,0
27085,McLeod,2025-10-01,1418.0,69505.0,3489.0,1900.0,971.0,618.0,3,3,0
27085,McLeod,2025-11-01,1145.0,65157.0,3123.0,1731.0,921.0,471.0,3,3,0
27085,McLeod,2025-12-01,1080.0,66313.0,3437.0,1662.0,873.0,902.0,3,3,0
27085,McLeod,2026-01-01,1124.0,63113.0,2993.0,1669.0,869.0,455.0,3,3,0
27085,McLeod,2026-02-01,1034.0,56097.0,2565.0,1476.0,625.0,464.0,3,3,0
27085,McLeod,2026-03-01,1158.0,61607.0,2968.0,1658.0,786.0,524.0,3,3,0
27085,McLeod,2026-04-01,1264.0,68049.0,3274.0,1800.0,865.0,609.0,3,3,0
27085,McLeod,2026-05-01,1212.0,65075.0,3145.0,1693.0,860.0,592.0,3,3,0
27085,McLeod,2026-06-01,1454.0,74890.0,3775.0,2071.0,1078.0,626.0,3,3,0
27085,McLeod,2026-07-01,1652.0,82406.0,3955.0,2241.0,1045.0,669.0,3,3,0
27087,Mahnomen,2022-01-01,29.0,2320.0,108.0,48.0,48.0,12.0,1,1,0
27087,Mahnomen,2022-02-01,20.0,1600.0,62.0,24.0,31.0,7.0,1,1,0
27087,Mahnomen,2022-03-01,352.0,3390.0,905.0,439.0,351.0,115.0,2,2,0
27087,Mahnomen,2022-04-01,710.0,80215.0,830.0,332.0,322.0,176.0,2,2,0
27087,Mahnomen,2022-05-01,361.0,41160.0,1060.0,504.0,380.0,176.0,2,2,0
27087,Mahnomen,2022-06-01,367.0,4240.0,998.0,482.0,398.0,118.0,2,2,0
27087,Mahnomen,2022-07-01,340.0,39720.0,930.0,420.0,394.0,116.0,2,2,0
27087,Mahnomen,2022-08-01,385.0,13563.0,932.0,436.0,346.0,150.0,2,2,0
27087,Mahnomen,2022-09-01,384.0,37720.0,1092.0,437.0,405.0,250.0,2,2,0
27087,Mahnomen,2022-10-01,364.0,43835.0,968.0,387.0,397.0,184.0,2,2,0
27087,Mahnomen,2022-11-01,424.0,45560.0,1119.0,455.0,420.0,244.0,2,2,0
27087,Mahnomen,2022-12-01,387.0,44898.0,1282.0,380.0,695.0,207.0,2,2,0
27087,Mahnomen,2023-01-01,443.0,55690.0,1166.0,439.0,475.0,252.0,2,2,0
27087,Mahnomen,2023-02-01,437.0,59020.0,1094.0,425.0,432.0,237.0,2,2,0
27087,Mahnomen,2023-03-01,452.0,42340.0,1166.0,462.0,458.0,246.0,2,2,0
27087,Mahnomen,2023-04-01,436.0,40850.0,1096.0,421.0,402.0,273.0,2,2,0
27087,Mahnomen,2023-05-01,485.0,45175.0,1283.0,526.0,485.0,272.0,2,2,0
27087,Mahnomen,2023-06-01,483.0,43944.0,1255.0,486.0,487.0,282.0,2,2,0
27087,Mahnomen,2023-07-01,533.0,46608.0,1381.0,529.0,546.0,306.0,2,2,0
27087,Mahnomen,2023-08-01,535.0,38228.0,1423.0,551.0,577.0,295.0,2,2,0
27087,Mahnomen,2023-09-01,480.0,12420.0,1291.0,458.0,509.0,324.0,2,2,0
27087,Mahnomen,2023-10-01,475.0,7504.0,1224.0,476.0,470.0,278.0,2,2,0
27087,Mahnomen,2023-11-01,225.0,9900.0,635.0,270.0,255.0,110.0,2,2,0
27087,Mahnomen,2023-12-01,48.0,3720.0,160.0,80.0,66.0,14.0,2,2,0
27087,Mahnomen,2024-01-01,83.0,4096.0,270.0,130.0,118.0,22.0,2,2,0
27087,Mahnomen,2024-02-01,56.0,2104.0,174.0,83.0,70.0,21.0,2,2,0
27087,Mahnomen,2024-03-01,65.0,3137.0,213.0,103.0,91.0,19.0,2,2,0
27087,Mahnomen,2024-04-01,110.0,6189.0,321.0,142.0,137.0,42.0,2,2,0
27087,Mahnomen,2024-05-01,330.0,12917.0,677.0,308.0,243.0,126.0,2,2,0
27087,Mahnomen,2024-06-01,446.0,21417.0,1100.0,459.0,412.0,229.0,2,2,0
27087,Mahnomen,2024-07-01,493.0,21701.0,1297.0,467.0,574.0,256.0,2,2,0
27087,Mahnomen,2024-08-01,531.0,24688.0,846.0,126.0,440.0,280.0,2,2,0
27087,Mahnomen,2024-09-01,362.0,18752.0,830.0,319.0,297.0,214.0,2,2,0
27087,Mahnomen,2024-10-01,88.0,4353.0,145.0,72.0,63.0,10.0,2,2,0
27087,Mahnomen,2024-11-01,78.0,3755.0,78.0,36.0,33.0,9.0,2,1,1
27087,Mahnomen,2024-12-01,330.0,22719.0,644.0,280.0,219.0,145.0,2,2,0
27087,Mahnomen,2025-01-01,455.0,35371.0,980.0,441.0,339.0,200.0,2,2,0
27087,Mahnomen,2025-02-01,463.0,36038.0,1161.0,562.0,359.0,240.0,2,2,0
27087,Mahnomen,2025-03-01,516.0,38909.0,1300.0,609.0,414.0,277.0,2,2,0
27087,Mahnomen,2025-04-01,473.0,30973.0,1145.0,524.0,358.0,263.0,2,2,0
27087,Mahnomen,2025-05-01,356.0,26142.0,1007.0,512.0,285.0,210.0,2,2,0
27087,Mahnomen,2025-06-01,416.0,25465.0,1021.0,462.0,355.0,204.0,2,2,0
27087,Mahnomen,2025-07-01,384.0,19089.0,1014.0,464.0,312.0,238.0,2,2,0
27087,Mahnomen,2025-08-01,486.0,31588.0,1177.0,535.0,384.0,258.0,2,2,0
27087,Mahnomen,2025-09-01,331.0,20633.0,713.0,320.0,196.0,197.0,2,2,0
27087,Mahnomen,2025-10-01,300.0,26343.0,669.0,295.0,186.0,188.0,2,1,1
27087,Mahnomen,2025-11-01,608.0,51992.0,1676.0,755.0,613.0,308.0,2,2,0
27087,Mahnomen,2025-12-01,488.0,36384.0,1184.0,541.0,383.0,260.0,2,2,0
27087,Mahnomen,2026-01-01,460.0,31352.0,1070.0,504.0,304.0,262.0,2,2,0
27087,Mahnomen,2026-02-01,440.0,37712.0,989.0,434.0,277.0,278.0,2,2,0
27087,Mahnomen,2026-03-01,447.0,31177.0,994.0,484.0,239.0,271.0,2,2,0
27087,Mahnomen,2026-04-01,525.0,36614.0,1405.0,641.0,456.0,308.0,2,2,0
27087,Mahnomen,2026-05-01,546.0,40809.0,1373.0,675.0,379.0,319.0,2,2,0
27087,Mahnomen,2026-06-01,505.0,36530.0,1317.0,638.0,378.0,301.0,2,2,0
27087,Mahnomen,2026-07-01,585.0,41406.0,1489.0,693.0,460.0,336.0,2,2,0
27089,Marshall,2022-01-01,87.0,7265.0,207.0,113.0,57.0,37.0,4,4,0
27089,Marshall,2022-02-01,83.0,7582.0,194.0,101.0,56.0,37.0,4,4,0
27089,Marshall,2022-03-01,106.0,8987.0,267.0,137.0,84.0,46.0,4,4,0
27089,Marshall,2022-04-01,110.0,7982.0,261.0,145.0,73.0,43.0,4,4,0
27089,Marshall,2022-05-01,110.0,8559.0,260.0,141.0,76.0,43.0,4,4,0
27089,Marshall,2022-06-01,110.0,8990.0,299.0,148.0,99.0,52.0,4,4,0
27089,Marshall,2022-07-01,105.0,8475.0,252.0,140.0,63.0,49.0,4,4,0
27089,Marshall,2022-08-01,89.0,5313.0,236.0,119.0,74.0,43.0,4,4,0
27089,Marshall,2022-09-01,101.0,6509.0,283.0,153.0,82.0,48.0,4,4,0
27089,Marshall,2022-10-01,91.0,5630.0,239.0,124.0,71.0,44.0,4,4,0
27089,Marshall,2022-11-01,123.0,8867.0,266.0,139.0,84.0,43.0,4,4,0
27089,Marshall,2022-12-01,105.0,6023.0,225.0,114.0,80.0,31.0,4,4,0
27089,Marshall,2023-01-01,103.0,7754.0,233.0,120.0,74.0,39.0,4,4,0
27089,Marshall,2023-02-01,105.0,7367.0,225.0,114.0,60.0,51.0,4,4,0
27089,Marshall,2023-03-01,97.0,7627.0,222.0,106.0,70.0,46.0,4,4,0
27089,Marshall,2023-04-01,86.0,7388.0,236.0,124.0,73.0,39.0,4,4,0
27089,Marshall,2023-05-01,135.0,8353.0,292.0,145.0,98.0,49.0,4,4,0
27089,Marshall,2023-06-01,111.0,9021.0,290.0,140.0,101.0,49.0,4,4,0
27089,Marshall,2023-07-01,116.0,7807.0,284.0,148.0,75.0,61.0,4,4,0
27089,Marshall,2023-08-01,131.0,9415.0,330.0,158.0,115.0,57.0,4,4,0
27089,Marshall,2023-09-01,117.0,7075.2,252.0,128.0,72.0,52.0,4,4,0
27089,Marshall,2023-10-01,116.0,6889.9,258.0,125.0,76.0,57.0,4,4,0
27089,Marshall,2023-11-01,128.0,9509.3,305.0,151.0,91.0,63.0,4,4,0
27089,Marshall,2023-12-01,116.0,8015.2,254.0,122.0,69.0,63.0,4,4,0
27089,Marshall,2024-01-01,112.0,6925.9,237.0,105.0,63.0,69.0,4,4,0
27089,Marshall,2024-02-01,106.0,7148.8,207.0,88.0,61.0,58.0,4,4,0
27089,Marshall,2024-03-01,131.0,9610.6,299.0,143.0,90.0,66.0,4,4,0
27089,Marshall,2024-04-01,130.0,9902.880000000001,286.0,136.0,75.0,75.0,4,4,0
27089,Marshall,2024-05-01,135.0,7689.4,306.0,141.0,84.0,81.0,4,4,0
27089,Marshall,2024-06-01,126.0,8560.0,274.0,118.0,70.0,86.0,4,4,0
27089,Marshall,2024-07-01,134.0,9603.5,328.0,159.0,95.0,74.0,4,4,0
27089,Marshall,2024-08-01,143.0,8675.0,293.0,139.0,73.0,81.0,4,4,0
27089,Marshall,2024-09-01,136.0,7496.0,296.0,138.0,86.0,72.0,4,4,0
27089,Marshall,2024-10-01,134.0,7895.4,305.0,142.0,90.0,73.0,4,4,0
27089,Marshall,2024-11-01,158.0,10935.2,741.0,147.0,506.0,88.0,4,4,0
27089,Marshall,2024-12-01,133.0,8475.0,301.0,123.0,94.0,84.0,4,4,0
27089,Marshall,2025-01-01,132.0,8400.0,296.0,141.0,89.0,66.0,4,4,0
27089,Marshall,2025-02-01,121.0,7169.0,251.0,114.0,73.0,64.0,4,4,0
27089,Marshall,2025-03-01,131.0,8860.0,281.0,136.0,71.0,74.0,4,4,0
27089,Marshall,2025-04-01,132.0,8215.0,274.0,128.0,69.0,77.0,4,4,0
27089,Marshall,2025-05-01,129.0,7807.0,268.0,126.0,66.0,76.0,4,4,0
27089,Marshall,2025-06-01,135.0,8091.0,304.0,150.0,81.0,73.0,4,4,0
27089,Marshall,2025-07-01,117.0,6726.0,305.0,148.0,79.0,78.0,4,4,0
27089,Marshall,2025-08-01,115.0,6874.0,285.0,141.0,77.0,67.0,4,4,0
27089,Marshall,2025-09-01,124.0,6783.28,287.0,137.0,80.0,70.0,4,4,0
27089,Marshall,2025-10-01,126.0,8984.0,286.0,126.0,86.0,74.0,4,4,0
27089,Marshall,2025-11-01,182.0,10134.0,402.0,181.0,111.0,110.0,4,4,0
27089,Marshall,2025-12-01,139.0,8864.0,321.0,156.0,96.0,69.0,4,4,0
27089,Marshall,2026-01-01,118.0,8088.0,278.0,129.0,80.0,69.0,4,4,0
27089,Marshall,2026-02-01,122.0,7698.0,253.0,117.0,70.0,66.0,4,4,0
27089,Marshall,2026-03-01,131.0,7355.0,261.0,124.0,63.0,74.0,4,4,0
27089,Marshall,2026-04-01,126.0,6676.0,248.0,120.0,54.0,74.0,4,4,0
27089,Marshall,2026-05-01,144.0,7271.0,310.0,151.0,80.0,79.0,4,4,0
27089,Marshall,2026-06-01,140.0,7105.0,300.0,147.0,85.0,68.0,4,4,0
27089,Marshall,2026-07-01,129.0,6783.0,301.0,152.0,83.0,66.0,4,4,0
27091,Martin,2022-01-01,501.0,21789.0,531.0,287.0,177.0,67.0,2,2,0
27091,Martin,2022-02-01,361.0,21279.0,561.0,268.0,200.0,93.0,2,2,0
27091,Martin,2022-03-01,283.0,46306.0,655.0,340.0,182.0,133.0,2,2,0
27091,Martin,2022-04-01,283.0,24258.0,671.0,311.0,196.0,164.0,1,1,0
27091,Martin,2022-05-01,347.0,28078.0,821.0,415.0,230.0,176.0,2,2,0
27091,Martin,2022-06-01,378.0,28134.0,916.0,446.0,285.0,185.0,2,2,0
27091,Martin,2022-07-01,854.0,29364.0,892.0,428.0,270.0,194.0,2,2,0
27091,Martin,2022-08-01,376.0,29776.0,862.0,454.0,215.0,193.0,2,2,0
27091,Martin,2022-09-01,909.0,30653.0,959.0,481.0,276.0,202.0,2,2,0
27091,Martin,2022-10-01,411.0,29213.0,978.0,473.0,292.0,213.0,2,2,0
27091,Martin,2022-11-01,407.0,29525.0,922.0,460.0,255.0,207.0,2,2,0
27091,Martin,2022-12-01,912.0,29947.0,979.0,506.0,281.0,192.0,2,2,0
27091,Martin,2023-01-01,420.0,35012.0,1001.0,516.0,287.0,198.0,2,2,0
27091,Martin,2023-02-01,367.0,24052.0,803.0,411.0,206.0,186.0,2,2,0
27091,Martin,2023-03-01,394.0,40792.0,932.0,469.0,259.0,204.0,2,2,0
27091,Martin,2023-04-01,438.0,29872.0,1007.0,528.0,265.0,214.0,2,2,0
27091,Martin,2023-05-01,472.0,33177.0,1170.0,608.0,351.0,211.0,2,2,0
27091,Martin,2023-06-01,520.0,35315.0,1311.0,687.0,401.0,223.0,2,2,0
27091,Martin,2023-07-01,497.0,34178.0,1235.0,653.0,368.0,214.0,2,2,0
27091,Martin,2023-08-01,482.0,36286.0,1223.0,628.0,370.0,225.0,2,2,0
27091,Martin,2023-09-01,509.0,35396.0,1248.0,650.0,371.0,227.0,2,2,0
27091,Martin,2023-10-01,530.0,35152.0,1276.0,660.0,385.0,231.0,2,2,0
27091,Martin,2023-11-01,548.0,42443.0,1356.0,696.0,509.0,151.0,2,2,0
27091,Martin,2023-12-01,520.0,39059.0,1288.0,646.0,396.0,246.0,2,2,0
27091,Martin,2024-01-01,514.0,42849.0,1331.0,663.0,452.0,216.0,2,2,0
27091,Martin,2024-02-01,481.0,32823.0,1197.0,603.0,392.0,202.0,2,2,0
27091,Martin,2024-03-01,500.0,32984.0,1195.0,619.0,347.0,229.0,2,2,0
27091,Martin,2024-04-01,508.0,35848.0,1301.0,649.0,432.0,220.0,2,2,0
27091,Martin,2024-05-01,415.0,36882.0,1335.0,664.0,461.0,210.0,2,2,0
27091,Martin,2024-06-01,514.0,34415.0,1348.0,680.0,453.0,215.0,2,2,0
27091,Martin,2024-07-01,519.0,35196.0,1343.0,674.0,478.0,191.0,2,2,0
27091,Martin,2024-08-01,526.0,36507.0,1314.0,682.0,423.0,209.0,2,2,0
27091,Martin,2024-09-01,486.0,34041.0,1086.0,638.0,415.0,33.0,2,2,0
27091,Martin,2024-10-01,539.0,37250.0,1355.0,715.0,435.0,205.0,2,2,0
27091,Martin,2024-11-01,491.0,39824.0,1250.0,648.0,404.0,198.0,2,2,0
27091,Martin,2024-12-01,448.0,36360.0,1182.0,619.0,389.0,174.0,2,2,0
27091,Martin,2025-01-01,499.0,36195.0,1276.0,681.0,407.0,188.0,2,2,0
27091,Martin,2025-02-01,436.0,30135.0,1128.0,577.0,368.0,183.0,2,2,0
27091,Martin,2025-03-01,437.0,30879.0,1085.0,557.0,345.0,183.0,2,2,0
27091,Martin,2025-04-01,514.0,36126.0,1283.0,658.0,391.0,234.0,2,2,0
27091,Martin,2025-05-01,494.0,35663.0,1193.0,639.0,371.0,183.0,2,2,0
27091,Martin,2025-06-01,464.0,31629.0,1180.0,612.0,366.0,202.0,2,2,0
27091,Martin,2025-07-01,544.0,42056.0,1453.0,747.0,492.0,214.0,2,2,0
27091,Martin,2025-08-01,513.0,40820.0,1320.0,671.0,425.0,224.0,2,2,0
27091,Martin,2025-09-01,514.0,38572.0,1308.0,672.0,421.0,215.0,2,2,0
27091,Martin,2025-10-01,625.0,47049.0,1645.0,851.0,558.0,236.0,2,2,0
27091,Martin,2025-11-01,607.0,46418.0,1519.0,785.0,485.0,249.0,2,2,0
27091,Martin,2025-12-01,526.0,42157.0,1325.0,701.0,407.0,217.0,2,2,0
27091,Martin,2026-01-01,557.0,45319.0,1430.0,736.0,466.0,228.0,2,2,0
27091,Martin,2026-02-01,498.0,34793.0,1266.0,671.0,373.0,222.0,2,2,0
27091,Martin,2026-03-01,546.0,37700.0,1233.0,631.0,380.0,222.0,2,2,0
27091,Martin,2026-04-01,558.0,41728.0,1444.0,762.0,434.0,248.0,2,2,0
27091,Martin,2026-05-01,542.0,43178.0,1455.0,779.0,458.0,218.0,2,2,0
27091,Martin,2026-06-01,721.0,47274.0,1812.0,932.0,563.0,317.0,2,2,0
27091,Martin,2026-07-01,698.0,48030.0,1628.0,819.0,471.0,338.0,2,2,0
27093,Meeker,2022-01-01,269.0,14255.0,517.0,286.0,161.0,70.0,1,1,0
27093,Meeker,2022-02-01,341.0,13307.0,479.0,267.0,138.0,74.0,1,1,0
27093,Meeker,2022-03-01,275.0,15555.0,523.0,295.0,155.0,73.0,1,1,0
27093,Meeker,2022-04-01,320.0,19232.0,587.0,343.0,166.0,78.0,1,1,0
27093,Meeker,2022-05-01,320.0,17082.0,588.0,310.0,192.0,86.0,1,1,0
27093,Meeker,2022-06-01,364.0,17893.0,686.0,386.0,209.0,91.0,1,1,0
27093,Meeker,2022-07-01,338.0,15831.0,617.0,341.0,193.0,83.0,1,1,0
27093,Meeker,2022-08-01,458.0,17735.0,697.0,399.0,201.0,97.0,1,1,0
27093,Meeker,2022-09-01,430.0,18062.0,663.0,378.0,194.0,91.0,1,1,0
27093,Meeker,2022-10-01,419.0,18668.0,670.0,379.0,201.0,90.0,1,1,0
27093,Meeker,2022-11-01,417.0,18253.0,650.0,379.0,172.0,99.0,1,1,0
27093,Meeker,2022-12-01,410.0,17830.0,706.0,410.0,205.0,91.0,1,1,0
27093,Meeker,2023-01-01,328.0,18398.0,726.0,394.0,183.0,149.0,1,1,0
27093,Meeker,2023-02-01,298.0,17284.0,681.0,361.0,177.0,143.0,1,1,0
27093,Meeker,2023-03-01,344.0,20579.0,777.0,429.0,196.0,152.0,1,1,0
27093,Meeker,2023-04-01,349.0,21043.0,795.0,425.0,212.0,158.0,1,1,0
27093,Meeker,2023-05-01,380.0,22132.0,868.0,491.0,219.0,158.0,1,1,0
27093,Meeker,2023-06-01,389.0,22171.0,931.0,493.0,275.0,163.0,1,1,0
27093,Meeker,2023-07-01,409.0,23948.0,1028.0,548.0,313.0,167.0,1,1,0
27093,Meeker,2023-08-01,414.0,24741.0,1001.0,571.0,271.0,159.0,1,1,0
27093,Meeker,2023-09-01,394.0,23375.0,966.0,522.0,292.0,152.0,1,1,0
27093,Meeker,2023-10-01,427.0,25905.0,1073.0,587.0,318.0,168.0,1,1,0
27093,Meeker,2023-11-01,426.0,24762.0,1025.0,550.0,306.0,169.0,1,1,0
27093,Meeker,2023-12-01,408.0,25415.0,1016.0,530.0,308.0,178.0,1,1,0
27093,Meeker,2024-01-01,414.0,24146.0,1026.0,589.0,281.0,156.0,1,1,0
27093,Meeker,2024-02-01,378.0,20827.0,932.0,530.0,243.0,159.0,1,1,0
27093,Meeker,2024-03-01,419.0,23195.0,1015.0,580.0,269.0,166.0,1,1,0
27093,Meeker,2024-04-01,402.0,25173.0,1003.0,573.0,264.0,166.0,1,1,0
27093,Meeker,2024-05-01,462.0,27116.0,1115.0,644.0,297.0,174.0,1,1,0
27093,Meeker,2024-06-01,467.0,26895.0,1179.0,668.0,336.0,175.0,1,1,0
27093,Meeker,2024-07-01,452.0,28516.0,1210.0,671.0,370.0,169.0,1,1,0
27093,Meeker,2024-08-01,456.0,26769.0,1173.0,665.0,341.0,167.0,1,1,0
27093,Meeker,2024-09-01,443.0,28070.0,1126.0,663.0,295.0,168.0,1,1,0
27093,Meeker,2024-10-01,465.0,29482.0,1157.0,666.0,321.0,170.0,1,1,0
27093,Meeker,2024-11-01,445.0,24883.0,1235.0,706.0,363.0,166.0,1,1,0
27093,Meeker,2024-12-01,477.0,30657.0,1236.0,714.0,356.0,166.0,1,1,0
27093,Meeker,2025-01-01,481.0,30222.0,1204.0,715.0,318.0,171.0,1,1,0
27093,Meeker,2025-02-01,445.0,27390.0,1113.0,675.0,279.0,159.0,1,1,0
27093,Meeker,2025-03-01,465.0,28730.0,1162.0,666.0,313.0,183.0,1,1,0
27093,Meeker,2025-04-01,464.0,28834.0,1136.0,670.0,296.0,170.0,1,1,0
27093,Meeker,2025-05-01,462.0,28016.0,1191.0,669.0,350.0,172.0,1,1,0
27093,Meeker,2025-06-01,476.0,30504.0,1219.0,730.0,321.0,168.0,1,1,0
27093,Meeker,2025-07-01,497.0,30737.0,1303.0,756.0,364.0,183.0,1,1,0
27093,Meeker,2025-08-01,463.0,28048.0,1185.0,688.0,327.0,170.0,1,1,0
27093,Meeker,2025-09-01,475.0,30108.0,1157.0,684.0,292.0,181.0,1,1,0
27093,Meeker,2025-10-01,522.0,32506.0,1322.0,762.0,376.0,184.0,1,1,0
27093,Meeker,2025-11-01,468.0,29221.0,1180.0,703.0,302.0,175.0,1,1,0
27093,Meeker,2025-12-01,495.0,32068.0,1275.0,772.0,330.0,173.0,1,1,0
27093,Meeker,2026-01-01,458.0,28485.0,1159.0,665.0,321.0,173.0,1,1,0
27093,Meeker,2026-02-01,451.0,24870.0,1091.0,633.0,278.0,180.0,1,1,0
27093,Meeker,2026-03-01,473.0,28435.0,1151.0,703.0,275.0,173.0,1,1,0
27093,Meeker,2026-04-01,497.0,30798.0,1286.0,757.0,344.0,185.0,1,1,0
27093,Meeker,2026-05-01,472.0,27380.0,1178.0,684.0,311.0,183.0,1,1,0
27093,Meeker,2026-06-01,497.0,29455.0,1263.0,733.0,341.0,189.0,1,1,0
27093,Meeker,2026-07-01,506.0,30957.0,1272.0,739.0,335.0,198.0,1,1,0
27095,Mille Lacs,2022-01-01,1018.0,64028.0,3139.0,1409.0,717.0,1013.0,6,6,0
27095,Mille Lacs,2022-02-01,1018.0,64028.0,3139.0,1409.0,717.0,1013.0,6,6,0
27095,Mille Lacs,2022-03-01,1022.0,67355.0,2857.0,1235.0,731.0,891.0,6,6,0
27095,Mille Lacs,2022-04-01,1667.0,59067.0,3373.0,1495.0,942.0,936.0,6,6,0
27095,Mille Lacs,2022-05-01,974.0,60715.0,3346.0,1440.0,807.0,1099.0,6,6,0
27095,Mille Lacs,2022-06-01,1414.0,66616.0,3986.0,1606.0,1109.0,1271.0,6,6,0
27095,Mille Lacs,2022-07-01,1478.0,68980.0,3904.0,1661.0,983.0,1260.0,6,6,0
27095,Mille Lacs,2022-08-01,1423.0,76912.0,3791.0,1594.0,968.0,1229.0,6,6,0
27095,Mille Lacs,2022-09-01,1524.0,90111.0,4004.0,1757.0,1045.0,1202.0,7,7,0
27095,Mille Lacs,2022-10-01,842.0,61333.0,4051.0,1787.0,1055.0,1209.0,7,7,0
27095,Mille Lacs,2022-11-01,1791.0,99076.0,4212.0,1914.0,1096.0,1202.0,7,7,0
27095,Mille Lacs,2022-12-01,1134.0,80812.0,2996.0,1351.0,743.0,902.0,7,7,0
27095,Mille Lacs,2023-01-01,1220.0,71107.0,3155.0,1407.0,754.0,994.0,7,7,0
27095,Mille Lacs,2023-02-01,1208.0,64027.0,3289.0,1436.0,860.0,993.0,7,6,1
27095,Mille Lacs,2023-03-01,1698.0,74771.0,4014.0,1762.0,963.0,1289.0,7,7,0
27095,Mille Lacs,2023-04-01,1620.0,92723.0,4286.0,1869.0,1167.0,1250.0,8,8,0
27095,Mille Lacs,2023-05-01,1781.0,101827.0,4790.0,2193.0,1264.0,1333.0,8,8,0
27095,Mille Lacs,2023-06-01,1813.0,101191.0,4876.0,2178.0,1351.0,1347.0,8,7,1
27095,Mille Lacs,2023-07-01,1744.0,85219.0,4510.0,1855.0,1229.0,1426.0,8,8,0
27095,Mille Lacs,2023-08-01,1823.0,85324.0,4671.0,2104.0,1161.0,1406.0,8,7,1
27095,Mille Lacs,2023-09-01,1631.0,71955.0,4275.0,1767.0,1092.0,1416.0,8,7,1
27095,Mille Lacs,2023-10-01,1753.0,93514.0,4561.0,1971.0,1144.0,1446.0,8,8,0
27095,Mille Lacs,2023-11-01,1984.0,98155.0,5523.0,2479.0,1451.0,1593.0,8,8,0
27095,Mille Lacs,2023-12-01,1700.0,107311.8,4603.0,2062.0,1183.0,1358.0,8,6,2
27095,Mille Lacs,2024-01-01,584.0,34036.0,1512.0,809.0,421.0,282.0,4,4,0
27095,Mille Lacs,2024-02-01,719.0,44175.0,1897.0,1023.0,536.0,338.0,4,4,0
27095,Mille Lacs,2024-03-01,647.0,35869.0,1738.0,894.0,515.0,329.0,5,5,0
27095,Mille Lacs,2024-04-01,704.0,40853.0,1840.0,939.0,531.0,370.0,5,5,0
27095,Mille Lacs,2024-05-01,829.0,46554.0,1436.0,731.0,437.0,268.0,5,5,0
27095,Mille Lacs,2024-06-01,659.0,40095.0,1681.0,840.0,484.0,357.0,5,5,0
27095,Mille Lacs,2024-07-01,620.0,35030.0,1600.0,740.0,479.0,381.0,5,5,0
27095,Mille Lacs,2024-08-01,734.0,42447.0,1810.0,884.0,481.0,445.0,5,5,0
27095,Mille Lacs,2024-09-01,766.0,51920.0,1893.0,926.0,516.0,451.0,5,5,0
27095,Mille Lacs,2024-10-01,756.0,41095.0,1906.0,942.0,548.0,416.0,5,5,0
27095,Mille Lacs,2024-11-01,667.0,62024.0,1654.0,866.0,410.0,378.0,5,5,0
27095,Mille Lacs,2024-12-01,582.0,33888.0,1499.0,778.0,408.0,313.0,5,5,0
27095,Mille Lacs,2025-01-01,693.0,41912.0,1925.0,990.0,597.0,338.0,5,5,0
27095,Mille Lacs,2025-02-01,518.0,25834.0,1343.0,691.0,366.0,286.0,5,4,1
27095,Mille Lacs,2025-03-01,603.0,28874.0,1398.0,735.0,286.0,377.0,5,5,0
27095,Mille Lacs,2025-04-01,603.0,34027.0,1453.0,730.0,347.0,376.0,5,5,0
27095,Mille Lacs,2025-05-01,522.0,49343.0,1612.0,776.0,426.0,410.0,5,5,0
27095,Mille Lacs,2025-06-01,502.0,48163.0,1544.0,750.0,390.0,404.0,5,5,0
27095,Mille Lacs,2025-07-01,790.0,37975.0,2079.0,1078.0,584.0,417.0,5,5,0
27095,Mille Lacs,2025-08-01,512.0,25260.0,1351.0,630.0,391.0,330.0,5,5,0
27095,Mille Lacs,2025-09-01,716.0,31755.0,1792.0,829.0,462.0,501.0,5,5,0
27095,Mille Lacs,2025-10-01,874.0,49322.0,2215.0,1172.0,556.0,487.0,5,5,0
27095,Mille Lacs,2025-11-01,840.0,49035.0,2123.0,1113.0,534.0,476.0,5,5,0
27095,Mille Lacs,2025-12-01,652.0,29446.0,1686.0,807.0,442.0,437.0,5,5,0
27095,Mille Lacs,2026-01-01,570.0,31691.0,1690.0,859.0,470.0,361.0,5,5,0
27095,Mille Lacs,2026-02-01,1163.0,28019.0,1078.0,517.0,313.0,248.0,4,4,0
27095,Mille Lacs,2026-03-01,572.0,29976.0,1497.0,757.0,393.0,347.0,4,4,0
27095,Mille Lacs,2026-04-01,1777.0,57924.0,5069.0,2219.0,1340.0,1510.0,6,6,0
27095,Mille Lacs,2026-05-01,1508.0,61899.0,4152.0,1744.0,1107.0,1301.0,6,5,1
27095,Mille Lacs,2026-06-01,1519.0,39223.0,4181.0,1839.0,1011.0,1331.0,5,5,0
27095,Mille Lacs,2026-07-01,1623.0,69749.0,4520.0,2029.0,1173.0,1318.0,5,5,0
27097,Morrison,2022-01-01,525.0,31224.0,1060.0,605.0,339.0,116.0,3,3,0
27097,Morrison,2022-02-01,612.0,25678.0,873.0,493.0,261.0,119.0,3,3,0
27097,Morrison,2022-03-01,515.0,33259.0,1070.0,613.0,314.0,143.0,3,3,0
27097,Morrison,2022-04-01,356.0,29949.0,946.0,497.0,319.0,130.0,3,3,0
27097,Morrison,2022-05-01,467.0,30170.0,951.0,531.0,290.0,130.0,3,3,0
27097,Morrison,2022-06-01,561.0,34483.0,1142.0,654.0,364.0,124.0,3,3,0
27097,Morrison,2022-07-01,457.0,29695.0,968.0,519.0,318.0,131.0,3,3,0
27097,Morrison,2022-08-01,429.0,34111.0,1111.0,635.0,329.0,147.0,3,3,0
27097,Morrison,2022-09-01,428.0,35087.0,1156.0,656.0,359.0,141.0,3,3,0
27097,Morrison,2022-10-01,436.0,35807.0,1204.0,650.0,384.0,170.0,3,3,0
27097,Morrison,2022-11-01,453.0,36785.0,1172.0,658.0,355.0,159.0,3,3,0
27097,Morrison,2022-12-01,413.0,38247.0,1133.0,624.0,374.0,135.0,3,3,0
27097,Morrison,2023-01-01,431.0,38147.0,1169.0,664.0,377.0,128.0,3,3,0
27097,Morrison,2023-02-01,369.0,30818.0,924.0,533.0,268.0,123.0,3,3,0
27097,Morrison,2023-03-01,449.0,39168.0,1143.0,654.0,340.0,149.0,3,3,0
27097,Morrison,2023-04-01,436.0,35715.0,1125.0,619.0,347.0,159.0,3,3,0
27097,Morrison,2023-05-01,489.0,39363.0,1270.0,690.0,411.0,169.0,3,3,0
27097,Morrison,2023-06-01,524.0,42321.0,1381.0,775.0,434.0,172.0,3,3,0
27097,Morrison,2023-07-01,499.0,38754.0,1315.0,720.0,401.0,194.0,3,3,0
27097,Morrison,2023-08-01,514.0,39356.0,1345.0,745.0,422.0,178.0,3,3,0
27097,Morrison,2023-09-01,488.0,38176.0,1238.0,673.0,394.0,171.0,3,3,0
27097,Morrison,2023-10-01,539.0,43497.0,1403.0,767.0,455.0,181.0,3,3,0
27097,Morrison,2023-11-01,604.0,48027.0,1597.0,905.0,492.0,200.0,3,3,0
27097,Morrison,2023-12-01,533.0,44875.0,1412.0,781.0,438.0,193.0,3,3,0
27097,Morrison,2024-01-01,582.0,48157.0,1552.0,850.0,496.0,206.0,3,3,0
27097,Morrison,2024-02-01,764.0,45122.0,1516.0,852.0,464.0,200.0,3,3,0
27097,Morrison,2024-03-01,528.0,40565.0,1348.0,770.0,375.0,203.0,3,3,0
27097,Morrison,2024-04-01,585.0,45714.0,1547.0,860.0,464.0,223.0,3,3,0
27097,Morrison,2024-05-01,579.0,43314.0,1565.0,843.0,504.0,218.0,3,3,0
27097,Morrison,2024-06-01,575.0,42569.0,1538.0,851.0,485.0,202.0,3,3,0
27097,Morrison,2024-07-01,597.0,44627.0,1567.0,859.0,517.0,191.0,3,3,0
27097,Morrison,2024-08-01,588.0,49924.0,1538.0,848.0,484.0,206.0,3,3,0
27097,Morrison,2024-09-01,607.0,45074.0,1719.0,935.0,576.0,208.0,3,3,0
27097,Morrison,2024-10-01,629.0,47590.0,1684.0,918.0,533.0,233.0,3,3,0
27097,Morrison,2024-11-01,782.0,46156.0,1592.0,871.0,499.0,222.0,3,3,0
27097,Morrison,2024-12-01,582.0,48855.0,1548.0,838.0,497.0,213.0,3,3,0
27097,Morrison,2025-01-01,588.0,45344.0,1584.0,883.0,501.0,200.0,3,3,0
27097,Morrison,2025-02-01,566.0,40913.0,1456.0,797.0,415.0,244.0,3,3,0
27097,Morrison,2025-03-01,565.0,40122.0,1361.0,746.0,395.0,220.0,3,3,0
27097,Morrison,2025-04-01,545.0,40343.0,1370.0,737.0,393.0,240.0,3,3,0
27097,Morrison,2025-05-01,575.0,40966.0,1425.0,798.0,412.0,215.0,3,3,0
27097,Morrison,2025-06-01,532.0,41586.0,1401.0,756.0,410.0,235.0,3,3,0
27097,Morrison,2025-07-01,604.0,45926.0,1534.0,825.0,473.0,236.0,3,3,0
27097,Morrison,2025-08-01,558.0,40031.0,1436.0,818.0,413.0,205.0,3,3,0
27097,Morrison,2025-09-01,565.0,41968.0,1415.0,797.0,409.0,209.0,3,3,0
27097,Morrison,2025-10-01,649.0,46090.0,1716.0,952.0,522.0,242.0,3,3,0
27097,Morrison,2025-11-01,569.0,43708.0,1530.0,827.0,479.0,224.0,3,3,0
27097,Morrison,2025-12-01,548.0,48192.0,1435.0,810.0,424.0,201.0,3,3,0
27097,Morrison,2026-01-01,553.0,43000.0,1477.0,836.0,436.0,205.0,3,3,0
27097,Morrison,2026-02-01,528.0,38819.0,1320.0,728.0,373.0,219.0,3,3,0
27097,Morrison,2026-03-01,747.0,42685.0,1371.0,783.0,370.0,218.0,3,3,0
27097,Morrison,2026-04-01,760.0,46149.0,1538.0,867.0,467.0,204.0,3,3,0
27097,Morrison,2026-05-01,543.0,37595.0,1388.0,772.0,404.0,212.0,3,3,0
27097,Morrison,2026-06-01,618.0,46118.0,1590.0,888.0,499.0,203.0,3,3,0
27097,Morrison,2026-07-01,601.0,43998.0,1570.0,910.0,464.0,196.0,3,3,0
27099,Mower,2022-01-01,599.0,29208.0,1540.0,760.0,601.0,179.0,6,6,0
27099,Mower,2022-02-01,540.0,24804.0,1564.0,867.0,511.0,186.0,6,6,0
27099,Mower,2022-03-01,742.0,37469.2,1637.0,877.0,568.0,192.0,6,6,0
27099,Mower,2022-04-01,650.0,54102.8,2022.0,1008.0,796.0,218.0,6,6,0
27099,Mower,2022-05-01,1036.0,51366.1,3241.0,1776.0,1230.0,235.0,6,6,0
27099,Mower,2022-06-01,1024.0,49460.0,3154.0,1597.0,1240.0,317.0,6,6,0
27099,Mower,2022-07-01,857.0,36182.0,3056.0,1466.0,1301.0,289.0,6,6,0
27099,Mower,2022-08-01,1007.0,37826.6,3252.0,1531.0,1369.0,352.0,6,6,0
27099,Mower,2022-09-01,885.0,40390.5,2794.0,1363.0,1164.0,267.0,6,6,0
27099,Mower,2022-10-01,948.0,36689.9,3007.0,1545.0,1170.0,292.0,6,6,0
27099,Mower,2022-11-01,785.0,38169.0,2478.0,1259.0,974.0,245.0,6,6,0
27099,Mower,2022-12-01,536.0,24091.0,1384.0,683.0,489.0,212.0,6,6,0
27099,Mower,2023-01-01,759.0,35799.0,2336.0,1142.0,889.0,305.0,6,6,0
27099,Mower,2023-02-01,719.0,34700.5,2174.0,1147.0,790.0,237.0,6,6,0
27099,Mower,2023-03-01,1084.0,51691.2,3537.0,1818.0,1359.0,360.0,6,6,0
27099,Mower,2023-04-01,1063.0,40771.0,3636.0,1847.0,1468.0,321.0,6,6,0
27099,Mower,2023-05-01,1008.0,43928.1,2965.0,1593.0,1137.0,235.0,6,6,0
27099,Mower,2023-06-01,1314.0,54633.1,4277.0,2237.0,1707.0,333.0,6,5,1
27099,Mower,2023-07-01,1330.0,55286.61,4319.0,2190.0,1705.0,424.0,6,6,0
27099,Mower,2023-08-01,1294.0,53143.700000000004,4104.0,2101.0,1599.0,404.0,6,6,0
27099,Mower,2023-09-01,1151.0,50156.43,3677.0,1876.0,1502.0,299.0,6,6,0
27099,Mower,2023-10-01,1209.0,54232.2,3832.0,1947.0,1485.0,400.0,6,6,0
27099,Mower,2023-11-01,995.0,43264.630000000005,2937.0,1556.0,1077.0,304.0,6,6,0
27099,Mower,2023-12-01,1129.0,57857.8,3611.0,1836.0,1386.0,389.0,6,6,0
27099,Mower,2024-01-01,1373.0,63127.799999999996,4227.0,2143.0,1686.0,398.0,6,6,0
27099,Mower,2024-02-01,1429.0,56134.0,4402.0,2407.0,1638.0,357.0,6,6,0
27099,Mower,2024-03-01,1324.0,53771.4,4108.0,2131.0,1544.0,433.0,6,6,0
27099,Mower,2024-04-01,1392.0,48170.4,3936.0,2048.0,1423.0,465.0,6,6,0
27099,Mower,2024-05-01,1549.0,52426.64,4519.0,2400.0,1638.0,481.0,6,6,0
27099,Mower,2024-06-01,1494.0,52788.600000000006,4423.0,2327.0,1625.0,471.0,6,6,0
27099,Mower,2024-07-01,1546.0,58100.6,4142.0,2162.0,1491.0,489.0,6,6,0
27099,Mower,2024-08-01,1489.0,53491.9,4269.0,2306.0,1339.0,624.0,6,6,0
27099,Mower,2024-09-01,1491.0,47951.8,3502.0,1878.0,1094.0,530.0,6,6,0
27099,Mower,2024-10-01,1732.0,53795.399999999994,5884.0,2945.0,2368.0,571.0,6,6,0
27099,Mower,2024-11-01,1642.0,58351.299999999996,5907.0,3185.0,2224.0,498.0,6,6,0
27099,Mower,2024-12-01,1673.0,59874.46,5020.0,2356.0,2158.0,506.0,6,6,0
27099,Mower,2025-01-01,1623.0,57038.4,3569.0,1931.0,1153.0,485.0,6,6,0
27099,Mower,2025-02-01,1552.0,45643.9,3867.0,1816.0,1531.0,520.0,6,6,0
27099,Mower,2025-03-01,1407.0,42237.8,3719.0,1988.0,1231.0,500.0,6,6,0
27099,Mower,2025-04-01,1870.0,47926.6,4492.0,2309.0,1510.0,673.0,6,6,0
27099,Mower,2025-05-01,1658.0,47231.6,4585.0,2441.0,1580.0,564.0,6,6,0
27099,Mower,2025-06-01,1412.0,41555.8,3764.0,2020.0,1284.0,460.0,6,6,0
27099,Mower,2025-07-01,1726.0,50394.0,5131.0,2705.0,1775.0,651.0,6,6,0
27099,Mower,2025-08-01,1710.0,53547.4,4995.0,2461.0,1930.0,604.0,6,6,0
27099,Mower,2025-09-01,1874.0,52497.9,5492.0,2904.0,1934.0,654.0,6,6,0
27099,Mower,2025-10-01,2161.0,56026.2,6075.0,3155.0,2145.0,775.0,6,6,0
27099,Mower,2025-11-01,1859.0,57241.1,5612.0,3741.0,1226.0,645.0,6,6,0
27099,Mower,2025-12-01,1969.0,65794.9,5550.0,3003.0,1867.0,680.0,6,6,0
27099,Mower,2026-01-01,1349.0,43531.9,3544.0,1861.0,1126.0,557.0,6,6,0
27099,Mower,2026-02-01,1673.0,49973.02,4580.0,2427.0,1557.0,596.0,6,6,0
27099,Mower,2026-03-01,2884.0,60991.4,5087.0,2706.0,1670.0,711.0,6,6,0
27099,Mower,2026-04-01,1759.0,59124.3,4510.0,2484.0,1380.0,646.0,6,6,0
27099,Mower,2026-05-01,1574.0,50417.7,3959.0,2180.0,1178.0,601.0,6,6,0
27099,Mower,2026-06-01,1555.0,42946.5,3855.0,2102.0,1086.0,667.0,6,6,0
27099,Mower,2026-07-01,1646.0,55341.42,4483.0,2418.0,1394.0,671.0,6,6,0
27101,Murray,2022-01-01,61.0,4761.0,198.0,99.0,73.0,26.0,2,2,0
27101,Murray,2022-02-01,156.0,5535.0,216.0,126.0,60.0,30.0,2,2,0
27101,Murray,2022-03-01,78.0,6254.0,238.0,129.0,83.0,26.0,2,2,0
27101,Murray,2022-04-01,53.0,4423.0,170.0,90.0,55.0,25.0,1,1,0
27101,Murray,2022-05-01,115.0,5215.0,212.0,110.0,65.0,37.0,2,2,0
27101,Murray,2022-06-01,92.0,6511.0,288.0,158.0,104.0,26.0,2,2,0
27101,Murray,2022-07-01,80.0,6034.0,245.0,126.0,85.0,34.0,2,2,0
27101,Murray,2022-08-01,76.0,5312.0,250.0,128.0,85.0,37.0,2,2,0
27101,Murray,2022-09-01,100.0,6939.0,290.0,153.0,97.0,40.0,2,2,0
27101,Murray,2022-10-01,87.0,6194.0,271.0,151.0,83.0,37.0,2,2,0
27101,Murray,2022-11-01,89.0,6948.0,294.0,151.0,102.0,41.0,2,2,0
27101,Murray,2022-12-01,125.0,6064.0,228.0,123.0,72.0,33.0,2,2,0
27101,Murray,2023-01-01,93.0,6685.0,267.0,147.0,90.0,30.0,2,2,0
27101,Murray,2023-02-01,66.0,4750.0,207.0,118.0,63.0,26.0,2,2,0
27101,Murray,2023-03-01,80.0,6753.0,272.0,139.0,100.0,33.0,2,2,0
27101,Murray,2023-04-01,93.0,6555.0,308.0,154.0,121.0,33.0,2,2,0
27101,Murray,2023-05-01,101.0,7160.0,328.0,168.0,116.0,44.0,2,2,0
27101,Murray,2023-06-01,110.0,8227.0,348.0,194.0,109.0,45.0,2,2,0
27101,Murray,2023-07-01,98.0,6590.0,325.0,178.0,107.0,40.0,2,2,0
27101,Murray,2023-08-01,105.0,8255.0,317.0,170.0,95.0,52.0,2,2,0
27101,Murray,2023-09-01,110.0,7822.0,352.0,186.0,113.0,53.0,2,2,0
27101,Murray,2023-10-01,95.0,7472.0,325.0,171.0,112.0,42.0,2,2,0
27101,Murray,2023-11-01,120.0,9779.0,374.0,192.0,126.0,56.0,2,2,0
27101,Murray,2023-12-01,121.0,9016.0,361.0,185.0,122.0,54.0,2,2,0
27101,Murray,2024-01-01,115.0,9366.0,378.0,184.0,140.0,54.0,2,2,0
27101,Murray,2024-02-01,131.0,9132.0,389.0,210.0,123.0,56.0,2,2,0
27101,Murray,2024-03-01,105.0,7310.0,302.0,155.0,89.0,58.0,2,2,0
27101,Murray,2024-04-01,117.0,9460.0,358.0,186.0,121.0,51.0,2,2,0
27101,Murray,2024-05-01,123.0,10116.0,394.0,204.0,137.0,53.0,2,2,0
27101,Murray,2024-06-01,132.0,11048.0,442.0,225.0,163.0,54.0,2,2,0
27101,Murray,2024-07-01,122.0,9597.0,445.0,221.0,169.0,55.0,2,2,0
27101,Murray,2024-08-01,136.0,10709.0,476.0,236.0,183.0,57.0,2,2,0
27101,Murray,2024-09-01,117.0,9623.0,363.0,187.0,127.0,49.0,2,2,0
27101,Murray,2024-10-01,200.0,11451.0,414.0,201.0,155.0,58.0,2,2,0
27101,Murray,2024-11-01,213.0,10966.0,442.0,217.0,165.0,60.0,2,2,0
27101,Murray,2024-12-01,185.0,10442.0,403.0,195.0,150.0,58.0,2,2,0
27101,Murray,2025-01-01,220.0,11932.0,508.0,249.0,203.0,56.0,2,2,0
27101,Murray,2025-02-01,182.0,10094.0,412.0,198.0,160.0,54.0,2,2,0
27101,Murray,2025-03-01,170.0,9408.0,345.0,181.0,109.0,55.0,2,2,0
27101,Murray,2025-04-01,176.0,9685.0,383.0,192.0,136.0,55.0,2,2,0
27101,Murray,2025-05-01,179.0,11402.0,444.0,217.0,169.0,58.0,2,2,0
27101,Murray,2025-06-01,154.0,9073.0,358.0,173.0,127.0,58.0,2,2,0
27101,Murray,2025-07-01,198.0,11373.0,454.0,234.0,160.0,60.0,2,2,0
27101,Murray,2025-08-01,176.0,10012.0,425.0,205.0,165.0,55.0,2,2,0
27101,Murray,2025-09-01,142.0,9088.0,342.0,163.0,117.0,62.0,2,2,0
27101,Murray,2025-10-01,218.0,11199.0,454.0,224.0,169.0,61.0,2,2,0
27101,Murray,2025-11-01,226.0,11846.0,421.0,210.0,148.0,63.0,2,2,0
27101,Murray,2025-12-01,132.0,7909.0,254.0,138.0,68.0,48.0,2,2,0
27101,Murray,2026-01-01,178.0,10574.0,391.0,194.0,126.0,71.0,2,2,0
27101,Murray,2026-02-01,168.0,7585.0,322.0,165.0,100.0,57.0,2,2,0
27101,Murray,2026-03-01,141.0,7242.0,264.0,145.0,71.0,48.0,2,2,0
27101,Murray,2026-04-01,188.0,9942.0,406.0,199.0,144.0,63.0,2,2,0
27101,Murray,2026-05-01,161.0,8397.0,321.0,167.0,105.0,49.0,2,2,0
27101,Murray,2026-06-01,181.0,10006.0,369.0,190.0,119.0,60.0,2,2,0
27101,Murray,2026-07-01,189.0,10269.0,418.0,216.0,140.0,62.0,2,2,0
27103,Nicollet,2022-01-01,88.0,8644.0,265.0,146.0,98.0,21.0,1,1,0
27103,Nicollet,2022-02-01,160.0,7812.0,238.0,145.0,78.0,15.0,1,1,0
27103,Nicollet,2022-03-01,98.0,9522.0,263.0,162.0,82.0,19.0,1,1,0
27103,Nicollet,2022-04-01,95.0,9272.0,262.0,161.0,81.0,20.0,1,1,0
27103,Nicollet,2022-05-01,125.0,11775.0,432.0,236.0,170.0,26.0,1,1,0
27103,Nicollet,2022-06-01,148.0,13717.0,485.0,283.0,178.0,24.0,1,1,0
27103,Nicollet,2022-07-01,140.0,11442.0,406.0,232.0,147.0,27.0,1,1,0
27103,Nicollet,2022-08-01,115.0,9392.0,338.0,204.0,106.0,28.0,1,1,0
27103,Nicollet,2022-09-01,160.0,13779.0,519.0,310.0,174.0,35.0,1,1,0
27103,Nicollet,2022-10-01,151.0,12975.0,494.0,283.0,180.0,31.0,1,1,0
27103,Nicollet,2022-11-01,144.0,12837.0,465.0,278.0,146.0,41.0,1,1,0
27103,Nicollet,2022-12-01,128.0,12342.0,423.0,249.0,150.0,24.0,1,1,0
27103,Nicollet,2023-01-01,134.0,11241.0,420.0,258.0,137.0,25.0,1,1,0
27103,Nicollet,2023-02-01,108.0,8813.0,349.0,211.0,114.0,24.0,1,1,0
27103,Nicollet,2023-03-01,162.0,13642.0,543.0,346.0,162.0,35.0,1,1,0
27103,Nicollet,2023-04-01,178.0,11829.0,558.0,370.0,154.0,34.0,1,1,0
27103,Nicollet,2023-05-01,208.0,16576.0,673.0,422.0,210.0,41.0,1,1,0
27103,Nicollet,2023-06-01,216.0,14598.0,742.0,452.0,248.0,42.0,1,1,0
27103,Nicollet,2023-07-01,218.0,15163.0,722.0,421.0,263.0,38.0,1,1,0
27103,Nicollet,2023-08-01,222.0,16416.0,742.0,449.0,253.0,40.0,1,1,0
27103,Nicollet,2023-09-01,222.0,16975.0,754.0,441.0,272.0,41.0,1,1,0
27103,Nicollet,2023-10-01,259.0,17669.0,878.0,513.0,330.0,35.0,1,1,0
27103,Nicollet,2023-11-01,280.0,21549.0,882.0,532.0,301.0,49.0,1,1,0
27103,Nicollet,2023-12-01,291.0,21991.0,992.0,596.0,346.0,50.0,1,1,0
27103,Nicollet,2024-01-01,283.0,19018.0,1039.0,615.0,381.0,43.0,1,1,0
27103,Nicollet,2024-02-01,285.0,18603.0,1038.0,614.0,365.0,59.0,1,1,0
27103,Nicollet,2024-03-01,272.0,17340.0,964.0,582.0,321.0,61.0,1,1,0
27103,Nicollet,2024-04-01,220.0,15326.0,712.0,431.0,239.0,42.0,1,1,0
27103,Nicollet,2024-05-01,236.0,16307.0,788.0,453.0,283.0,52.0,1,1,0
27103,Nicollet,2024-06-01,211.0,13792.0,684.0,396.0,250.0,38.0,1,1,0
27103,Nicollet,2024-07-01,216.0,13852.0,684.0,397.0,245.0,42.0,1,1,0
27103,Nicollet,2024-08-01,209.0,15147.0,639.0,375.0,220.0,44.0,1,1,0
27103,Nicollet,2024-09-01,197.0,15743.0,609.0,366.0,199.0,44.0,1,1,0
27103,Nicollet,2024-10-01,213.0,18153.0,689.0,392.0,253.0,44.0,1,1,0
27103,Nicollet,2024-11-01,242.0,21443.0,800.0,461.0,292.0,47.0,1,1,0
27103,Nicollet,2024-12-01,249.0,19736.0,821.0,483.0,299.0,39.0,1,1,0
27103,Nicollet,2025-01-01,278.0,22254.0,921.0,540.0,332.0,49.0,1,1,0
27103,Nicollet,2025-02-01,215.0,15820.0,698.0,426.0,227.0,45.0,1,1,0
27103,Nicollet,2025-03-01,258.0,17292.0,833.0,509.0,264.0,60.0,1,1,0
27103,Nicollet,2025-04-01,212.0,13174.0,669.0,399.0,224.0,46.0,1,1,0
27103,Nicollet,2025-05-01,248.0,15995.0,780.0,462.0,270.0,48.0,1,1,0
27103,Nicollet,2025-06-01,250.0,15842.0,791.0,485.0,258.0,48.0,1,1,0
27103,Nicollet,2025-07-01,315.0,19796.0,947.0,566.0,316.0,65.0,1,1,0
27103,Nicollet,2025-08-01,274.0,18392.0,877.0,526.0,301.0,50.0,1,1,0
27103,Nicollet,2025-09-01,238.0,16550.0,749.0,458.0,249.0,42.0,1,1,0
27103,Nicollet,2025-10-01,302.0,21172.0,968.0,581.0,329.0,58.0,1,1,0
27103,Nicollet,2025-11-01,233.0,19442.0,766.0,462.0,263.0,41.0,1,1,0
27103,Nicollet,2025-12-01,272.0,28569.0,890.0,519.0,327.0,44.0,1,1,0
27103,Nicollet,2026-01-01,273.0,25705.0,886.0,531.0,298.0,57.0,1,1,0
27103,Nicollet,2026-02-01,632.0,32314.0,1877.0,961.0,767.0,149.0,1,1,0
27103,Nicollet,2026-03-01,236.0,21369.0,784.0,461.0,269.0,54.0,1,1,0
27103,Nicollet,2026-04-01,277.0,26118.0,950.0,540.0,338.0,72.0,1,1,0
27103,Nicollet,2026-05-01,253.0,22429.0,831.0,480.0,290.0,61.0,1,1,0
27103,Nicollet,2026-06-01,236.0,22749.0,754.0,440.0,251.0,63.0,1,1,0
27103,Nicollet,2026-07-01,316.0,27197.0,1081.0,646.0,366.0,69.0,1,1,0
27105,Nobles,2022-01-01,343.0,22856.0,1130.0,500.0,546.0,84.0,2,2,0
27105,Nobles,2022-02-01,490.0,19983.0,934.0,422.0,444.0,68.0,2,2,0
27105,Nobles,2022-03-01,361.0,21234.0,1165.0,566.0,516.0,83.0,2,2,0
27105,Nobles,2022-04-01,299.0,21756.0,1089.0,491.0,524.0,74.0,2,2,0
27105,Nobles,2022-05-01,278.0,22264.0,1010.0,482.0,460.0,68.0,2,2,0
27105,Nobles,2022-06-01,380.0,24909.0,1292.0,606.0,597.0,89.0,2,2,0
27105,Nobles,2022-07-01,371.0,27854.0,1375.0,617.0,684.0,74.0,2,2,0
27105,Nobles,2022-08-01,417.0,31370.0,1562.0,707.0,759.0,96.0,2,2,0
27105,Nobles,2022-09-01,348.0,25016.0,1247.0,573.0,592.0,82.0,2,2,0
27105,Nobles,2022-10-01,303.0,31570.0,1160.0,522.0,559.0,79.0,2,2,0
27105,Nobles,2022-11-01,411.0,27634.0,1335.0,619.0,614.0,102.0,2,2,0
27105,Nobles,2022-12-01,340.0,27945.0,861.0,548.0,238.0,75.0,2,2,0
27105,Nobles,2023-01-01,77.0,5677.0,327.0,172.0,136.0,19.0,2,2,0
27105,Nobles,2023-02-01,77.0,4995.0,314.0,161.0,137.0,16.0,2,2,0
27105,Nobles,2023-03-01,97.0,7244.0,399.0,209.0,167.0,23.0,2,2,0
27105,Nobles,2023-04-01,106.0,7022.0,447.0,241.0,183.0,23.0,2,2,0
27105,Nobles,2023-05-01,96.0,6565.0,397.0,205.0,173.0,19.0,2,2,0
27105,Nobles,2023-06-01,136.0,9327.0,552.0,273.0,246.0,33.0,2,2,0
27105,Nobles,2023-07-01,112.0,7030.0,445.0,234.0,180.0,31.0,1,1,0
27105,Nobles,2023-08-01,135.0,9434.0,550.0,297.0,216.0,37.0,1,1,0
27105,Nobles,2023-09-01,112.0,7728.0,456.0,242.0,188.0,26.0,1,1,0
27105,Nobles,2023-10-01,134.0,9154.0,533.0,271.0,225.0,37.0,1,1,0
27105,Nobles,2023-11-01,151.0,9379.0,544.0,289.0,232.0,23.0,1,1,0
27105,Nobles,2023-12-01,134.0,9194.0,587.0,303.0,261.0,23.0,1,1,0
27105,Nobles,2024-01-01,125.0,8700.0,539.0,290.0,224.0,25.0,1,1,0
27105,Nobles,2024-02-01,181.0,12790.0,748.0,403.0,310.0,35.0,1,1,0
27105,Nobles,2024-03-01,442.0,18301.0,1889.0,993.0,817.0,79.0,2,2,0
27105,Nobles,2024-04-01,492.0,25770.0,1972.0,1113.0,745.0,114.0,2,2,0
27105,Nobles,2024-05-01,352.0,25569.0,1432.0,737.0,634.0,61.0,2,2,0
27105,Nobles,2024-06-01,362.0,25781.0,1520.0,804.0,653.0,63.0,2,2,0
27105,Nobles,2024-07-01,385.0,23084.0,1466.0,758.0,639.0,69.0,2,2,0
27105,Nobles,2024-08-01,375.0,19958.0,1401.0,736.0,590.0,75.0,2,2,0
27105,Nobles,2024-09-01,360.0,20501.0,1405.0,757.0,577.0,71.0,2,2,0
27105,Nobles,2024-10-01,349.0,22045.0,1333.0,731.0,528.0,74.0,2,2,0
27105,Nobles,2024-11-01,321.0,20543.0,1243.0,647.0,519.0,77.0,2,2,0
27105,Nobles,2024-12-01,350.0,21285.0,1378.0,719.0,587.0,72.0,2,2,0
27105,Nobles,2025-01-01,351.0,20450.0,1328.0,690.0,555.0,83.0,2,2,0
27105,Nobles,2025-02-01,363.0,21952.0,1467.0,779.0,616.0,72.0,2,2,0
27105,Nobles,2025-03-01,343.0,23217.0,1363.0,776.0,509.0,78.0,2,2,0
27105,Nobles,2025-04-01,392.0,21960.0,1589.0,861.0,641.0,87.0,2,2,0
27105,Nobles,2025-05-01,346.0,21731.0,1361.0,734.0,565.0,62.0,2,2,0
27105,Nobles,2025-06-01,400.0,25192.0,1634.0,876.0,674.0,84.0,2,2,0
27105,Nobles,2025-07-01,421.0,28499.0,1718.0,906.0,716.0,96.0,2,2,0
27105,Nobles,2025-08-01,417.0,21898.0,1683.0,854.0,738.0,91.0,2,2,0
27105,Nobles,2025-09-01,359.0,20667.0,1455.0,750.0,626.0,79.0,2,2,0
27105,Nobles,2025-10-01,363.0,19717.0,1466.0,741.0,643.0,82.0,2,2,0
27105,Nobles,2025-11-01,324.0,19797.0,1331.0,748.0,520.0,63.0,2,2,0
27105,Nobles,2025-12-01,241.0,13213.0,993.0,516.0,418.0,59.0,2,2,0
27105,Nobles,2026-01-01,281.0,16061.0,1069.0,568.0,436.0,65.0,2,2,0
27105,Nobles,2026-02-01,244.0,17793.0,919.0,466.0,386.0,67.0,2,2,0
27105,Nobles,2026-03-01,241.0,19079.0,973.0,516.0,404.0,53.0,2,2,0
27105,Nobles,2026-04-01,301.0,22548.0,1257.0,694.0,499.0,64.0,2,2,0
27105,Nobles,2026-05-01,310.0,20725.0,1247.0,689.0,492.0,66.0,2,2,0
27105,Nobles,2026-06-01,318.0,21398.0,1319.0,711.0,531.0,77.0,2,2,0
27105,Nobles,2026-07-01,342.0,23395.0,1361.0,717.0,564.0,80.0,2,2,0
27107,Norman,2022-01-01,29.0,2050.0,82.0,47.0,25.0,10.0,3,3,0
27107,Norman,2022-02-01,29.0,1748.0,94.0,53.0,27.0,14.0,3,3,0
27107,Norman,2022-03-01,37.0,2173.0,83.0,53.0,17.0,13.0,3,3,0
27107,Norman,2022-04-01,50.0,3059.0,133.0,84.0,30.0,19.0,3,3,0
27107,Norman,2022-05-01,44.0,2405.0,106.0,61.0,24.0,21.0,3,3,0
27107,Norman,2022-06-01,43.0,2687.0,103.0,52.0,27.0,24.0,3,3,0
27107,Norman,2022-07-01,35.0,2515.0,120.0,59.0,46.0,15.0,3,2,1
27107,Norman,2022-08-01,35.0,2161.0,102.0,56.0,27.0,19.0,2,2,0
27107,Norman,2022-09-01,38.0,2945.0,115.0,58.0,36.0,21.0,2,2,0
27107,Norman,2022-10-01,31.0,2079.0,90.0,47.0,25.0,18.0,2,2,0
27107,Norman,2022-11-01,30.0,2188.0,87.0,39.0,29.0,19.0,2,2,0
27107,Norman,2022-12-01,35.0,4205.0,99.0,61.0,24.0,14.0,2,2,0
27107,Norman,2023-01-01,30.0,1934.0,76.0,39.0,25.0,12.0,2,2,0
27107,Norman,2023-02-01,31.0,2124.0,88.0,45.0,32.0,11.0,2,2,0
27107,Norman,2023-03-01,35.0,2141.0,86.0,49.0,19.0,18.0,2,2,0
27107,Norman,2023-04-01,48.0,3079.0,136.0,80.0,38.0,18.0,2,2,0
27107,Norman,2023-05-01,52.0,2748.0,137.0,88.0,32.0,17.0,2,2,0
27107,Norman,2023-06-01,43.0,2824.7,137.0,72.0,53.0,12.0,2,2,0
27107,Norman,2023-07-01,38.0,2868.2,150.0,73.0,62.0,15.0,2,2,0
27107,Norman,2023-08-01,30.0,3366.2,130.0,65.0,52.0,13.0,2,2,0
27107,Norman,2023-09-01,41.0,2247.0,119.0,62.0,44.0,13.0,2,2,0
27107,Norman,2023-10-01,54.0,3390.4,176.0,99.0,59.0,18.0,2,2,0
27107,Norman,2023-11-01,55.0,3403.0,244.0,92.0,62.0,90.0,2,2,0
27107,Norman,2023-12-01,36.0,2097.0,109.0,51.0,39.0,19.0,2,2,0
27107,Norman,2024-01-01,50.0,2846.0,165.0,75.0,70.0,20.0,2,2,0
27107,Norman,2024-02-01,26.0,1805.0,84.0,43.0,29.0,12.0,2,2,0
27107,Norman,2024-03-01,38.0,2361.0,108.0,54.0,32.0,22.0,2,2,0
27107,Norman,2024-04-01,54.0,3751.0,174.0,97.0,51.0,26.0,2,2,0
27107,Norman,2024-05-01,47.0,2971.0,145.0,78.0,44.0,23.0,2,2,0
27107,Norman,2024-06-01,50.0,2878.8,153.0,84.0,45.0,24.0,2,2,0
27107,Norman,2024-07-01,35.0,2789.0,144.0,89.0,49.0,6.0,2,1,1
27107,Norman,2024-08-01,44.0,2734.0,154.0,70.0,63.0,21.0,2,2,0
27107,Norman,2024-09-01,45.0,2525.0,151.0,82.0,52.0,17.0,2,2,0
27107,Norman,2024-10-01,69.0,3871.0,223.0,125.0,71.0,27.0,2,2,0
27107,Norman,2024-11-01,48.0,2788.0,162.0,88.0,60.0,14.0,2,2,0
27107,Norman,2024-12-01,40.0,2537.0,130.0,68.0,47.0,15.0,2,2,0
27107,Norman,2025-01-01,43.0,2427.7,147.0,79.0,48.0,20.0,2,2,0
27107,Norman,2025-02-01,46.0,2891.5,153.0,93.0,42.0,18.0,2,2,0
27107,Norman,2025-03-01,33.0,2012.7,93.0,53.0,25.0,15.0,2,2,0
27107,Norman,2025-04-01,48.0,2697.0,162.0,89.0,51.0,22.0,2,2,0
27107,Norman,2025-05-01,40.0,1968.0,141.0,72.0,46.0,23.0,2,2,0
27107,Norman,2025-06-01,55.0,2802.0,171.0,101.0,45.0,25.0,2,2,0
27107,Norman,2025-07-01,96.0,3597.2,254.0,145.0,82.0,27.0,2,2,0
27107,Norman,2025-08-01,62.0,3154.9,176.0,91.0,60.0,25.0,2,2,0
27107,Norman,2025-09-01,59.0,3574.58,187.0,101.0,65.0,21.0,2,2,0
27107,Norman,2025-10-01,64.0,3091.1,219.0,101.0,60.0,58.0,2,2,0
27107,Norman,2025-11-01,96.0,4709.3,339.0,176.0,92.0,71.0,2,2,0
27107,Norman,2025-12-01,114.0,3248.9,379.0,220.0,132.0,27.0,2,2,0
27107,Norman,2026-01-01,62.0,3160.4,214.0,108.0,56.0,50.0,2,2,0
27107,Norman,2026-02-01,57.0,3095.0,181.0,85.0,65.0,31.0,2,2,0
27107,Norman,2026-03-01,75.0,3303.7,209.0,112.0,62.0,35.0,2,2,0
27107,Norman,2026-04-01,57.0,2733.4,189.0,112.0,53.0,24.0,2,2,0
27107,Norman,2026-05-01,60.0,2706.5,171.0,92.0,53.0,26.0,2,2,0
27107,Norman,2026-06-01,82.0,4010.6,252.0,134.0,85.0,33.0,2,2,0
27107,Norman,2026-07-01,79.0,3824.4,246.0,129.0,80.0,37.0,2,2,0
27109,Olmsted,2022-01-01,4857.0,193277.0,14215.0,8185.0,4329.0,1701.0,9,9,0
27109,Olmsted,2022-02-01,5215.0,309124.75,14814.0,8492.0,4369.0,1953.0,9,9,0
27109,Olmsted,2022-03-01,6287.0,352871.75,17709.0,10356.0,4994.0,2359.0,9,9,0
27109,Olmsted,2022-04-01,6202.0,489546.0,17080.0,9760.0,4941.0,2379.0,9,9,0
27109,Olmsted,2022-05-01,6823.0,408416.23,19131.0,10964.0,5668.0,2499.0,9,9,0
27109,Olmsted,2022-06-01,7231.0,342111.28,20864.0,11917.0,6306.0,2641.0,9,9,0
27109,Olmsted,2022-07-01,6666.0,324404.0,18492.0,10640.0,5297.0,2555.0,9,9,0
27109,Olmsted,2022-08-01,6997.0,431428.6,19204.0,11057.0,5441.0,2706.0,9,9,0
27109,Olmsted,2022-09-01,6635.0,376363.0,18826.0,10834.0,5621.0,2371.0,9,9,0
27109,Olmsted,2022-10-01,6542.0,374094.5,18713.0,10776.0,5527.0,2410.0,9,9,0
27109,Olmsted,2022-11-01,6898.0,349385.0,18970.0,10831.0,5664.0,2475.0,9,9,0
27109,Olmsted,2022-12-01,6100.0,376603.0,16925.0,9696.0,5023.0,2206.0,9,9,0
27109,Olmsted,2023-01-01,6677.0,312716.6,18996.0,10959.0,5661.0,2376.0,9,9,0
27109,Olmsted,2023-02-01,5938.0,303072.33,16428.0,9582.0,4714.0,2132.0,9,9,0
27109,Olmsted,2023-03-01,7093.0,393141.1,19645.0,11319.0,5740.0,2586.0,9,9,0
27109,Olmsted,2023-04-01,6278.0,352700.0,17890.0,10185.0,5315.0,2390.0,9,9,0
27109,Olmsted,2023-05-01,7975.0,419483.85,22656.0,13033.0,6818.0,2805.0,9,9,0
27109,Olmsted,2023-06-01,7922.0,473769.5,22112.0,12733.0,6661.0,2718.0,9,9,0
27109,Olmsted,2023-07-01,7820.0,454082.0,21577.0,12318.0,6600.0,2659.0,10,9,1
27109,Olmsted,2023-08-01,8407.0,440507.0,23030.0,13321.0,6800.0,2909.0,9,9,0
27109,Olmsted,2023-09-01,7866.0,416505.0,21893.0,12623.0,6526.0,2744.0,9,9,0
27109,Olmsted,2023-10-01,9191.0,534764.5,25603.0,14771.0,7833.0,2999.0,9,9,0
27109,Olmsted,2023-11-01,9649.0,582007.8,27146.0,15542.0,8396.0,3208.0,9,9,0
27109,Olmsted,2023-12-01,9000.0,469183.5,25252.0,14735.0,7569.0,2948.0,9,9,0
27109,Olmsted,2024-01-01,9783.0,630312.5,27819.0,16466.0,8323.0,3030.0,10,9,1
27109,Olmsted,2024-02-01,10014.0,523003.73,28371.0,16957.0,8447.0,2967.0,9,9,0
27109,Olmsted,2024-03-01,10005.0,585852.0,28108.0,16848.0,8230.0,3030.0,11,9,2
27109,Olmsted,2024-04-01,10754.0,604874.0,30207.0,18179.0,8895.0,3133.0,10,9,1
27109,Olmsted,2024-05-01,11043.0,646656.0,31392.0,18718.0,9295.0,3379.0,10,10,0
27109,Olmsted,2024-06-01,9926.0,618290.5,28101.0,16758.0,8392.0,2951.0,11,10,1
27109,Olmsted,2024-07-01,11812.0,608317.5,33013.0,19601.0,9942.0,3470.0,11,9,2
27109,Olmsted,2024-08-01,11169.0,747552.94,31366.0,18686.0,9315.0,3365.0,11,9,2
27109,Olmsted,2024-09-01,10922.0,599317.0,30775.0,18291.0,9272.0,3212.0,10,9,1
27109,Olmsted,2024-10-01,12465.0,711748.0,35182.0,20851.0,10621.0,3710.0,9,9,0
27109,Olmsted,2024-11-01,11293.0,643846.6,31182.0,18345.0,9519.0,3318.0,9,9,0
27109,Olmsted,2024-12-01,10128.0,568090.0,27838.0,16522.0,8398.0,2918.0,9,9,0
27109,Olmsted,2025-01-01,11534.0,668946.0,32045.0,19205.0,9445.0,3395.0,10,9,1
27109,Olmsted,2025-02-01,10270.0,500228.23000000004,28050.0,17008.0,7932.0,3110.0,9,9,0
27109,Olmsted,2025-03-01,10504.0,476461.7,28637.0,17336.0,8021.0,3280.0,9,9,0
27109,Olmsted,2025-04-01,11151.0,521416.14,30902.0,18446.0,8821.0,3635.0,9,9,0
27109,Olmsted,2025-05-01,10934.0,501055.1,29992.0,18021.0,8354.0,3617.0,9,9,0
27109,Olmsted,2025-06-01,10428.0,511743.1,28377.0,17086.0,7933.0,3358.0,9,9,0
27109,Olmsted,2025-07-01,11425.0,482317.5,31250.0,18853.0,8648.0,3749.0,9,9,0
27109,Olmsted,2025-08-01,10373.0,437322.5,28318.0,16918.0,7972.0,3428.0,10,9,1
27109,Olmsted,2025-09-01,10783.0,384159.7,30107.0,17952.0,8524.0,3631.0,10,10,0
27109,Olmsted,2025-10-01,11635.0,448418.5,32789.0,19286.0,9564.0,3939.0,10,10,0
27109,Olmsted,2025-11-01,12529.0,592611.0,35479.0,20767.0,10433.0,4279.0,10,10,0
27109,Olmsted,2025-12-01,9823.0,474078.04,27309.0,16100.0,7617.0,3592.0,10,10,0
27109,Olmsted,2026-01-01,9581.0,471256.3,26936.0,16376.0,7219.0,3341.0,11,11,0
27109,Olmsted,2026-02-01,9652.0,476420.03,27371.0,17430.0,6538.0,3403.0,11,10,1
27109,Olmsted,2026-03-01,10495.0,496487.534,28994.0,17797.0,7421.0,3776.0,11,11,0
27109,Olmsted,2026-04-01,10352.0,501322.71900000004,28406.0,16738.0,7837.0,3831.0,11,11,0
27109,Olmsted,2026-05-01,9187.0,405423.088,25709.0,15059.0,7183.0,3467.0,11,10,1
27109,Olmsted,2026-06-01,10254.0,475251.5,28459.0,16787.0,7885.0,3787.0,11,10,1
27109,Olmsted,2026-07-01,11001.0,604532.58,30194.0,17450.0,8682.0,4062.0,11,11,0
27111,Otter Tail,2022-01-01,582.0,46829.0,1655.0,947.0,488.0,220.0,7,7,0
27111,Otter Tail,2022-02-01,578.0,44943.0,1503.0,873.0,407.0,223.0,7,7,0
27111,Otter Tail,2022-03-01,660.0,51599.0,1750.0,997.0,449.0,304.0,7,7,0
27111,Otter Tail,2022-04-01,718.0,54110.0,1840.0,1047.0,506.0,287.0,7,7,0
27111,Otter Tail,2022-05-01,797.0,53435.0,2208.0,1200.0,648.0,360.0,7,7,0
27111,Otter Tail,2022-06-01,810.0,57545.0,2131.0,1135.0,622.0,374.0,7,7,0
27111,Otter Tail,2022-07-01,757.0,55340.0,2047.0,1118.0,567.0,362.0,7,7,0
27111,Otter Tail,2022-08-01,782.0,153125.0,2131.0,1193.0,568.0,370.0,7,7,0
27111,Otter Tail,2022-09-01,860.0,65368.0,2410.0,1316.0,731.0,363.0,7,7,0
27111,Otter Tail,2022-10-01,797.0,62905.0,2152.0,1221.0,608.0,323.0,7,7,0
27111,Otter Tail,2022-11-01,847.0,71278.0,2391.0,1366.0,667.0,358.0,7,7,0
27111,Otter Tail,2022-12-01,649.0,55608.0,1769.0,1025.0,509.0,235.0,7,7,0
27111,Otter Tail,2023-01-01,759.0,68306.0,2209.0,1177.0,629.0,403.0,7,7,0
27111,Otter Tail,2023-02-01,637.0,47811.0,1639.0,956.0,416.0,267.0,7,7,0
27111,Otter Tail,2023-03-01,702.0,53811.0,1825.0,1051.0,417.0,357.0,7,7,0
27111,Otter Tail,2023-04-01,752.0,61976.0,1954.0,1119.0,491.0,344.0,7,7,0
27111,Otter Tail,2023-05-01,853.0,67548.0,2273.0,1319.0,585.0,369.0,7,7,0
27111,Otter Tail,2023-06-01,889.0,61387.6,2306.0,1271.0,605.0,430.0,7,7,0
27111,Otter Tail,2023-07-01,862.0,63522.8,2316.0,1264.0,629.0,423.0,7,7,0
27111,Otter Tail,2023-08-01,971.0,73771.6,2499.0,1355.0,705.0,439.0,7,7,0
27111,Otter Tail,2023-09-01,1253.0,70118.8,2608.0,1495.0,690.0,423.0,7,7,0
27111,Otter Tail,2023-10-01,826.0,70914.7,2815.0,1526.0,804.0,485.0,7,7,0
27111,Otter Tail,2023-11-01,1069.0,75411.5,2853.0,1573.0,791.0,489.0,7,7,0
27111,Otter Tail,2023-12-01,997.0,76172.6,2631.0,1489.0,708.0,434.0,7,7,0
27111,Otter Tail,2024-01-01,977.0,79646.84,2620.0,1443.0,745.0,432.0,7,7,0
27111,Otter Tail,2024-02-01,986.0,65110.8,2568.0,1450.0,676.0,442.0,7,7,0
27111,Otter Tail,2024-03-01,946.0,68326.6,2334.0,1002.0,585.0,747.0,7,7,0
27111,Otter Tail,2024-04-01,1088.0,75973.5,2803.0,1520.0,793.0,490.0,7,7,0
27111,Otter Tail,2024-05-01,989.0,73489.0,2469.0,1348.0,685.0,436.0,7,7,0
27111,Otter Tail,2024-06-01,997.0,70373.1,2675.0,1464.0,762.0,449.0,7,7,0
27111,Otter Tail,2024-07-01,1066.0,72619.0,2839.0,1591.0,800.0,448.0,7,7,0
27111,Otter Tail,2024-08-01,1044.0,75429.3,2717.0,1468.0,738.0,511.0,7,7,0
27111,Otter Tail,2024-09-01,1096.0,82222.5,2803.0,1522.0,778.0,503.0,7,7,0
27111,Otter Tail,2024-10-01,1134.0,114230.5,3048.0,1671.0,879.0,498.0,7,7,0
27111,Otter Tail,2024-11-01,1097.0,86551.2,2846.0,1612.0,776.0,458.0,7,7,0
27111,Otter Tail,2024-12-01,969.0,82894.7,2554.0,1419.0,707.0,428.0,7,7,0
27111,Otter Tail,2025-01-01,1042.0,81953.6,2762.0,1597.0,741.0,424.0,7,7,0
27111,Otter Tail,2025-02-01,854.0,64237.1,2260.0,1294.0,607.0,359.0,7,7,0
27111,Otter Tail,2025-03-01,980.0,73395.0,2516.0,1466.0,624.0,426.0,7,7,0
27111,Otter Tail,2025-04-01,1062.0,75660.6,2794.0,1595.0,719.0,480.0,7,7,0
27111,Otter Tail,2025-05-01,972.0,68026.8,2558.0,1401.0,692.0,465.0,7,7,0
27111,Otter Tail,2025-06-01,990.0,65977.9,2648.0,1470.0,697.0,481.0,7,7,0
27111,Otter Tail,2025-07-01,1122.0,79556.1,3069.0,1700.0,851.0,518.0,7,7,0
27111,Otter Tail,2025-08-01,999.0,72895.9,2713.0,1516.0,734.0,463.0,7,6,1
27111,Otter Tail,2025-09-01,1100.0,75068.9,2988.0,1693.0,809.0,486.0,7,7,0
27111,Otter Tail,2025-10-01,1200.0,83604.9,3060.0,1342.0,846.0,872.0,7,7,0
27111,Otter Tail,2025-11-01,1122.0,78931.6,3086.0,1560.0,1045.0,481.0,7,7,0
27111,Otter Tail,2025-12-01,944.0,68895.9,2586.0,1462.0,720.0,404.0,7,7,0
27111,Otter Tail,2026-01-01,1236.0,68299.6,2642.0,1462.0,754.0,426.0,7,7,0
27111,Otter Tail,2026-02-01,968.0,63354.0,2646.0,1483.0,708.0,455.0,7,6,1
27111,Otter Tail,2026-03-01,1034.0,83415.1,2795.0,1577.0,739.0,479.0,7,7,0
27111,Otter Tail,2026-04-01,1016.0,86994.3,2694.0,1511.0,709.0,474.0,7,7,0
27111,Otter Tail,2026-05-01,936.0,77365.1,2513.0,1419.0,650.0,444.0,7,7,0
27111,Otter Tail,2026-06-01,1086.0,82656.9,2958.0,1687.0,819.0,452.0,7,7,0
27111,Otter Tail,2026-07-01,1035.0,52858.2,2830.0,1619.0,763.0,448.0,7,7,0
27113,Pennington,2022-01-01,118.0,20345.0,470.0,259.0,138.0,73.0,1,1,0
27113,Pennington,2022-02-01,106.0,21752.0,423.0,238.0,117.0,68.0,1,1,0
27113,Pennington,2022-03-01,152.0,27224.0,635.0,352.0,182.0,101.0,1,1,0
27113,Pennington,2022-04-01,116.0,21085.0,497.0,265.0,142.0,90.0,1,1,0
27113,Pennington,2022-05-01,150.0,22562.0,647.0,361.0,183.0,103.0,1,1,0
27113,Pennington,2022-06-01,157.0,21298.0,680.0,347.0,218.0,115.0,1,1,0
27113,Pennington,2022-07-01,134.0,37840.0,601.0,310.0,195.0,96.0,1,1,0
27113,Pennington,2022-08-01,160.0,28708.0,666.0,339.0,211.0,116.0,1,1,0
27113,Pennington,2022-09-01,178.0,22697.0,741.0,386.0,240.0,115.0,1,1,0
27113,Pennington,2022-10-01,139.0,17581.0,556.0,286.0,166.0,104.0,1,1,0
27113,Pennington,2022-11-01,153.0,23947.0,601.0,324.0,164.0,113.0,1,1,0
27113,Pennington,2022-12-01,143.0,23870.0,561.0,309.0,160.0,92.0,1,1,0
27113,Pennington,2023-01-01,176.0,23964.0,670.0,379.0,183.0,108.0,1,1,0
27113,Pennington,2023-02-01,141.0,22663.0,561.0,305.0,147.0,109.0,1,1,0
27113,Pennington,2023-03-01,138.0,24764.0,555.0,289.0,173.0,93.0,1,1,0
27113,Pennington,2023-04-01,180.0,21393.0,670.0,337.0,197.0,136.0,1,1,0
27113,Pennington,2023-05-01,181.0,,724.0,398.0,208.0,118.0,1,1,0
27113,Pennington,2023-06-01,372.0,23807.0,794.0,443.0,231.0,120.0,1,1,0
27113,Pennington,2023-07-01,147.0,22697.0,634.0,326.0,198.0,110.0,1,1,0
27113,Pennington,2023-08-01,243.0,38117.0,1027.0,567.0,327.0,133.0,1,1,0
27113,Pennington,2023-09-01,187.0,24412.0,826.0,430.0,280.0,116.0,1,1,0
27113,Pennington,2023-10-01,200.0,24610.0,744.0,435.0,190.0,119.0,1,1,0
27113,Pennington,2023-11-01,253.0,33602.0,927.0,531.0,277.0,119.0,1,1,0
27113,Pennington,2023-12-01,187.0,26476.0,755.0,430.0,217.0,108.0,1,1,0
27113,Pennington,2024-01-01,254.0,31787.0,990.0,586.0,297.0,107.0,1,1,0
27113,Pennington,2024-02-01,216.0,36082.0,815.0,478.0,234.0,103.0,1,1,0
27113,Pennington,2024-03-01,244.0,33433.0,943.0,556.0,274.0,113.0,1,1,0
27113,Pennington,2024-04-01,242.0,31264.0,905.0,552.0,231.0,122.0,1,1,0
27113,Pennington,2024-05-01,228.0,32607.0,869.0,494.0,258.0,117.0,1,1,0
27113,Pennington,2024-06-01,251.0,28865.0,953.0,548.0,279.0,126.0,1,1,0
27113,Pennington,2024-07-01,237.0,30564.0,907.0,530.0,267.0,110.0,1,1,0
27113,Pennington,2024-08-01,251.0,36425.0,974.0,550.0,301.0,123.0,1,1,0
27113,Pennington,2024-09-01,222.0,37722.0,880.0,484.0,291.0,105.0,1,1,0
27113,Pennington,2024-10-01,253.0,43602.0,1052.0,582.0,350.0,120.0,1,1,0
27113,Pennington,2024-11-01,271.0,42981.0,1159.0,691.0,347.0,121.0,1,1,0
27113,Pennington,2024-12-01,276.0,40108.0,1249.0,755.0,353.0,141.0,1,1,0
27113,Pennington,2025-01-01,281.0,49618.0,1116.0,649.0,353.0,114.0,1,1,0
27113,Pennington,2025-02-01,637.0,40048.0,1438.0,934.0,354.0,150.0,1,1,0
27113,Pennington,2025-03-01,838.0,39856.0,1671.0,1151.0,333.0,187.0,1,1,0
27113,Pennington,2025-04-01,806.0,44176.0,1769.0,1137.0,423.0,209.0,1,1,0
27113,Pennington,2025-05-01,631.0,32062.0,1615.0,939.0,455.0,221.0,1,1,0
27113,Pennington,2025-06-01,504.0,28960.0,1394.0,770.0,403.0,221.0,1,1,0
27113,Pennington,2025-07-01,555.0,37030.0,1656.0,928.0,506.0,222.0,1,1,0
27113,Pennington,2025-08-01,450.0,28931.0,1269.0,688.0,380.0,201.0,1,1,0
27113,Pennington,2025-09-01,585.0,28193.0,1336.0,796.0,341.0,199.0,1,1,0
27113,Pennington,2025-10-01,544.0,33504.0,1524.0,850.0,458.0,216.0,1,1,0
27113,Pennington,2025-11-01,422.0,29215.0,1085.0,587.0,307.0,191.0,1,1,0
27113,Pennington,2025-12-01,318.0,28173.0,809.0,428.0,225.0,156.0,1,1,0
27113,Pennington,2026-01-01,419.0,44778.0,1123.0,637.0,299.0,187.0,1,1,0
27113,Pennington,2026-02-01,431.0,44778.0,1095.0,615.0,279.0,201.0,1,1,0
27113,Pennington,2026-03-01,423.0,31798.0,1077.0,607.0,278.0,192.0,1,1,0
27113,Pennington,2026-04-01,467.0,35971.0,1181.0,664.0,327.0,190.0,1,1,0
27113,Pennington,2026-05-01,397.0,25986.0,965.0,548.0,243.0,174.0,1,1,0
27113,Pennington,2026-06-01,493.0,31018.0,1336.0,736.0,398.0,202.0,1,1,0
27113,Pennington,2026-07-01,421.0,27199.0,1074.0,585.0,307.0,182.0,1,1,0
27115,Pine,2022-01-01,496.0,36569.0,1152.0,566.0,359.0,227.0,2,2,0
27115,Pine,2022-02-01,728.0,31945.0,1031.0,507.0,303.0,221.0,2,2,0
27115,Pine,2022-03-01,594.0,42212.0,1342.0,694.0,400.0,248.0,2,2,0
27115,Pine,2022-04-01,556.0,34147.0,1270.0,656.0,351.0,263.0,2,2,0
27115,Pine,2022-05-01,590.0,35707.0,1363.0,724.0,382.0,257.0,2,2,0
27115,Pine,2022-06-01,787.0,35740.0,1327.0,587.0,221.0,519.0,2,2,0
27115,Pine,2022-07-01,556.0,33612.0,1293.0,684.0,342.0,267.0,2,2,0
27115,Pine,2022-08-01,595.0,35605.0,1409.0,751.0,371.0,287.0,2,2,0
27115,Pine,2022-09-01,606.0,36498.0,1431.0,770.0,362.0,299.0,2,2,0
27115,Pine,2022-10-01,611.0,38884.0,1340.0,735.0,332.0,273.0,2,2,0
27115,Pine,2022-11-01,755.0,41918.0,1897.0,1015.0,493.0,389.0,2,2,0
27115,Pine,2022-12-01,517.0,37871.0,1200.0,650.0,328.0,222.0,2,2,0
27115,Pine,2023-01-01,552.0,40124.0,1282.0,676.0,368.0,238.0,2,2,0
27115,Pine,2023-02-01,499.0,29415.0,1078.0,562.0,258.0,258.0,2,2,0
27115,Pine,2023-03-01,636.0,38180.0,1439.0,747.0,360.0,332.0,2,2,0
27115,Pine,2023-04-01,624.0,37866.0,1429.0,750.0,369.0,310.0,2,2,0
27115,Pine,2023-05-01,763.0,43088.0,1796.0,937.0,483.0,376.0,2,2,0
27115,Pine,2023-06-01,780.0,43210.0,1874.0,1018.0,507.0,349.0,2,2,0
27115,Pine,2023-07-01,754.0,40732.0,1705.0,882.0,482.0,341.0,2,2,0
27115,Pine,2023-08-01,779.0,44033.0,1814.0,953.0,457.0,404.0,2,2,0
27115,Pine,2023-09-01,713.0,38302.0,1635.0,838.0,435.0,362.0,2,2,0
27115,Pine,2023-10-01,754.0,42130.0,1868.0,977.0,520.0,371.0,2,2,0
27115,Pine,2023-11-01,949.0,44109.0,2370.0,1256.0,647.0,467.0,2,2,0
27115,Pine,2023-12-01,706.0,39484.0,1715.0,882.0,480.0,353.0,2,2,0
27115,Pine,2024-01-01,776.0,38716.0,1928.0,1047.0,532.0,349.0,2,2,0
27115,Pine,2024-02-01,687.0,32026.0,1654.0,884.0,434.0,336.0,2,2,0
27115,Pine,2024-03-01,629.0,29849.0,1392.0,714.0,349.0,329.0,2,2,0
27115,Pine,2024-04-01,719.0,35419.0,1628.0,808.0,378.0,442.0,2,2,0
27115,Pine,2024-05-01,788.0,38621.0,2000.0,1015.0,493.0,492.0,2,2,0
27115,Pine,2024-06-01,714.0,32582.0,1634.0,841.0,430.0,363.0,2,2,0
27115,Pine,2024-07-01,772.0,37568.0,1909.0,964.0,535.0,410.0,2,2,0
27115,Pine,2024-08-01,749.0,38058.0,1729.0,891.0,437.0,401.0,2,2,0
27115,Pine,2024-09-01,763.0,39722.0,1783.0,939.0,468.0,376.0,2,2,0
27115,Pine,2024-10-01,786.0,38838.0,1974.0,1030.0,542.0,402.0,2,2,0
27115,Pine,2024-11-01,729.0,38174.0,1805.0,961.0,521.0,323.0,2,2,0
27115,Pine,2024-12-01,661.0,39751.0,1498.0,769.0,404.0,325.0,2,2,0
27115,Pine,2025-01-01,749.0,37504.0,1721.0,894.0,491.0,336.0,2,2,0
27115,Pine,2025-02-01,646.0,33993.0,1475.0,758.0,402.0,315.0,2,2,0
27115,Pine,2025-03-01,672.0,35529.0,1504.0,802.0,359.0,343.0,2,2,0
27115,Pine,2025-04-01,726.0,38046.0,1682.0,887.0,413.0,382.0,2,2,0
27115,Pine,2025-05-01,705.0,39834.0,1692.0,879.0,448.0,365.0,2,2,0
27115,Pine,2025-06-01,646.0,38651.0,1493.0,790.0,396.0,307.0,2,2,0
27115,Pine,2025-07-01,785.0,44772.0,1753.0,919.0,458.0,376.0,2,2,0
27115,Pine,2025-08-01,636.0,36032.0,1423.0,771.0,340.0,312.0,2,2,0
27115,Pine,2025-09-01,634.0,37391.0,1429.0,749.0,378.0,302.0,2,2,0
27115,Pine,2025-10-01,781.0,43968.0,1853.0,964.0,521.0,368.0,2,2,0
27115,Pine,2025-11-01,805.0,38997.0,1929.0,1097.0,512.0,320.0,2,2,0
27115,Pine,2025-12-01,642.0,43113.0,1472.0,790.0,395.0,287.0,2,2,0
27115,Pine,2026-01-01,631.0,40318.0,1517.0,805.0,462.0,250.0,2,2,0
27115,Pine,2026-02-01,607.0,34189.0,1432.0,765.0,414.0,253.0,2,2,0
27115,Pine,2026-03-01,666.0,34526.0,1533.0,804.0,435.0,294.0,2,2,0
27115,Pine,2026-04-01,719.0,39692.0,1646.0,845.0,477.0,324.0,2,2,0
27115,Pine,2026-05-01,642.0,38019.0,1470.0,820.0,374.0,276.0,2,2,0
27115,Pine,2026-06-01,740.0,43088.0,1747.0,946.0,460.0,341.0,2,2,0
27115,Pine,2026-07-01,760.0,46780.0,1752.0,964.0,435.0,353.0,2,2,0
27117,Pipestone,2022-01-01,147.0,12185.0,500.0,276.0,190.0,34.0,1,1,0
27117,Pipestone,2022-02-01,299.0,11857.0,479.0,264.0,180.0,35.0,1,1,0
27117,Pipestone,2022-03-01,158.0,13485.0,494.0,284.0,166.0,44.0,1,1,0
27117,Pipestone,2022-04-01,155.0,11519.0,466.0,266.0,154.0,46.0,1,1,0
27117,Pipestone,2022-05-01,130.0,11304.0,405.0,223.0,140.0,42.0,1,1,0
27117,Pipestone,2022-06-01,195.0,17796.0,635.0,349.0,235.0,51.0,1,1,0
27117,Pipestone,2022-07-01,187.0,16507.0,630.0,351.0,237.0,42.0,1,1,0
27117,Pipestone,2022-08-01,179.0,16796.0,576.0,317.0,206.0,53.0,1,1,0
27117,Pipestone,2022-09-01,225.0,21366.0,726.0,405.0,270.0,51.0,1,1,0
27117,Pipestone,2022-10-01,175.0,16073.0,574.0,317.0,212.0,45.0,1,1,0
27117,Pipestone,2022-11-01,196.0,18075.0,639.0,363.0,232.0,44.0,1,1,0
27117,Pipestone,2022-12-01,350.0,24596.0,1225.0,566.0,606.0,53.0,1,1,0
27117,Pipestone,2023-01-01,232.0,22400.0,919.0,482.0,403.0,34.0,1,1,0
27117,Pipestone,2023-02-01,159.0,17060.0,588.0,325.0,230.0,33.0,1,1,0
27117,Pipestone,2023-03-01,295.0,32755.0,1145.0,629.0,464.0,52.0,1,1,0
27117,Pipestone,2023-04-01,295.0,32755.0,1145.0,629.0,464.0,52.0,1,1,0
27117,Pipestone,2023-05-01,282.0,30942.0,1105.0,631.0,433.0,41.0,1,1,0
27117,Pipestone,2023-06-01,375.0,35396.0,1513.0,855.0,610.0,48.0,1,1,0
27117,Pipestone,2023-07-01,300.0,30127.0,1234.0,694.0,510.0,30.0,1,1,0
27117,Pipestone,2023-08-01,381.0,38625.0,1474.0,843.0,578.0,53.0,1,1,0
27117,Pipestone,2023-09-01,306.0,28984.0,1244.0,702.0,499.0,43.0,1,1,0
27117,Pipestone,2023-10-01,297.0,29609.0,1181.0,665.0,478.0,38.0,1,1,0
27117,Pipestone,2023-11-01,347.0,31301.0,1426.0,807.0,579.0,40.0,1,1,0
27117,Pipestone,2023-12-01,313.0,31667.0,1254.0,726.0,493.0,35.0,1,1,0
27117,Pipestone,2024-01-01,323.0,31563.0,1375.0,810.0,534.0,31.0,1,1,0
27117,Pipestone,2024-02-01,437.0,41710.0,1719.0,1056.0,625.0,38.0,1,1,0
27117,Pipestone,2024-03-01,352.0,30535.0,1343.0,867.0,439.0,37.0,1,1,0
27117,Pipestone,2024-04-01,440.0,38569.0,1457.0,828.0,485.0,144.0,1,1,0
27117,Pipestone,2024-05-01,522.0,45882.0,1561.0,862.0,549.0,150.0,1,1,0
27117,Pipestone,2024-06-01,404.0,36548.0,1119.0,587.0,392.0,140.0,1,1,0
27117,Pipestone,2024-07-01,376.0,34630.0,1008.0,489.0,365.0,154.0,1,1,0
27117,Pipestone,2024-08-01,445.0,39913.0,1313.0,686.0,481.0,146.0,1,1,0
27117,Pipestone,2024-09-01,408.0,34817.0,1138.0,590.0,380.0,168.0,1,1,0
27117,Pipestone,2024-10-01,473.0,37874.0,1335.0,696.0,478.0,161.0,1,1,0
27117,Pipestone,2024-11-01,397.0,29360.0,1017.0,513.0,310.0,194.0,1,1,0
27117,Pipestone,2024-12-01,530.0,29141.0,1398.0,634.0,606.0,158.0,1,1,0
27117,Pipestone,2025-01-01,479.0,33837.0,1286.0,690.0,416.0,180.0,1,1,0
27117,Pipestone,2025-02-01,444.0,32063.0,1158.0,600.0,383.0,175.0,1,1,0
27117,Pipestone,2025-03-01,472.0,31608.0,1140.0,636.0,326.0,178.0,1,1,0
27117,Pipestone,2025-04-01,459.0,30379.0,1117.0,619.0,325.0,173.0,1,1,0
27117,Pipestone,2025-05-01,526.0,34169.0,1312.0,728.0,405.0,179.0,1,1,0
27117,Pipestone,2025-06-01,449.0,32189.0,1154.0,629.0,377.0,148.0,1,1,0
27117,Pipestone,2025-07-01,530.0,37468.0,1400.0,735.0,509.0,156.0,1,1,0
27117,Pipestone,2025-08-01,450.0,34913.0,1173.0,591.0,430.0,152.0,1,1,0
27117,Pipestone,2025-09-01,470.0,37327.0,1221.0,629.0,423.0,169.0,1,1,0
27117,Pipestone,2025-10-01,531.0,35698.0,1361.0,708.0,469.0,184.0,1,1,0
27117,Pipestone,2025-11-01,469.0,27889.0,1187.0,585.0,423.0,179.0,1,1,0
27117,Pipestone,2025-12-01,391.0,27935.0,1028.0,522.0,335.0,171.0,1,1,0
27117,Pipestone,2026-01-01,424.0,29474.0,1179.0,618.0,409.0,152.0,1,1,0
27117,Pipestone,2026-02-01,452.0,30278.0,1179.0,616.0,385.0,178.0,1,1,0
27117,Pipestone,2026-03-01,433.0,28277.0,1097.0,587.0,342.0,168.0,1,1,0
27117,Pipestone,2026-04-01,536.0,36813.0,1476.0,760.0,526.0,190.0,1,1,0
27117,Pipestone,2026-05-01,461.0,28726.0,1211.0,643.0,392.0,176.0,1,1,0
27117,Pipestone,2026-06-01,491.0,37003.0,1309.0,699.0,427.0,183.0,1,1,0
27117,Pipestone,2026-07-01,568.0,44659.0,1498.0,800.0,509.0,189.0,1,1,0
27119,Polk,2022-01-01,616.0,28552.0,922.0,508.0,315.0,99.0,6,6,0
27119,Polk,2022-02-01,336.0,24843.0,943.0,532.0,284.0,127.0,6,6,0
27119,Polk,2022-03-01,331.0,28896.0,972.0,492.0,285.0,195.0,6,6,0
27119,Polk,2022-04-01,387.0,36008.0,1069.0,584.0,345.0,140.0,6,6,0
27119,Polk,2022-05-01,389.0,34122.0,1062.0,592.0,328.0,142.0,6,6,0
27119,Polk,2022-06-01,466.0,43451.0,1382.0,739.0,461.0,182.0,6,6,0
27119,Polk,2022-07-01,466.0,47107.0,1334.0,709.0,483.0,142.0,6,6,0
27119,Polk,2022-08-01,474.0,44902.0,1236.0,687.0,387.0,162.0,6,6,0
27119,Polk,2022-09-01,446.0,44919.0,1216.0,675.0,411.0,130.0,6,6,0
27119,Polk,2022-10-01,415.0,41566.0,1258.0,725.0,369.0,164.0,6,6,0
27119,Polk,2022-11-01,400.0,41150.0,1201.0,664.0,404.0,133.0,6,5,1
27119,Polk,2022-12-01,328.0,44257.0,1076.0,617.0,332.0,127.0,6,6,0
27119,Polk,2023-01-01,439.0,46472.0,1305.0,725.0,431.0,149.0,6,6,0
27119,Polk,2023-02-01,441.0,37290.0,1137.0,615.0,371.0,151.0,6,6,0
27119,Polk,2023-03-01,518.0,44658.0,1337.0,752.0,418.0,167.0,6,6,0
27119,Polk,2023-04-01,556.0,46347.0,1433.0,789.0,464.0,180.0,6,6,0
27119,Polk,2023-05-01,611.0,51964.9,1632.0,906.0,563.0,163.0,6,6,0
27119,Polk,2023-06-01,392.0,57832.399999999994,1758.0,928.0,634.0,196.0,6,6,0
27119,Polk,2023-07-01,602.0,49317.799999999996,1675.0,907.0,567.0,201.0,6,6,0
27119,Polk,2023-08-01,646.0,52298.9,1720.0,940.0,547.0,233.0,6,6,0
27119,Polk,2023-09-01,617.0,49362.1,1631.0,902.0,553.0,176.0,6,6,0
27119,Polk,2023-10-01,609.0,46906.1,1670.0,930.0,557.0,183.0,6,6,0
27119,Polk,2023-11-01,744.0,56604.520000000004,1930.0,1012.0,682.0,236.0,6,6,0
27119,Polk,2023-12-01,630.0,58640.700000000004,1702.0,914.0,595.0,193.0,6,6,0
27119,Polk,2024-01-01,661.0,60751.6,2126.0,1045.0,618.0,463.0,6,6,0
27119,Polk,2024-02-01,645.0,51654.6,1867.0,1102.0,594.0,171.0,6,6,0
27119,Polk,2024-03-01,620.0,38301.8,1578.0,861.0,521.0,196.0,6,6,0
27119,Polk,2024-04-01,684.0,54876.3,1764.0,994.0,583.0,187.0,6,6,0
27119,Polk,2024-05-01,672.0,55248.6,1832.0,1002.0,644.0,186.0,6,6,0
27119,Polk,2024-06-01,689.0,52655.2,2037.0,1023.0,811.0,203.0,6,6,0
27119,Polk,2024-07-01,627.0,60907.1,1793.0,974.0,640.0,179.0,6,6,0
27119,Polk,2024-08-01,442.0,21439.5,1132.0,597.0,383.0,152.0,6,5,1
27119,Polk,2024-09-01,687.0,58177.2,1848.0,1040.0,632.0,176.0,6,6,0
27119,Polk,2024-10-01,731.0,58648.899999999994,1912.0,1039.0,651.0,222.0,6,6,0
27119,Polk,2024-11-01,752.0,62643.380000000005,2030.0,1144.0,655.0,231.0,6,6,0
27119,Polk,2024-12-01,689.0,64948.7,1870.0,1066.0,611.0,193.0,6,6,0
27119,Polk,2025-01-01,681.0,59576.0,1746.0,983.0,554.0,209.0,6,6,0
27119,Polk,2025-02-01,621.0,55378.399999999994,1712.0,938.0,570.0,204.0,6,6,0
27119,Polk,2025-03-01,714.0,61847.2,1768.0,998.0,550.0,220.0,6,6,0
27119,Polk,2025-04-01,704.0,63436.9,1845.0,1059.0,580.0,206.0,6,6,0
27119,Polk,2025-05-01,676.0,56429.6,1661.0,882.0,533.0,246.0,6,6,0
27119,Polk,2025-06-01,651.0,59362.2,1681.0,918.0,521.0,242.0,6,6,0
27119,Polk,2025-07-01,735.0,60554.0,2067.0,1076.0,693.0,298.0,6,6,0
27119,Polk,2025-08-01,751.0,29738.800000000003,2061.0,1093.0,691.0,277.0,6,6,0
27119,Polk,2025-09-01,721.0,61447.0,1942.0,1047.0,613.0,282.0,6,6,0
27119,Polk,2025-10-01,799.0,68819.6,2165.0,1156.0,723.0,286.0,6,6,0
27119,Polk,2025-11-01,779.0,59373.59,2116.0,1124.0,714.0,278.0,6,5,1
27119,Polk,2025-12-01,667.0,62597.799999999996,1730.0,915.0,556.0,259.0,6,6,0
27119,Polk,2026-01-01,651.0,55068.399999999994,1696.0,935.0,532.0,229.0,6,6,0
27119,Polk,2026-02-01,591.0,50597.06,1531.0,852.0,461.0,218.0,6,6,0
27119,Polk,2026-03-01,738.0,64121.200000000004,1930.0,1060.0,579.0,291.0,6,6,0
27119,Polk,2026-04-01,1135.0,40740.899999999994,1934.0,902.0,736.0,296.0,6,6,0
27119,Polk,2026-05-01,723.0,56583.5,1861.0,965.0,592.0,304.0,6,6,0
27119,Polk,2026-06-01,791.0,66077.7,2180.0,1180.0,694.0,306.0,6,6,0
27119,Polk,2026-07-01,783.0,62772.5,2072.0,1057.0,718.0,297.0,6,6,0
27121,Pope,2022-01-01,35.0,5354.0,94.0,49.0,32.0,13.0,1,1,0
27121,Pope,2022-02-01,49.0,7433.0,131.0,69.0,40.0,22.0,1,1,0
27121,Pope,2022-03-01,47.0,7168.0,119.0,63.0,36.0,20.0,1,1,0
27121,Pope,2022-04-01,51.0,7717.0,132.0,80.0,31.0,21.0,1,1,0
27121,Pope,2022-05-01,43.0,6623.0,113.0,65.0,33.0,15.0,1,1,0
27121,Pope,2022-06-01,52.0,7884.0,130.0,71.0,31.0,28.0,1,1,0
27121,Pope,2022-07-01,48.0,7050.0,129.0,72.0,39.0,18.0,1,1,0
27121,Pope,2022-08-01,59.0,8509.0,137.0,73.0,32.0,32.0,1,1,0
27121,Pope,2022-09-01,50.0,7682.0,119.0,66.0,31.0,22.0,1,1,0
27121,Pope,2022-10-01,57.0,8685.0,147.0,78.0,45.0,24.0,1,1,0
27121,Pope,2022-11-01,46.0,7017.0,118.0,59.0,34.0,25.0,1,1,0
27121,Pope,2022-12-01,37.0,5550.0,85.0,52.0,18.0,15.0,1,1,0
27121,Pope,2023-01-01,62.0,9378.0,153.0,89.0,44.0,20.0,1,1,0
27121,Pope,2023-02-01,35.0,5513.0,80.0,46.0,20.0,14.0,1,1,0
27121,Pope,2023-03-01,46.0,7288.0,108.0,70.0,21.0,17.0,1,1,0
27121,Pope,2023-04-01,46.0,7109.0,109.0,62.0,25.0,22.0,1,1,0
27121,Pope,2023-05-01,76.0,11639.0,191.0,115.0,52.0,24.0,1,1,0
27121,Pope,2023-06-01,66.0,9800.0,187.0,96.0,64.0,27.0,1,1,0
27121,Pope,2023-07-01,53.0,7685.0,131.0,71.0,30.0,30.0,1,1,0
27121,Pope,2023-08-01,54.0,7460.0,142.0,71.0,40.0,31.0,1,1,0
27121,Pope,2023-09-01,59.0,9026.0,154.0,80.0,41.0,33.0,1,1,0
27121,Pope,2023-10-01,67.0,10050.0,188.0,113.0,48.0,27.0,1,1,0
27121,Pope,2023-11-01,74.0,11100.0,216.0,125.0,58.0,33.0,1,1,0
27121,Pope,2023-12-01,59.0,8850.0,147.0,83.0,27.0,37.0,1,1,0
27121,Pope,2024-01-01,62.0,9300.0,153.0,89.0,44.0,20.0,1,1,0
27121,Pope,2024-02-01,55.0,8110.0,131.0,73.0,28.0,30.0,1,1,0
27121,Pope,2024-03-01,54.0,8100.0,125.0,77.0,22.0,26.0,1,1,0
27121,Pope,2024-04-01,72.0,10800.0,170.0,95.0,42.0,33.0,1,1,0
27121,Pope,2024-05-01,56.0,8400.0,137.0,66.0,37.0,34.0,1,1,0
27121,Pope,2024-06-01,56.0,8400.0,160.0,85.0,32.0,43.0,1,1,0
27121,Pope,2024-07-01,80.0,12090.0,215.0,116.0,51.0,48.0,1,1,0
27121,Pope,2024-08-01,61.0,9145.0,143.0,77.0,33.0,33.0,1,1,0
27121,Pope,2024-09-01,63.0,9520.0,160.0,83.0,45.0,32.0,1,1,0
27121,Pope,2024-10-01,74.0,11210.0,196.0,105.0,59.0,32.0,1,1,0
27121,Pope,2024-11-01,146.0,9240.0,146.0,86.0,30.0,30.0,1,1,0
27121,Pope,2024-12-01,76.0,10005.0,193.0,117.0,45.0,31.0,1,1,0
27121,Pope,2025-01-01,170.0,9165.0,170.0,97.0,25.0,48.0,1,1,0
27121,Pope,2025-02-01,161.0,9605.0,161.0,98.0,38.0,25.0,1,1,0
27121,Pope,2025-03-01,75.0,11150.0,178.0,114.0,34.0,30.0,1,1,0
27121,Pope,2025-04-01,57.0,8640.0,143.0,85.0,28.0,30.0,1,1,0
27121,Pope,2025-05-01,66.0,9970.0,166.0,90.0,41.0,35.0,1,1,0
27121,Pope,2025-06-01,84.0,12420.0,207.0,109.0,47.0,51.0,1,1,0
27121,Pope,2025-07-01,60.0,9140.0,149.0,70.0,37.0,42.0,1,1,0
27121,Pope,2025-08-01,70.0,10730.0,181.0,90.0,50.0,41.0,1,1,0
27121,Pope,2025-09-01,71.0,10710.0,174.0,90.0,45.0,39.0,1,1,0
27121,Pope,2025-10-01,82.0,12010.0,191.0,104.0,40.0,47.0,1,1,0
27121,Pope,2025-11-01,74.0,11060.0,184.0,105.0,39.0,40.0,1,1,0
27121,Pope,2025-12-01,57.0,8700.0,154.0,75.0,47.0,32.0,1,1,0
27121,Pope,2026-01-01,61.0,9160.0,161.0,87.0,39.0,35.0,1,1,0
27121,Pope,2026-02-01,65.0,9850.0,157.0,86.0,31.0,40.0,1,1,0
27121,Pope,2026-03-01,62.0,9350.0,159.0,84.0,38.0,37.0,1,1,0
27121,Pope,2026-04-01,68.0,10300.0,164.0,87.0,40.0,37.0,1,1,0
27121,Pope,2026-05-01,60.0,9079.0,157.0,77.0,39.0,41.0,1,1,0
27121,Pope,2026-06-01,67.0,9940.0,155.0,80.0,36.0,39.0,1,1,0
27121,Pope,2026-07-01,60.0,8960.0,134.0,73.0,31.0,30.0,1,1,0
27123,Ramsey,2022-01-01,20237.0,860497.0,56539.0,26243.0,23275.0,7021.0,39,38,1
27123,Ramsey,2022-02-01,32129.0,881337.0,55084.0,24204.0,22570.0,8310.0,38,38,0
27123,Ramsey,2022-03-01,20526.0,1054937.0,60504.0,27570.0,21476.0,11458.0,42,42,0
27123,Ramsey,2022-04-01,19938.0,1065268.0,62949.0,29001.0,23596.0,10352.0,40,40,0
27123,Ramsey,2022-05-01,21453.0,1101611.0,64375.0,29548.0,24038.0,10789.0,42,42,0
27123,Ramsey,2022-06-01,36815.0,1205672.0,79093.0,34478.0,31195.0,13420.0,44,43,1
27123,Ramsey,2022-07-01,35806.0,1125198.0,75924.0,33139.0,30809.0,11976.0,45,45,0
27123,Ramsey,2022-08-01,39080.0,1231469.0,84493.0,36209.0,35179.0,13105.0,45,45,0
27123,Ramsey,2022-09-01,36083.0,1221722.0,80761.0,35588.0,32498.0,12675.0,45,44,1
27123,Ramsey,2022-10-01,17585.0,1060918.0,53738.0,27985.0,18940.0,6813.0,45,45,0
27123,Ramsey,2022-11-01,20876.0,1330145.0,72263.0,36823.0,26302.0,9138.0,45,45,0
27123,Ramsey,2022-12-01,17875.0,1253625.0,57312.0,30415.0,20115.0,6782.0,45,45,0
27123,Ramsey,2023-01-01,17343.0,1078046.0,55072.0,28745.0,19979.0,6348.0,45,45,0
27123,Ramsey,2023-02-01,18120.0,1129994.0,58998.0,30310.0,21857.0,6831.0,45,45,0
27123,Ramsey,2023-03-01,20055.0,1212928.0,62127.0,32407.0,22985.0,6735.0,45,45,0
27123,Ramsey,2023-04-01,19078.0,1135740.0,61959.0,32090.0,23373.0,6496.0,45,45,0
27123,Ramsey,2023-05-01,20352.0,1218400.0,62898.0,33087.0,23361.0,6450.0,44,44,0
27123,Ramsey,2023-06-01,19406.0,1223064.0,60789.0,31453.0,22483.0,6853.0,44,44,0
27123,Ramsey,2023-07-01,18479.0,1075136.0,56438.0,29845.0,20655.0,5938.0,43,43,0
27123,Ramsey,2023-08-01,20098.0,1225856.0,63820.0,31786.0,25353.0,6681.0,42,42,0
27123,Ramsey,2023-09-01,19434.0,1135618.0,59506.0,31494.0,21220.0,6792.0,43,43,0
27123,Ramsey,2023-10-01,19849.0,1219347.0,65658.0,33992.0,23440.0,8226.0,42,41,1
27123,Ramsey,2023-11-01,23161.0,1275394.0,72969.0,37998.0,26968.0,8003.0,43,43,0
27123,Ramsey,2023-12-01,19367.0,1015098.0,55038.0,28832.0,20681.0,5525.0,42,42,0
27123,Ramsey,2024-01-01,21707.0,1103845.0,68225.0,35933.0,25392.0,6900.0,41,41,0
27123,Ramsey,2024-02-01,21881.0,1170288.0,66402.0,32421.0,26843.0,7138.0,39,39,0
27123,Ramsey,2024-03-01,20876.0,1171958.0,70665.0,36667.0,25735.0,8263.0,39,39,0
27123,Ramsey,2024-04-01,22193.0,1256943.0,74987.0,39646.0,27586.0,7755.0,39,39,0
27123,Ramsey,2024-05-01,21345.0,1265615.0,72414.0,37849.0,27024.0,7541.0,39,39,0
27123,Ramsey,2024-06-01,19454.0,1106381.0,63856.0,33706.0,23774.0,6376.0,39,39,0
27123,Ramsey,2024-07-01,21593.0,1202484.0,66228.0,34864.0,24197.0,7167.0,39,39,0
27123,Ramsey,2024-08-01,21064.0,1169341.0,66331.0,34854.0,24849.0,6628.0,39,39,0
27123,Ramsey,2024-09-01,20321.0,1113000.0,67103.0,33695.0,25555.0,7853.0,39,39,0
27123,Ramsey,2024-10-01,23141.0,1283505.0,74266.0,39260.0,28063.0,6943.0,38,38,0
27123,Ramsey,2024-11-01,20026.0,1208100.0,78027.0,42396.0,28898.0,6733.0,36,36,0
27123,Ramsey,2024-12-01,18986.0,1097921.0,66000.0,33942.0,25696.0,6362.0,37,37,0
27123,Ramsey,2025-01-01,20315.0,1099729.0,70629.0,38588.0,26327.0,5714.0,36,36,0
27123,Ramsey,2025-02-01,19302.0,1008076.0,68117.0,36865.0,25562.0,5690.0,36,36,0
27123,Ramsey,2025-03-01,19133.0,1136077.0,73550.0,39701.0,27496.0,6353.0,36,36,0
27123,Ramsey,2025-04-01,23312.0,1132009.0,77332.0,39457.0,31343.0,6532.0,36,36,0
27123,Ramsey,2025-05-01,21252.0,1128053.0,70633.0,37251.0,26749.0,6633.0,37,37,0
27123,Ramsey,2025-06-01,21550.0,1107203.0,70017.0,38132.0,25460.0,6425.0,37,37,0
27123,Ramsey,2025-07-01,20696.0,1083641.0,71021.0,38033.0,26249.0,6739.0,37,37,0
27123,Ramsey,2025-08-01,21344.0,1642290.0,69323.0,36759.0,26015.0,6549.0,36,36,0
27123,Ramsey,2025-09-01,22498.0,1157712.0,70943.0,37934.0,26089.0,6920.0,39,39,0
27123,Ramsey,2025-10-01,23298.0,1183083.0,77960.0,41973.0,28855.0,7132.0,38,38,0
27123,Ramsey,2025-11-01,24781.0,1325711.0,81518.0,43395.0,30539.0,7584.0,39,39,0
27123,Ramsey,2025-12-01,18659.0,1197956.0,63768.0,32994.0,24609.0,6165.0,37,37,0
27123,Ramsey,2026-01-01,18972.0,990897.0,66940.0,34034.0,27112.0,5794.0,38,38,0
27123,Ramsey,2026-02-01,22347.0,1079032.0,78842.0,39762.0,31420.0,7660.0,38,38,0
27123,Ramsey,2026-03-01,23904.0,1166237.0,86570.0,45853.0,32588.0,8129.0,40,40,0
27123,Ramsey,2026-04-01,23866.0,1130551.0,83862.0,44259.0,32269.0,7334.0,40,40,0
27123,Ramsey,2026-05-01,22603.0,1093721.0,79675.0,40892.0,31159.0,7624.0,38,38,0
27123,Ramsey,2026-06-01,23029.0,1095666.0,78523.0,41560.0,30176.0,6787.0,35,35,0
27123,Ramsey,2026-07-01,21898.0,1090003.0,75631.0,40346.0,28560.0,6725.0,36,36,0
27125,Red Lake,2022-01-01,50.0,3374.0,117.0,55.0,39.0,23.0,2,2,0
27125,Red Lake,2022-02-01,50.0,3980.0,114.0,54.0,37.0,23.0,2,2,0
27125,Red Lake,2022-03-01,57.0,5883.0,114.0,64.0,27.0,23.0,2,2,0
27125,Red Lake,2022-04-01,57.0,3859.0,117.0,59.0,31.0,27.0,2,2,0
27125,Red Lake,2022-05-01,65.0,4690.0,132.0,79.0,28.0,25.0,2,2,0
27125,Red Lake,2022-06-01,62.0,4530.0,139.0,70.0,44.0,25.0,2,2,0
27125,Red Lake,2022-07-01,67.0,5173.0,150.0,87.0,40.0,23.0,2,2,0
27125,Red Lake,2022-08-01,76.0,12518.0,193.0,99.0,63.0,31.0,2,2,0
27125,Red Lake,2022-09-01,64.0,5933.0,141.0,74.0,40.0,27.0,2,2,0
27125,Red Lake,2022-10-01,75.0,10409.0,159.0,80.0,41.0,38.0,2,2,0
27125,Red Lake,2022-11-01,89.0,7868.0,176.0,95.0,34.0,47.0,2,2,0
27125,Red Lake,2022-12-01,75.0,5915.0,154.0,94.0,27.0,33.0,2,2,0
27125,Red Lake,2023-01-01,83.0,7977.0,177.0,90.0,41.0,46.0,2,2,0
27125,Red Lake,2023-02-01,68.0,5233.0,141.0,75.0,30.0,36.0,2,2,0
27125,Red Lake,2023-03-01,84.0,7854.0,182.0,101.0,43.0,38.0,2,2,0
27125,Red Lake,2023-04-01,84.0,6167.0,178.0,104.0,33.0,41.0,2,2,0
27125,Red Lake,2023-05-01,100.0,7680.25,228.0,122.0,61.0,45.0,2,2,0
27125,Red Lake,2023-06-01,88.0,4062.8999999999996,209.0,104.0,65.0,40.0,2,2,0
27125,Red Lake,2023-07-01,82.0,4329.15,195.0,100.0,58.0,37.0,2,2,0
27125,Red Lake,2023-08-01,85.0,9713.42,187.0,104.0,48.0,35.0,2,2,0
27125,Red Lake,2023-09-01,100.0,6089.68,214.0,113.0,58.0,43.0,2,2,0
27125,Red Lake,2023-10-01,96.0,4309.08,198.0,111.0,46.0,41.0,2,2,0
27125,Red Lake,2023-11-01,99.0,5011.88,216.0,117.0,56.0,43.0,2,2,0
27125,Red Lake,2023-12-01,106.0,6865.2,214.0,126.0,46.0,42.0,2,2,0
27125,Red Lake,2024-01-01,97.0,4837.17,189.0,106.0,42.0,41.0,2,2,0
27125,Red Lake,2024-02-01,87.0,4222.08,188.0,107.0,44.0,37.0,2,2,0
27125,Red Lake,2024-03-01,100.0,5798.0,212.0,113.0,54.0,45.0,2,2,0
27125,Red Lake,2024-04-01,102.0,6638.67,222.0,121.0,57.0,44.0,2,2,0
27125,Red Lake,2024-05-01,119.0,6288.5,270.0,155.0,74.0,41.0,2,2,0
27125,Red Lake,2024-06-01,107.0,8358.95,230.0,128.0,60.0,42.0,2,2,0
27125,Red Lake,2024-07-01,121.0,6549.6,290.0,150.0,98.0,42.0,2,2,0
27125,Red Lake,2024-08-01,96.0,4417.389999999999,207.0,108.0,55.0,44.0,2,2,0
27125,Red Lake,2024-09-01,102.0,4403.65,226.0,126.0,61.0,39.0,2,2,0
27125,Red Lake,2024-10-01,98.0,4705.83,220.0,119.0,61.0,40.0,2,2,0
27125,Red Lake,2024-11-01,85.0,5173.04,163.0,81.0,36.0,46.0,2,2,0
27125,Red Lake,2024-12-01,81.0,3906.96,168.0,90.0,38.0,40.0,2,2,0
27125,Red Lake,2025-01-01,109.0,6738.72,234.0,114.0,57.0,63.0,2,2,0
27125,Red Lake,2025-02-01,116.0,5575.12,208.0,88.0,31.0,89.0,2,2,0
27125,Red Lake,2025-03-01,131.0,6079.94,239.0,135.0,44.0,60.0,2,2,0
27125,Red Lake,2025-04-01,139.0,6816.1,257.0,131.0,36.0,90.0,2,2,0
27125,Red Lake,2025-05-01,131.0,5650.98,244.0,113.0,39.0,92.0,2,2,0
27125,Red Lake,2025-06-01,133.0,6171.27,256.0,111.0,49.0,96.0,2,2,0
27125,Red Lake,2025-07-01,136.0,6547.14,278.0,125.0,64.0,89.0,2,2,0
27125,Red Lake,2025-08-01,129.0,6438.34,256.0,112.0,52.0,92.0,2,2,0
27125,Red Lake,2025-09-01,126.0,4694.5,235.0,98.0,40.0,97.0,2,2,0
27125,Red Lake,2025-10-01,137.0,6229.73,256.0,119.0,48.0,89.0,2,2,0
27125,Red Lake,2025-11-01,121.0,7073.55,224.0,105.0,39.0,80.0,2,2,0
27125,Red Lake,2025-12-01,112.0,4332.3099999999995,211.0,95.0,42.0,74.0,2,2,0
27125,Red Lake,2026-01-01,111.0,4780.87,198.0,92.0,36.0,70.0,2,2,0
27125,Red Lake,2026-02-01,119.0,4999.9,220.0,94.0,41.0,85.0,2,2,0
27125,Red Lake,2026-03-01,99.0,8784.74,187.0,82.0,34.0,71.0,2,2,0
27125,Red Lake,2026-04-01,124.0,5390.360000000001,247.0,120.0,52.0,75.0,2,2,0
27125,Red Lake,2026-05-01,126.0,6064.9,240.0,107.0,46.0,87.0,2,2,0
27125,Red Lake,2026-06-01,121.0,5586.7,241.0,113.0,49.0,79.0,2,2,0
27125,Red Lake,2026-07-01,120.0,5520.7,237.0,105.0,54.0,78.0,2,2,0
27127,Redwood,2022-01-01,94.0,10701.0,303.0,169.0,101.0,33.0,3,3,0
27127,Redwood,2022-02-01,272.0,14506.0,458.0,246.0,186.0,26.0,3,3,0
27127,Redwood,2022-03-01,140.0,15896.0,451.0,245.0,157.0,49.0,3,3,0
27127,Redwood,2022-04-01,162.0,16821.0,531.0,278.0,199.0,54.0,3,3,0
27127,Redwood,2022-05-01,171.0,17579.0,579.0,300.0,227.0,52.0,3,3,0
27127,Redwood,2022-06-01,210.0,21285.0,771.0,401.0,313.0,57.0,3,3,0
27127,Redwood,2022-07-01,194.0,19028.0,720.0,382.0,280.0,58.0,3,3,0
27127,Redwood,2022-08-01,427.0,18275.0,666.0,352.0,250.0,64.0,3,3,0
27127,Redwood,2022-09-01,185.0,17879.0,608.0,332.0,222.0,54.0,3,3,0
27127,Redwood,2022-10-01,196.0,19529.0,722.0,408.0,256.0,58.0,3,3,0
27127,Redwood,2022-11-01,203.0,21121.0,682.0,365.0,256.0,61.0,3,3,0
27127,Redwood,2022-12-01,281.0,27387.0,988.0,502.0,395.0,91.0,3,3,0
27127,Redwood,2023-01-01,202.0,19647.0,649.0,335.0,252.0,62.0,3,3,0
27127,Redwood,2023-02-01,160.0,15407.0,501.0,261.0,191.0,49.0,3,3,0
27127,Redwood,2023-03-01,189.0,19143.0,575.0,303.0,210.0,62.0,3,3,0
27127,Redwood,2023-04-01,217.0,25447.0,687.0,361.0,271.0,55.0,3,3,0
27127,Redwood,2023-05-01,263.0,25536.0,908.0,483.0,359.0,66.0,3,3,0
27127,Redwood,2023-06-01,253.0,27400.0,906.0,469.0,348.0,89.0,3,3,0
27127,Redwood,2023-07-01,226.0,21651.0,779.0,422.0,307.0,50.0,3,3,0
27127,Redwood,2023-08-01,264.0,27298.0,974.0,494.0,402.0,78.0,3,3,0
27127,Redwood,2023-09-01,267.0,27783.0,978.0,462.0,433.0,83.0,3,3,0
27127,Redwood,2023-10-01,261.0,28043.0,945.0,469.0,390.0,86.0,3,3,0
27127,Redwood,2023-11-01,303.0,36289.0,1127.0,545.0,491.0,91.0,3,3,0
27127,Redwood,2023-12-01,353.0,39761.0,1221.0,599.0,521.0,101.0,3,3,0
27127,Redwood,2024-01-01,233.0,24688.0,862.0,420.0,358.0,84.0,3,3,0
27127,Redwood,2024-02-01,251.0,27544.0,847.0,437.0,337.0,73.0,3,3,0
27127,Redwood,2024-03-01,232.0,24953.0,785.0,384.0,317.0,84.0,3,3,0
27127,Redwood,2024-04-01,221.0,23567.0,750.0,389.0,281.0,80.0,3,3,0
27127,Redwood,2024-05-01,249.0,27728.0,922.0,467.0,374.0,81.0,3,3,0
27127,Redwood,2024-06-01,276.0,30845.0,1078.0,551.0,460.0,67.0,3,3,0
27127,Redwood,2024-07-01,261.0,29054.0,960.0,502.0,374.0,84.0,3,3,0
27127,Redwood,2024-08-01,257.0,28450.0,893.0,469.0,346.0,78.0,3,3,0
27127,Redwood,2024-09-01,240.0,25296.0,818.0,425.0,320.0,73.0,3,3,0
27127,Redwood,2024-10-01,284.0,31356.0,999.0,506.0,393.0,100.0,3,3,0
27127,Redwood,2024-11-01,293.0,31352.0,990.0,500.0,373.0,117.0,3,3,0
27127,Redwood,2024-12-01,456.0,40292.0,1950.0,1190.0,631.0,129.0,3,3,0
27127,Redwood,2025-01-01,275.0,22002.0,914.0,499.0,317.0,98.0,3,3,0
27127,Redwood,2025-02-01,245.0,20640.0,807.0,420.0,296.0,91.0,3,3,0
27127,Redwood,2025-03-01,240.0,18306.0,788.0,424.0,265.0,99.0,3,3,0
27127,Redwood,2025-04-01,226.0,17386.0,748.0,402.0,270.0,76.0,3,3,0
27127,Redwood,2025-05-01,286.0,22788.0,1005.0,550.0,361.0,94.0,3,3,0
27127,Redwood,2025-06-01,205.0,17202.0,707.0,388.0,243.0,76.0,3,3,0
27127,Redwood,2025-07-01,297.0,28385.0,1113.0,552.0,450.0,111.0,3,3,0
27127,Redwood,2025-08-01,253.0,22175.0,830.0,439.0,296.0,95.0,3,3,0
27127,Redwood,2025-09-01,272.0,24436.0,926.0,490.0,344.0,92.0,3,3,0
27127,Redwood,2025-10-01,358.0,33461.0,1280.0,637.0,515.0,128.0,3,3,0
27127,Redwood,2025-11-01,326.0,31174.0,1072.0,564.0,382.0,126.0,3,3,0
27127,Redwood,2025-12-01,429.0,35283.0,1405.0,709.0,521.0,175.0,3,3,0
27127,Redwood,2026-01-01,244.0,19578.0,909.0,460.0,364.0,85.0,3,3,0
27127,Redwood,2026-02-01,218.0,19139.0,720.0,364.0,270.0,86.0,3,3,0
27127,Redwood,2026-03-01,230.0,18516.0,731.0,360.0,260.0,111.0,3,3,0
27127,Redwood,2026-04-01,116.0,12428.0,623.0,228.0,359.0,36.0,3,3,0
27127,Redwood,2026-05-01,254.0,21453.0,844.0,425.0,302.0,117.0,3,3,0
27127,Redwood,2026-06-01,285.0,23648.0,931.0,480.0,323.0,128.0,3,3,0
27127,Redwood,2026-07-01,285.0,24065.0,971.0,496.0,354.0,121.0,3,3,0
27129,Renville,2022-01-01,544.0,28586.0,1685.0,851.0,543.0,291.0,2,2,0
27129,Renville,2022-02-01,724.0,28862.0,1789.0,907.0,549.0,333.0,2,2,0
27129,Renville,2022-03-01,783.0,33136.0,2364.0,1133.0,781.0,450.0,2,2,0
27129,Renville,2022-04-01,609.0,26871.0,1773.0,863.0,606.0,304.0,2,2,0
27129,Renville,2022-05-01,775.0,33423.0,2474.0,1150.0,906.0,418.0,2,2,0
27129,Renville,2022-06-01,855.0,47159.0,2672.0,1236.0,1009.0,427.0,2,2,0
27129,Renville,2022-07-01,784.0,34407.0,2437.0,1145.0,892.0,400.0,2,2,0
27129,Renville,2022-08-01,883.0,40780.0,2633.0,1275.0,901.0,457.0,2,2,0
27129,Renville,2022-09-01,677.0,32120.0,1999.0,967.0,688.0,344.0,2,2,0
27129,Renville,2022-10-01,797.0,39188.0,2430.0,1185.0,838.0,407.0,2,2,0
27129,Renville,2022-11-01,1035.0,44095.0,3047.0,1532.0,1021.0,494.0,2,2,0
27129,Renville,2022-12-01,680.0,33399.0,1985.0,986.0,654.0,345.0,2,2,0
27129,Renville,2023-01-01,619.0,30325.0,1860.0,912.0,687.0,261.0,2,2,0
27129,Renville,2023-02-01,694.0,30623.0,2026.0,1025.0,685.0,316.0,2,2,0
27129,Renville,2023-03-01,1070.0,49763.0,3040.0,1511.0,1014.0,515.0,2,2,0
27129,Renville,2023-04-01,952.0,44921.0,2790.0,1402.0,929.0,459.0,2,2,0
27129,Renville,2023-05-01,1280.0,55358.0,3691.0,1855.0,1274.0,562.0,2,2,0
27129,Renville,2023-06-01,1113.0,42794.0,3069.0,1496.0,1105.0,468.0,2,2,0
27129,Renville,2023-07-01,1116.0,42094.0,3205.0,1620.0,1081.0,504.0,2,2,0
27129,Renville,2023-08-01,1188.0,48013.0,3498.0,1765.0,1217.0,516.0,2,2,0
27129,Renville,2023-09-01,935.0,38662.0,2718.0,1404.0,906.0,408.0,2,2,0
27129,Renville,2023-10-01,1057.0,45299.0,3029.0,1562.0,1008.0,459.0,2,2,0
27129,Renville,2023-11-01,1020.0,45600.0,3003.0,1534.0,1025.0,444.0,2,2,0
27129,Renville,2023-12-01,832.0,35942.0,2314.0,1223.0,728.0,363.0,2,2,0
27129,Renville,2024-01-01,1002.0,42693.0,2860.0,1462.0,927.0,471.0,2,2,0
27129,Renville,2024-02-01,868.0,34573.0,2421.0,1261.0,729.0,431.0,2,2,0
27129,Renville,2024-03-01,842.0,36701.0,2372.0,1251.0,685.0,436.0,2,2,0
27129,Renville,2024-04-01,886.0,38240.0,2403.0,1210.0,751.0,442.0,2,2,0
27129,Renville,2024-05-01,1024.0,40941.0,2808.0,1468.0,840.0,500.0,2,2,0
27129,Renville,2024-06-01,880.0,37106.0,2477.0,1265.0,770.0,442.0,2,2,0
27129,Renville,2024-07-01,1072.0,41643.0,2970.0,1483.0,915.0,572.0,2,2,0
27129,Renville,2024-08-01,955.0,38989.0,2532.0,1303.0,745.0,484.0,2,2,0
27129,Renville,2024-09-01,1050.0,44393.0,2838.0,1428.0,858.0,552.0,2,2,0
27129,Renville,2024-10-01,1229.0,48604.0,3295.0,1655.0,991.0,649.0,2,2,0
27129,Renville,2024-11-01,1000.0,41726.0,2733.0,1364.0,860.0,509.0,2,2,0
27129,Renville,2024-12-01,791.0,40749.0,2143.0,1106.0,673.0,364.0,2,2,0
27129,Renville,2025-01-01,1160.0,48300.0,3060.0,1556.0,891.0,613.0,2,2,0
27129,Renville,2025-02-01,1025.0,42525.0,2636.0,1375.0,753.0,508.0,2,2,0
27129,Renville,2025-03-01,1037.0,41682.0,2705.0,1444.0,760.0,501.0,2,2,0
27129,Renville,2025-04-01,1187.0,41673.0,3035.0,1546.0,853.0,636.0,2,2,0
27129,Renville,2025-05-01,1078.0,42071.0,2887.0,1476.0,847.0,564.0,2,2,0
27129,Renville,2025-06-01,970.0,41915.0,2578.0,1317.0,757.0,504.0,2,2,0
27129,Renville,2025-07-01,1310.0,53926.0,3582.0,1847.0,1065.0,670.0,2,2,0
27129,Renville,2025-08-01,1191.0,54136.0,3132.0,1607.0,940.0,585.0,2,2,0
27129,Renville,2025-09-01,1272.0,54615.0,3263.0,1673.0,980.0,610.0,2,2,0
27129,Renville,2025-10-01,1538.0,66249.0,4146.0,2102.0,1338.0,706.0,2,2,0
27129,Renville,2025-11-01,1299.0,60244.0,3391.0,1714.0,1074.0,603.0,2,2,0
27129,Renville,2025-12-01,1254.0,62423.0,3455.0,1607.0,1235.0,613.0,2,2,0
27129,Renville,2026-01-01,1227.0,56000.0,3180.0,1539.0,1055.0,586.0,2,2,0
27129,Renville,2026-02-01,1241.0,228778.0,3369.0,1552.0,1210.0,607.0,2,2,0
27129,Renville,2026-03-01,1255.0,55986.0,3553.0,1432.0,851.0,1270.0,2,2,0
27129,Renville,2026-04-01,1450.0,62778.0,3538.0,1734.0,1088.0,716.0,2,2,0
27129,Renville,2026-05-01,1511.0,64729.0,3845.0,1911.0,1213.0,721.0,2,2,0
27129,Renville,2026-06-01,1458.0,64572.0,3548.0,1718.0,1088.0,742.0,2,2,0
27129,Renville,2026-07-01,1907.0,78266.0,4836.0,2422.0,1536.0,878.0,2,2,0
27131,Rice,2022-01-01,1985.0,110572.0,6243.0,3351.0,2107.0,785.0,5,5,0
27131,Rice,2022-02-01,2020.0,115581.0,6473.0,3466.0,2227.0,780.0,5,5,0
27131,Rice,2022-03-01,2548.0,146050.0,8391.0,4493.0,2940.0,958.0,5,5,0
27131,Rice,2022-04-01,2607.0,142286.0,6810.0,3732.0,2243.0,835.0,5,5,0
27131,Rice,2022-05-01,1787.0,154822.0,9063.0,4927.0,3183.0,953.0,5,5,0
27131,Rice,2022-06-01,2931.0,163710.0,9552.0,5143.0,3393.0,1016.0,5,5,0
27131,Rice,2022-07-01,2921.0,165200.0,9545.0,5137.0,3391.0,1017.0,5,5,0
27131,Rice,2022-08-01,3188.0,158962.0,9748.0,5267.0,3353.0,1128.0,5,5,0
27131,Rice,2022-09-01,3450.0,162404.0,10622.0,5499.0,3663.0,1460.0,5,5,0
27131,Rice,2022-10-01,3734.0,170817.0,11497.0,6188.0,4148.0,1161.0,5,5,0
27131,Rice,2022-11-01,3289.0,168761.0,9796.0,5270.0,3464.0,1062.0,5,5,0
27131,Rice,2022-12-01,3156.0,145784.0,9082.0,4954.0,3283.0,845.0,5,5,0
27131,Rice,2023-01-01,3990.0,168911.0,11523.0,6184.0,4133.0,1206.0,5,5,0
27131,Rice,2023-02-01,3730.0,142141.0,10485.0,5595.0,3738.0,1152.0,5,5,0
27131,Rice,2023-03-01,4544.0,192823.0,12925.0,6929.0,4606.0,1390.0,5,5,0
27131,Rice,2023-04-01,3645.0,170858.0,11839.0,6400.0,4256.0,1183.0,5,5,0
27131,Rice,2023-05-01,4027.0,189538.0,12910.0,6946.0,4736.0,1228.0,5,5,0
27131,Rice,2023-06-01,4432.0,178563.0,14017.0,7495.0,5247.0,1275.0,5,5,0
27131,Rice,2023-07-01,7237.0,316856.0,23218.0,12015.0,9148.0,2055.0,7,7,0
27131,Rice,2023-08-01,7938.0,365786.0,25448.0,13307.0,9917.0,2224.0,7,7,0
27131,Rice,2023-09-01,7657.0,358941.0,24517.0,12848.0,9648.0,2021.0,7,7,0
27131,Rice,2023-10-01,8434.0,418145.0,27073.0,14308.0,10636.0,2129.0,7,7,0
27131,Rice,2023-11-01,7599.0,331774.0,22986.0,12534.0,8632.0,1820.0,7,7,0
27131,Rice,2023-12-01,6775.0,354189.0,21394.0,11096.0,8600.0,1698.0,7,7,0
27131,Rice,2024-01-01,8943.0,444120.0,28609.0,15260.0,11237.0,2112.0,7,7,0
27131,Rice,2024-02-01,9314.0,419703.0,31043.0,16154.0,12556.0,2333.0,7,7,0
27131,Rice,2024-03-01,8057.0,432894.0,26054.0,13788.0,9943.0,2323.0,7,7,0
27131,Rice,2024-04-01,8752.0,445362.0,28292.0,14882.0,10837.0,2573.0,7,7,0
27131,Rice,2024-05-01,9539.0,513502.0,31618.0,16692.0,12378.0,2548.0,7,7,0
27131,Rice,2024-06-01,9139.0,460236.0,30649.0,16286.0,12020.0,2343.0,7,7,0
27131,Rice,2024-07-01,8161.0,426397.0,27156.0,14519.0,10473.0,2164.0,7,7,0
27131,Rice,2024-08-01,4471.0,274202.0,14358.0,7729.0,5400.0,1229.0,5,5,0
27131,Rice,2024-09-01,4142.0,219119.0,13279.0,7150.0,4966.0,1163.0,5,5,0
27131,Rice,2024-10-01,4501.0,261966.0,14561.0,7861.0,5521.0,1179.0,5,5,0
27131,Rice,2024-11-01,4075.0,236151.0,13103.0,7050.0,5000.0,1053.0,5,5,0
27131,Rice,2024-12-01,4230.0,237327.0,13482.0,7379.0,5053.0,1050.0,5,5,0
27131,Rice,2025-01-01,4648.0,243546.0,14867.0,8125.0,5595.0,1147.0,5,5,0
27131,Rice,2025-02-01,4050.0,219301.0,12690.0,6992.0,4698.0,1000.0,5,5,0
27131,Rice,2025-03-01,4078.0,223579.0,12734.0,7047.0,4624.0,1063.0,5,5,0
27131,Rice,2025-04-01,4128.0,209699.0,12934.0,7001.0,4820.0,1113.0,5,5,0
27131,Rice,2025-05-01,4124.0,193743.0,13024.0,6966.0,4888.0,1170.0,5,5,0
27131,Rice,2025-06-01,4027.0,185117.0,12540.0,6798.0,4648.0,1094.0,5,5,0
27131,Rice,2025-07-01,4243.0,204469.0,13210.0,7045.0,5006.0,1159.0,5,5,0
27131,Rice,2025-08-01,4210.0,208760.0,13345.0,7095.0,5051.0,1199.0,5,5,0
27131,Rice,2025-09-01,4355.0,197118.0,12560.0,6633.0,4768.0,1159.0,5,5,0
27131,Rice,2025-10-01,4575.0,246676.0,13809.0,7227.0,5247.0,1335.0,5,5,0
27131,Rice,2025-11-01,3761.0,221659.0,11359.0,6063.0,4356.0,940.0,5,5,0
27131,Rice,2025-12-01,3611.0,188919.0,11472.0,6021.0,4421.0,1030.0,5,5,0
27131,Rice,2026-01-01,3514.0,191320.0,10962.0,5593.0,4285.0,1084.0,5,5,0
27131,Rice,2026-02-01,3185.0,182482.0,10021.0,5126.0,3823.0,1072.0,5,5,0
27131,Rice,2026-03-01,3966.0,222341.0,12679.0,6629.0,4828.0,1222.0,5,5,0
27131,Rice,2026-04-01,3901.0,196643.0,12277.0,6496.0,4510.0,1271.0,5,5,0
27131,Rice,2026-05-01,3645.0,194513.0,11688.0,6132.0,4356.0,1200.0,6,5,1
27131,Rice,2026-06-01,4160.0,239046.0,13388.0,7090.0,5015.0,1283.0,5,5,0
27131,Rice,2026-07-01,4439.0,240690.0,14543.0,7588.0,5661.0,1294.0,5,5,0
27133,Rock,2022-01-01,100.0,4808.0,280.0,181.0,63.0,36.0,1,1,0
27133,Rock,2022-02-01,213.0,4891.0,283.0,186.0,70.0,27.0,1,1,0
27133,Rock,2022-03-01,120.0,6506.0,386.0,240.0,107.0,39.0,1,1,0
27133,Rock,2022-04-01,98.0,5211.0,272.0,153.0,77.0,42.0,1,1,0
27133,Rock,2022-05-01,94.0,5020.0,270.0,170.0,70.0,30.0,1,1,0
27133,Rock,2022-06-01,135.0,6999.0,435.0,245.0,139.0,51.0,1,1,0
27133,Rock,2022-07-01,101.0,5811.0,334.0,194.0,103.0,37.0,1,1,0
27133,Rock,2022-08-01,97.0,5785.0,365.0,177.0,91.0,97.0,1,1,0
27133,Rock,2022-09-01,146.0,8169.0,484.0,269.0,167.0,48.0,1,1,0
27133,Rock,2022-10-01,127.0,7782.0,385.0,222.0,118.0,45.0,1,1,0
27133,Rock,2022-11-01,112.0,6350.0,333.0,181.0,94.0,58.0,1,1,0
27133,Rock,2022-12-01,113.0,6250.0,391.0,228.0,135.0,28.0,1,1,0
27133,Rock,2023-01-01,107.0,6015.0,337.0,188.0,96.0,53.0,1,1,0
27133,Rock,2023-02-01,101.0,5773.0,340.0,190.0,117.0,33.0,1,1,0
27133,Rock,2023-03-01,113.0,6894.0,395.0,219.0,131.0,45.0,1,1,0
27133,Rock,2023-04-01,120.0,6975.0,423.0,243.0,135.0,45.0,1,1,0
27133,Rock,2023-05-01,117.0,5520.0,351.0,202.0,101.0,48.0,1,1,0
27133,Rock,2023-06-01,162.0,7577.0,475.0,247.0,157.0,71.0,1,1,0
27133,Rock,2023-07-01,132.0,6586.0,421.0,211.0,138.0,72.0,1,1,0
27133,Rock,2023-08-01,165.0,8704.0,595.0,306.0,221.0,68.0,1,1,0
27133,Rock,2023-09-01,152.0,8298.0,514.0,264.0,176.0,74.0,1,1,0
27133,Rock,2023-10-01,150.0,7464.0,515.0,270.0,183.0,62.0,1,1,0
27133,Rock,2023-11-01,172.0,9367.0,610.0,309.0,223.0,78.0,1,1,0
27133,Rock,2023-12-01,140.0,8725.0,496.0,272.0,166.0,58.0,1,1,0
27133,Rock,2024-01-01,131.0,6702.0,448.0,250.0,152.0,46.0,1,1,0
27133,Rock,2024-02-01,150.0,8479.0,518.0,281.0,177.0,60.0,1,1,0
27133,Rock,2024-03-01,121.0,6865.0,373.0,201.0,120.0,52.0,1,1,0
27133,Rock,2024-04-01,144.0,7869.0,480.0,268.0,157.0,55.0,1,1,0
27133,Rock,2024-05-01,172.0,8887.0,581.0,316.0,198.0,67.0,1,1,0
27133,Rock,2024-06-01,152.0,8162.0,547.0,275.0,209.0,63.0,1,1,0
27133,Rock,2024-07-01,127.0,7606.0,473.0,252.0,178.0,43.0,1,1,0
27133,Rock,2024-08-01,188.0,10463.0,657.0,358.0,224.0,75.0,1,1,0
27133,Rock,2024-09-01,150.0,8301.0,517.0,279.0,175.0,63.0,1,1,0
27133,Rock,2024-10-01,195.0,10284.0,692.0,395.0,215.0,82.0,1,1,0
27133,Rock,2024-11-01,178.0,10186.0,651.0,357.0,216.0,78.0,1,1,0
27133,Rock,2024-12-01,146.0,8979.0,550.0,306.0,184.0,60.0,1,1,0
27133,Rock,2025-01-01,175.0,8981.0,608.0,334.0,196.0,78.0,1,1,0
27133,Rock,2025-02-01,181.0,9179.0,622.0,338.0,200.0,84.0,1,1,0
27133,Rock,2025-03-01,147.0,8235.0,511.0,268.0,170.0,73.0,1,1,0
27133,Rock,2025-04-01,185.0,9151.0,672.0,366.0,229.0,77.0,1,1,0
27133,Rock,2025-05-01,222.0,10700.0,799.0,448.0,273.0,78.0,1,1,0
27133,Rock,2025-06-01,168.0,7902.0,583.0,299.0,208.0,76.0,1,1,0
27133,Rock,2025-07-01,204.0,11674.0,776.0,411.0,287.0,78.0,1,1,0
27133,Rock,2025-08-01,183.0,10519.0,646.0,340.0,226.0,80.0,1,1,0
27133,Rock,2025-09-01,164.0,7415.0,547.0,291.0,179.0,77.0,1,1,0
27133,Rock,2025-10-01,140.0,6825.0,443.0,234.0,132.0,77.0,1,1,0
27133,Rock,2025-11-01,187.0,9081.0,604.0,327.0,173.0,104.0,1,1,0
27133,Rock,2025-12-01,159.0,8273.0,539.0,289.0,173.0,77.0,1,1,0
27133,Rock,2026-01-01,134.0,7049.0,504.0,265.0,169.0,70.0,1,1,0
27133,Rock,2026-02-01,151.0,7603.0,508.0,261.0,161.0,86.0,1,1,0
27133,Rock,2026-03-01,120.0,6480.0,403.0,201.0,123.0,79.0,1,1,0
27133,Rock,2026-04-01,164.0,8395.0,498.0,274.0,136.0,88.0,1,1,0
27133,Rock,2026-05-01,120.0,647.0,395.0,201.0,123.0,71.0,1,1,0
27133,Rock,2026-06-01,141.0,7469.0,489.0,242.0,177.0,70.0,1,1,0
27133,Rock,2026-07-01,181.0,9494.0,675.0,365.0,232.0,78.0,1,1,0
27135,Roseau,2022-01-01,53.0,5158.0,178.0,103.0,66.0,9.0,2,2,0
27135,Roseau,2022-02-01,57.0,4107.0,193.0,91.0,86.0,16.0,2,2,0
27135,Roseau,2022-03-01,86.0,11217.0,246.0,139.0,78.0,29.0,2,2,0
27135,Roseau,2022-04-01,82.0,5244.0,236.0,122.0,82.0,32.0,2,2,0
27135,Roseau,2022-05-01,97.0,6970.0,305.0,156.0,114.0,35.0,2,2,0
27135,Roseau,2022-06-01,80.0,6710.0,264.0,121.0,107.0,36.0,2,2,0
27135,Roseau,2022-07-01,99.0,7462.0,338.0,158.0,144.0,36.0,2,2,0
27135,Roseau,2022-08-01,49.0,9156.0,176.0,84.0,76.0,16.0,2,2,0
27135,Roseau,2022-09-01,82.0,6688.0,300.0,143.0,132.0,25.0,2,2,0
27135,Roseau,2022-10-01,95.0,9642.0,317.0,150.0,141.0,26.0,2,2,0
27135,Roseau,2022-11-01,126.0,9847.0,387.0,187.0,160.0,40.0,2,2,0
27135,Roseau,2022-12-01,70.0,1376.0,224.0,109.0,87.0,28.0,2,2,0
27135,Roseau,2023-01-01,86.0,6838.0,276.0,148.0,94.0,34.0,2,2,0
27135,Roseau,2023-02-01,72.0,5262.0,229.0,119.0,78.0,32.0,2,2,0
27135,Roseau,2023-03-01,61.0,5030.0,193.0,109.0,60.0,24.0,2,2,0
27135,Roseau,2023-04-01,92.0,4444.0,249.0,151.0,70.0,28.0,2,2,0
27135,Roseau,2023-05-01,112.0,7858.0,356.0,172.0,148.0,36.0,2,2,0
27135,Roseau,2023-06-01,295.0,7503.0,393.0,198.0,167.0,28.0,2,2,0
27135,Roseau,2023-07-01,108.0,6960.0,359.0,162.0,156.0,41.0,2,2,0
27135,Roseau,2023-08-01,128.0,8856.0,439.0,221.0,181.0,37.0,2,2,0
27135,Roseau,2023-09-01,109.0,7319.0,313.0,161.0,114.0,38.0,2,2,0
27135,Roseau,2023-10-01,128.0,7777.0,425.0,220.0,168.0,37.0,2,2,0
27135,Roseau,2023-11-01,150.0,11119.0,540.0,270.0,232.0,38.0,2,2,0
27135,Roseau,2023-12-01,93.0,9808.0,402.0,227.0,153.0,22.0,2,2,0
27135,Roseau,2024-01-01,161.0,11989.0,512.0,289.0,176.0,47.0,2,2,0
27135,Roseau,2024-02-01,124.0,7176.0,401.0,220.0,155.0,26.0,2,2,0
27135,Roseau,2024-03-01,108.0,7032.0,333.0,171.0,127.0,35.0,2,2,0
27135,Roseau,2024-04-01,163.0,11695.0,486.0,277.0,173.0,36.0,2,2,0
27135,Roseau,2024-05-01,150.0,8986.0,471.0,253.0,181.0,37.0,2,2,0
27135,Roseau,2024-06-01,196.0,10835.0,605.0,340.0,225.0,40.0,2,2,0
27135,Roseau,2024-07-01,211.0,12081.0,672.0,381.0,246.0,45.0,2,2,0
27135,Roseau,2024-08-01,190.0,10743.0,593.0,341.0,214.0,38.0,2,2,0
27135,Roseau,2024-09-01,224.0,10754.0,685.0,439.0,210.0,36.0,2,2,0
27135,Roseau,2024-10-01,257.0,11969.0,786.0,487.0,267.0,32.0,2,2,0
27135,Roseau,2024-11-01,231.0,10156.0,720.0,402.0,266.0,52.0,2,2,0
27135,Roseau,2024-12-01,188.0,10024.0,544.0,305.0,207.0,32.0,2,2,0
27135,Roseau,2025-01-01,194.0,11493.0,579.0,350.0,216.0,13.0,2,2,0
27135,Roseau,2025-02-01,180.0,8588.0,580.0,320.0,222.0,38.0,2,2,0
27135,Roseau,2025-03-01,139.0,7594.0,429.0,236.0,160.0,33.0,2,2,0
27135,Roseau,2025-04-01,90.0,4078.0,288.0,184.0,86.0,18.0,2,2,0
27135,Roseau,2025-05-01,252.0,11947.0,821.0,465.0,314.0,42.0,2,2,0
27135,Roseau,2025-06-01,247.0,11684.0,817.0,463.0,306.0,48.0,2,2,0
27135,Roseau,2025-07-01,272.0,12223.0,904.0,504.0,341.0,59.0,2,2,0
27135,Roseau,2025-08-01,228.0,9842.0,773.0,416.0,300.0,57.0,2,2,0
27135,Roseau,2025-09-01,235.0,11785.0,824.0,448.0,308.0,68.0,2,2,0
27135,Roseau,2025-10-01,279.0,11015.0,949.0,560.0,306.0,83.0,2,2,0
27135,Roseau,2025-11-01,228.0,11484.0,751.0,446.0,247.0,58.0,2,2,0
27135,Roseau,2025-12-01,233.0,12974.0,713.0,410.0,242.0,61.0,2,2,0
27135,Roseau,2026-01-01,239.0,10594.0,762.0,481.0,223.0,58.0,2,2,0
27135,Roseau,2026-02-01,201.0,10387.0,656.0,381.0,204.0,71.0,2,2,0
27135,Roseau,2026-03-01,221.0,12679.0,745.0,434.0,241.0,70.0,2,2,0
27135,Roseau,2026-04-01,200.0,11252.0,652.0,382.0,216.0,54.0,2,2,0
27135,Roseau,2026-05-01,208.0,11360.0,685.0,367.0,241.0,77.0,2,2,0
27135,Roseau,2026-06-01,251.0,12045.0,778.0,420.0,274.0,84.0,2,2,0
27135,Roseau,2026-07-01,181.0,9270.0,568.0,310.0,195.0,63.0,2,2,0
27137,St. Louis,2022-01-01,4164.0,252752.0,9490.0,5873.0,2681.0,936.0,15,15,0
27137,St. Louis,2022-02-01,4178.0,297097.0,8706.0,5389.0,2299.0,1018.0,15,15,0
27137,St. Louis,2022-03-01,4659.0,326159.0,10107.0,6260.0,2639.0,1208.0,15,15,0
27137,St. Louis,2022-04-01,5250.0,335762.0,11214.0,6870.0,3043.0,1301.0,15,15,0
27137,St. Louis,2022-05-01,5417.0,362363.0,11421.0,7067.0,3064.0,1290.0,15,15,0
27137,St. Louis,2022-06-01,5639.0,367102.0,12308.0,7877.0,3214.0,1217.0,15,15,0
27137,St. Louis,2022-07-01,5219.0,371908.0,11237.0,6966.0,2976.0,1295.0,15,15,0
27137,St. Louis,2022-08-01,6043.0,423007.0,12984.0,8317.0,3161.0,1506.0,15,15,0
27137,St. Louis,2022-09-01,5704.0,381762.0,12350.0,7652.0,3257.0,1441.0,15,15,0
27137,St. Louis,2022-10-01,7006.0,323773.0,12612.0,7753.0,3292.0,1567.0,15,15,0
27137,St. Louis,2022-11-01,6540.0,405674.0,14542.0,9517.0,3145.0,1880.0,15,15,0
27137,St. Louis,2022-12-01,6099.0,328396.0,13352.0,7889.0,3913.0,1550.0,15,15,0
27137,St. Louis,2023-01-01,5870.0,371761.0,12786.0,7737.0,3371.0,1678.0,15,15,0
27137,St. Louis,2023-02-01,5079.0,332979.0,11015.0,6790.0,2745.0,1480.0,15,15,0
27137,St. Louis,2023-03-01,5639.0,361532.0,12510.0,7793.0,3220.0,1497.0,15,15,0
27137,St. Louis,2023-04-01,5972.0,421120.0,13189.0,8067.0,3385.0,1737.0,15,15,0
27137,St. Louis,2023-05-01,7060.0,459977.0,15830.0,9776.0,4091.0,1963.0,15,15,0
27137,St. Louis,2023-06-01,6156.0,409695.0,14202.0,8566.0,3807.0,1829.0,15,15,0
27137,St. Louis,2023-07-01,5714.0,393336.0,12860.0,7696.0,3496.0,1668.0,15,15,0
27137,St. Louis,2023-08-01,6486.0,472204.0,14878.0,8930.0,4088.0,1860.0,15,15,0
27137,St. Louis,2023-09-01,5535.0,409325.0,12209.0,7323.0,3278.0,1608.0,15,15,0
27137,St. Louis,2023-10-01,5305.0,386446.0,13151.0,7755.0,3585.0,1811.0,15,15,0
27137,St. Louis,2023-11-01,6044.0,444669.0,15332.0,8859.0,4346.0,2127.0,15,15,0
27137,St. Louis,2023-12-01,4992.0,345313.0,12227.0,7213.0,3314.0,1700.0,15,15,0
27137,St. Louis,2024-01-01,5776.0,384137.0,13603.0,8054.0,3585.0,1964.0,15,15,0
27137,St. Louis,2024-02-01,5303.0,421093.7,13041.0,7854.0,3330.0,1857.0,15,15,0
27137,St. Louis,2024-03-01,4806.0,391108.0,11506.0,6952.0,2911.0,1643.0,15,15,0
27137,St. Louis,2024-04-01,6073.0,401524.0,14268.0,8670.0,3515.0,2083.0,15,15,0
27137,St. Louis,2024-05-01,5625.0,405873.0,13814.0,8090.0,3677.0,2047.0,16,16,0
27137,St. Louis,2024-06-01,5281.0,559990.0,13604.0,7961.0,3464.0,2179.0,15,15,0
27137,St. Louis,2024-07-01,5999.0,437582.0,14933.0,8965.0,3796.0,2172.0,15,15,0
27137,St. Louis,2024-08-01,5227.0,395954.0,13412.0,7955.0,3496.0,1961.0,15,15,0
27137,St. Louis,2024-09-01,5198.0,433418.3,13709.0,8252.0,3594.0,1863.0,15,15,0
27137,St. Louis,2024-10-01,6778.0,436660.0,15794.0,9028.0,4461.0,2305.0,15,15,0
27137,St. Louis,2024-11-01,6155.0,450680.0,14664.0,8126.0,4310.0,2228.0,15,15,0
27137,St. Louis,2024-12-01,5006.0,386875.0,12282.0,6709.0,3620.0,1953.0,15,15,0
27137,St. Louis,2025-01-01,4660.0,356629.0,11760.0,6849.0,3331.0,1580.0,15,15,0
27137,St. Louis,2025-02-01,5018.0,361546.0,12062.0,7219.0,3110.0,1733.0,15,15,0
27137,St. Louis,2025-03-01,5990.0,376430.0,14127.0,8459.0,3534.0,2134.0,15,14,1
27137,St. Louis,2025-04-01,6783.0,447686.0,15986.0,9686.0,3849.0,2451.0,15,15,0
27137,St. Louis,2025-05-01,7584.0,400930.0,17407.0,10036.0,4689.0,2682.0,15,15,0
27137,St. Louis,2025-06-01,7549.0,390412.0,17108.0,10289.0,4468.0,2351.0,15,15,0
27137,St. Louis,2025-07-01,7070.0,384757.0,17676.0,10619.0,4430.0,2627.0,15,15,0
27137,St. Louis,2025-08-01,6245.0,324378.0,15540.0,9330.0,4091.0,2119.0,15,15,0
27137,St. Louis,2025-09-01,6287.0,339145.0,15872.0,9011.0,3999.0,2862.0,15,15,0
27137,St. Louis,2025-10-01,7479.0,394399.0,19797.0,10934.0,5062.0,3801.0,15,15,0
27137,St. Louis,2025-11-01,7166.0,356035.0,18761.0,10983.0,4989.0,2789.0,15,15,0
27137,St. Louis,2025-12-01,5780.0,337641.0,14268.0,8200.0,3775.0,2293.0,15,15,0
27137,St. Louis,2026-01-01,6256.0,409558.0,15623.0,8851.0,3935.0,2837.0,15,15,0
27137,St. Louis,2026-02-01,5697.0,299335.0,13293.0,7462.0,3570.0,2261.0,15,15,0
27137,St. Louis,2026-03-01,6501.0,343896.0,15555.0,8769.0,4025.0,2761.0,15,15,0
27137,St. Louis,2026-04-01,7031.0,344124.0,17448.0,9493.0,4479.0,3476.0,15,15,0
27137,St. Louis,2026-05-01,7445.0,388932.0,18317.0,10138.0,4637.0,3542.0,15,14,1
27137,St. Louis,2026-06-01,7126.0,364034.0,17602.0,9679.0,4654.0,3269.0,15,15,0
27137,St. Louis,2026-07-01,6488.0,384187.0,16664.0,9205.0,4394.0,3065.0,15,15,0
27139,Scott,2022-01-01,884.0,124256.0,2761.0,1598.0,927.0,236.0,6,5,1
27139,Scott,2022-02-01,1700.0,120429.0,2538.0,1439.0,838.0,261.0,5,5,0
27139,Scott,2022-03-01,1005.0,147139.0,3074.0,1701.0,1047.0,326.0,6,5,1
27139,Scott,2022-04-01,1053.0,142282.0,3366.0,1826.0,1187.0,353.0,5,5,0
27139,Scott,2022-05-01,990.0,145372.0,3232.0,1861.0,1067.0,304.0,5,5,0
27139,Scott,2022-06-01,1253.0,155975.0,3520.0,1966.0,1038.0,516.0,5,5,0
27139,Scott,2022-07-01,1397.0,166297.0,3501.0,2127.0,994.0,380.0,6,5,1
27139,Scott,2022-08-01,1485.0,186280.0,3629.0,2070.0,1147.0,412.0,5,5,0
27139,Scott,2022-09-01,1036.0,173766.0,3592.0,1850.0,1174.0,568.0,5,5,0
27139,Scott,2022-10-01,1034.0,147983.0,3506.0,1864.0,1181.0,461.0,5,5,0
27139,Scott,2022-11-01,1041.0,145786.0,3500.0,1891.0,1234.0,375.0,5,5,0
27139,Scott,2022-12-01,960.0,143470.0,3368.0,1865.0,1181.0,322.0,6,6,0
27139,Scott,2023-01-01,1654.0,192750.0,4461.0,2401.0,1392.0,668.0,6,6,0
27139,Scott,2023-02-01,990.0,153988.0,3481.0,1861.0,1280.0,340.0,6,6,0
27139,Scott,2023-03-01,1373.0,171483.0,5019.0,2831.0,1752.0,436.0,6,6,0
27139,Scott,2023-04-01,1128.0,150196.0,4099.0,2249.0,1467.0,383.0,6,6,0
27139,Scott,2023-05-01,1072.0,192695.0,3950.0,2082.0,1342.0,526.0,6,6,0
27139,Scott,2023-06-01,1697.0,208688.0,4876.0,2887.0,1549.0,440.0,6,6,0
27139,Scott,2023-07-01,1680.0,202939.0,4739.0,2701.0,1640.0,398.0,6,6,0
27139,Scott,2023-08-01,1614.0,228932.0,5018.0,2794.0,1748.0,476.0,6,6,0
27139,Scott,2023-09-01,1410.0,209555.0,4945.0,2763.0,1720.0,462.0,6,6,0
27139,Scott,2023-10-01,1301.0,226330.0,4649.0,2551.0,1663.0,435.0,6,6,0
27139,Scott,2023-11-01,1490.0,249287.0,5474.0,3054.0,1941.0,479.0,6,6,0
27139,Scott,2023-12-01,1453.0,192398.0,5416.0,2988.0,1918.0,510.0,6,6,0
27139,Scott,2024-01-01,703.0,47018.0,2406.0,1320.0,909.0,177.0,5,5,0
27139,Scott,2024-02-01,693.0,47803.0,2416.0,1325.0,928.0,163.0,5,5,0
27139,Scott,2024-03-01,663.0,42849.0,2218.0,1199.0,845.0,174.0,5,5,0
27139,Scott,2024-04-01,583.0,38898.0,1912.0,1048.0,689.0,175.0,4,4,0
27139,Scott,2024-05-01,686.0,46252.0,2364.0,1280.0,894.0,190.0,5,5,0
27139,Scott,2024-06-01,524.0,37884.0,1704.0,948.0,618.0,138.0,5,5,0
27139,Scott,2024-07-01,555.0,46414.0,1784.0,1004.0,620.0,160.0,5,5,0
27139,Scott,2024-08-01,566.0,41887.0,1812.0,994.0,646.0,172.0,5,5,0
27139,Scott,2024-09-01,599.0,46900.0,2055.0,1096.0,789.0,170.0,5,5,0
27139,Scott,2024-10-01,655.0,46756.0,2248.0,1185.0,877.0,186.0,5,5,0
27139,Scott,2024-11-01,728.0,49084.0,2580.0,1356.0,1039.0,185.0,5,5,0
27139,Scott,2024-12-01,610.0,43454.0,2105.0,1056.0,853.0,196.0,5,5,0
27139,Scott,2025-01-01,1026.0,42640.0,2337.0,1210.0,938.0,189.0,5,5,0
27139,Scott,2025-02-01,650.0,43460.0,2234.0,1182.0,851.0,201.0,5,5,0
27139,Scott,2025-03-01,687.0,43532.0,2379.0,1192.0,938.0,249.0,5,5,0
27139,Scott,2025-04-01,772.0,46403.0,2617.0,1391.0,1003.0,223.0,5,5,0
27139,Scott,2025-05-01,758.0,48968.0,2600.0,1377.0,1006.0,217.0,5,5,0
27139,Scott,2025-06-01,666.0,43645.0,2486.0,1501.0,795.0,190.0,5,5,0
27139,Scott,2025-07-01,633.0,43116.0,2080.0,1092.0,778.0,210.0,5,5,0
27139,Scott,2025-08-01,697.0,50274.0,2198.0,1179.0,779.0,240.0,5,5,0
27139,Scott,2025-09-01,759.0,53239.0,2500.0,1311.0,904.0,285.0,5,5,0
27139,Scott,2025-10-01,791.0,40375.0,2185.0,1028.0,985.0,172.0,5,5,0
27139,Scott,2025-11-01,758.0,62870.0,2700.0,1461.0,1000.0,239.0,5,5,0
27139,Scott,2025-12-01,911.0,55426.0,3210.0,1748.0,1227.0,235.0,5,5,0
27139,Scott,2026-01-01,752.0,55730.0,2647.0,1367.0,1065.0,215.0,5,5,0
27139,Scott,2026-02-01,2153.0,84779.0,6663.0,3767.0,2620.0,276.0,5,5,0
27139,Scott,2026-03-01,1975.0,97117.0,6529.0,3860.0,2388.0,281.0,5,5,0
27139,Scott,2026-04-01,1991.0,77859.0,6014.0,3407.0,2312.0,295.0,5,5,0
27139,Scott,2026-05-01,733.0,49280.0,2503.0,1333.0,945.0,225.0,5,5,0
27139,Scott,2026-06-01,1121.0,48240.0,2338.0,1225.0,883.0,230.0,5,5,0
27139,Scott,2026-07-01,752.0,56245.0,2980.0,1538.0,1114.0,328.0,5,5,0
27141,Sherburne,2022-01-01,1238.0,99361.0,4111.0,1836.0,1752.0,523.0,5,4,1
27141,Sherburne,2022-02-01,2188.0,94585.0,3780.0,1697.0,1592.0,491.0,4,4,0
27141,Sherburne,2022-03-01,1583.0,127942.0,5176.0,2232.0,2176.0,768.0,4,4,0
27141,Sherburne,2022-04-01,1734.0,117111.0,7303.0,4348.0,2206.0,749.0,4,4,0
27141,Sherburne,2022-05-01,1671.0,118892.0,5412.0,2365.0,2318.0,729.0,4,4,0
27141,Sherburne,2022-06-01,2019.0,142988.0,6350.0,2928.0,2576.0,846.0,5,5,0
27141,Sherburne,2022-07-01,2017.0,144611.0,6404.0,2812.0,2806.0,786.0,5,5,0
27141,Sherburne,2022-08-01,2143.0,146382.0,6663.0,3126.0,2661.0,876.0,5,5,0
27141,Sherburne,2022-09-01,2536.0,151442.0,7837.0,3771.0,3071.0,995.0,5,5,0
27141,Sherburne,2022-10-01,2441.0,145242.0,7666.0,3891.0,2700.0,1075.0,5,5,0
27141,Sherburne,2022-11-01,2562.0,150058.0,7845.0,4249.0,2639.0,957.0,5,5,0
27141,Sherburne,2022-12-01,2179.0,124587.0,5965.0,2983.0,2217.0,765.0,5,5,0
27141,Sherburne,2023-01-01,2777.0,151888.0,9007.0,4832.0,3217.0,958.0,5,5,0
27141,Sherburne,2023-02-01,2765.0,130173.0,8918.0,5088.0,2944.0,886.0,5,5,0
27141,Sherburne,2023-03-01,2232.0,116594.0,6985.0,4059.0,2499.0,427.0,5,5,0
27141,Sherburne,2023-04-01,2715.0,144404.0,8120.0,4282.0,2905.0,933.0,5,5,0
27141,Sherburne,2023-05-01,2424.0,130177.0,7578.0,3884.0,2867.0,827.0,5,5,0
27141,Sherburne,2023-06-01,3063.0,164241.0,9204.0,4652.0,3524.0,1028.0,5,5,0
27141,Sherburne,2023-07-01,2355.0,139527.0,7458.0,3730.0,3039.0,689.0,5,5,0
27141,Sherburne,2023-08-01,3156.0,171244.0,10334.0,5542.0,3778.0,1014.0,5,5,0
27141,Sherburne,2023-09-01,3282.0,154947.0,10828.0,6133.0,3833.0,862.0,5,5,0
27141,Sherburne,2023-10-01,3394.0,163686.0,11110.0,6278.0,3817.0,1015.0,5,5,0
27141,Sherburne,2023-11-01,3140.0,164860.0,10095.0,5884.0,3249.0,962.0,5,5,0
27141,Sherburne,2023-12-01,2579.0,135569.0,8119.0,4308.0,2890.0,921.0,5,5,0
27141,Sherburne,2024-01-01,3074.0,156559.0,9999.0,5452.0,3530.0,1017.0,5,5,0
27141,Sherburne,2024-02-01,3821.0,170358.0,11680.0,6773.0,3747.0,1160.0,5,5,0
27141,Sherburne,2024-03-01,3295.0,143638.0,9969.0,5580.0,3213.0,1176.0,6,6,0
27141,Sherburne,2024-04-01,3131.0,155428.0,10075.0,5491.0,3446.0,1138.0,6,6,0
27141,Sherburne,2024-05-01,2947.0,159199.0,8899.0,4606.0,3237.0,1056.0,6,6,0
27141,Sherburne,2024-06-01,2462.0,150367.0,7588.0,3701.0,2971.0,916.0,6,6,0
27141,Sherburne,2024-07-01,2377.0,172437.0,7755.0,3934.0,2981.0,840.0,6,6,0
27141,Sherburne,2024-08-01,2746.0,192726.0,8580.0,4429.0,3279.0,872.0,6,6,0
27141,Sherburne,2024-09-01,3416.0,171970.0,10506.0,5969.0,3351.0,1186.0,6,6,0
27141,Sherburne,2024-10-01,3693.0,189981.0,11427.0,6378.0,3889.0,1160.0,6,6,0
27141,Sherburne,2024-11-01,3091.0,181542.0,9961.0,5311.0,3575.0,1075.0,6,6,0
27141,Sherburne,2024-12-01,2422.0,130817.0,7424.0,3981.0,2762.0,681.0,6,6,0
27141,Sherburne,2025-01-01,3393.0,171802.0,11122.0,5701.0,4247.0,1174.0,6,6,0
27141,Sherburne,2025-02-01,3348.0,159292.0,10458.0,5583.0,3722.0,1153.0,6,6,0
27141,Sherburne,2025-03-01,3023.0,148561.0,9352.0,4772.0,3573.0,1007.0,6,6,0
27141,Sherburne,2025-04-01,3292.0,150296.0,9599.0,4973.0,3483.0,1143.0,6,6,0
27141,Sherburne,2025-05-01,3304.0,157510.0,9710.0,4752.0,3778.0,1180.0,6,6,0
27141,Sherburne,2025-06-01,2806.0,147438.0,8670.0,4245.0,3401.0,1024.0,6,6,0
27141,Sherburne,2025-07-01,2861.0,155193.0,8814.0,4504.0,3339.0,971.0,6,6,0
27141,Sherburne,2025-08-01,3145.0,183974.0,9549.0,4810.0,3700.0,1039.0,6,6,0
27141,Sherburne,2025-09-01,3438.0,163707.0,10410.0,5737.0,3555.0,1118.0,5,5,0
27141,Sherburne,2025-10-01,4054.0,198081.0,12499.0,6859.0,4314.0,1326.0,6,6,0
27141,Sherburne,2025-11-01,3324.0,175034.0,10392.0,5568.0,3707.0,1117.0,6,6,0
27141,Sherburne,2025-12-01,2549.0,146335.0,7836.0,4026.0,2865.0,945.0,6,6,0
27141,Sherburne,2026-01-01,2928.0,155631.0,9044.0,4843.0,3198.0,1003.0,6,6,0
27141,Sherburne,2026-02-01,3505.0,167370.0,10726.0,5661.0,3815.0,1250.0,6,6,0
27141,Sherburne,2026-03-01,3257.0,155640.0,9717.0,5020.0,3469.0,1228.0,6,6,0
27141,Sherburne,2026-04-01,2987.0,159618.0,9434.0,4997.0,3347.0,1090.0,6,6,0
27141,Sherburne,2026-05-01,3006.0,154656.0,8577.0,4027.0,3458.0,1092.0,6,6,0
27141,Sherburne,2026-06-01,2800.0,161963.0,8166.0,3965.0,3276.0,925.0,6,6,0
27141,Sherburne,2026-07-01,2921.0,175525.0,8877.0,4182.0,3678.0,1017.0,6,6,0
27143,Sibley,2022-01-01,213.0,14876.0,578.0,298.0,169.0,111.0,2,2,0
27143,Sibley,2022-02-01,391.0,14668.0,525.0,263.0,134.0,128.0,2,2,0
27143,Sibley,2022-03-01,221.0,16064.0,562.0,265.0,145.0,152.0,2,2,0
27143,Sibley,2022-04-01,103.0,10349.0,287.0,154.0,84.0,49.0,1,1,0
27143,Sibley,2022-05-01,229.0,17404.0,620.0,314.0,182.0,124.0,2,2,0
27143,Sibley,2022-06-01,263.0,19453.0,717.0,355.0,206.0,156.0,2,2,0
27143,Sibley,2022-07-01,247.0,22175.0,653.0,324.0,179.0,150.0,2,2,0
27143,Sibley,2022-08-01,268.0,21408.0,718.0,355.0,202.0,161.0,2,2,0
27143,Sibley,2022-09-01,247.0,22635.0,670.0,324.0,197.0,149.0,2,2,0
27143,Sibley,2022-10-01,246.0,17655.0,644.0,319.0,170.0,155.0,2,2,0
27143,Sibley,2022-11-01,255.0,17630.0,682.0,325.0,204.0,153.0,2,2,0
27143,Sibley,2022-12-01,187.0,17129.0,477.0,239.0,127.0,111.0,2,2,0
27143,Sibley,2023-01-01,223.0,18476.0,598.0,295.0,189.0,114.0,2,2,0
27143,Sibley,2023-02-01,236.0,18409.0,630.0,292.0,203.0,135.0,2,2,0
27143,Sibley,2023-03-01,246.0,20149.0,616.0,304.0,192.0,120.0,2,2,0
27143,Sibley,2023-04-01,251.0,20553.0,630.0,304.0,184.0,142.0,2,2,0
27143,Sibley,2023-05-01,280.0,23039.0,758.0,380.0,244.0,134.0,2,2,0
27143,Sibley,2023-06-01,306.0,20629.0,790.0,403.0,239.0,148.0,2,2,0
27143,Sibley,2023-07-01,293.0,19369.0,834.0,417.0,260.0,157.0,2,2,0
27143,Sibley,2023-08-01,305.0,21011.0,806.0,424.0,226.0,156.0,2,2,0
27143,Sibley,2023-09-01,277.0,19335.0,704.0,339.0,214.0,151.0,2,2,0
27143,Sibley,2023-10-01,299.0,22213.0,791.0,383.0,262.0,146.0,2,2,0
27143,Sibley,2023-11-01,314.0,24758.0,905.0,454.0,285.0,166.0,2,2,0
27143,Sibley,2023-12-01,272.0,21914.0,785.0,386.0,250.0,149.0,2,2,0
27143,Sibley,2024-01-01,293.0,22824.0,835.0,410.0,276.0,149.0,2,2,0
27143,Sibley,2024-02-01,283.0,22391.0,762.0,380.0,229.0,153.0,2,2,0
27143,Sibley,2024-03-01,272.0,18836.0,684.0,335.0,209.0,140.0,2,2,0
27143,Sibley,2024-04-01,278.0,21531.0,797.0,384.0,264.0,149.0,2,2,0
27143,Sibley,2024-05-01,284.0,21213.0,761.0,377.0,248.0,136.0,2,2,0
27143,Sibley,2024-06-01,290.0,24159.0,864.0,435.0,286.0,143.0,2,2,0
27143,Sibley,2024-07-01,334.0,28920.0,981.0,512.0,314.0,155.0,2,2,0
27143,Sibley,2024-08-01,290.0,27267.0,845.0,452.0,257.0,136.0,2,2,0
27143,Sibley,2024-09-01,331.0,26692.0,1004.0,526.0,331.0,147.0,2,2,0
27143,Sibley,2024-10-01,330.0,26873.0,937.0,504.0,276.0,157.0,2,2,0
27143,Sibley,2024-11-01,313.0,27598.0,891.0,472.0,276.0,143.0,2,2,0
27143,Sibley,2024-12-01,263.0,25588.0,749.0,377.0,241.0,131.0,2,2,0
27143,Sibley,2025-01-01,292.0,25067.0,834.0,436.0,252.0,146.0,2,2,0
27143,Sibley,2025-02-01,288.0,21328.0,758.0,359.0,234.0,165.0,2,2,0
27143,Sibley,2025-03-01,272.0,22778.0,830.0,414.0,249.0,167.0,2,2,0
27143,Sibley,2025-04-01,287.0,23581.0,760.0,383.0,218.0,159.0,2,2,0
27143,Sibley,2025-05-01,249.0,19171.0,750.0,366.0,238.0,146.0,2,2,0
27143,Sibley,2025-06-01,286.0,23305.0,898.0,469.0,279.0,150.0,2,2,0
27143,Sibley,2025-07-01,337.0,23458.0,919.0,457.0,282.0,180.0,2,2,0
27143,Sibley,2025-08-01,323.0,22934.0,820.0,404.0,229.0,187.0,2,2,0
27143,Sibley,2025-09-01,306.0,22200.0,829.0,414.0,256.0,159.0,2,2,0
27143,Sibley,2025-10-01,326.0,23277.0,909.0,454.0,293.0,162.0,2,2,0
27143,Sibley,2025-11-01,364.0,26669.0,968.0,497.0,295.0,176.0,2,2,0
27143,Sibley,2025-12-01,255.0,24392.0,733.0,375.0,251.0,107.0,2,2,0
27143,Sibley,2026-01-01,297.0,23010.0,866.0,405.0,285.0,176.0,2,2,0
27143,Sibley,2026-02-01,273.0,19781.0,729.0,357.0,225.0,147.0,2,2,0
27143,Sibley,2026-03-01,298.0,20277.0,692.0,346.0,192.0,154.0,2,2,0
27143,Sibley,2026-04-01,331.0,24329.0,884.0,438.0,269.0,177.0,2,2,0
27143,Sibley,2026-05-01,284.0,18608.0,736.0,344.0,225.0,167.0,2,2,0
27143,Sibley,2026-06-01,352.0,24554.0,944.0,485.0,289.0,170.0,2,2,0
27143,Sibley,2026-07-01,302.0,22191.0,808.0,395.0,244.0,169.0,2,2,0
27145,Stearns,2022-01-01,1972.0,210841.0,6255.0,3583.0,1964.0,708.0,12,12,0
27145,Stearns,2022-02-01,3586.0,173995.0,5321.0,3066.0,1718.0,537.0,11,10,1
27145,Stearns,2022-03-01,1883.0,197105.0,5921.0,3470.0,1852.0,599.0,11,11,0
27145,Stearns,2022-04-01,1792.0,173537.0,5887.0,3430.0,1856.0,601.0,10,10,0
27145,Stearns,2022-05-01,1954.0,195760.0,4373.0,1509.0,2110.0,754.0,11,11,0
27145,Stearns,2022-06-01,2256.0,228450.0,7408.0,4235.0,2397.0,776.0,11,11,0
27145,Stearns,2022-07-01,2194.0,231446.0,7269.0,4128.0,2440.0,701.0,11,11,0
27145,Stearns,2022-08-01,2370.0,251398.0,7758.0,4525.0,2428.0,805.0,11,11,0
27145,Stearns,2022-09-01,2338.0,235857.0,7804.0,4343.0,2681.0,780.0,11,11,0
27145,Stearns,2022-10-01,2408.0,243165.0,8106.0,4513.0,2805.0,788.0,11,11,0
27145,Stearns,2022-11-01,2566.0,225622.0,8526.0,4729.0,2906.0,891.0,11,11,0
27145,Stearns,2022-12-01,2401.0,256501.0,7760.0,4250.0,2696.0,814.0,11,11,0
27145,Stearns,2023-01-01,2274.0,240965.0,7775.0,4385.0,2589.0,801.0,11,11,0
27145,Stearns,2023-02-01,2025.0,205616.0,7212.0,4084.0,2368.0,760.0,11,11,0
27145,Stearns,2023-03-01,2452.0,257814.0,8227.0,4731.0,2600.0,896.0,11,11,0
27145,Stearns,2023-04-01,2407.0,236659.0,7997.0,4502.0,2624.0,871.0,11,11,0
27145,Stearns,2023-05-01,2757.0,286625.0,9452.0,5405.0,3208.0,839.0,11,11,0
27145,Stearns,2023-06-01,2846.0,278059.0,9663.0,5674.0,3109.0,880.0,11,11,0
27145,Stearns,2023-07-01,2830.0,285345.0,9590.0,5515.0,3220.0,855.0,11,11,0
27145,Stearns,2023-08-01,2961.0,291725.0,10045.0,5794.0,3366.0,885.0,11,11,0
27145,Stearns,2023-09-01,2820.0,272134.0,9702.0,5525.0,3346.0,831.0,11,11,0
27145,Stearns,2023-10-01,3055.0,303943.0,10657.0,5928.0,3760.0,969.0,11,11,0
27145,Stearns,2023-11-01,3056.0,314164.0,10993.0,6201.0,3847.0,945.0,11,11,0
27145,Stearns,2023-12-01,2753.0,284960.0,9490.0,5333.0,3314.0,843.0,11,11,0
27145,Stearns,2024-01-01,3155.0,313690.0,11402.0,6392.0,4062.0,948.0,11,11,0
27145,Stearns,2024-02-01,2917.0,285132.0,10217.0,5858.0,3398.0,961.0,11,11,0
27145,Stearns,2024-03-01,2721.0,256469.0,9456.0,5416.0,3194.0,846.0,12,11,1
27145,Stearns,2024-04-01,3456.0,303011.0,11792.0,6646.0,4070.0,1076.0,12,12,0
27145,Stearns,2024-05-01,3481.0,324017.0,12194.0,6993.0,4132.0,1069.0,12,12,0
27145,Stearns,2024-06-01,3410.0,291658.0,11950.0,6669.0,4196.0,1085.0,12,12,0
27145,Stearns,2024-07-01,3841.0,352084.0,13300.0,7439.0,4770.0,1091.0,12,12,0
27145,Stearns,2024-08-01,3799.0,346803.0,12502.0,6983.0,4436.0,1083.0,12,12,0
27145,Stearns,2024-09-01,3844.0,334537.0,12634.0,7028.0,4467.0,1139.0,12,12,0
27145,Stearns,2024-10-01,4123.0,354626.0,11500.0,6241.0,4293.0,966.0,12,12,0
27145,Stearns,2024-11-01,4066.0,348918.0,10924.0,5948.0,3972.0,1004.0,12,12,0
27145,Stearns,2024-12-01,3670.0,344381.0,10343.0,5715.0,3685.0,943.0,12,12,0
27145,Stearns,2025-01-01,4623.0,342845.0,11417.0,6238.0,4130.0,1049.0,12,12,0
27145,Stearns,2025-02-01,3895.0,299974.0,9930.0,5480.0,3469.0,981.0,12,12,0
27145,Stearns,2025-03-01,3824.0,307337.0,10583.0,5839.0,3593.0,1151.0,12,12,0
27145,Stearns,2025-04-01,3992.0,303554.0,10193.0,5579.0,3626.0,988.0,12,12,0
27145,Stearns,2025-05-01,3819.0,307241.0,9805.0,5292.0,3574.0,939.0,12,12,0
27145,Stearns,2025-06-01,4118.0,340655.0,10744.0,5834.0,3791.0,1119.0,12,12,0
27145,Stearns,2025-07-01,4335.0,346358.0,11838.0,6342.0,4171.0,1325.0,12,12,0
27145,Stearns,2025-08-01,4359.0,355694.0,11574.0,6321.0,4111.0,1142.0,12,12,0
27145,Stearns,2025-09-01,4405.0,454933.0,11357.0,6262.0,3912.0,1183.0,12,12,0
27145,Stearns,2025-10-01,4531.0,365385.0,12798.0,7034.0,4556.0,1208.0,12,12,0
27145,Stearns,2025-11-01,4720.0,315734.0,12860.0,6872.0,4799.0,1189.0,12,12,0
27145,Stearns,2025-12-01,3469.0,325876.0,10836.0,5902.0,3848.0,1086.0,12,12,0
27145,Stearns,2026-01-01,3359.0,342309.0,10718.0,6300.0,3474.0,944.0,12,12,0
27145,Stearns,2026-02-01,4454.0,362925.0,11051.0,6031.0,3915.0,1105.0,12,12,0
27145,Stearns,2026-03-01,4621.0,373578.0,11438.0,6195.0,4014.0,1229.0,12,12,0
27145,Stearns,2026-04-01,4783.0,366721.0,11693.0,6407.0,4131.0,1155.0,12,12,0
27145,Stearns,2026-05-01,4511.0,355598.0,11171.0,6122.0,3899.0,1150.0,11,11,0
27145,Stearns,2026-06-01,5033.0,399570.0,12562.0,6932.0,4510.0,1120.0,13,12,1
27145,Stearns,2026-07-01,5177.0,427401.0,13010.0,7144.0,4677.0,1189.0,12,12,0
27147,Steele,2022-01-01,1421.0,71766.0,3516.0,1885.0,1207.0,424.0,3,3,0
27147,Steele,2022-02-01,1434.0,74780.7,3654.0,1910.0,1256.0,488.0,3,3,0
27147,Steele,2022-03-01,1852.0,89089.0,4669.0,2463.0,1615.0,591.0,3,3,0
27147,Steele,2022-04-01,1777.0,87316.4,4607.0,2395.0,1631.0,581.0,3,3,0
27147,Steele,2022-05-01,1957.0,102741.0,5242.0,2810.0,1846.0,586.0,3,3,0
27147,Steele,2022-06-01,2266.0,126057.9,6258.0,3304.0,2260.0,694.0,3,3,0
27147,Steele,2022-07-01,2187.0,108984.0,6154.0,3328.0,2183.0,643.0,3,3,0
27147,Steele,2022-08-01,2119.0,106259.0,5637.0,3040.0,1940.0,657.0,3,3,0
27147,Steele,2022-09-01,2434.0,134725.4,6517.0,3530.0,2229.0,758.0,3,3,0
27147,Steele,2022-10-01,2562.0,131422.0,7066.0,3808.0,2517.0,741.0,3,3,0
27147,Steele,2022-11-01,2522.0,127754.0,6867.0,3724.0,2407.0,736.0,3,3,0
27147,Steele,2022-12-01,2333.0,114927.0,6286.0,3417.0,2168.0,701.0,3,3,0
27147,Steele,2023-01-01,2667.0,135352.0,7469.0,4084.0,2656.0,729.0,3,3,0
27147,Steele,2023-02-01,2527.0,107988.5,7032.0,3834.0,2473.0,725.0,3,3,0
27147,Steele,2023-03-01,3123.0,154522.0,8479.0,4715.0,2876.0,888.0,3,3,0
27147,Steele,2023-04-01,3083.0,133793.0,8658.0,4671.0,3131.0,856.0,3,3,0
27147,Steele,2023-05-01,3614.0,146656.7,10256.0,5581.0,3710.0,965.0,3,3,0
27147,Steele,2023-06-01,3618.0,134395.74,10410.0,5667.0,3775.0,968.0,3,3,0
27147,Steele,2023-07-01,3663.0,128658.0,10474.0,5832.0,3677.0,965.0,3,3,0
27147,Steele,2023-08-01,3941.0,168608.0,11152.0,6228.0,3866.0,1058.0,3,3,0
27147,Steele,2023-09-01,3624.0,161888.1,10436.0,5700.0,3752.0,984.0,3,3,0
27147,Steele,2023-10-01,3994.0,182404.5,11364.0,6193.0,4096.0,1075.0,3,3,0
27147,Steele,2023-11-01,4124.0,180768.5,11687.0,6325.0,4233.0,1129.0,3,3,0
27147,Steele,2023-12-01,3711.0,167480.4,10817.0,5864.0,3989.0,964.0,3,3,0
27147,Steele,2024-01-01,4419.0,192469.0,13129.0,7239.0,4790.0,1100.0,3,3,0
27147,Steele,2024-02-01,4218.0,180490.2,12244.0,6666.0,4455.0,1123.0,3,3,0
27147,Steele,2024-03-01,4071.0,173685.8,12085.0,6537.0,4419.0,1129.0,3,3,0
27147,Steele,2024-04-01,4508.0,186357.2,13419.0,7358.0,4854.0,1207.0,3,3,0
27147,Steele,2024-05-01,4888.0,204524.5,14940.0,8100.0,5548.0,1292.0,3,3,0
27147,Steele,2024-06-01,4621.0,182515.0,14321.0,7838.0,5241.0,1242.0,3,3,0
27147,Steele,2024-07-01,5712.0,226094.4,17449.0,9822.0,6215.0,1412.0,3,3,0
27147,Steele,2024-08-01,5342.0,240908.1,16291.0,9006.0,5811.0,1474.0,3,3,0
27147,Steele,2024-09-01,5121.0,216054.5,15885.0,8730.0,5803.0,1352.0,3,3,0
27147,Steele,2024-10-01,5847.0,234933.0,18390.0,8763.0,8285.0,1342.0,3,3,0
27147,Steele,2024-11-01,5165.0,230399.0,16320.0,8373.0,6569.0,1378.0,3,3,0
27147,Steele,2024-12-01,5280.0,220060.7,16696.0,8959.0,6323.0,1414.0,3,3,0
27147,Steele,2025-01-01,5356.0,209550.7,17021.0,9126.0,6421.0,1474.0,3,3,0
27147,Steele,2025-02-01,4827.0,189326.7,15561.0,8339.0,5863.0,1359.0,3,3,0
27147,Steele,2025-03-01,5170.0,206323.5,16896.0,9156.0,6324.0,1416.0,3,3,0
27147,Steele,2025-04-01,5707.0,195759.1,18860.0,10181.0,7049.0,1630.0,3,3,0
27147,Steele,2025-05-01,5842.0,252759.30000000002,19439.0,10553.0,7223.0,1663.0,3,3,0
27147,Steele,2025-06-01,5505.0,193682.25,17979.0,9881.0,6501.0,1597.0,3,3,0
27147,Steele,2025-07-01,6074.0,219924.0,19832.0,10934.0,7269.0,1629.0,3,3,0
27147,Steele,2025-08-01,5638.0,219880.45,18329.0,9654.0,7047.0,1628.0,3,3,0
27147,Steele,2025-09-01,5967.0,204330.0,19586.0,10566.0,7276.0,1744.0,3,3,0
27147,Steele,2025-10-01,6188.0,259305.1,20285.0,10965.0,7581.0,1739.0,3,3,0
27147,Steele,2025-11-01,5352.0,220322.4,17689.0,9560.0,6593.0,1536.0,3,3,0
27147,Steele,2025-12-01,5145.0,217493.0,16244.0,8885.0,5810.0,1549.0,3,3,0
27147,Steele,2026-01-01,4575.0,196381.0,14547.0,7450.0,5523.0,1574.0,3,3,0
27147,Steele,2026-02-01,5045.0,206156.5,15842.0,8023.0,5916.0,1903.0,3,3,0
27147,Steele,2026-03-01,5115.0,198619.8,17272.0,9393.0,6207.0,1672.0,3,3,0
27147,Steele,2026-04-01,5346.0,187135.8,17064.0,8967.0,6357.0,1740.0,3,3,0
27147,Steele,2026-05-01,5060.0,176545.4,16609.0,9092.0,5821.0,1696.0,3,3,0
27147,Steele,2026-06-01,5598.0,182374.3,17966.0,9884.0,6221.0,1861.0,3,3,0
27147,Steele,2026-07-01,5591.0,199989.1,17572.0,9250.0,6462.0,1860.0,3,3,0
27149,Stevens,2022-01-01,107.0,4767.0,337.0,183.0,132.0,22.0,1,1,0
27149,Stevens,2022-02-01,110.0,5997.0,323.0,193.0,118.0,12.0,1,1,0
27149,Stevens,2022-03-01,125.0,7864.0,348.0,206.0,122.0,20.0,1,1,0
27149,Stevens,2022-04-01,120.0,8550.0,324.0,186.0,116.0,22.0,1,1,0
27149,Stevens,2022-05-01,108.0,6095.0,341.0,185.0,135.0,21.0,1,1,0
27149,Stevens,2022-06-01,440.0,28475.0,1219.0,580.0,419.0,220.0,1,1,0
27149,Stevens,2022-07-01,462.0,27943.0,1264.0,567.0,387.0,310.0,1,1,0
27149,Stevens,2022-08-01,89.0,24663.0,265.0,140.0,109.0,16.0,1,1,0
27149,Stevens,2022-09-01,101.0,6591.0,334.0,182.0,140.0,12.0,1,1,0
27149,Stevens,2022-10-01,121.0,6507.0,356.0,210.0,124.0,22.0,1,1,0
27149,Stevens,2022-11-01,107.0,12921.0,336.0,131.0,186.0,19.0,1,1,0
27149,Stevens,2022-12-01,107.0,14544.0,320.0,187.0,107.0,26.0,1,1,0
27149,Stevens,2023-01-01,136.0,5237.0,417.0,253.0,139.0,25.0,1,1,0
27149,Stevens,2023-02-01,111.0,8388.0,344.0,185.0,135.0,24.0,1,1,0
27149,Stevens,2023-03-01,149.0,8815.0,474.0,277.0,151.0,46.0,1,1,0
27149,Stevens,2023-04-01,257.0,10382.0,675.0,205.0,415.0,55.0,1,1,0
27149,Stevens,2023-05-01,168.0,8530.0,500.0,304.0,165.0,31.0,1,1,0
27149,Stevens,2023-06-01,519.0,35897.0,1350.0,670.0,416.0,264.0,1,1,0
27149,Stevens,2023-07-01,137.0,6444.0,463.0,268.0,170.0,25.0,1,1,0
27149,Stevens,2023-08-01,496.0,34395.0,1309.0,642.0,414.0,253.0,1,1,0
27149,Stevens,2023-09-01,126.0,5749.0,404.0,237.0,158.0,9.0,1,1,0
27149,Stevens,2023-10-01,155.0,6567.0,505.0,294.0,190.0,21.0,1,1,0
27149,Stevens,2023-11-01,166.0,6785.0,459.0,293.0,154.0,12.0,1,1,0
27149,Stevens,2023-12-01,142.0,7276.0,436.0,261.0,158.0,17.0,1,1,0
27149,Stevens,2024-01-01,160.0,7232.0,501.0,296.0,187.0,18.0,1,1,0
27149,Stevens,2024-02-01,135.0,6015.0,430.0,248.0,176.0,6.0,1,1,0
27149,Stevens,2024-03-01,123.0,5398.0,354.0,210.0,131.0,13.0,1,1,0
27149,Stevens,2024-04-01,151.0,6847.0,448.0,282.0,156.0,10.0,1,1,0
27149,Stevens,2024-05-01,158.0,6915.0,449.0,281.0,146.0,22.0,1,1,0
27149,Stevens,2024-06-01,150.0,6502.0,434.0,275.0,150.0,9.0,1,1,0
27149,Stevens,2024-07-01,,,,,,,1,0,1
27149,Stevens,2024-08-01,143.0,6888.0,408.0,248.0,142.0,18.0,1,1,0
27149,Stevens,2024-09-01,,,,,,,1,0,1
27149,Stevens,2024-10-01,,,,,,,1,0,1
27149,Stevens,2024-11-01,156.0,6834.0,442.0,280.0,147.0,15.0,1,1,0
27149,Stevens,2024-12-01,155.0,7301.0,503.0,300.0,181.0,22.0,1,1,0
27149,Stevens,2025-01-01,178.0,8018.0,454.0,251.0,187.0,16.0,1,1,0
27149,Stevens,2025-02-01,144.0,6927.0,469.0,286.0,171.0,12.0,1,1,0
27149,Stevens,2025-03-01,186.0,8864.0,562.0,365.0,186.0,11.0,1,1,0
27149,Stevens,2025-04-01,181.0,8381.0,529.0,356.0,159.0,14.0,1,1,0
27149,Stevens,2025-05-01,196.0,9327.0,561.0,353.0,192.0,16.0,1,1,0
27149,Stevens,2025-06-01,209.0,8504.0,579.0,362.0,199.0,18.0,1,1,0
27149,Stevens,2025-07-01,231.0,8203.0,715.0,402.0,292.0,21.0,1,1,0
27149,Stevens,2025-08-01,199.0,8690.0,693.0,389.0,292.0,12.0,1,1,0
27149,Stevens,2025-09-01,210.0,9108.0,729.0,400.0,306.0,23.0,1,1,0
27149,Stevens,2025-10-01,231.0,8597.0,730.0,420.0,277.0,33.0,1,1,0
27149,Stevens,2025-11-01,212.0,9388.0,661.0,400.0,239.0,22.0,1,1,0
27149,Stevens,2025-12-01,168.0,7562.0,542.0,325.0,196.0,21.0,1,1,0
27149,Stevens,2026-01-01,230.0,9762.0,710.0,448.0,236.0,26.0,1,1,0
27149,Stevens,2026-02-01,201.0,8424.0,598.0,383.0,190.0,25.0,1,1,0
27149,Stevens,2026-03-01,196.0,8601.0,590.0,368.0,200.0,22.0,1,1,0
27149,Stevens,2026-04-01,170.0,6836.0,533.0,311.0,202.0,20.0,1,1,0
27149,Stevens,2026-05-01,169.0,7968.0,552.0,335.0,202.0,15.0,1,1,0
27149,Stevens,2026-06-01,230.0,9344.0,664.0,409.0,241.0,14.0,1,1,0
27149,Stevens,2026-07-01,220.0,7828.0,638.0,389.0,229.0,20.0,1,1,0
27151,Swift,2022-01-01,66.0,4714.0,197.0,106.0,75.0,16.0,1,1,0
27151,Swift,2022-02-01,141.0,10183.0,211.0,116.0,70.0,25.0,1,1,0
27151,Swift,2022-03-01,77.0,5327.0,287.0,181.0,73.0,33.0,1,1,0
27151,Swift,2022-04-01,78.0,5379.0,221.0,126.0,73.0,22.0,1,1,0
27151,Swift,2022-05-01,96.0,6773.0,275.0,144.0,97.0,34.0,1,1,0
27151,Swift,2022-06-01,115.0,7048.0,340.0,167.0,129.0,44.0,1,1,0
27151,Swift,2022-07-01,86.0,5820.0,276.0,150.0,93.0,33.0,1,1,0
27151,Swift,2022-08-01,84.0,5819.0,257.0,131.0,87.0,39.0,1,1,0
27151,Swift,2022-09-01,112.0,6954.0,321.0,175.0,101.0,45.0,1,1,0
27151,Swift,2022-10-01,115.0,7318.0,342.0,191.0,109.0,42.0,1,1,0
27151,Swift,2022-11-01,116.0,7625.0,326.0,179.0,100.0,47.0,1,1,0
27151,Swift,2022-12-01,111.0,6389.0,296.0,160.0,90.0,46.0,1,1,0
27151,Swift,2023-01-01,112.0,7139.0,291.0,168.0,99.0,24.0,1,1,0
27151,Swift,2023-02-01,96.0,5830.0,243.0,116.0,86.0,41.0,1,1,0
27151,Swift,2023-03-01,114.0,7406.0,316.0,170.0,89.0,57.0,1,1,0
27151,Swift,2023-04-01,121.0,6827.0,347.0,182.0,106.0,59.0,1,1,0
27151,Swift,2023-05-01,133.0,6857.0,359.0,189.0,111.0,59.0,1,1,0
27151,Swift,2023-06-01,117.0,5815.0,323.0,166.0,100.0,57.0,1,1,0
27151,Swift,2023-07-01,134.0,7600.0,375.0,164.0,169.0,42.0,1,1,0
27151,Swift,2023-08-01,139.0,7926.0,393.0,211.0,123.0,59.0,1,1,0
27151,Swift,2023-09-01,140.0,7371.0,443.0,221.0,170.0,52.0,1,1,0
27151,Swift,2023-10-01,140.0,7122.0,405.0,226.0,133.0,46.0,1,1,0
27151,Swift,2023-11-01,157.0,6693.0,423.0,232.0,149.0,42.0,1,1,0
27151,Swift,2023-12-01,145.0,5862.0,416.0,230.0,140.0,46.0,1,1,0
27151,Swift,2024-01-01,160.0,6214.0,468.0,249.0,175.0,44.0,1,1,0
27151,Swift,2024-02-01,136.0,6281.0,344.0,206.0,102.0,36.0,1,1,0
27151,Swift,2024-03-01,132.0,5517.0,318.0,184.0,80.0,54.0,1,1,0
27151,Swift,2024-04-01,132.0,5569.0,416.0,282.0,99.0,35.0,1,1,0
27151,Swift,2024-05-01,151.0,6062.0,416.0,245.0,137.0,34.0,1,1,0
27151,Swift,2024-06-01,160.0,6636.0,439.0,238.0,158.0,43.0,1,1,0
27151,Swift,2024-07-01,165.0,6911.0,487.0,269.0,179.0,39.0,1,1,0
27151,Swift,2024-08-01,173.0,7092.0,491.0,271.0,182.0,38.0,1,1,0
27151,Swift,2024-09-01,160.0,6096.0,458.0,258.0,158.0,42.0,1,1,0
27151,Swift,2024-10-01,158.0,6584.0,455.0,257.0,153.0,45.0,1,1,0
27151,Swift,2024-11-01,157.0,6278.0,419.0,238.0,135.0,46.0,1,1,0
27151,Swift,2024-12-01,150.0,6742.0,419.0,227.0,148.0,44.0,1,1,0
27151,Swift,2025-01-01,173.0,7027.0,513.0,293.0,175.0,45.0,1,1,0
27151,Swift,2025-02-01,136.0,5741.0,362.0,202.0,120.0,40.0,1,1,0
27151,Swift,2025-03-01,132.0,4739.0,312.0,187.0,86.0,39.0,1,1,0
27151,Swift,2025-04-01,126.0,5144.0,319.0,181.0,99.0,39.0,1,1,0
27151,Swift,2025-05-01,120.0,4657.0,298.0,177.0,86.0,35.0,1,1,0
27151,Swift,2025-06-01,149.0,5161.0,688.0,115.0,338.0,235.0,1,1,0
27151,Swift,2025-07-01,149.0,5564.0,453.0,256.0,159.0,38.0,1,1,0
27151,Swift,2025-08-01,143.0,6024.0,398.0,237.0,118.0,43.0,1,1,0
27151,Swift,2025-09-01,157.0,6220.0,416.0,251.0,124.0,41.0,1,1,0
27151,Swift,2025-10-01,173.0,6616.0,450.0,264.0,138.0,48.0,1,1,0
27151,Swift,2025-11-01,157.0,6921.0,424.0,238.0,143.0,43.0,1,1,0
27151,Swift,2025-12-01,152.0,8508.0,759.0,133.0,401.0,225.0,1,1,0
27151,Swift,2026-01-01,156.0,5615.0,399.0,222.0,135.0,42.0,1,1,0
27151,Swift,2026-02-01,132.0,5046.0,337.0,201.0,98.0,38.0,1,1,0
27151,Swift,2026-03-01,127.0,5036.0,314.0,178.0,88.0,48.0,1,1,0
27151,Swift,2026-04-01,138.0,5006.0,328.0,195.0,83.0,50.0,1,1,0
27151,Swift,2026-05-01,141.0,4933.0,329.0,186.0,88.0,55.0,1,1,0
27151,Swift,2026-06-01,115.0,4325.0,270.0,153.0,73.0,44.0,1,1,0
27151,Swift,2026-07-01,133.0,5915.0,336.0,187.0,106.0,43.0,1,1,0
27153,Todd,2022-01-01,158.0,20799.0,439.0,264.0,126.0,49.0,3,3,0
27153,Todd,2022-02-01,240.0,16169.0,338.0,209.0,98.0,31.0,3,3,0
27153,Todd,2022-03-01,202.0,18296.0,485.0,287.0,162.0,36.0,3,3,0
27153,Todd,2022-04-01,155.0,20128.0,588.0,322.0,217.0,49.0,3,3,0
27153,Todd,2022-05-01,239.0,20247.0,507.0,296.0,173.0,38.0,3,3,0
27153,Todd,2022-06-01,192.0,22926.0,602.0,344.0,216.0,42.0,3,3,0
27153,Todd,2022-07-01,158.0,17493.0,448.0,251.0,167.0,30.0,3,3,0
27153,Todd,2022-08-01,200.0,21861.0,600.0,368.0,186.0,46.0,3,3,0
27153,Todd,2022-09-01,214.0,20466.0,658.0,397.0,216.0,45.0,3,3,0
27153,Todd,2022-10-01,220.0,21989.0,693.0,409.0,234.0,50.0,3,3,0
27153,Todd,2022-11-01,237.0,23813.0,719.0,440.0,222.0,57.0,3,3,0
27153,Todd,2022-12-01,210.0,22526.0,560.0,331.0,194.0,35.0,3,3,0
27153,Todd,2023-01-01,241.0,23723.0,773.0,449.0,264.0,60.0,3,3,0
27153,Todd,2023-02-01,231.0,21085.0,581.0,355.0,187.0,39.0,3,3,0
27153,Todd,2023-03-01,354.0,26462.0,959.0,495.0,272.0,192.0,3,3,0
27153,Todd,2023-04-01,257.0,23779.0,828.0,430.0,314.0,84.0,3,3,0
27153,Todd,2023-05-01,330.0,26480.0,817.0,463.0,263.0,91.0,3,3,0
27153,Todd,2023-06-01,318.0,27350.0,884.0,493.0,286.0,105.0,3,3,0
27153,Todd,2023-07-01,312.0,25584.0,892.0,494.0,304.0,94.0,3,3,0
27153,Todd,2023-08-01,325.0,29290.0,943.0,577.0,294.0,72.0,3,3,0
27153,Todd,2023-09-01,347.0,28467.0,1017.0,561.0,344.0,112.0,3,3,0
27153,Todd,2023-10-01,342.0,28195.0,1081.0,610.0,368.0,103.0,3,3,0
27153,Todd,2023-11-01,395.0,32281.0,1070.0,585.0,376.0,109.0,3,3,0
27153,Todd,2023-12-01,348.0,29484.0,974.0,503.0,345.0,126.0,3,3,0
27153,Todd,2024-01-01,379.0,32127.0,1155.0,613.0,433.0,109.0,3,3,0
27153,Todd,2024-02-01,396.0,28865.0,1062.0,648.0,269.0,145.0,3,3,0
27153,Todd,2024-03-01,327.0,28232.0,920.0,504.0,295.0,121.0,3,3,0
27153,Todd,2024-04-01,376.0,26485.0,1093.0,610.0,379.0,104.0,3,3,0
27153,Todd,2024-05-01,407.0,25307.0,1129.0,624.0,386.0,119.0,3,3,0
27153,Todd,2024-06-01,388.0,22573.0,1021.0,542.0,374.0,105.0,3,3,0
27153,Todd,2024-07-01,390.0,28162.0,1384.0,726.0,509.0,149.0,3,3,0
27153,Todd,2024-08-01,358.0,26405.0,1011.0,533.0,333.0,145.0,3,3,0
27153,Todd,2024-09-01,339.0,25303.0,1090.0,587.0,378.0,125.0,3,3,0
27153,Todd,2024-10-01,420.0,29511.0,1333.0,724.0,486.0,123.0,3,3,0
27153,Todd,2024-11-01,404.0,29549.0,1323.0,752.0,450.0,121.0,3,3,0
27153,Todd,2024-12-01,329.0,30121.0,1053.0,595.0,333.0,125.0,3,3,0
27153,Todd,2025-01-01,426.0,29417.0,1184.0,666.0,378.0,140.0,3,3,0
27153,Todd,2025-02-01,363.0,29237.0,944.0,507.0,310.0,127.0,3,3,0
27153,Todd,2025-03-01,336.0,28599.0,977.0,535.0,339.0,103.0,3,3,0
27153,Todd,2025-04-01,357.0,28380.0,1116.0,622.0,388.0,106.0,3,3,0
27153,Todd,2025-05-01,306.0,27456.0,1017.0,558.0,378.0,81.0,3,3,0
27153,Todd,2025-06-01,408.0,32641.0,1297.0,767.0,343.0,187.0,3,3,0
27153,Todd,2025-07-01,396.0,24204.0,1156.0,694.0,330.0,132.0,3,3,0
27153,Todd,2025-08-01,383.0,25632.0,1152.0,666.0,358.0,128.0,3,3,0
27153,Todd,2025-09-01,371.0,24794.0,1231.0,709.0,392.0,130.0,3,3,0
27153,Todd,2025-10-01,422.0,26837.0,1339.0,627.0,523.0,189.0,3,3,0
27153,Todd,2025-11-01,347.0,23728.0,1060.0,611.0,330.0,119.0,3,3,0
27153,Todd,2025-12-01,349.0,24720.0,989.0,576.0,301.0,112.0,3,3,0
27153,Todd,2026-01-01,379.0,24626.0,1112.0,644.0,347.0,121.0,3,3,0
27153,Todd,2026-02-01,337.0,22466.0,992.0,570.0,285.0,137.0,3,3,0
27153,Todd,2026-03-01,419.0,24574.0,939.0,514.0,259.0,166.0,3,3,0
27153,Todd,2026-04-01,381.0,26175.0,1152.0,653.0,354.0,145.0,3,3,0
27153,Todd,2026-05-01,248.0,17740.0,915.0,518.0,318.0,79.0,2,2,0
27153,Todd,2026-06-01,375.0,23147.0,1151.0,666.0,369.0,116.0,3,3,0
27153,Todd,2026-07-01,386.0,25814.0,1194.0,694.0,362.0,138.0,3,3,0
27155,Traverse,2022-01-01,52.0,3395.0,137.0,73.0,49.0,15.0,2,2,0
27155,Traverse,2022-02-01,51.0,3640.0,142.0,64.0,59.0,19.0,2,2,0
27155,Traverse,2022-03-01,36.0,3155.0,111.0,46.0,48.0,17.0,2,2,0
27155,Traverse,2022-04-01,53.0,3350.0,108.0,41.0,40.0,27.0,2,2,0
27155,Traverse,2022-05-01,25.0,3345.0,132.0,60.0,46.0,26.0,2,2,0
27155,Traverse,2022-06-01,50.0,3085.0,105.0,50.0,33.0,22.0,2,2,0
27155,Traverse,2022-07-01,56.0,3910.0,153.0,70.0,55.0,28.0,2,2,0
27155,Traverse,2022-08-01,57.0,3185.0,127.0,69.0,27.0,31.0,2,2,0
27155,Traverse,2022-09-01,63.0,4285.0,164.0,75.0,53.0,36.0,2,2,0
27155,Traverse,2022-10-01,47.0,3210.0,140.0,66.0,50.0,24.0,2,2,0
27155,Traverse,2022-11-01,61.0,4260.0,158.0,66.0,57.0,35.0,2,2,0
27155,Traverse,2022-12-01,39.0,1964.0,90.0,41.0,31.0,18.0,2,2,0
27155,Traverse,2023-01-01,69.0,3532.0,153.0,66.0,51.0,36.0,2,2,0
27155,Traverse,2023-02-01,27.0,1556.0,54.0,29.0,9.0,16.0,2,2,0
27155,Traverse,2023-03-01,70.0,4755.0,157.0,74.0,45.0,38.0,2,2,0
27155,Traverse,2023-04-01,60.0,3514.0,168.0,71.0,66.0,31.0,2,2,0
27155,Traverse,2023-05-01,58.0,3232.0,139.0,56.0,46.0,37.0,2,2,0
27155,Traverse,2023-06-01,58.0,3152.0,145.0,65.0,53.0,27.0,2,2,0
27155,Traverse,2023-07-01,60.0,3025.0,146.0,63.0,54.0,29.0,2,2,0
27155,Traverse,2023-08-01,40.0,1905.0,89.0,43.0,24.0,22.0,2,2,0
27155,Traverse,2023-09-01,54.0,3095.0,148.0,75.0,53.0,20.0,2,2,0
27155,Traverse,2023-10-01,68.0,3434.0,158.0,77.0,47.0,34.0,2,2,0
27155,Traverse,2023-11-01,75.0,3807.0,161.0,80.0,41.0,40.0,2,2,0
27155,Traverse,2023-12-01,70.0,4142.0,170.0,81.0,57.0,32.0,2,2,0
27155,Traverse,2024-01-01,82.0,3154.0,119.0,62.0,32.0,25.0,2,2,0
27155,Traverse,2024-02-01,57.0,2691.0,114.0,61.0,24.0,29.0,2,2,0
27155,Traverse,2024-03-01,55.0,2650.0,117.0,63.0,26.0,28.0,2,2,0
27155,Traverse,2024-04-01,60.0,3426.0,151.0,69.0,53.0,29.0,2,2,0
27155,Traverse,2024-05-01,60.0,3424.0,130.0,62.0,32.0,36.0,2,2,0
27155,Traverse,2024-06-01,61.0,3293.0,151.0,75.0,38.0,38.0,2,2,0
27155,Traverse,2024-07-01,65.0,3944.0,183.0,90.0,62.0,31.0,2,2,0
27155,Traverse,2024-08-01,63.0,3322.0,156.0,85.0,33.0,38.0,2,2,0
27155,Traverse,2024-09-01,54.0,2967.0,137.0,70.0,35.0,32.0,2,2,0
27155,Traverse,2024-10-01,65.0,4175.0,194.0,101.0,62.0,31.0,2,2,0
27155,Traverse,2024-11-01,59.0,4758.0,154.0,82.0,43.0,29.0,2,2,0
27155,Traverse,2024-12-01,78.0,5285.0,225.0,119.0,74.0,32.0,2,2,0
27155,Traverse,2025-01-01,54.0,5200.0,142.0,85.0,36.0,21.0,2,2,0
27155,Traverse,2025-02-01,57.0,4040.0,134.0,68.0,36.0,30.0,2,2,0
27155,Traverse,2025-03-01,61.0,4395.0,150.0,91.0,25.0,34.0,2,2,0
27155,Traverse,2025-04-01,83.0,4377.0,226.0,113.0,57.0,56.0,2,2,0
27155,Traverse,2025-05-01,78.0,5127.0,203.0,111.0,42.0,50.0,2,2,0
27155,Traverse,2025-06-01,82.0,4196.0,212.0,107.0,52.0,53.0,2,2,0
27155,Traverse,2025-07-01,91.0,4385.0,234.0,103.0,65.0,66.0,2,2,0
27155,Traverse,2025-08-01,82.0,4402.0,218.0,103.0,63.0,52.0,2,2,0
27155,Traverse,2025-09-01,95.0,5121.0,241.0,128.0,91.0,22.0,2,2,0
27155,Traverse,2025-10-01,94.0,5723.0,289.0,141.0,92.0,56.0,2,2,0
27155,Traverse,2025-11-01,98.0,5604.0,272.0,157.0,88.0,27.0,2,2,0
27155,Traverse,2025-12-01,99.0,5552.0,255.0,157.0,68.0,30.0,2,2,0
27155,Traverse,2026-01-01,85.0,4872.0,197.0,118.0,53.0,26.0,2,2,0
27155,Traverse,2026-02-01,65.0,3782.0,167.0,94.0,42.0,31.0,2,2,0
27155,Traverse,2026-03-01,93.0,5525.0,241.0,142.0,63.0,36.0,2,2,0
27155,Traverse,2026-04-01,95.0,5067.0,252.0,123.0,72.0,57.0,2,2,0
27155,Traverse,2026-05-01,81.0,4174.0,207.0,110.0,52.0,45.0,2,2,0
27155,Traverse,2026-06-01,103.0,5499.0,283.0,144.0,77.0,62.0,2,2,0
27155,Traverse,2026-07-01,82.0,3761.0,225.0,113.0,77.0,35.0,2,2,0
27157,Wabasha,2022-01-01,354.0,25075.0,952.0,479.0,324.0,149.0,5,5,0
27157,Wabasha,2022-02-01,330.0,25120.0,975.0,503.0,313.0,159.0,5,5,0
27157,Wabasha,2022-03-01,402.0,31914.0,1171.0,559.0,399.0,213.0,5,5,0
27157,Wabasha,2022-04-01,411.0,27908.0,1084.0,550.0,353.0,181.0,5,5,0
27157,Wabasha,2022-05-01,390.0,30457.4,1132.0,582.0,374.0,176.0,5,5,0
27157,Wabasha,2022-06-01,493.0,37723.0,1558.0,808.0,533.0,217.0,5,5,0
27157,Wabasha,2022-07-01,501.0,35079.0,1534.0,778.0,533.0,223.0,5,5,0
27157,Wabasha,2022-08-01,499.0,40234.8,1751.0,912.0,609.0,230.0,5,5,0
27157,Wabasha,2022-09-01,485.0,32136.0,1346.0,683.0,445.0,218.0,5,5,0
27157,Wabasha,2022-10-01,490.0,34236.6,1440.0,741.0,481.0,218.0,5,5,0
27157,Wabasha,2022-11-01,463.0,37469.0,1657.0,821.0,523.0,313.0,5,5,0
27157,Wabasha,2022-12-01,540.0,38422.0,1750.0,915.0,610.0,225.0,5,5,0
27157,Wabasha,2023-01-01,544.0,37236.0,1692.0,896.0,592.0,204.0,5,5,0
27157,Wabasha,2023-02-01,466.0,30489.0,1469.0,777.0,521.0,171.0,5,5,0
27157,Wabasha,2023-03-01,672.0,45223.0,1976.0,1030.0,674.0,272.0,5,5,0
27157,Wabasha,2023-04-01,583.0,42105.5,1887.0,1013.0,632.0,242.0,5,5,0
27157,Wabasha,2023-05-01,696.0,46196.5,2124.0,1108.0,727.0,289.0,5,5,0
27157,Wabasha,2023-06-01,783.0,48165.7,2542.0,1323.0,922.0,297.0,5,5,0
27157,Wabasha,2023-07-01,732.0,43445.2,2275.0,1129.0,830.0,316.0,5,5,0
27157,Wabasha,2023-08-01,816.0,54185.15,2466.0,1280.0,832.0,354.0,5,5,0
27157,Wabasha,2023-09-01,637.0,43698.2,1969.0,1023.0,686.0,260.0,5,5,0
27157,Wabasha,2023-10-01,773.0,49884.25,2200.0,1140.0,749.0,311.0,5,5,0
27157,Wabasha,2023-11-01,793.0,54052.6,2363.0,1230.0,841.0,292.0,5,5,0
27157,Wabasha,2023-12-01,751.0,51497.6,2161.0,1125.0,746.0,290.0,5,5,0
27157,Wabasha,2024-01-01,832.0,54957.8,2230.0,1258.0,675.0,297.0,5,5,0
27157,Wabasha,2024-02-01,812.0,54779.7,2319.0,1259.0,791.0,269.0,5,5,0
27157,Wabasha,2024-03-01,775.0,52543.1,2181.0,1201.0,713.0,267.0,5,5,0
27157,Wabasha,2024-04-01,872.0,59709.3,2468.0,1339.0,806.0,323.0,5,5,0
27157,Wabasha,2024-05-01,793.0,56257.79,2244.0,1190.0,749.0,305.0,5,5,0
27157,Wabasha,2024-06-01,700.0,58727.1,2643.0,1454.0,885.0,304.0,5,5,0
27157,Wabasha,2024-07-01,961.0,66104.6,2909.0,1586.0,993.0,330.0,5,5,0
27157,Wabasha,2024-08-01,868.0,68890.0,2563.0,1481.0,759.0,323.0,5,5,0
27157,Wabasha,2024-09-01,851.0,67191.5,2438.0,1354.0,767.0,317.0,5,5,0
27157,Wabasha,2024-10-01,987.0,71788.5,2905.0,1583.0,963.0,359.0,5,5,0
27157,Wabasha,2024-11-01,903.0,67733.3,2527.0,1434.0,769.0,324.0,5,5,0
27157,Wabasha,2024-12-01,929.0,76399.9,2608.0,1477.0,800.0,331.0,5,5,0
27157,Wabasha,2025-01-01,960.0,73265.0,2680.0,1496.0,849.0,335.0,5,5,0
27157,Wabasha,2025-02-01,957.0,68232.0,2631.0,1441.0,842.0,348.0,5,5,0
27157,Wabasha,2025-03-01,937.0,65937.1,2552.0,1425.0,801.0,326.0,5,5,0
27157,Wabasha,2025-04-01,1119.0,74037.9,2915.0,1615.0,901.0,399.0,5,5,0
27157,Wabasha,2025-05-01,951.0,63972.2,2620.0,1434.0,837.0,349.0,5,5,0
27157,Wabasha,2025-06-01,998.0,65755.5,2742.0,1534.0,863.0,345.0,5,5,0
27157,Wabasha,2025-07-01,1222.0,82425.2,3431.0,1914.0,1088.0,429.0,5,5,0
27157,Wabasha,2025-08-01,1071.0,71346.9,2951.0,1692.0,894.0,365.0,5,5,0
27157,Wabasha,2025-09-01,1156.0,74784.6,3196.0,1796.0,985.0,415.0,5,5,0
27157,Wabasha,2025-10-01,1238.0,80746.0,3469.0,1895.0,1145.0,429.0,5,5,0
27157,Wabasha,2025-11-01,1088.0,78117.9,3011.0,1653.0,961.0,397.0,5,5,0
27157,Wabasha,2025-12-01,1060.0,72912.6,2944.0,1648.0,916.0,380.0,5,5,0
27157,Wabasha,2026-01-01,1020.0,74482.4,2846.0,1571.0,911.0,364.0,5,5,0
27157,Wabasha,2026-02-01,1029.0,72004.9,2924.0,1618.0,936.0,370.0,5,5,0
27157,Wabasha,2026-03-01,1147.0,76600.5,3174.0,1837.0,930.0,407.0,5,5,0
27157,Wabasha,2026-04-01,1249.0,80321.65,3373.0,1926.0,1021.0,426.0,5,5,0
27157,Wabasha,2026-05-01,1109.0,76307.6,3072.0,1765.0,909.0,398.0,6,5,1
27157,Wabasha,2026-06-01,1419.0,90376.0,3894.0,2241.0,1168.0,485.0,5,5,0
27157,Wabasha,2026-07-01,1375.0,87319.0,3796.0,2138.0,1189.0,469.0,5,5,0
27159,Wadena,2022-01-01,159.0,9919.0,421.0,254.0,123.0,44.0,4,3,1
27159,Wadena,2022-02-01,150.0,9935.0,377.0,207.0,107.0,63.0,4,4,0
27159,Wadena,2022-03-01,176.0,13392.0,454.0,260.0,125.0,69.0,4,4,0
27159,Wadena,2022-04-01,178.0,13497.0,471.0,261.0,138.0,72.0,4,4,0
27159,Wadena,2022-05-01,188.0,13662.0,502.0,284.0,155.0,63.0,4,4,0
27159,Wadena,2022-06-01,226.0,15517.0,603.0,333.0,199.0,71.0,4,4,0
27159,Wadena,2022-07-01,207.0,13974.0,550.0,308.0,159.0,83.0,4,4,0
27159,Wadena,2022-08-01,174.0,10693.0,446.0,259.0,123.0,64.0,4,4,0
27159,Wadena,2022-09-01,202.0,13145.0,542.0,298.0,177.0,67.0,4,4,0
27159,Wadena,2022-10-01,158.0,12600.0,483.0,231.0,142.0,110.0,4,4,0
27159,Wadena,2022-11-01,169.0,11700.0,440.0,241.0,126.0,73.0,4,4,0
27159,Wadena,2022-12-01,158.0,10876.0,395.0,210.0,126.0,59.0,4,4,0
27159,Wadena,2023-01-01,181.0,12541.0,514.0,283.0,158.0,73.0,4,4,0
27159,Wadena,2023-02-01,138.0,9703.0,373.0,202.0,116.0,55.0,4,4,0
27159,Wadena,2023-03-01,174.0,12506.0,463.0,270.0,141.0,52.0,4,4,0
27159,Wadena,2023-04-01,193.0,15405.0,553.0,307.0,176.0,70.0,4,4,0
27159,Wadena,2023-05-01,181.0,11005.0,457.0,279.0,121.0,57.0,4,3,1
27159,Wadena,2023-06-01,258.0,16972.010000000002,710.0,407.0,229.0,74.0,4,4,0
27159,Wadena,2023-07-01,271.0,17243.4,653.0,348.0,213.0,92.0,4,4,0
27159,Wadena,2023-08-01,220.0,10159.95,692.0,442.0,175.0,75.0,4,4,0
27159,Wadena,2023-09-01,234.0,16247.4,677.0,367.0,223.0,87.0,4,4,0
27159,Wadena,2023-10-01,250.0,15822.3,693.0,404.0,221.0,68.0,4,4,0
27159,Wadena,2023-11-01,275.0,18135.7,753.0,397.0,257.0,99.0,4,4,0
27159,Wadena,2023-12-01,259.0,16834.14,678.0,411.0,192.0,75.0,4,4,0
27159,Wadena,2024-01-01,237.0,16276.97,638.0,351.0,203.0,84.0,4,4,0
27159,Wadena,2024-02-01,268.0,13136.7,734.0,427.0,222.0,85.0,4,4,0
27159,Wadena,2024-03-01,231.0,15542.2,635.0,365.0,201.0,69.0,4,4,0
27159,Wadena,2024-04-01,255.0,19091.6,697.0,412.0,210.0,75.0,4,4,0
27159,Wadena,2024-05-01,256.0,19188.0,746.0,436.0,243.0,67.0,4,4,0
27159,Wadena,2024-06-01,241.0,16476.2,693.0,379.0,242.0,72.0,4,4,0
27159,Wadena,2024-07-01,234.0,14043.5,650.0,380.0,192.0,78.0,4,4,0
27159,Wadena,2024-08-01,283.0,17935.25,786.0,444.0,249.0,93.0,4,4,0
27159,Wadena,2024-09-01,242.0,14417.02,709.0,404.0,225.0,80.0,4,4,0
27159,Wadena,2024-10-01,260.0,16804.15,791.0,470.0,247.0,74.0,4,4,0
27159,Wadena,2024-11-01,226.0,18951.699999999997,779.0,359.0,284.0,136.0,4,4,0
27159,Wadena,2024-12-01,246.0,17116.8,715.0,392.0,254.0,69.0,4,4,0
27159,Wadena,2025-01-01,253.0,16557.29,724.0,400.0,240.0,84.0,4,4,0
27159,Wadena,2025-02-01,230.0,24272.699999999997,621.0,356.0,180.0,85.0,4,4,0
27159,Wadena,2025-03-01,272.0,18627.5,736.0,423.0,218.0,95.0,4,4,0
27159,Wadena,2025-04-01,236.0,15102.6,633.0,362.0,186.0,85.0,4,4,0
27159,Wadena,2025-05-01,254.0,46768.6,710.0,423.0,211.0,76.0,4,4,0
27159,Wadena,2025-06-01,259.0,16047.5,733.0,418.0,232.0,83.0,4,4,0
27159,Wadena,2025-07-01,276.0,17136.7,767.0,445.0,241.0,81.0,4,4,0
27159,Wadena,2025-08-01,245.0,15949.6,693.0,410.0,195.0,88.0,4,4,0
27159,Wadena,2025-09-01,239.0,14952.5,648.0,369.0,184.0,95.0,4,4,0
27159,Wadena,2025-10-01,203.0,11483.95,571.0,315.0,176.0,80.0,4,3,1
27159,Wadena,2025-11-01,283.0,16219.279999999999,746.0,422.0,221.0,103.0,4,4,0
27159,Wadena,2025-12-01,207.0,13006.95,588.0,342.0,177.0,69.0,4,4,0
27159,Wadena,2026-01-01,273.0,15798.65,719.0,410.0,221.0,88.0,4,4,0
27159,Wadena,2026-02-01,229.0,13173.4,592.0,337.0,167.0,88.0,4,4,0
27159,Wadena,2026-03-01,239.0,24019.1,684.0,443.0,155.0,86.0,4,4,0
27159,Wadena,2026-04-01,276.0,17263.8,735.0,428.0,211.0,96.0,5,4,1
27159,Wadena,2026-05-01,263.0,15397.4,691.0,444.0,173.0,74.0,4,4,0
27159,Wadena,2026-06-01,250.0,14833.2,765.0,461.0,221.0,83.0,4,4,0
27159,Wadena,2026-07-01,258.0,13979.9,808.0,488.0,242.0,78.0,4,4,0
27161,Waseca,2022-01-01,260.0,13252.0,757.0,249.0,410.0,98.0,3,3,0
27161,Waseca,2022-02-01,232.0,12832.0,670.0,230.0,335.0,105.0,3,3,0
27161,Waseca,2022-03-01,269.0,17048.0,847.0,274.0,468.0,105.0,3,3,0
27161,Waseca,2022-04-01,208.0,18498.0,1100.0,409.0,530.0,161.0,3,3,0
27161,Waseca,2022-05-01,308.0,19778.0,1031.0,347.0,567.0,117.0,3,3,0
27161,Waseca,2022-06-01,346.0,22044.0,961.0,478.0,323.0,160.0,3,3,0
27161,Waseca,2022-07-01,325.0,20605.0,884.0,459.0,289.0,136.0,3,3,0
27161,Waseca,2022-08-01,302.0,19124.0,822.0,425.0,253.0,144.0,3,3,0
27161,Waseca,2022-09-01,288.0,18126.0,762.0,382.0,230.0,150.0,3,3,0
27161,Waseca,2022-10-01,328.0,17099.0,851.0,395.0,313.0,143.0,3,3,0
27161,Waseca,2022-11-01,314.0,18912.0,833.0,409.0,278.0,146.0,3,3,0
27161,Waseca,2022-12-01,302.0,16456.0,761.0,339.0,292.0,130.0,3,3,0
27161,Waseca,2023-01-01,400.0,21066.0,971.0,408.0,433.0,130.0,3,3,0
27161,Waseca,2023-02-01,438.0,13463.0,832.0,350.0,345.0,137.0,3,3,0
27161,Waseca,2023-03-01,494.0,16672.0,835.0,399.0,281.0,155.0,3,3,0
27161,Waseca,2023-04-01,397.0,20392.0,781.0,462.0,165.0,154.0,3,3,0
27161,Waseca,2023-05-01,414.0,23763.0,736.0,412.0,171.0,153.0,3,3,0
27161,Waseca,2023-06-01,446.0,26603.0,885.0,512.0,189.0,184.0,3,3,0
27161,Waseca,2023-07-01,143.0,22108.0,1050.0,631.0,232.0,187.0,3,3,0
27161,Waseca,2023-08-01,471.0,21834.0,915.0,510.0,188.0,217.0,3,3,0
27161,Waseca,2023-09-01,465.0,19853.0,871.0,470.0,180.0,221.0,3,3,0
27161,Waseca,2023-10-01,453.0,19640.0,954.0,513.0,232.0,209.0,3,3,0
27161,Waseca,2023-11-01,488.0,21765.0,1031.0,543.0,262.0,226.0,3,3,0
27161,Waseca,2023-12-01,428.0,20519.0,883.0,468.0,229.0,186.0,3,3,0
27161,Waseca,2024-01-01,488.0,20593.0,823.0,391.0,226.0,206.0,3,3,0
27161,Waseca,2024-02-01,481.0,19469.0,963.0,529.0,220.0,214.0,3,3,0
27161,Waseca,2024-03-01,511.0,22205.0,1001.0,551.0,212.0,238.0,3,3,0
27161,Waseca,2024-04-01,454.0,19351.0,893.0,475.0,216.0,202.0,3,3,0
27161,Waseca,2024-05-01,569.0,23734.0,1173.0,641.0,294.0,238.0,3,3,0
27161,Waseca,2024-06-01,565.0,21181.0,1230.0,658.0,356.0,216.0,3,3,0
27161,Waseca,2024-07-01,739.0,29198.0,1752.0,1017.0,419.0,316.0,3,3,0
27161,Waseca,2024-08-01,697.0,26109.0,1505.0,831.0,385.0,289.0,3,3,0
27161,Waseca,2024-09-01,673.0,24569.0,1442.0,786.0,374.0,282.0,3,3,0
27161,Waseca,2024-10-01,691.0,27861.0,1484.0,837.0,386.0,261.0,3,3,0
27161,Waseca,2024-11-01,743.0,28386.0,1673.0,922.0,457.0,294.0,3,3,0
27161,Waseca,2024-12-01,700.0,26252.0,1505.0,831.0,396.0,278.0,3,3,0
27161,Waseca,2025-01-01,681.0,28470.0,1665.0,926.0,485.0,254.0,3,3,0
27161,Waseca,2025-02-01,586.0,23453.0,1498.0,788.0,482.0,228.0,3,3,0
27161,Waseca,2025-03-01,602.0,21101.0,1386.0,762.0,353.0,271.0,3,3,0
27161,Waseca,2025-04-01,644.0,23493.0,1511.0,828.0,411.0,272.0,3,3,0
27161,Waseca,2025-05-01,675.0,25834.0,1633.0,881.0,466.0,286.0,3,3,0
27161,Waseca,2025-06-01,693.0,23359.0,1639.0,888.0,417.0,334.0,3,3,0
27161,Waseca,2025-07-01,756.0,27066.0,1802.0,972.0,483.0,347.0,3,3,0
27161,Waseca,2025-08-01,716.0,26870.0,1697.0,928.0,467.0,302.0,3,3,0
27161,Waseca,2025-09-01,713.0,25638.0,1652.0,866.0,459.0,327.0,3,3,0
27161,Waseca,2025-10-01,783.0,27046.0,1782.0,904.0,512.0,366.0,3,3,0
27161,Waseca,2025-11-01,854.0,33842.0,1956.0,1046.0,516.0,394.0,3,3,0
27161,Waseca,2025-12-01,830.0,33401.0,1858.0,1001.0,485.0,372.0,3,3,0
27161,Waseca,2026-01-01,756.0,29904.0,1710.0,928.0,423.0,359.0,3,3,0
27161,Waseca,2026-02-01,730.0,25282.0,1631.0,919.0,381.0,331.0,3,3,0
27161,Waseca,2026-03-01,772.0,29960.0,1744.0,941.0,440.0,363.0,3,3,0
27161,Waseca,2026-04-01,815.0,31182.0,1868.0,1000.0,484.0,384.0,3,3,0
27161,Waseca,2026-05-01,760.0,26362.0,1636.0,881.0,419.0,336.0,3,3,0
27161,Waseca,2026-06-01,830.0,28515.0,1925.0,1105.0,468.0,352.0,3,3,0
27161,Waseca,2026-07-01,921.0,34238.0,2059.0,1145.0,554.0,360.0,4,3,1
27163,Washington,2022-01-01,9037.0,587458.0,32125.0,15106.0,13320.0,3699.0,10,10,0
27163,Washington,2022-02-01,13017.0,513244.0,22448.0,10924.0,9118.0,2406.0,10,10,0
27163,Washington,2022-03-01,13037.0,717966.0,44904.0,22780.0,16770.0,5354.0,11,11,0
27163,Washington,2022-04-01,15761.0,711220.0,52970.0,26667.0,19431.0,6872.0,10,10,0
27163,Washington,2022-05-01,15584.0,687150.0,51283.0,25771.0,18510.0,7002.0,11,11,0
27163,Washington,2022-06-01,16078.0,721303.0,52551.0,26768.0,18671.0,7112.0,12,12,0
27163,Washington,2022-07-01,14823.0,581101.0,48158.0,24638.0,16787.0,6733.0,12,12,0
27163,Washington,2022-08-01,15677.0,648953.0,50334.0,26114.0,17079.0,7141.0,12,12,0
27163,Washington,2022-09-01,15457.0,621988.0,51509.0,26219.0,18018.0,7272.0,12,12,0
27163,Washington,2022-10-01,16186.0,657118.0,53025.0,27262.0,18295.0,7468.0,12,12,0
27163,Washington,2022-11-01,15016.0,589062.0,49131.0,25579.0,16853.0,6699.0,12,11,1
27163,Washington,2022-12-01,14537.0,624953.0,47211.0,24619.0,16232.0,6360.0,12,12,0
27163,Washington,2023-01-01,16483.0,667704.0,62313.0,31505.0,23521.0,7287.0,11,11,0
27163,Washington,2023-02-01,16701.0,613018.0,62898.0,31892.0,23384.0,7622.0,12,12,0
27163,Washington,2023-03-01,22915.0,827318.0,88405.0,44440.0,34106.0,9859.0,12,12,0
27163,Washington,2023-04-01,20835.0,755264.0,80487.0,40334.0,30856.0,9297.0,12,12,0
27163,Washington,2023-05-01,21479.0,791218.0,79211.0,40545.0,29361.0,9305.0,12,12,0
27163,Washington,2023-06-01,24895.0,899219.0,90412.0,46081.0,33124.0,11207.0,12,12,0
27163,Washington,2023-07-01,23081.0,796982.0,84439.0,42877.0,31283.0,10279.0,12,12,0
27163,Washington,2023-08-01,25789.0,935385.0,93887.0,47954.0,34298.0,11635.0,12,12,0
27163,Washington,2023-09-01,23462.0,793646.0,84939.0,42843.0,31329.0,10767.0,12,12,0
27163,Washington,2023-10-01,25226.0,869371.0,90746.0,45906.0,33927.0,10913.0,12,12,0
27163,Washington,2023-11-01,24956.0,859759.0,93139.0,47372.0,34752.0,11015.0,12,12,0
27163,Washington,2023-12-01,23480.0,874993.0,89169.0,45136.0,33513.0,10520.0,12,12,0
27163,Washington,2024-01-01,26537.0,937665.0,101787.0,51975.0,38394.0,11418.0,12,12,0
27163,Washington,2024-02-01,25827.0,877783.0,98620.0,50587.0,36870.0,11163.0,12,12,0
27163,Washington,2024-03-01,26344.0,839008.0,100717.0,51472.0,37405.0,11840.0,12,12,0
27163,Washington,2024-04-01,25826.0,912001.0,96778.0,49637.0,35943.0,11198.0,12,12,0
27163,Washington,2024-05-01,25833.0,894105.0,97793.0,49614.0,36322.0,11857.0,12,12,0
27163,Washington,2024-06-01,23597.0,801330.0,88982.0,45977.0,32711.0,10294.0,12,12,0
27163,Washington,2024-07-01,23937.0,834036.0,88888.0,46121.0,32666.0,10101.0,12,12,0
27163,Washington,2024-08-01,26138.0,935187.0,96091.0,48851.0,36129.0,11111.0,12,12,0
27163,Washington,2024-09-01,24108.0,787216.0,86594.0,44544.0,32118.0,9932.0,12,12,0
27163,Washington,2024-10-01,26690.0,921554.0,99387.0,51444.0,36811.0,11132.0,12,12,0
27163,Washington,2024-11-01,23462.0,854891.0,86445.0,44798.0,32108.0,9539.0,12,12,0
27163,Washington,2024-12-01,20453.0,770362.0,74318.0,38897.0,27633.0,7788.0,12,12,0
27163,Washington,2025-01-01,20349.0,692042.0,72899.0,39161.0,26636.0,7102.0,12,12,0
27163,Washington,2025-02-01,19631.0,702666.0,71550.0,38396.0,25901.0,7253.0,12,12,0
27163,Washington,2025-03-01,21320.0,764384.0,75145.0,40225.0,27288.0,7632.0,12,12,0
27163,Washington,2025-04-01,21132.0,703599.0,74840.0,40059.0,26856.0,7925.0,12,12,0
27163,Washington,2025-05-01,19133.0,624110.0,68220.0,36415.0,24308.0,7497.0,12,12,0
27163,Washington,2025-06-01,18886.0,629438.0,65834.0,35843.0,22772.0,7219.0,12,12,0
27163,Washington,2025-07-01,20160.0,679134.0,71791.0,38664.0,25411.0,7716.0,12,12,0
27163,Washington,2025-08-01,19591.0,682075.0,69678.0,37127.0,24830.0,7721.0,12,12,0
27163,Washington,2025-09-01,23906.0,763540.0,82153.0,43538.0,28432.0,10183.0,13,13,0
27163,Washington,2025-10-01,26029.0,786541.0,85383.0,45126.0,29174.0,11083.0,13,13,0
27163,Washington,2025-11-01,22632.0,728426.0,79326.0,42012.0,27485.0,9829.0,13,13,0
27163,Washington,2025-12-01,21197.0,782940.0,74409.0,38094.0,26263.0,10052.0,13,13,0
27163,Washington,2026-01-01,19608.0,646885.0,66822.0,34551.0,23270.0,9001.0,13,13,0
27163,Washington,2026-02-01,24022.0,775695.0,83298.0,44121.0,29252.0,9925.0,13,13,0
27163,Washington,2026-03-01,25984.0,809340.0,90287.0,46841.0,31616.0,11830.0,13,13,0
27163,Washington,2026-04-01,23695.0,756972.0,81033.0,42671.0,27651.0,10711.0,13,13,0
27163,Washington,2026-05-01,21572.0,697973.0,74209.0,38617.0,25702.0,9890.0,13,13,0
27163,Washington,2026-06-01,22785.0,771793.0,77487.0,40699.0,26286.0,10502.0,13,13,0
27163,Washington,2026-07-01,22532.0,762648.0,75796.0,39874.0,25469.0,10453.0,13,13,0
27165,Watonwan,2022-01-01,131.0,11532.0,490.0,281.0,178.0,31.0,1,1,0
27165,Watonwan,2022-02-01,246.0,9339.0,371.0,219.0,125.0,27.0,1,1,0
27165,Watonwan,2022-03-01,139.0,11807.0,507.0,292.0,181.0,34.0,1,1,0
27165,Watonwan,2022-04-01,176.0,14989.0,652.0,391.0,218.0,43.0,1,1,0
27165,Watonwan,2022-05-01,165.0,16993.0,629.0,354.0,238.0,37.0,1,1,0
27165,Watonwan,2022-06-01,192.0,16656.0,699.0,375.0,271.0,53.0,1,1,0
27165,Watonwan,2022-07-01,182.0,19480.0,722.0,396.0,275.0,51.0,1,1,0
27165,Watonwan,2022-08-01,223.0,17402.0,817.0,458.0,295.0,64.0,1,1,0
27165,Watonwan,2022-09-01,208.0,15756.0,834.0,474.0,302.0,58.0,1,1,0
27165,Watonwan,2022-10-01,230.0,17209.0,921.0,548.0,317.0,56.0,1,1,0
27165,Watonwan,2022-11-01,370.0,20436.0,1509.0,869.0,541.0,99.0,1,1,0
27165,Watonwan,2022-12-01,188.0,13706.0,742.0,415.0,275.0,52.0,1,1,0
27165,Watonwan,2023-01-01,197.0,14462.0,791.0,445.0,295.0,51.0,1,1,0
27165,Watonwan,2023-02-01,184.0,12870.0,716.0,421.0,255.0,40.0,1,1,0
27165,Watonwan,2023-03-01,219.0,16926.0,867.0,498.0,313.0,56.0,1,1,0
27165,Watonwan,2023-04-01,275.0,18889.0,1062.0,613.0,372.0,77.0,1,1,0
27165,Watonwan,2023-05-01,292.0,21766.0,1160.0,660.0,426.0,74.0,1,1,0
27165,Watonwan,2023-06-01,296.0,22252.0,1212.0,680.0,453.0,79.0,1,1,0
27165,Watonwan,2023-07-01,306.0,21072.0,1303.0,719.0,511.0,73.0,1,1,0
27165,Watonwan,2023-08-01,363.0,25056.0,1521.0,846.0,575.0,100.0,1,1,0
27165,Watonwan,2023-09-01,353.0,24731.0,1404.0,760.0,536.0,108.0,1,1,0
27165,Watonwan,2023-10-01,357.0,28057.0,1470.0,828.0,554.0,88.0,1,1,0
27165,Watonwan,2023-11-01,708.0,33455.0,3006.0,1608.0,1179.0,219.0,1,1,0
27165,Watonwan,2023-12-01,333.0,20320.0,1433.0,792.0,554.0,87.0,1,1,0
27165,Watonwan,2024-01-01,336.0,24284.0,1457.0,805.0,566.0,86.0,1,1,0
27165,Watonwan,2024-02-01,380.0,25917.0,1611.0,902.0,625.0,84.0,1,1,0
27165,Watonwan,2024-03-01,364.0,24520.0,1485.0,834.0,540.0,111.0,1,1,0
27165,Watonwan,2024-04-01,384.0,28437.0,1574.0,882.0,581.0,111.0,1,1,0
27165,Watonwan,2024-05-01,423.0,31717.0,1783.0,983.0,691.0,109.0,1,1,0
27165,Watonwan,2024-06-01,417.0,28829.0,1792.0,993.0,696.0,103.0,1,1,0
27165,Watonwan,2024-07-01,330.0,22406.0,1339.0,501.0,742.0,96.0,1,1,0
27165,Watonwan,2024-08-01,415.0,28848.0,1755.0,962.0,696.0,97.0,1,1,0
27165,Watonwan,2024-09-01,334.0,24660.0,1401.0,776.0,524.0,101.0,1,1,0
27165,Watonwan,2024-10-01,504.0,38662.0,2167.0,1212.0,840.0,115.0,1,1,0
27165,Watonwan,2024-11-01,768.0,37538.0,3436.0,1815.0,1354.0,267.0,1,1,0
27165,Watonwan,2024-12-01,381.0,30355.0,1659.0,933.0,640.0,86.0,1,1,0
27165,Watonwan,2025-01-01,537.0,36910.0,2374.0,1313.0,948.0,113.0,1,1,0
27165,Watonwan,2025-02-01,486.0,33725.0,2130.0,1162.0,858.0,110.0,1,1,0
27165,Watonwan,2025-03-01,446.0,28988.0,1889.0,1040.0,748.0,101.0,1,1,0
27165,Watonwan,2025-04-01,489.0,34977.0,2121.0,1185.0,821.0,115.0,1,1,0
27165,Watonwan,2025-05-01,542.0,37235.0,2317.0,1294.0,896.0,127.0,1,1,0
27165,Watonwan,2025-06-01,488.0,31707.0,2098.0,1172.0,820.0,106.0,1,1,0
27165,Watonwan,2025-07-01,520.0,37109.0,2280.0,1239.0,917.0,124.0,1,1,0
27165,Watonwan,2025-08-01,435.0,28731.0,1890.0,1043.0,739.0,108.0,1,1,0
27165,Watonwan,2025-09-01,442.0,27408.0,1853.0,1006.0,729.0,118.0,1,1,0
27165,Watonwan,2025-10-01,527.0,35348.0,2342.0,1283.0,928.0,131.0,1,1,0
27165,Watonwan,2025-11-01,679.0,33949.0,3038.0,1518.0,1296.0,224.0,1,1,0
27165,Watonwan,2025-12-01,372.0,29315.0,1683.0,921.0,670.0,92.0,1,1,0
27165,Watonwan,2026-01-01,404.0,31814.0,1653.0,901.0,642.0,110.0,1,1,0
27165,Watonwan,2026-02-01,395.0,28490.0,1659.0,904.0,633.0,122.0,1,1,0
27165,Watonwan,2026-03-01,406.0,28253.0,1710.0,952.0,633.0,125.0,1,1,0
27165,Watonwan,2026-04-01,449.0,30987.0,1885.0,1024.0,716.0,145.0,1,1,0
27165,Watonwan,2026-05-01,413.0,30395.0,1711.0,927.0,655.0,129.0,1,1,0
27165,Watonwan,2026-06-01,441.0,33500.0,1899.0,1041.0,743.0,115.0,1,1,0
27165,Watonwan,2026-07-01,489.0,37302.0,2105.0,1163.0,835.0,107.0,1,1,0
27167,Wilkin,2022-01-01,,,,,,,0,0,0
27167,Wilkin,2022-02-01,,,,,,,0,0,0
27167,Wilkin,2022-03-01,,,,,,,0,0,0
27167,Wilkin,2022-04-01,,,,,,,0,0,0
27167,Wilkin,2022-05-01,,,,,,,0,0,0
27167,Wilkin,2022-06-01,,,,,,,0,0,0
27167,Wilkin,2022-07-01,,,,,,,0,0,0
27167,Wilkin,2022-08-01,,,,,,,0,0,0
27167,Wilkin,2022-09-01,,,,,,,0,0,0
27167,Wilkin,2022-10-01,,,,,,,0,0,0
27167,Wilkin,2022-11-01,,,,,,,0,0,0
27167,Wilkin,2022-12-01,,,,,,,0,0,0
27167,Wilkin,2023-01-01,,,,,,,0,0,0
27167,Wilkin,2023-02-01,,,,,,,0,0,0
27167,Wilkin,2023-03-01,,,,,,,0,0,0
27167,Wilkin,2023-04-01,,,,,,,0,0,0
27167,Wilkin,2023-05-01,,,,,,,0,0,0
27167,Wilkin,2023-06-01,,,,,,,0,0,0
27167,Wilkin,2023-07-01,,,,,,,0,0,0
27167,Wilkin,2023-08-01,,,,,,,0,0,0
27167,Wilkin,2023-09-01,,,,,,,0,0,0
27167,Wilkin,2023-10-01,,,,,,,0,0,0
27167,Wilkin,2023-11-01,,,,,,,0,0,0
27167,Wilkin,2023-12-01,,,,,,,0,0,0
27167,Wilkin,2024-01-01,,,,,,,0,0,0
27167,Wilkin,2024-02-01,,,,,,,0,0,0
27167,Wilkin,2024-03-01,,,,,,,0,0,0
27167,Wilkin,2024-04-01,,,,,,,0,0,0
27167,Wilkin,2024-05-01,,,,,,,0,0,0
27167,Wilkin,2024-06-01,,,,,,,0,0,0
27167,Wilkin,2024-07-01,,,,,,,0,0,0
27167,Wilkin,2024-08-01,,,,,,,0,0,0
27167,Wilkin,2024-09-01,,,,,,,0,0,0
27167,Wilkin,2024-10-01,,,,,,,0,0,0
27167,Wilkin,2024-11-01,,,,,,,0,0,0
27167,Wilkin,2024-12-01,,,,,,,0,0,0
27167,Wilkin,2025-01-01,,,,,,,0,0,0
27167,Wilkin,2025-02-01,,,,,,,0,0,0
27167,Wilkin,2025-03-01,,,,,,,0,0,0
27167,Wilkin,2025-04-01,,,,,,,0,0,0
27167,Wilkin,2025-05-01,,,,,,,0,0,0
27167,Wilkin,2025-06-01,,,,,,,0,0,0
27167,Wilkin,2025-07-01,,,,,,,0,0,0
27167,Wilkin,2025-08-01,,,,,,,0,0,0
27167,Wilkin,2025-09-01,,,,,,,0,0,0
27167,Wilkin,2025-10-01,,,,,,,0,0,0
27167,Wilkin,2025-11-01,,,,,,,0,0,0
27167,Wilkin,2025-12-01,,,,,,,0,0,0
27167,Wilkin,2026-01-01,,,,,,,0,0,0
27167,Wilkin,2026-02-01,,,,,,,0,0,0
27167,Wilkin,2026-03-01,,,,,,,0,0,0
27167,Wilkin,2026-04-01,,,,,,,0,0,0
27167,Wilkin,2026-05-01,,,,,,,0,0,0
27167,Wilkin,2026-06-01,,,,,,,0,0,0
27167,Wilkin,2026-07-01,,,,,,,0,0,0
27169,Winona,2022-01-01,646.0,38678.0,1402.0,819.0,362.0,221.0,2,2,0
27169,Winona,2022-02-01,625.0,37970.0,1307.0,756.0,327.0,224.0,2,2,0
27169,Winona,2022-03-01,685.0,45335.0,1443.0,837.0,340.0,266.0,2,2,0
27169,Winona,2022-04-01,633.0,42487.0,1296.0,736.0,326.0,234.0,2,2,0
27169,Winona,2022-05-01,712.0,46388.0,1710.0,896.0,419.0,395.0,2,2,0
27169,Winona,2022-06-01,823.0,46538.0,1820.0,1077.0,453.0,290.0,2,2,0
27169,Winona,2022-07-01,764.0,43058.0,1631.0,921.0,418.0,292.0,2,2,0
27169,Winona,2022-08-01,787.0,46595.0,1667.0,957.0,392.0,318.0,2,2,0
27169,Winona,2022-09-01,805.0,48725.0,1737.0,983.0,437.0,317.0,2,2,0
27169,Winona,2022-10-01,770.0,44893.0,1789.0,906.0,555.0,328.0,2,2,0
27169,Winona,2022-11-01,886.0,46173.0,1851.0,1064.0,420.0,367.0,2,2,0
27169,Winona,2022-12-01,725.0,49495.0,1682.0,985.0,391.0,306.0,2,2,0
27169,Winona,2023-01-01,843.0,49901.0,1877.0,1110.0,451.0,316.0,2,2,0
27169,Winona,2023-02-01,819.0,40502.0,1805.0,1069.0,420.0,316.0,2,2,0
27169,Winona,2023-03-01,938.0,54007.0,2123.0,1306.0,508.0,309.0,2,2,0
27169,Winona,2023-04-01,940.0,48917.0,2120.0,1260.0,514.0,346.0,2,2,0
27169,Winona,2023-05-01,988.0,53945.0,2236.0,1339.0,571.0,326.0,2,2,0
27169,Winona,2023-06-01,1105.0,60732.0,2524.0,1483.0,713.0,328.0,2,2,0
27169,Winona,2023-07-01,1193.0,48176.0,2469.0,1441.0,680.0,348.0,2,2,0
27169,Winona,2023-08-01,1084.0,57377.0,2430.0,1429.0,683.0,318.0,2,2,0
27169,Winona,2023-09-01,975.0,47917.0,2251.0,1347.0,592.0,312.0,2,2,0
27169,Winona,2023-10-01,996.0,51852.0,2318.0,1383.0,637.0,298.0,2,2,0
27169,Winona,2023-11-01,1263.0,62443.0,2756.0,1656.0,713.0,387.0,2,2,0
27169,Winona,2023-12-01,1088.0,74232.0,2552.0,1550.0,641.0,361.0,2,2,0
27169,Winona,2024-01-01,1162.0,63721.0,2760.0,1693.0,717.0,350.0,2,2,0
27169,Winona,2024-02-01,1206.0,64363.0,2874.0,1769.0,744.0,361.0,2,2,0
27169,Winona,2024-03-01,1115.0,60338.0,2806.0,1763.0,703.0,340.0,2,2,0
27169,Winona,2024-04-01,1087.0,42320.0,2563.0,1599.0,647.0,317.0,2,2,0
27169,Winona,2024-05-01,1180.0,47356.0,2674.0,1683.0,632.0,359.0,2,2,0
27169,Winona,2024-06-01,1186.0,49328.0,2660.0,1632.0,686.0,342.0,2,2,0
27169,Winona,2024-07-01,1341.0,62486.0,2955.0,1739.0,841.0,375.0,2,2,0
27169,Winona,2024-08-01,1314.0,63915.0,3116.0,1893.0,844.0,379.0,2,2,0
27169,Winona,2024-09-01,1227.0,60435.0,2916.0,1739.0,798.0,379.0,2,2,0
27169,Winona,2024-10-01,1395.0,68552.0,3421.0,2033.0,978.0,410.0,2,2,0
27169,Winona,2024-11-01,1221.0,56516.0,2908.0,1736.0,773.0,399.0,2,2,0
27169,Winona,2024-12-01,1202.0,65003.0,2830.0,1666.0,792.0,372.0,2,2,0
27169,Winona,2025-01-01,1490.0,65957.0,3570.0,2153.0,974.0,443.0,2,2,0
27169,Winona,2025-02-01,1335.0,56417.0,3117.0,1857.0,851.0,409.0,2,2,0
27169,Winona,2025-03-01,1344.0,55842.0,3069.0,1823.0,826.0,420.0,2,2,0
27169,Winona,2025-04-01,1458.0,63834.0,3337.0,2011.0,877.0,449.0,2,2,0
27169,Winona,2025-05-01,1517.0,65327.0,3486.0,2107.0,934.0,445.0,2,2,0
27169,Winona,2025-06-01,1498.0,64795.0,3490.0,2109.0,930.0,451.0,2,2,0
27169,Winona,2025-07-01,1626.0,66703.0,3814.0,2282.0,1054.0,478.0,2,2,0
27169,Winona,2025-08-01,1543.0,55592.0,3466.0,2063.0,783.0,620.0,2,2,0
27169,Winona,2025-09-01,1400.0,49675.0,3161.0,1854.0,866.0,441.0,2,2,0
27169,Winona,2025-10-01,1678.0,60198.0,3707.0,2216.0,971.0,520.0,2,2,0
27169,Winona,2025-11-01,1325.0,56095.0,2993.0,1768.0,799.0,426.0,2,2,0
27169,Winona,2025-12-01,1353.0,65203.0,2976.0,1745.0,781.0,450.0,2,2,0
27169,Winona,2026-01-01,1293.0,49843.0,2867.0,1706.0,746.0,415.0,2,2,0
27169,Winona,2026-02-01,1267.0,49084.0,2730.0,1644.0,691.0,395.0,2,2,0
27169,Winona,2026-03-01,1270.0,53017.0,2593.0,1562.0,584.0,447.0,2,2,0
27169,Winona,2026-04-01,1419.0,58910.0,3186.0,1876.0,859.0,451.0,2,2,0
27169,Winona,2026-05-01,1370.0,56553.0,3027.0,1764.0,612.0,651.0,2,2,0
27169,Winona,2026-06-01,1454.0,57588.0,3161.0,1868.0,819.0,474.0,2,2,0
27169,Winona,2026-07-01,1473.0,61287.0,3265.0,1901.0,890.0,474.0,2,2,0
27171,Wright,2022-01-01,1188.0,119655.0,3309.0,1704.0,1134.0,471.0,7,7,0
27171,Wright,2022-02-01,2447.0,111493.0,3834.0,1862.0,1387.0,585.0,7,7,0
27171,Wright,2022-03-01,1294.0,125867.0,3871.0,1985.0,1205.0,681.0,7,7,0
27171,Wright,2022-04-01,1646.0,129695.0,3622.0,1869.0,1128.0,625.0,7,7,0
27171,Wright,2022-05-01,1303.0,125613.0,3859.0,1975.0,1264.0,620.0,7,7,0
27171,Wright,2022-06-01,1375.0,139891.0,4473.0,2085.0,1776.0,612.0,7,7,0
27171,Wright,2022-07-01,1542.0,148544.0,4941.0,2294.0,1935.0,712.0,7,7,0
27171,Wright,2022-08-01,1632.0,156518.0,5203.0,2507.0,1944.0,752.0,7,7,0
27171,Wright,2022-09-01,1500.0,130584.0,4729.0,2368.0,1601.0,760.0,7,7,0
27171,Wright,2022-10-01,1514.0,167427.0,4503.0,2206.0,1629.0,668.0,7,7,0
27171,Wright,2022-11-01,1760.0,155758.0,5678.0,2851.0,1982.0,845.0,7,7,0
27171,Wright,2022-12-01,1899.0,160609.0,5480.0,2607.0,1835.0,1038.0,7,7,0
27171,Wright,2023-01-01,1459.0,147737.0,4545.0,2349.0,1521.0,675.0,7,7,0
27171,Wright,2023-02-01,1467.0,139502.0,4800.0,2382.0,1694.0,724.0,7,7,0
27171,Wright,2023-03-01,1899.0,197192.0,6079.0,3117.0,2030.0,932.0,7,7,0
27171,Wright,2023-04-01,1874.0,156849.0,5264.0,2588.0,1724.0,952.0,7,7,0
27171,Wright,2023-05-01,1680.0,161875.0,5473.0,2643.0,1921.0,909.0,7,7,0
27171,Wright,2023-06-01,2179.0,186096.0,7310.0,3446.0,2947.0,917.0,7,7,0
27171,Wright,2023-07-01,2007.0,180462.0,6447.0,3057.0,2584.0,806.0,7,7,0
27171,Wright,2023-08-01,2105.0,206393.0,7176.0,3348.0,3001.0,827.0,7,7,0
27171,Wright,2023-09-01,2751.0,177697.0,5553.0,2696.0,1976.0,881.0,7,7,0
27171,Wright,2023-10-01,2019.0,180670.0,6304.0,3151.0,2273.0,880.0,7,7,0
27171,Wright,2023-11-01,2673.0,215713.0,7403.0,3662.0,2541.0,1200.0,7,7,0
27171,Wright,2023-12-01,2510.0,190273.0,7533.0,3679.0,2642.0,1212.0,7,7,0
27171,Wright,2024-01-01,2108.0,195571.0,6697.0,3384.0,2334.0,979.0,7,7,0
27171,Wright,2024-02-01,2097.0,174275.0,6704.0,3426.0,2336.0,942.0,7,7,0
27171,Wright,2024-03-01,2359.0,175390.0,6669.0,3282.0,2191.0,1196.0,7,7,0
27171,Wright,2024-04-01,2128.0,197248.0,6664.0,3440.0,2257.0,967.0,7,7,0
27171,Wright,2024-05-01,1956.0,179985.0,6095.0,3070.0,2036.0,989.0,7,7,0
27171,Wright,2024-06-01,2214.0,190074.0,7310.0,3454.0,2841.0,1015.0,7,7,0
27171,Wright,2024-07-01,2397.0,206306.0,8032.0,3808.0,3184.0,1040.0,7,7,0
27171,Wright,2024-08-01,2471.0,214728.0,8128.0,3876.0,3172.0,1080.0,7,7,0
27171,Wright,2024-09-01,2011.0,188751.0,6196.0,3174.0,2081.0,941.0,7,7,0
27171,Wright,2024-10-01,2223.0,211806.0,7315.0,3606.0,2643.0,1066.0,7,7,0
27171,Wright,2024-11-01,2655.0,233909.0,8082.0,3984.0,2824.0,1274.0,7,7,0
27171,Wright,2024-12-01,2613.0,197003.0,7693.0,3655.0,2781.0,1257.0,7,7,0
27171,Wright,2025-01-01,2190.0,210965.0,7092.0,3676.0,2408.0,1008.0,7,7,0
27171,Wright,2025-02-01,2081.0,190422.0,6754.0,3458.0,2328.0,968.0,7,7,0
27171,Wright,2025-03-01,2075.0,181802.0,6604.0,3441.0,2176.0,987.0,7,7,0
27171,Wright,2025-04-01,2516.0,199020.0,7722.0,3892.0,2573.0,1257.0,7,7,0
27171,Wright,2025-05-01,2087.0,186222.0,6672.0,3321.0,2271.0,1080.0,7,7,0
27171,Wright,2025-06-01,2295.0,196377.0,7632.0,3696.0,2885.0,1051.0,7,7,0
27171,Wright,2025-07-01,2556.0,222610.0,8775.0,4259.0,3513.0,1003.0,7,7,0
27171,Wright,2025-08-01,2485.0,211714.0,8370.0,3932.0,3374.0,1064.0,7,7,0
27171,Wright,2025-09-01,2131.0,193222.0,6929.0,3571.0,2385.0,973.0,7,7,0
27171,Wright,2025-10-01,2391.0,217990.0,7941.0,4040.0,2790.0,1111.0,7,7,0
27171,Wright,2025-11-01,2855.0,212186.0,17175.0,8283.0,5367.0,3525.0,7,7,0
27171,Wright,2025-12-01,2669.0,203492.0,7185.0,3673.0,2390.0,1122.0,7,7,0
27171,Wright,2026-01-01,2361.0,201881.0,7703.0,3817.0,2790.0,1096.0,7,7,0
27171,Wright,2026-02-01,2086.0,185829.0,6726.0,3412.0,2268.0,1046.0,7,7,0
27171,Wright,2026-03-01,2369.0,185045.0,7475.0,3798.0,2514.0,1163.0,7,7,0
27171,Wright,2026-04-01,1998.0,182037.0,6548.0,3396.0,2169.0,983.0,7,7,0
27171,Wright,2026-05-01,2034.0,179397.0,6558.0,3248.0,2293.0,1017.0,7,7,0
27171,Wright,2026-06-01,2292.0,188578.0,7448.0,3562.0,2840.0,1046.0,7,7,0
27171,Wright,2026-07-01,2436.0,225231.0,8384.0,3990.0,3387.0,1007.0,7,7,0
27173,Yellow Medicine,2022-01-01,110.0,8771.0,262.0,145.0,85.0,32.0,2,2,0
27173,Yellow Medicine,2022-02-01,177.0,9572.0,253.0,144.0,76.0,33.0,2,2,0
27173,Yellow Medicine,2022-03-01,129.0,10203.0,277.0,178.0,50.0,49.0,2,2,0
27173,Yellow Medicine,2022-04-01,109.0,7870.0,276.0,149.0,88.0,39.0,2,2,0
27173,Yellow Medicine,2022-05-01,120.0,8359.0,291.0,169.0,80.0,42.0,2,2,0
27173,Yellow Medicine,2022-06-01,136.0,9557.0,328.0,203.0,86.0,39.0,2,2,0
27173,Yellow Medicine,2022-07-01,127.0,11902.0,307.0,177.0,81.0,49.0,2,2,0
27173,Yellow Medicine,2022-08-01,136.0,12688.0,322.0,195.0,84.0,43.0,2,2,0
27173,Yellow Medicine,2022-09-01,147.0,12604.0,377.0,223.0,110.0,44.0,2,2,0
27173,Yellow Medicine,2022-10-01,138.0,11565.0,353.0,198.0,111.0,44.0,2,2,0
27173,Yellow Medicine,2022-11-01,157.0,12761.0,379.0,219.0,101.0,59.0,2,2,0
27173,Yellow Medicine,2022-12-01,117.0,11457.0,288.0,167.0,84.0,37.0,2,2,0
27173,Yellow Medicine,2023-01-01,128.0,11644.0,327.0,187.0,103.0,37.0,2,2,0
27173,Yellow Medicine,2023-02-01,122.0,10460.0,311.0,180.0,93.0,38.0,2,2,0
27173,Yellow Medicine,2023-03-01,168.0,14207.0,415.0,250.0,106.0,59.0,2,2,0
27173,Yellow Medicine,2023-04-01,133.0,10363.0,321.0,194.0,78.0,49.0,2,2,0
27173,Yellow Medicine,2023-05-01,163.0,14098.0,431.0,249.0,127.0,55.0,2,2,0
27173,Yellow Medicine,2023-06-01,161.0,13157.0,409.0,227.0,128.0,54.0,2,2,0
27173,Yellow Medicine,2023-07-01,153.0,12417.0,378.0,226.0,96.0,56.0,2,2,0
27173,Yellow Medicine,2023-08-01,172.0,14218.0,454.0,284.0,127.0,43.0,2,2,0
27173,Yellow Medicine,2023-09-01,155.0,9814.0,368.0,226.0,93.0,49.0,2,2,0
27173,Yellow Medicine,2023-10-01,180.0,14273.0,462.0,256.0,154.0,52.0,2,2,0
27173,Yellow Medicine,2023-11-01,203.0,15336.0,467.0,264.0,133.0,70.0,2,2,0
27173,Yellow Medicine,2023-12-01,182.0,17093.0,439.0,239.0,137.0,63.0,2,2,0
27173,Yellow Medicine,2024-01-01,188.0,15151.0,451.0,267.0,134.0,50.0,2,2,0
27173,Yellow Medicine,2024-02-01,169.0,11424.0,376.0,211.0,109.0,56.0,2,2,0
27173,Yellow Medicine,2024-03-01,156.0,11320.0,343.0,205.0,78.0,60.0,2,2,0
27173,Yellow Medicine,2024-04-01,154.0,10606.0,346.0,194.0,92.0,60.0,2,2,0
27173,Yellow Medicine,2024-05-01,192.0,13825.0,463.0,256.0,131.0,76.0,2,2,0
27173,Yellow Medicine,2024-06-01,191.0,15544.0,519.0,279.0,173.0,67.0,2,2,0
27173,Yellow Medicine,2024-07-01,216.0,16480.0,554.0,327.0,164.0,63.0,2,2,0
27173,Yellow Medicine,2024-08-01,182.0,14312.0,460.0,250.0,144.0,66.0,2,2,0
27173,Yellow Medicine,2024-09-01,195.0,15202.0,483.0,270.0,144.0,69.0,2,2,0
27173,Yellow Medicine,2024-10-01,218.0,16763.0,553.0,303.0,178.0,72.0,2,2,0
27173,Yellow Medicine,2024-11-01,195.0,14369.0,443.0,240.0,131.0,72.0,2,2,0
27173,Yellow Medicine,2024-12-01,150.0,12173.0,364.0,214.0,95.0,55.0,2,2,0
27173,Yellow Medicine,2025-01-01,186.0,15475.0,464.0,271.0,138.0,55.0,2,2,0
27173,Yellow Medicine,2025-02-01,178.0,13180.0,415.0,221.0,127.0,67.0,2,2,0
27173,Yellow Medicine,2025-03-01,185.0,13654.0,441.0,243.0,112.0,86.0,2,2,0
27173,Yellow Medicine,2025-04-01,206.0,14847.0,490.0,285.0,126.0,79.0,2,2,0
27173,Yellow Medicine,2025-05-01,201.0,15759.0,549.0,278.0,196.0,75.0,2,2,0
27173,Yellow Medicine,2025-06-01,187.0,14952.0,596.0,302.0,230.0,64.0,2,2,0
27173,Yellow Medicine,2025-07-01,213.0,16913.0,595.0,321.0,202.0,72.0,2,2,0
27173,Yellow Medicine,2025-08-01,218.0,16358.0,613.0,331.0,206.0,76.0,2,2,0
27173,Yellow Medicine,2025-09-01,237.0,17113.0,737.0,366.0,286.0,85.0,2,2,0
27173,Yellow Medicine,2025-10-01,279.0,20593.0,823.0,426.0,301.0,96.0,2,2,0
27173,Yellow Medicine,2025-11-01,246.0,17022.0,754.0,406.0,252.0,96.0,2,2,0
27173,Yellow Medicine,2025-12-01,199.0,16379.0,529.0,301.0,157.0,71.0,2,2,0
27173,Yellow Medicine,2026-01-01,231.0,18392.0,631.0,353.0,192.0,86.0,2,2,0
27173,Yellow Medicine,2026-02-01,204.0,16101.0,584.0,317.0,192.0,75.0,2,2,0
27173,Yellow Medicine,2026-03-01,207.0,16791.0,547.0,304.0,148.0,95.0,2,2,0
27173,Yellow Medicine,2026-04-01,268.0,19136.0,745.0,417.0,226.0,102.0,2,2,0
27173,Yellow Medicine,2026-05-01,224.0,16252.0,641.0,339.0,203.0,99.0,2,2,0
27173,Yellow Medicine,2026-06-01,248.0,18130.0,689.0,375.0,241.0,73.0,2,2,0
27173,Yellow Medicine,2026-07-01,270.0,19910.0,710.0,387.0,226.0,97.0,2,2,0
