fips,county,year,fi_rate,fi_persons,population,need_rate_vs_state,months_reported,site_months,site_months_missing,share_site_months_missing,incomplete,typo_fixed_rows,visits,visits_expected,visits_gap,visits_flag,visits_report_concern,visits_share_suspect,visits_gap_B,visits_gap_C,pounds,pounds_expected,pounds_gap,pounds_flag,pounds_report_concern,pounds_share_suspect,pounds_gap_B,pounds_gap_C,individuals,individuals_expected,individuals_gap,individuals_flag,individuals_report_concern,individuals_share_suspect,individuals_gap_B,individuals_gap_C,note
27001,Aitkin,2022,0.13,2060.0,15627,above median,12.0,73.0,1.0,0.0136986301369863,False,0.0,3403.0,4075.875840936998,-0.2603029535882744,0.0,False,0.0,-0.170009075592632,-0.26653679892060234,185596.0,279474.08019348525,-0.5905488690444081,0.0,False,0.0,-0.591350393469634,-0.5709161175145123,8041.0,10529.541307744517,-0.3889957554111074,0.0,False,0.0,-0.25755839240296474,-0.33869531822565224,
27001,Aitkin,2023,0.137,2190.0,15687,above median,12.0,92.0,1.0,0.010869565217391304,False,0.0,4501.0,4919.010561811339,-0.12812258801138654,0.0,False,0.0,-0.012299479231995036,-0.14834979975909413,220979.85,320142.09729791374,-0.534797573723278,0.0,False,0.0,-0.41414252828414,-0.5902506114671526,10692.0,13339.64016337022,-0.31918800767271627,0.0,False,0.0,-0.14737674781007648,-0.23765994614756014,
27001,Aitkin,2024,0.15,2420.0,15824,above median,12.0,59.0,1.0,0.01694915254237288,False,0.0,3971.0,5577.676313692921,-0.4901618527831939,0.0,False,0.0,-0.25136050893858464,-0.44721017064788415,216215.7,342924.33567775687,-0.6654190041600749,0.0,False,0.0,-0.44685090019285667,-0.6918219814229909,8633.0,15098.123377146385,-0.8064353471558476,0.0,False,0.0,-0.5466992977995329,-0.747527864629649,
27003,Anoka,2022,0.072,26300.0,360581,at/below median,12.0,138.0,0.0,0.0,False,0.0,160898.0,85714.85498693901,0.9085292328225236,0.0,False,0.0,1.3141844520766481,1.6223120756887384,8124274.0,5611204.721844536,0.5339283471822611,0.0,False,0.0,0.9673751050555364,1.2067386997295717,521833.0,251875.53707332033,1.0508771711896188,1.0,False,0.0,1.574096424577677,2.007027565712034,
27003,Anoka,2023,0.085,31330.0,363694,at/below median,12.0,156.0,1.0,0.00641025641025641,False,0.0,203002.0,113222.69185411661,0.8423308120261872,0.0,False,0.0,1.225361960027513,1.5082127716069649,9372609.0,6856042.673935029,0.4510746094068807,0.0,False,0.0,0.7448142815269723,0.9776713634969543,750958.0,344275.659317511,1.125168037813257,1.0,False,0.0,1.5917855803587848,2.057926633415134,
27003,Anoka,2024,0.089,32940.0,366968,at/below median,12.0,144.0,0.0,0.0,False,0.0,233581.0,120091.85034790178,0.9597846765077449,0.0,False,0.0,1.1412795122534227,1.6643049827678251,9297802.0,7286430.664617435,0.35167743536258556,0.0,False,0.0,0.5398509877342637,0.9677629296727828,875989.0,380557.3751956835,1.2027987738789427,1.0,False,0.0,1.5434052737091637,2.1506174878809636,
27005,Becker,2022,0.107,3780.0,34515,above median,12.0,12.0,0.0,0.0,False,0.0,4316.0,8423.737119063815,-0.9647655498210952,0.0,False,0.0,-0.7921695081414573,-0.7993909824354481,451677.0,571254.807776511,-0.3388429505108306,0.0,False,0.0,-0.19962272872297326,-0.1635321804422567,13260.0,22440.180919472463,-0.7590035319834403,0.0,False,0.0,-0.5443604008299392,-0.4928032748532909,
27005,Becker,2023,0.117,4120.0,34555,above median,12.0,12.0,0.0,0.0,False,0.0,5466.0,10360.654420852088,-0.9225577673846672,0.0,False,0.0,-0.7645997344337436,-0.7798233722034835,481584.0,662845.0921294183,-0.4608842885476676,0.0,False,0.0,-0.3189885154162724,-0.3780914415932939,17048.0,28870.852706843,-0.7600112202781713,0.0,False,0.0,-0.5597396500280407,-0.47630265818997986,
27005,Becker,2024,0.135,4760.0,34696,above median,12.0,12.0,0.0,0.0,False,0.0,6525.0,12355.048901669115,-0.9210509141148329,0.0,False,0.0,-0.6552863885798521,-0.7066891558610922,615419.0,757009.4403158276,-0.29874230642840516,0.0,False,0.0,-0.04684508538091414,-0.15867880719652483,20841.0,34837.41321586546,-0.7412130002440325,0.0,False,0.0,-0.41753608790796726,-0.45199178110226557,
27007,Beltrami,2022,0.129,5960.0,44355,above median,12.0,34.0,5.0,0.14705882352941177,True,0.0,13462.0,14521.476769786812,-0.10929541469593396,0.0,False,0.0,0.3166937065767801,0.18480891317081105,863518.0,976649.0841316467,-0.17761403533345543,0.0,False,0.0,0.13260148965600926,0.1144765226327662,40851.0,39585.29964802468,0.045406622665248975,0.0,False,0.0,0.5881688179793709,0.47356124828587554,
27007,Beltrami,2023,0.138,6390.0,44394,above median,12.0,60.0,18.0,0.3,True,0.0,14127.0,17380.39855383608,-0.2990060368255065,0.0,False,0.0,0.13170370816956734,-0.043097202469782436,920384.5599999999,1098797.08047396,-0.25561629545386566,0.0,False,0.0,0.13785388211213956,-0.07681371489555389,42663.0,49355.01536930671,-0.21021127878881707,0.0,False,0.0,0.34558713109239747,0.21390866727175561,
27007,Beltrami,2024,0.15,7000.0,44479,above median,12.0,59.0,12.0,0.2033898305084746,True,0.0,15004.0,19442.520334995068,-0.3738680795927998,0.0,False,0.0,0.1754023714019297,-0.061785143068617154,1033790.15,1188942.8494909152,-0.2017360073969776,0.0,False,0.0,0.31953924947569945,0.03323031548431832,44608.0,56112.92460593368,-0.3310306417219522,0.0,False,0.0,0.3316592531188771,0.08949283352751447,
27009,Benton,2022,0.1,4140.0,40545,at/below median,12.0,30.0,0.0,0.0,False,0.0,2655.0,9391.9409090058,-1.8227114704857765,-1.0,False,0.0,-1.6712381938562846,-1.6316185195102018,190013.0,635860.3206629611,-1.7426117578266407,-1.0,False,0.0,-1.6044865261209953,-1.5439700395027582,7667.0,25134.779462328523,-1.712950945632576,-1.0,False,0.0,-1.5259977566928207,-1.4143944986257733,
27009,Benton,2023,0.115,4780.0,40723,above median,12.0,36.0,0.0,0.0,False,0.0,6120.0,12343.895030427302,-1.0121941407044375,-1.0,False,0.0,-0.8278244233620624,-0.8311434599442066,334307.0,786552.4874741328,-1.234369477780767,-1.0,False,0.0,-1.0714911424310447,-1.119071619995606,15317.0,34617.885652086356,-1.1763838547579777,-1.0,False,0.0,-0.9457686234738123,-0.8451376797063352,
27009,Benton,2024,0.126,5250.0,40889,above median,12.0,36.0,0.0,0.0,False,0.0,8077.0,13863.421496094501,-0.779391914412825,0.0,False,0.0,-0.577036024639769,-0.5402033673767829,441305.0,849007.8573894863,-0.9440018124916101,0.0,False,0.0,-0.749443530054041,-0.7798275483335475,20325.0,39322.40777278654,-0.9520963105660609,0.0,False,0.0,-0.6964521000868942,-0.6295167812123126,
27011,Big Stone,2022,0.108,560.0,4994,above median,12.0,15.0,3.0,0.2,True,0.0,665.0,858.4055761705054,-0.3683051072040531,0.0,False,0.0,-0.7092273473925665,-0.7427720993714446,52175.0,60270.28474843419,-0.20808818547135388,0.0,False,0.0,-0.5354749729522368,-0.522505529456045,1655.0,2076.210198961592,-0.3271212948945408,0.0,False,0.0,-0.7634408480797639,-0.7400934259951926,
27011,Big Stone,2023,0.119,610.0,4991,above median,12.0,12.0,0.0,0.0,False,0.0,793.0,1090.287835394969,-0.4593162849493506,0.0,False,0.0,-0.7688772383248228,-0.8091528714023798,64772.0,73460.6624038136,-0.18160161344385983,0.0,False,0.0,-0.4329007475415292,-0.5166735164512319,2175.0,2798.5195714463384,-0.3636484362951027,0.0,False,0.0,-0.744150306517323,-0.6910546607288981,
27011,Big Stone,2024,0.134,690.0,4985,above median,12.0,12.0,0.0,0.0,False,0.0,1033.0,1275.7713004781976,-0.30452947518377727,0.0,False,0.0,-0.5145031910390179,-0.5795334968108675,77575.0,78936.57859770102,-0.025102197110907554,0.0,False,0.0,-0.23407555957270176,-0.3602907888798237,3246.0,3201.4822101123436,0.019923006619078976,0.0,False,0.0,-0.30176657300105525,-0.3483880727387776,
27013,Blue Earth,2022,0.106,7350.0,65569,above median,12.0,36.0,0.0,0.0,False,0.0,34634.0,18659.15914970615,0.8923050444659193,0.0,False,0.0,1.2942073109087033,1.2456732511025108,2272308.0,1250154.6106823927,0.862051869499453,0.0,False,0.0,1.216329055603035,1.2079048454711856,94440.0,51406.697309845134,0.8774417143210389,0.0,False,0.0,1.3680250090884734,1.3801559757601098,
27013,Blue Earth,2023,0.117,8100.0,65697,above median,12.0,36.0,0.0,0.0,False,0.0,40646.0,22985.37005317965,0.822397489679604,0.0,False,0.0,1.2030232698988605,1.1394550749375552,2707870.0,1443834.6461570682,0.9072529510097453,0.0,False,0.0,1.245377584204725,1.1379301008361384,134678.0,65940.63088373217,1.030274606975759,1.0,False,0.0,1.4951671353052056,1.5302595699517,
27013,Blue Earth,2024,0.132,9190.0,66125,above median,12.0,36.0,0.0,0.0,False,0.0,44950.0,26775.21416316774,0.7474230012346155,0.0,False,0.0,1.2010091707802175,1.1284788651023796,3652345.0,1635093.3489606937,1.1594500456899475,1.0,False,0.0,1.596623230376462,1.4614000631615474,152090.0,78555.80845758838,0.9531354399968457,0.0,False,0.0,1.5175318565877784,1.466333820838435,
27015,Brown,2022,0.089,2310.0,24810,at/below median,12.0,36.0,0.0,0.0,False,0.0,2294.0,4674.267652283391,-1.0268749549977159,-1.0,False,0.0,-1.088287627552118,-1.000727073102625,265428.0,319837.4190063648,-0.2690181664813842,0.0,False,0.0,-0.29324314549257124,-0.22000968067493343,5378.0,12145.571859152047,-1.175288758752039,-1.0,False,0.0,-1.2645438336248933,-1.084249007175353,
27015,Brown,2023,0.098,2540.0,24750,at/below median,12.0,36.0,0.0,0.0,False,0.0,2786.0,5858.365875257705,-1.0723030393983954,-1.0,False,0.0,-1.15397837222514,-1.0542977337143848,342171.0,379748.42261561786,-0.15032647977384173,0.0,False,0.0,-0.22551647070070047,-0.17334557006102713,6748.0,15988.68249689935,-1.2445191836885865,-1.0,False,0.0,-1.3641475374398961,-1.115557437274065,
27015,Brown,2024,0.11,2830.0,24753,at/below median,12.0,36.0,0.0,0.0,False,0.0,3517.0,6704.437670948137,-0.9307709974117522,0.0,False,0.0,-1.0393303326354904,-0.8481622021043334,352945.0,411872.74625324644,-0.2227552823184844,0.0,False,0.0,-0.3225328393045981,-0.21064488833037132,9179.0,18320.377100810972,-0.9970403058471575,0.0,False,0.0,-1.1295063732198578,-0.8848478699221634,
27017,Carlton,2022,0.115,4200.0,34539,above median,12.0,48.0,0.0,0.0,False,0.0,7032.0,9554.95906482456,-0.44231462196776583,0.0,False,0.0,-0.15089195609346717,-0.24715387022511093,429289.0,646727.8018776544,-0.5912094250760731,0.0,False,0.0,-0.36154501122611293,-0.3888775195801335,15979.0,25589.66522841629,-0.6793841495874844,0.0,False,0.0,-0.3231352960810412,-0.3757100195995613,
27017,Carlton,2023,0.12,4380.0,34604,above median,12.0,48.0,0.0,0.0,False,0.0,8483.0,11135.622331381534,-0.39253572057197417,0.0,False,0.0,-0.14857269490510294,-0.2340208025570456,487520.0,711244.4242215388,-0.5448840323637789,0.0,False,0.0,-0.3199498629113062,-0.4487040301078258,19862.0,31112.160188489255,-0.6474676659076888,0.0,False,0.0,-0.3494592826234193,-0.34418078678028863,
27017,Carlton,2024,0.13,4730.0,34638,above median,12.0,48.0,0.0,0.0,False,0.0,7860.0,12263.555498080797,-0.6417760938787413,0.0,False,0.0,-0.3802367284301358,-0.4290163550911843,475608.7,751427.5886939075,-0.6598589799529471,0.0,False,0.0,-0.40837087050261545,-0.5213512967025462,18112.0,34566.23742651394,-0.932417709900351,0.0,False,0.0,-0.6208251381779046,-0.645349031016093,
27019,Carver,2022,0.06,6470.0,106049,at/below median,12.0,48.0,0.0,0.0,False,0.0,11239.0,16019.769794834734,-0.5113397400736872,0.0,False,0.0,-0.6668442607435576,-0.19402355394795678,770589.0,1075809.5317081243,-0.48138917934146974,0.0,False,0.0,-0.5338721209733635,-0.16824151792019393,31770.0,43851.33895790581,-0.46495580457844277,0.0,False,0.0,-0.6278597768279592,-0.007598438023820986,
27019,Carver,2023,0.073,7930.0,107417,at/below median,12.0,55.0,0.0,0.0,False,0.0,17988.0,22417.807010976958,-0.31761036640419427,0.0,False,0.0,-0.44745158465169865,-0.006022476578434688,1399259.0,1408992.9150519792,-0.010001330107790807,0.0,False,0.0,-0.17310677233030525,0.21603569068266637,58872.0,64253.74738002761,-0.12619895728423103,0.0,False,0.0,-0.2894554992157552,0.3669999547853151,
27019,Carver,2024,0.078,8570.0,108941,at/below median,12.0,59.0,0.0,0.0,False,0.0,24870.0,24664.395928810965,0.01197655373876394,0.0,False,0.0,-0.3290717824063565,0.3753339140940113,1940519.0,1506724.1157589178,0.36502727817173053,0.0,False,0.0,0.048790721793054104,0.6497892307076132,87765.0,72058.46139817194,0.28447787140068925,0.0,False,0.0,-0.03077568777007933,0.7738958038067083,
27021,Cass,2022,0.115,3490.0,29867,above median,12.0,109.0,5.0,0.045871559633027525,False,0.0,9779.0,7656.764469848559,0.3529520636341701,0.0,False,0.0,0.5345338966934081,0.4957602935550225,665054.0,519997.14341137605,0.35496778916002114,0.0,False,0.0,0.4796512502887449,0.5098070529279823,28338.0,20314.84694977983,0.48020344584632646,0.0,False,0.0,0.7130995015551616,0.7180130890299008,
27021,Cass,2023,0.126,3860.0,30287,above median,12.0,144.0,4.0,0.027777777777777776,False,0.0,15590.0,9594.384142167279,0.7003588192701518,0.0,False,0.0,0.8896064412217086,0.8262836807735945,1030130.94,614906.9698591541,0.7443876653988895,0.0,False,0.0,0.9184027743525185,0.8129204120852407,41075.0,26660.711001483603,0.6235453197058298,0.0,False,0.0,0.8748631178457487,0.8863989086672537,
27021,Cass,2024,0.132,4090.0,30602,above median,12.0,106.0,0.0,0.0,False,0.0,15965.0,10336.8797617499,0.627111786170957,0.0,False,0.0,0.8191704815450773,0.8030343206179493,935550.06,633840.5478815926,0.5616948977817593,0.0,False,0.0,0.7432568127176964,0.664427790253491,46342.0,28881.150751471305,0.6821920818500598,0.0,False,0.0,0.914568645603854,0.9197647546052199,
27023,Chippewa,2022,0.113,1410.0,12195,above median,12.0,12.0,0.0,0.0,False,0.0,1796.0,2590.053682012589,-0.5281946497519794,0.0,False,0.0,-0.6026131650755042,-0.641607425360039,160921.0,178823.4321243672,-0.15218318407799458,0.0,False,0.0,-0.2533107516454489,-0.2297799519530903,4322.0,6564.022347655333,-0.6028810784148142,0.0,False,0.0,-0.6958877839144222,-0.6874220011714547,
27023,Chippewa,2023,0.13,1610.0,12099,above median,12.0,12.0,0.0,0.0,False,0.0,2163.0,3422.758894180184,-0.6621260043713679,0.0,False,0.0,-0.6574550157337313,-0.7616915176961103,99724.0,224627.8535447212,-1.1715241744117364,-1.0,False,0.0,-1.1486507985084202,-1.2942825971396905,5999.0,9159.986913168063,-0.610623505643785,0.0,False,0.0,-0.5875709185575797,-0.6275275707339778,
27023,Chippewa,2024,0.146,1810.0,12083,above median,12.0,12.0,0.0,0.0,False,0.0,2954.0,3964.265203078104,-0.4243836536687766,0.0,False,0.0,-0.28578978209082084,-0.45502535521617404,120337.0,244088.11423271906,-1.0203217494475716,-1.0,False,0.0,-0.8968227514434446,-1.11819562009324,8272.0,10544.339643906476,-0.35016065611645963,0.0,False,0.0,-0.2217687668194177,-0.3901363172768506,
27025,Chisago,2022,0.079,4480.0,55475,at/below median,12.0,60.0,0.0,0.0,False,0.0,12975.0,10321.67071688539,0.33005802713590704,0.0,False,0.0037764932562620425,0.32804336793311784,0.5434642883726091,790477.0,697803.007679374,0.17990367015803344,0.0,False,0.07585293436747685,0.22971525426840422,0.3987873560723916,24261.0,27733.41501300873,-0.19298625934749225,0.0,False,0.006059107209101027,-0.19337698536284265,0.1336424691485898,
27025,Chisago,2023,0.088,5030.0,55999,at/below median,12.0,60.0,0.0,0.0,False,0.0,13719.0,13108.399686797524,0.06568375725621145,0.0,False,0.0,0.02134967676644628,0.25988052517912075,777312.0,834113.14655277,-0.10174930850535802,0.0,False,0.0,-0.1644095246427728,0.02470082302313603,29108.0,36842.609870879656,-0.33995954741282297,0.0,False,0.0,-0.4062905670032926,0.007596496773550676,
27025,Chisago,2024,0.09,5230.0,56590,at/below median,12.0,60.0,0.0,0.0,False,0.0,14295.0,13801.353529311533,0.05070085772875288,0.0,False,0.0,-0.19284257458527687,0.28892228437376133,818626.0,845223.1027698815,-0.04612771320941533,0.0,False,0.0,-0.27029797632380337,0.11710732306025573,32010.0,39137.340483337015,-0.29002304633052844,0.0,False,0.0,-0.5332328509918316,0.031257019677422004,
27027,Clay,2022,0.108,7050.0,62141,above median,12.0,92.0,2.0,0.021739130434782608,False,0.0,15855.0,17752.002891051125,-0.16304393015988694,0.0,False,0.0,0.2289346474661933,0.17854310200265333,930821.0,1190277.5380400468,-0.35472234273048286,0.0,False,0.0,-0.015679545832114172,-0.01955689582058362,38215.0,48804.47672093037,-0.3528744585584338,0.0,False,0.0,0.12851732838518615,0.13501795698509644,
27027,Clay,2023,0.116,7630.0,62608,above median,12.0,115.0,10.0,0.08695652173913043,False,0.0,19639.0,21421.544850474063,-0.12534105539684504,0.0,False,0.0315698355313407,0.2284510778465343,0.17630201397626144,816678.0,1347784.6670029147,-0.7227507488417046,0.0,False,0.0432936849039646,-0.40893082958392846,-0.505150258149051,43368.0,61296.49636071754,-0.4991737013989166,0.0,False,0.06869120088544549,-0.06746920514667742,-0.018312964038239343,
27027,Clay,2024,0.128,8480.0,63129,above median,12.0,157.0,9.0,0.05732484076433121,False,0.0,26811.0,24360.16583621105,0.13830107545870085,0.0,False,0.0,0.5256736300257909,0.4989833762308853,987845.0,1488218.5764809211,-0.5912298369607356,0.0,False,0.0,-0.21666680187788145,-0.30906579321347394,68144.0,71124.30185192973,-0.061755951157142164,0.0,False,0.0,0.42357871555623383,0.42406765947855796,
27029,Clearwater,2022,0.131,1120.0,8381,above median,12.0,12.0,0.0,0.0,False,0.0,1828.0,1966.580310935838,-0.10542303366923278,0.0,False,0.0,-0.17544858971200306,-0.28393227470192683,123675.0,136347.2682624324,-0.14073189643891837,0.0,False,0.0,-0.28906271765078984,-0.2773822304572562,4463.0,4926.237323012577,-0.14247232520284214,0.0,False,0.0,-0.21393152274608873,-0.3089108364379174,
27029,Clearwater,2023,0.135,1160.0,8393,above median,12.0,12.0,0.0,0.0,False,0.0,2238.0,2325.7406387038627,-0.055480183403631145,0.0,False,0.0,-0.10734553226473409,-0.2395792636946502,124064.0,153995.50520365167,-0.31180369706660827,0.0,False,0.0,-0.3336011787959272,-0.5062748254568925,5511.0,6136.993059756872,-0.15521782478145774,0.0,False,0.0,-0.19582233358605095,-0.2769995920845312,
27029,Clearwater,2024,0.151,1300.0,8429,above median,12.0,12.0,0.0,0.0,False,0.0,2332.0,2686.4749290270697,-0.20414658591566948,0.0,False,0.0,-0.11143104442261453,-0.3186493187257159,155047.0,165689.42852762566,-0.09577594575791437,0.0,False,0.0,-0.019506505618492653,-0.2750922304415262,5971.0,7004.293722584078,-0.2302670152333306,0.0,False,0.0,-0.16926294879003834,-0.38292186016114016,
27031,Cook,2022,0.1,560.0,5557,at/below median,12.0,36.0,0.0,0.0,False,0.0,3007.0,858.4055761705054,1.808593514981398,1.0,False,0.0,1.3755206802189264,1.4341265228140063,150423.0,60270.28474843419,1.3195063890850953,1.0,False,0.0,0.9255863902331711,1.005089045100405,6741.0,2076.210198961592,1.6990101133119442,1.0,False,0.0,1.155448555895246,1.2860379822112908,
27031,Cook,2023,0.116,650.0,5572,above median,12.0,36.0,0.0,0.0,False,0.0,2958.0,1175.0464252659583,1.3319042946442927,1.0,False,0.0,0.9875034168908794,0.9984459345271413,160320.0,79035.26885684837,1.020385920429515,1.0,False,0.0,0.7323360720322043,0.6992082249736153,6424.0,3024.3270875816934,1.086857714237615,1.0,False,0.0,0.6675235330844238,0.779771355699395,
27031,Cook,2024,0.12,680.0,5586,at/below median,12.0,36.0,0.0,0.0,False,0.0,2837.0,1254.062276284572,1.1777571569730956,1.0,False,0.0,0.7902373265756335,0.8990540151262614,156866.0,77599.10099979104,1.0154208447994577,1.0,False,0.0,0.6395636193060366,0.6766398183087583,6218.0,3144.232900642192,0.9837425313480797,0.0,False,0.0,0.4627714177368176,0.6104611595821448,
27033,Cottonwood,2022,0.114,1310.0,11262,above median,12.0,35.0,0.0,0.0,False,0.0,3402.0,2371.9226707355547,0.5203261649980266,0.0,False,0.0,0.42606434992220965,0.3861167164235424,164532.0,163982.43878526494,0.004826880557754265,0.0,False,0.0,-0.11741560630121306,-0.09163600692262275,8203.0,5988.885679278654,0.4538640352188743,0.0,False,0.0,0.33753292263237533,0.3431589059540223,
27033,Cottonwood,2023,0.132,1510.0,11220,above median,12.0,36.0,0.0,0.0,False,0.0,3102.0,3173.5811074687786,-0.03291302779158123,0.0,False,0.0,-0.03915334430899087,-0.1490143578324603,204227.0,208637.25526787544,-0.030823183879444827,0.0,False,0.0,-0.016735345831721204,-0.16760950344894354,10774.0,8469.741953623645,0.3471640493265671,0.0,False,0.0,0.3606151162038582,0.30974460172455176,
27033,Cottonwood,2024,0.142,1630.0,11206,above median,12.0,36.0,0.0,0.0,False,0.0,3882.0,3504.951416668153,0.14740567136709082,0.0,False,0.0,0.22031543332224324,0.09022266958482827,222996.0,215921.73642737936,0.046509347959688085,0.0,False,0.0,0.10810558404163828,-0.07714035122382956,12631.0,9263.883493603349,0.4472798476098916,0.0,False,0.0,0.4950200003300367,0.3716421870492779,
27035,Crow Wing,2022,0.108,7200.0,65574,above median,12.0,93.0,3.0,0.03225806451612903,False,0.0,13506.0,18204.65510551165,-0.4307069459796171,0.0,False,0.0,-0.07998121086268828,-0.08316796185675535,903698.0,1220160.6323942817,-0.4331584540715845,0.0,False,0.0,-0.1359210188704587,-0.09259357438945504,29716.0,50102.24548338755,-0.7536353324016591,0.0,False,0.0,-0.31196021428028864,-0.2582547912109052,
27035,Crow Wing,2023,0.116,7790.0,66076,above median,12.0,108.0,2.0,0.018518518518518517,False,0.0,21466.0,21952.030411417054,-0.03230100254442014,0.0,False,0.0,0.27900365121645443,0.27469365467349616,1290306.0,1380384.5426240026,-0.09735697810513955,0.0,False,0.0,0.17316380816991206,0.12478344693210452,48257.0,62870.550860553245,-0.38164617370130394,0.0,False,0.0,0.008858774369640443,0.10585408280539399,
27035,Crow Wing,2024,0.129,8750.0,66624,above median,12.0,94.0,0.0,0.0,False,0.0,23923.0,25274.53629684771,-0.07928630554161664,0.0,False,0.0,0.2826909360495904,0.28933791213588367,1383126.3900000001,1543834.443604694,-0.15858505451436145,0.0,False,0.0,0.1895996475445756,0.1312918550910842,56491.0,73933.71614032645,-0.3882113901419899,0.0,False,0.0,0.07591886985776242,0.10828331171409955,
27037,Dakota,2022,0.071,31260.0,436007,at/below median,12.0,238.0,0.0,0.0,False,0.0,109200.0,105388.36381005625,0.0512572720176081,0.0,False,0.0,0.4887279751270057,0.8138835599925205,5950742.0,6877455.219340732,-0.20880527109838454,0.0,False,0.0,0.2551250107258909,0.5083143937529861,337345.0,312404.6052669843,0.1108090579996528,0.0,False,0.0,0.6765636561251185,1.1284091847200868,
27037,Dakota,2023,0.085,37370.0,439231,at/below median,12.0,268.0,0.0,0.0,False,0.0,107525.0,139373.80589252623,-0.37428731328178344,0.0,False,0.0,0.03628539520191154,0.33705516779515765,7036482.0,8399349.455050394,-0.2554232818469728,0.0,False,0.0,0.05896313888578497,0.30973918186956073,317964.0,427019.2723110726,-0.42543775099150594,0.0,False,0.0,0.07966203549374562,0.5637220495638893,
27037,Dakota,2024,0.094,41960.0,442814,at/below median,12.0,239.0,0.0,0.0,False,1.0,117894.0,159619.72717376097,-0.43714866634112326,0.0,False,0.0,-0.12028422111323422,0.3286982298162593,8935834.0,9672871.774818841,-0.1143418891346144,0.0,False,0.0,0.20366272126761942,0.5613014886257437,357313.0,513259.7292117989,-0.5225006659560592,0.0,False,0.0,-0.01814151952827281,0.5077190153227011,
27039,Dodge,2022,0.07,1450.0,20619,at/below median,12.0,24.0,0.0,0.0,False,0.0,5896.0,2678.171129808593,1.1384883754816606,1.0,False,0.0,0.6876854586246886,1.0329840113777427,282844.0,184813.2002128399,0.6139387628811441,0.0,False,0.0,0.2733860913368087,0.5435162693510778,15866.0,6796.949610521015,1.2229791216147525,1.0,False,0.0,0.6745128153125073,1.1483877380022052,
27039,Dodge,2023,0.08,1690.0,20684,at/below median,12.0,24.0,0.0,0.0,False,0.0,7766.0,3624.111857296991,1.09954422275705,1.0,False,0.0,0.6800177598626336,1.0124839660828213,354756.0,237529.71804547514,0.5787190602622374,0.0,False,0.0,0.18505217774252358,0.4665692729153976,20608.0,9719.101244435244,1.0843096839574944,1.0,False,0.0,0.5539406084913381,1.0829204330429678,
27039,Dodge,2024,0.093,1960.0,20653,at/below median,12.0,24.0,0.0,0.0,False,0.0,9560.0,4353.2454558857025,1.1349192500431151,1.0,False,0.0,0.6784743879350899,1.1244514798551448,412481.0,267930.3665698117,0.6224695644598555,0.0,False,0.0,0.19030835398878843,0.5441877933365715,26255.0,11634.74217094277,1.1741529550839296,1.0,False,0.0,0.6369669228030972,1.1612838305918132,
27041,Douglas,2022,0.091,3570.0,38550,at/below median,12.0,12.0,0.0,0.0,False,0.0,3879.0,7867.139441719638,-1.0201543791207985,-1.0,False,0.0,-0.9817673240585769,-0.8709389112000817,578516.0,534064.2041637718,0.1153436701176922,0.0,False,0.0,0.1730897195062031,0.2759953885335733,11216.0,20896.950902126344,-0.8977341979267308,0.0,False,0.0,-0.851653468094808,-0.6518636356506449,
27041,Douglas,2023,0.1,3930.0,38794,at/below median,11.0,12.0,0.0,0.0,True,0.0,4093.0,9799.805920018667,-1.2595945109163171,-1.0,True,0.0,-1.2580984614608806,-1.1290351403589938,613279.0,627766.5840938948,-0.03368468573326666,0.0,False,0.0,-0.04315606288382057,0.03877967292212148,13199.0,27252.594545278404,-1.0459649558338828,-1.0,True,0.0,-1.050044933149067,-0.7773615011339226,
27041,Douglas,2024,0.11,4340.0,38945,at/below median,12.0,12.0,0.0,0.0,False,0.0,5627.0,11083.61232051681,-0.9779902861238501,0.0,False,0.0,-1.0151444355448351,-0.7870345632846802,753744.0,679424.74998455,0.1497608393709342,0.0,False,0.0,0.11826365871139544,0.2670933514146192,16048.0,31078.60279771411,-0.9535281348283515,0.0,False,0.0,-0.9773564873675724,-0.6957562423408787,
27043,Faribault,2022,0.107,1490.0,13609,above median,12.0,36.0,0.0,0.0,False,0.0,3723.0,2766.7662614403116,0.42826484708960777,0.0,False,0.0,0.3372636671324134,0.3304536726869587,199677.8,190832.41718204523,0.06536767775579122,0.0,False,0.0,-0.034577812339941616,0.0019242157893106793,11079.0,7031.466571183728,0.6559301359429703,0.0,False,0.0,0.5390489160072551,0.5910175218324398,
27043,Faribault,2023,0.118,1650.0,13619,above median,12.0,31.0,1.0,0.03225806451612903,False,0.0,4097.0,3523.217233847721,0.21767446183070227,0.0,False,0.0,0.15741716032847464,0.12443737369101315,207101.0,231066.92807469852,-0.15797626619377425,0.0,False,0.0,-0.1986980714147677,-0.27536607017194026,9241.0,9438.792569501089,-0.03055333974029395,0.0,False,0.0,-0.10264212695265584,-0.03960595935322342,
27043,Faribault,2024,0.129,1800.0,13628,above median,12.0,31.0,2.0,0.06451612903225806,False,0.0,4283.0,3938.52897424099,0.12096478811655054,0.0,False,0.0,0.09045432139036969,0.08891928666360971,182776.0,242510.28622806186,-0.40796929638035806,0.0,False,0.0,-0.44071667698628225,-0.5072064802528287,10006.0,10472.38289688417,-0.0657243945072743,0.0,False,0.0,-0.13176869088883514,-0.10758625984555215,
27045,Fillmore,2022,0.09,1920.0,20713,at/below median,12.0,60.0,0.0,0.0,False,0.0,3326.0,3746.8414103074024,-0.171886746483791,0.0,False,0.0,-0.29972461680844553,-0.19801775513627962,218854.47,257242.02451991496,-0.23315449813711453,0.0,False,0.0,-0.3221538029099378,-0.23157185796926338,7908.0,9645.126243891747,-0.28648725059187363,0.0,False,0.0,-0.4537740580891416,-0.2612193506241165,
27045,Fillmore,2023,0.099,2110.0,20841,at/below median,12.0,60.0,0.0,0.0,False,0.0,4177.0,4707.901047130447,-0.1726168539541426,0.0,False,0.0,-0.327041707276285,-0.20244035008786443,250205.66,306711.7999218082,-0.2937692458911165,0.0,False,0.0,-0.4346458343146722,-0.3573631387097649,9978.0,12746.720545472832,-0.3533035462443497,0.0,False,0.0,-0.5545473869608131,-0.28368124348822477,
27045,Fillmore,2024,0.1,2140.0,20904,at/below median,12.0,56.0,0.0,0.0,False,0.0,4702.0,4826.947985929649,-0.0378367417286718,0.0,False,0.0,-0.3684077072289975,-0.026041741645883576,244171.09,296953.2740163796,-0.28234354444510856,0.0,False,0.0,-0.594550716887154,-0.3390046208699946,11222.0,12969.380515958055,-0.20877975281012517,0.0,False,0.0,-0.6022093472611356,-0.19173568943964625,
27047,Freeborn,2022,0.1,3080.0,30330,at/below median,12.0,42.0,0.0,0.0,False,0.0,5403.0,6593.788720501662,-0.287346978660203,0.0,False,0.0,-0.227410858288688,-0.1798692817698616,246519.5,448825.98679453647,-0.8644544395737555,0.0,False,0.0,-0.8101043672875736,-0.7416659784965933,14472.0,17384.343850386234,-0.26452430235968727,0.0,False,0.0,-0.19068901394562054,-0.07116385370582856,
27047,Freeborn,2023,0.11,3370.0,30186,at/below median,12.0,48.0,0.0,0.0,False,0.0,9520.0,8175.6356198802505,0.21963067533820357,0.0,False,0.0,0.2682659614224594,0.3105484874699753,449803.0,525910.838825874,-0.22552494720358496,0.0,False,0.0,-0.1837555771256696,-0.18668987349841437,24521.0,22586.035128080555,0.11858678066133344,0.0,False,0.0,0.1785525216366608,0.3380084048883436,
27047,Freeborn,2024,0.128,3910.0,30061,above median,12.0,48.0,0.0,0.0,False,0.0,11616.0,9804.148699298608,0.24464908764035442,0.0,False,0.0,0.3893718541818174,0.4091673617906406,540834.0,601311.4233199498,-0.1529265154181445,0.0,False,0.0,-0.015355745593645054,-0.06126897552551025,30625.0,27318.395476855334,0.16483709348729647,0.0,False,0.0,0.3401118205226741,0.3870865258487255,
27049,Goodhue,2022,0.09,4300.0,46803,at/below median,12.0,60.0,0.0,0.0,False,0.0,7210.0,9827.668994869511,-0.4468500077270452,0.0,False,0.0,-0.3595780095614822,-0.24503701316366788,453888.2,664901.5213436158,-0.5508036965068968,0.0,False,0.0,-0.44585315498493294,-0.34243707531861034,20187.0,26351.366258875667,-0.3844512373048037,0.0,False,0.0,-0.2777967908837162,-0.07240794869304423,
27049,Goodhue,2023,0.101,4810.0,46887,at/below median,12.0,60.0,0.0,0.0,False,0.0,11502.0,12435.265845109312,-0.11255260744284001,0.0,False,0.0,-0.04613796832539485,0.07011144907579281,620762.9,792240.249552079,-0.3518956616489959,0.0,False,0.0,-0.3045420306188422,-0.23522912222602965,33666.0,34883.51802845105,-0.0512532256662972,0.0,False,0.0,0.02476975268819359,0.2819946056317302,
27049,Goodhue,2024,0.109,5200.0,47029,at/below median,12.0,57.0,1.0,0.017543859649122806,False,0.0,16006.0,13708.329757705491,0.223560012519064,0.0,False,0.07122329126577534,0.2217348789802287,0.4603238019620657,782784.4,839550.6005524864,-0.10100227546752549,0.0,False,0.034059186667491075,-0.09773761143571136,0.06081716298829143,38314.0,38860.052709281415,-0.020416206098044398,0.0,False,0.08793130448400063,0.005364289996606431,0.29890531769216544,
27051,Grant,2022,0.104,630.0,6005,above median,9.0,23.0,14.0,0.6086956521739131,True,0.0,411.0,988.254466473963,-1.2657441764974298,-1.0,True,0.0,-1.6384318065400594,-1.606913047520626,46663.0,69238.71460265137,-0.5692998794510622,0.0,False,0.0,-0.9187344269038729,-0.8535101640108254,1032.0,2404.554688921514,-1.2203267683194134,-1.0,True,0.0,-1.687363311620473,-1.5914066737088308,
27051,Grant,2023,0.116,710.0,6029,above median,12.0,24.0,0.0,0.0,False,0.0,884.0,1303.928816537288,-0.5607468380668212,0.0,False,0.0,-0.8687238322532709,-0.8714371496567226,80271.38,87494.40755329783,-0.12430510588244914,0.0,False,0.0,-0.37938420776598214,-0.4261678898642849,2474.0,3368.8144514909577,-0.4453954691707196,0.0,False,0.0,-0.8228263308930366,-0.7242343433177771,
27051,Grant,2024,0.128,780.0,6054,above median,12.0,24.0,0.0,0.0,False,0.0,1127.0,1473.5674610353992,-0.38682559413628326,0.0,False,0.0,-0.664249661616779,-0.6307639975877851,85650.77,91118.33674203703,-0.08927519639802028,0.0,False,0.0,-0.3620710530173241,-0.39429412652901963,2397.0,3725.3056967549346,-0.6361289082915462,0.0,False,0.0,-1.0233637874679182,-0.9626989257216954,
27053,Hennepin,2022,0.087,110400.0,1248688,at/below median,12.0,980.0,14.0,0.014285714285714285,False,0.0,533598.0,476599.6397206646,0.16297539816772755,0.0,False,0.0062050457460485235,1.1355988846101113,1.28231347417855,38156643.29,30396295.286622956,0.3280387622935308,0.0,False,0.008837045686573024,1.2427735364699615,1.3687566906058137,1605409.0,1505889.2902758261,0.09232518046878724,0.0,False,0.008012288457333925,1.3154811886012219,1.5587029025840868,
27053,Hennepin,2023,0.103,131040.0,1245699,at/below median,12.0,1055.0,0.0,0.0,False,0.0,798804.0,611582.5682363026,0.38529427051645015,0.0,False,0.0,1.329444728861458,1.420169800327801,45120585.7,35624466.329194665,0.34091739305769764,0.0,False,0.0,1.1363732526094363,1.1805439676425387,2393348.0,1977699.8548111878,0.2752066919178269,0.0,False,0.0,1.439350946955015,1.665762103221887,
27053,Hennepin,2024,0.113,143160.0,1245143,at/below median,12.0,1117.0,7.0,0.006266786034019696,False,1.0,963066.0,675589.4835727338,0.5114878000831702,0.0,False,0.00035615419919299404,1.402800230851165,1.5883007380989118,50743466.0,40686652.44041569,0.3186664798836212,0.0,False,0.0010285856311037169,1.187825162826286,1.2963073975198105,2954849.0,2339385.796188138,0.33695460591615145,0.0,False,0.00028157107182126735,1.5503955632731632,1.7850012474458978,
27055,Houston,2022,0.084,1570.0,18588,at/below median,12.0,48.0,0.0,0.0,False,0.0,4789.0,2945.3487032980233,0.7012859890434928,0.0,False,0.0,0.4288464922173265,0.6182602636419816,216211.7,202956.62190086124,0.09127318278648744,0.0,False,0.0,-0.11783317942776428,0.041242637863210696,11573.0,7505.1419913481095,0.6248116223208537,0.0,False,0.0,0.2869203447513158,0.5785005192119641,
27055,Houston,2023,0.089,1670.0,18539,at/below median,12.0,48.0,0.0,0.0,False,0.0,7193.0,3573.610550046679,1.0092111852068424,1.0,False,0.0,0.6793382562955754,0.9190810067493684,273080.2,234295.3889466993,0.22099615209736712,0.0,False,0.0,-0.0842712805121284,0.10624204548246663,16977.0,9578.760792581937,0.8256706120379711,0.0,False,0.0,0.4080183310933556,0.8204726215404068,
27055,Houston,2024,0.092,1720.0,18431,at/below median,12.0,44.0,0.0,0.0,False,0.0,9420.0,3733.552591254793,1.3351780066851635,1.0,False,0.0,0.8222247463771915,1.2916130109002897,326812.65,229942.05281753943,0.5071934906157693,0.0,False,0.0,0.020232400618054314,0.3967690435679785,22114.0,9900.157188303974,1.1594366680537185,1.0,False,0.0,0.5529069167206853,1.102096729059629,
27057,Hubbard,2022,0.11,2360.0,21138,above median,12.0,36.0,0.0,0.0,False,0.0,5332.0,4795.523366950561,0.15298850580905388,0.0,False,0.0,0.1969620769078677,0.18519030802473946,490707.0,328006.5622797611,0.5811371733048674,0.0,False,0.0,0.5944908221370468,0.6356375945297188,15371.0,12474.144174745168,0.301270187691836,0.0,False,0.0,0.3585787981136104,0.3999263508795532,
27057,Hubbard,2023,0.117,2530.0,21413,above median,12.0,36.0,0.0,0.0,False,0.0,7317.0,5831.188433082274,0.327462315089063,0.0,False,0.0,0.34657460965447484,0.3444503792795579,542601.0,378027.1621991231,0.5214018070474467,0.0,False,0.0,0.5435232749171135,0.49751975613491606,18051.0,15911.809356256243,0.18198086653793943,0.0,False,0.0,0.21314415943434994,0.3096805586672353,
27057,Hubbard,2024,0.128,2800.0,21579,above median,12.0,36.0,0.0,0.0,False,0.0,6701.0,6620.961335424897,0.017335701695847305,0.0,False,0.0,0.07397180033337847,0.09724409594018923,645892.0,406766.51471913035,0.6670920306564057,0.0,False,0.0,0.7190163471777158,0.6765799052438384,18913.0,18080.63820142548,0.06493262105965059,0.0,False,0.0,0.1230451920194433,0.17349668534348206,
27059,Isanti,2022,0.095,3940.0,40871,at/below median,12.0,24.0,0.0,0.0,False,0.0,8252.0,8851.91700427725,-0.10124610324496608,0.0,False,0.0,-0.008034873323594205,0.07584857872771611,486444.0,599839.2532814489,-0.3023022049483153,0.0,False,0.0,-0.20512869734250394,-0.11635929752086227,27107.0,23630.312843361677,0.19802672593597137,0.0,False,0.0,0.31367284296722886,0.4789720097754495,
27059,Isanti,2023,0.102,4270.0,41465,at/below median,12.0,24.0,0.0,0.0,False,0.0,10461.0,10806.718283054377,-0.04690771098126767,0.0,False,0.0,-0.011047303031072708,0.10504830033389823,575968.0,690713.055723136,-0.26209783373024464,0.0,False,0.0,-0.24083214619171223,-0.1714819755475494,34309.0,30160.207881649963,0.18594070392996187,0.0,False,0.0,0.22666382406508312,0.4810901876014939,
27059,Isanti,2024,0.106,4500.0,42117,at/below median,12.0,24.0,0.0,0.0,False,0.0,13292.0,11565.53041050699,0.20072676675033918,0.0,False,0.0,0.1152789612765428,0.4008558075772366,715657.0,708836.2987251806,0.013815813826155932,0.0,False,0.0,-0.0632237124926025,0.1400570782475512,43239.0,32500.84567761556,0.4118559000580415,0.0,False,0.0,0.3370392988294295,0.6819534456853975,
27061,Itasca,2022,0.122,5480.0,43883,above median,12.0,86.0,3.0,0.03488372093023256,False,0.0,15734.0,13134.070597883456,0.2605713736097197,0.0,False,0.0,0.611335867135308,0.5309380776031762,2001103.0,884688.6329294769,1.177553735353282,1.0,False,0.0,1.437163404478813,1.4481102310268579,74191.0,35651.53341969111,1.0572800560391205,1.0,False,0.0,1.505486059594178,1.4555704772248474,
27061,Itasca,2023,0.133,6010.0,43971,above median,12.0,169.0,4.0,0.023668639053254437,False,0.0,18893.0,16168.662210064449,0.22465148835132887,0.0,False,0.0,0.591608958413774,0.46475041326979816,1101513.9,1023890.8708527967,0.10542574345024747,0.0,False,0.0,0.43849685199992194,0.2708162390497595,46090.0,45793.123723305645,0.009322787585286818,0.0,False,0.0,0.48434067919408363,0.413827957723361,
27061,Itasca,2024,0.139,6300.0,44125,above median,12.0,114.0,1.0,0.008771929824561403,False,0.0,19541.0,17177.44370858088,0.18598894306934177,0.0,False,0.008392610408883885,0.5770735471095048,0.47137508059044975,1342000.26,1050990.357247091,0.35263551829820017,0.0,False,0.0032265716550606335,0.7247885436284083,0.5616749985785923,49751.0,49261.44954525656,0.014266443703313314,0.0,False,0.006954634077706981,0.4935173051345778,0.3989189849137289,
27063,Jackson,2022,0.095,950.0,9839,at/below median,12.0,28.0,1.0,0.03571428571428571,False,0.0,2615.0,1615.1296287978535,0.6951609875475668,0.0,False,0.0,0.3885261965834692,0.4701119151009634,235490.0,112316.27073107136,1.0680988582628999,1.0,False,0.0,0.8027573150864846,0.88922898137431,7315.0,4012.316052980018,0.8664226118264313,0.0,False,0.0,0.4784311017883276,0.6414325350627328,
27063,Jackson,2023,0.105,1040.0,9818,at/below median,12.0,36.0,0.0,0.0,False,0.0,3227.0,2044.8424329284335,0.6582038984674874,0.0,False,0.024171056709017664,0.3545727025553269,0.44594555480237785,285018.0,135797.64895600913,1.069594531342048,1.0,False,0.036278410486355245,0.8060342918079026,0.8512349401968518,10808.0,5370.492914332918,1.0089731670062694,1.0,False,0.03293856402664693,0.6304856460893653,0.8522552323951276,
27063,Jackson,2024,0.11,1090.0,9790,at/below median,12.0,36.0,0.0,0.0,False,0.0,3507.0,2183.871259797155,0.6833496193543045,0.0,False,0.0,0.2947843847713685,0.5242038115781282,310644.0,134811.40330128162,1.2043196542824468,1.0,False,0.0,0.8315085883116105,0.9816478355614384,12540.0,5633.657259978875,1.154393647218221,1.0,False,0.0,0.6588447028305975,0.9417545024038949,
27065,Kanabec,2022,0.11,1770.0,15854,above median,12.0,25.0,0.0,0.0,False,0.0,3105.0,3399.496207728163,-0.13072769189797917,0.0,False,0.0,-0.16812943591398,-0.17985570467754608,231177.0,233740.41473390532,-0.015909333934430947,0.0,False,0.0,-0.07638116049252375,-0.03518888798029174,8495.0,8715.060847834327,-0.036896789754129244,0.0,False,0.0,-0.08195437652908844,-0.04056132364358289,
27065,Kanabec,2023,0.12,1960.0,16009,above median,12.0,33.0,0.0,0.0,False,0.0,4758.0,4315.950728248187,0.14067687693659714,0.0,False,0.0,0.12926363578842448,0.0918371227664545,298700.1,281739.5669508387,0.08433553344375255,0.0,False,0.0,0.08534207344758116,0.004609500881034734,11427.0,11648.49848735622,-0.027697307114108227,0.0,False,0.0,-0.034967870093279174,0.018332220379823294,
27065,Kanabec,2024,0.131,2150.0,16144,above median,12.0,24.0,0.0,0.0,False,0.0,4651.0,4853.476239601058,-0.061477489331048574,0.0,False,0.27800473016555577,-0.03668445587174851,-0.04850120396260671,252720.0,298578.2380750166,-0.24056917603668282,0.0,False,0.344349477682811,-0.22081945773148526,-0.29608303636032396,11865.0,13044.328315535322,-0.1367105576292662,0.0,False,0.24770332911925833,-0.12905652380154997,-0.11807927001672969,
27067,Kandiyohi,2022,0.1,4380.0,42567,at/below median,12.0,24.0,0.0,0.0,False,0.0,7241.0,10046.734965873653,-0.47246586797291457,0.0,False,0.0,-0.2939725081691229,-0.2654415318224419,415629.0,679494.7771208531,-0.7091661418636157,0.0,False,0.0,-0.5454997360979679,-0.4960719474791331,21455.0,26963.88432407915,-0.32971444007100636,0.0,False,0.0,-0.11162934466523922,-0.011114784597594074,
27067,Kandiyohi,2023,0.113,4930.0,42603,above median,12.0,24.0,0.0,0.0,False,0.0,8249.0,12801.763132078298,-0.6340513783806063,0.0,False,0.0,-0.4515695330570013,-0.4450329046261787,496623.0,815044.833331718,-0.7147283418327532,0.0,False,0.0,-0.55456416859084,-0.5926711337175732,26288.0,35949.70643754229,-0.4515756043785206,0.0,False,0.0,-0.2262200397395624,-0.1104440802173019,
27067,Kandiyohi,2024,0.129,5680.0,43149,above median,12.0,24.0,0.0,0.0,False,0.0,9763.0,15207.722913786663,-0.6394077151865325,0.0,False,0.0,-0.38359609689943497,-0.380271882747076,578492.0,930962.7238728325,-0.6864263944867943,0.0,False,0.0,-0.4412495857296683,-0.5028801401170941,31404.0,43340.8418195276,-0.46477884529451785,0.0,False,0.0,-0.1444389901664742,-0.11539731024407107,
27069,Kittson,2022,0.098,410.0,4029,at/below median,12.0,15.0,0.0,0.0,False,0.0,920.0,591.2278223260155,0.6379196989465665,0.0,False,0.0,0.14627596950326893,0.17531033862389922,73912.0,41747.32746640872,0.8241247687679394,0.0,False,0.0,0.3862204694838276,0.42974730507588177,1862.0,1407.620132029784,0.4035950198716609,0.0,False,0.0,-0.22505945794743276,-0.12026865269145848,
27069,Kittson,2023,0.102,430.0,4019,at/below median,12.0,24.0,0.0,0.0,False,0.0,1787.0,721.9976113642985,1.307473665116344,1.0,False,0.0,0.8065290763375517,0.8674665747959205,163703.65,49109.58431183167,1.737009973055546,1.0,False,0.0,1.3112512929748643,1.3254433587124268,4353.0,1825.5358627943187,1.2536900092180918,1.0,False,0.0,0.6151442826665292,0.8144125412963379,
27069,Kittson,2024,0.098,400.0,3950,at/below median,12.0,24.0,0.0,0.0,False,0.0,1672.0,672.0408724868246,1.314953964151993,1.0,False,0.0,0.5453808854527367,0.9017974582957626,98841.81,41696.59475561332,1.2451918620604019,1.0,False,0.0,0.5077464456499854,0.7758352109252522,4032.0,1631.8587475272113,1.3049794547278424,1.0,False,0.0,0.3235931991282026,0.7510409281039743,
27071,Koochiching,2022,0.123,1490.0,11757,above median,12.0,83.0,4.0,0.04819277108433735,False,0.0,5833.0,2766.7662614403116,1.0760373050518606,1.0,False,0.0,1.0721575577968956,0.9782261306492108,348478.0,190832.41718204523,0.8687613128216114,0.0,False,0.0,0.8047024890222758,0.8053178508551309,11627.0,7031.466571183728,0.7255813680361811,0.0,False,0.0,0.726004400117727,0.6606687539256502,
27071,Koochiching,2023,0.129,1540.0,11642,above median,12.0,130.0,2.0,0.015384615384615385,False,0.0,9092.0,3248.0335601089473,1.4850311449970146,1.0,False,0.0,1.474997134641379,1.3740028385794743,465644.4,213418.0525440123,1.1255464126843897,1.0,False,0.0,1.135644380955629,0.9930637119372658,17967.0,8675.781577058155,1.0502839011039988,1.0,False,0.0,1.0532281391201899,1.019158368215177,
27071,Koochiching,2024,0.143,1690.0,11546,above median,12.0,78.0,0.0,0.0,False,0.0,7830.0,3657.113060127449,1.0983070790421579,1.0,False,0.0,1.1885889835665484,1.050283576998461,370093.01,225254.3705796794,0.716332788781834,0.0,False,0.0,0.7942830313511298,0.6015784222558915,14502.0,9687.171465150934,0.5821044958933523,0.0,False,0.0,0.651826109754591,0.5187739216959746,
27073,Lac qui Parle,2022,0.098,660.0,6571,at/below median,12.0,12.0,0.0,0.0,False,0.0,463.0,1044.7952320711881,-1.174136119667068,-1.0,False,0.0,-1.5500368348185054,-1.5021534438006094,32196.0,73138.13442404043,-1.18374236707408,-1.0,False,0.0,-1.518397819199098,-1.4560219617097765,858.0,2548.114029774678,-1.570380287751032,-1.0,False,0.0,-2.0485541146443174,-1.924914287491076,
27073,Lac qui Parle,2023,0.103,690.0,6535,at/below median,12.0,12.0,0.0,0.0,False,0.0,517.0,1260.7430074025547,-1.2860380378865823,-1.0,False,0.0,-1.6894642736531784,-1.6040965760067063,37621.0,84662.16755917286,-1.1701792281593697,-1.0,False,0.0,-1.5171060710205513,-1.4782927298073183,1145.0,3253.2390081107587,-1.5065292194916218,-1.0,False,0.0,-2.0155633650303297,-1.7945095825833275,
27073,Lac qui Parle,2024,0.112,750.0,6527,at/below median,12.0,12.0,0.0,0.0,False,0.0,603.0,1407.1651238981349,-1.2225617244290223,-1.0,False,0.0,-1.6619681309400116,-1.476438077493554,46778.0,87029.62336598679,-0.8956763724084187,0.0,False,0.0,-1.31810444586427,-1.2103466339729367,1204.0,3549.023789038297,-1.5595868526908045,-1.0,False,0.0,-2.135606876563388,-1.899509914244759,
27075,Lake,2022,0.11,1200.0,10705,above median,12.0,36.0,0.0,0.0,False,0.0,2588.0,2135.7304322715363,0.27710805296757535,0.0,False,0.0,0.13567699875464978,0.11810359868159659,179095.0,147889.0902022655,0.27620943195969616,0.0,False,0.0,0.12190811581074357,0.15725325701348858,6035.0,5368.654991459338,0.16879307573050717,0.0,False,0.0,-0.008652467174320222,0.026893454401696992,
27075,Lake,2023,0.111,1210.0,10718,at/below median,12.0,36.0,2.0,0.05555555555555555,False,0.0,3727.0,2444.3564516493116,0.6085601355757202,0.0,False,0.0,0.4038238386112436,0.43534327691078323,221572.0,161664.42521588178,0.45477333589574087,0.0,False,0.0,0.2830402747973686,0.2695339669642163,8366.0,6461.707150884898,0.37262262985155203,0.0,False,0.0,0.11829391644718079,0.264342036579976,
27075,Lake,2024,0.116,1270.0,10685,at/below median,12.0,36.0,0.0,0.0,False,0.0,3633.0,2613.7395175803986,0.47504599486493326,0.0,False,0.0,0.2146007382208932,0.3546273847455612,237730.8,161222.50823624228,0.560275656276346,0.0,False,0.0,0.30994383180306073,0.37521411277621297,8037.0,6805.058848602556,0.24004944401935369,0.0,False,0.0,-0.1053008483253155,0.07944577928278918,
27077,Lake of the Woods,2022,0.103,390.0,3734,above median,12.0,12.0,0.0,0.0,False,0.0,700.0,556.9030009056308,0.32992885535191796,0.0,False,0.0,-0.17702798196657987,-0.14681881473231184,42965.0,39359.39940152174,0.12645368871648266,0.0,False,0.0,-0.3414621248666183,-0.2807496266591025,1337.0,1322.5487659739501,0.015678546016966166,0.0,False,0.0,-0.6225059467347283,-0.5259724744010641,
27077,Lake of the Woods,2023,0.102,390.0,3753,at/below median,12.0,12.0,0.0,0.0,False,0.0,880.0,643.5059369139468,0.4515500650991431,0.0,False,0.0,-0.11664284200750963,-0.01363509488106085,50436.24,43886.66555583643,0.200678066861407,0.0,False,0.0,-0.2885102764188332,-0.2322479620131901,1767.0,1620.2539662664797,0.1250820742139549,0.0,False,0.0,-0.5867714103979846,-0.3454329031000962,
27077,Lake of the Woods,2024,0.107,410.0,3778,at/below median,12.0,12.0,0.0,0.0,False,0.0,911.0,691.835781505408,0.3970214227023572,0.0,False,0.0,-0.27379320924818895,-0.009878339713790707,53456.24,42919.39594334161,0.316728593558933,0.0,False,0.0,-0.3289245464474586,-0.14655176347269805,1899.0,1682.4305072898126,0.17469298986958215,0.0,False,0.0,-0.6926291531196522,-0.37083871497716636,
27079,Le Sueur,2022,0.087,2500.0,28513,at/below median,12.0,55.0,4.0,0.07272727272727272,False,0.0,7458.0,5137.696539964778,0.537667117697481,0.0,False,0.0,0.4274276288894221,0.5861610894091618,344293.0,351042.49448514933,-0.02800883356436401,0.0,False,0.0,-0.09673066862243473,0.04127135646471913,14369.0,13403.215792650284,0.10038047835603336,0.0,False,0.0,-0.03570683369175143,0.2195337512424147,
27079,Le Sueur,2023,0.099,2870.0,28671,at/below median,12.0,60.0,0.0,0.0,False,0.0,7931.0,6765.604651905021,0.22928390750305283,0.0,False,0.0,0.13782621118303062,0.27878755165895974,471512.0,437107.2556545348,0.10930716203202095,0.0,False,0.0,0.01936650680456964,0.11300918569698393,20434.0,18561.99965221267,0.1386195045256251,0.0,False,0.0,0.019433959736275597,0.3066600864963722,
27079,Le Sueur,2024,0.106,3100.0,28831,at/below median,12.0,59.0,0.0,0.0,False,0.0,8560.0,7462.568792303578,0.1979384709715557,0.0,False,0.0,0.027185264103763984,0.3036370971165139,541626.0,458235.341285917,0.24120826470937118,0.0,False,0.0,0.08158678344184445,0.2757425608940549,24191.0,20504.489468513402,0.23853058508959002,0.0,False,0.0,0.04595834842598023,0.3817474819940041,
27081,Lincoln,2022,0.098,550.0,5440,at/below median,12.0,12.0,0.0,0.0,False,0.0,1736.0,840.1053628875245,1.0471247659892118,1.0,False,0.0,0.6291523050142702,0.6675638112174274,20991.0,59004.72884921735,-1.4910596843427015,-1.0,False,0.0,-1.8630020914963303,-1.810098118821748,1979.0,2030.096926985793,-0.03677699814987534,0.0,False,0.0,-0.5703257644478175,-0.4561578221093159,
27081,Lincoln,2023,0.107,600.0,5412,at/below median,12.0,12.0,0.0,0.0,False,0.0,845.0,1069.2505109308433,-0.3395766500845916,0.0,False,0.0,-0.7300087866528058,-0.6936756539824438,34108.0,72075.513447938,-1.0793990474225392,-1.0,False,0.0,-1.4086299857939384,-1.4180869044065414,1627.0,2742.5708103407655,-0.753314618992194,0.0,False,0.0,-1.2474495847127098,-1.0860090687254556,
27081,Lincoln,2024,0.122,680.0,5424,at/below median,12.0,12.0,0.0,0.0,False,0.0,1339.0,1254.062276284572,0.09454696702304766,0.0,False,0.0,-0.25214828111648746,-0.18415617482378666,37828.0,77599.10099979104,-1.0365854367814489,-1.0,False,0.0,-1.3731260180187466,-1.3753664632721492,1944.0,3144.232900642192,-0.6936798663872032,0.0,False,0.0,-1.17090293384617,-1.0669612381531386,
27083,Lyon,2022,0.106,2690.0,24401,above median,12.0,24.0,0.0,0.0,False,0.0,3503.0,5608.084921488932,-0.6789172076570864,0.0,False,0.0,-0.5852451959107299,-0.6097147974569537,293670.0,382672.3960474718,-0.3819139424234699,0.0,False,0.0,-0.3094879245962048,-0.2938476764680855,8166.0,14684.666085543773,-0.8466089879338021,0.0,False,0.0,-0.7375979408952453,-0.7014025159636417,
27083,Lyon,2023,0.115,2940.0,24693,above median,12.0,24.0,0.0,0.0,False,0.0,5089.0,6960.5356760754075,-0.45181614744267407,0.0,False,0.0,-0.37223216145954385,-0.3960984584026379,331754.0,449407.5401376874,-0.4379104697304008,0.0,False,0.0,-0.3608091220973577,-0.42893686002287,12206.0,19116.61510246707,-0.6472365985479449,0.0,False,0.0,-0.5515701619589635,-0.47148647855243864,
27083,Lyon,2024,0.13,3320.0,24766,above median,12.0,24.0,0.0,0.0,False,0.0,5751.0,8088.993043891146,-0.49214728260389506,0.0,False,0.0,-0.3469584472059193,-0.3690758878553758,394080.0,496528.1394114763,-0.3333869480247138,0.0,False,0.0,-0.1956626871773608,-0.2819809273657006,15980.0,22317.84343203141,-0.4819302183532983,0.0,False,0.0,-0.3175088372135697,-0.3153705440401655,
27087,Mahnomen,2022,0.157,850.0,5267,above median,12.0,22.0,0.0,0.0,False,0.0,4123.0,1413.9596889245336,1.5439534707941291,1.0,False,0.0,1.4667513051352508,1.2874601020479708,358221.0,98526.03754950056,1.8622729727916507,1.0,False,0.0,1.6307483064163826,1.65487777092204,10286.0,3492.864420197125,1.5581995098426304,1.0,False,0.0,1.5084834097586945,1.2936494965825869,
27087,Mahnomen,2023,0.165,890.0,5261,above median,12.0,24.0,0.0,0.0,False,0.0,5032.0,1701.86772697039,1.5640130103751861,1.0,False,0.0,1.5752486051714687,1.3115901863694193,405399.0,113498.9788800719,1.836663212071688,1.0,False,0.0,1.8825967689011645,1.5842307234951196,13174.0,4439.870569473026,1.5691039301930694,1.0,False,0.0,1.654497602028167,1.3625553950302782,
27087,Mahnomen,2024,0.167,900.0,5240,above median,12.0,24.0,1.0,0.041666666666666664,False,0.0,2972.0,1743.5450340486195,0.769410487890628,0.0,False,0.15612382234185734,0.9111594508815806,0.5617317253111638,145828.0,107734.33267595446,0.43678967398459534,0.0,False,0.14602134020901336,0.552716300618318,0.1669846285424068,6595.0,4446.066917591405,0.5688429969979403,0.0,False,0.09658832448824867,0.670249021094012,0.2909929473006523,
27089,Marshall,2022,0.093,840.0,8837,at/below median,12.0,48.0,0.0,0.0,False,0.0,1220.0,1394.0881521489591,-0.19244064200296052,0.0,False,0.0,-0.540958637355283,-0.45227969803090406,90182.0,97162.28483353868,-0.10755691075462082,0.0,False,0.0,-0.4051477613376502,-0.31798722004367086,2989.0,3441.7157136797446,-0.20346503842058894,0.0,False,0.0,-0.6460917532285038,-0.47222424673283436,
27089,Marshall,2023,0.103,920.0,8803,at/below median,12.0,48.0,0.0,0.0,False,0.0,1361.0,1769.6896891589001,-0.3788293425288263,0.0,False,0.0,-0.7228414242329482,-0.6227031940964901,96221.59999999999,117916.06025056307,-0.2933275335086165,0.0,False,0.0,-0.592091511130203,-0.538507637426985,3181.0,4623.394736015702,-0.5394721703159266,0.0,False,0.0,-0.971238623243952,-0.7354143083069642,
27089,Marshall,2024,0.115,1030.0,8769,at/below median,12.0,48.0,0.0,0.0,False,0.0,1578.0,2043.2385103426238,-0.37276041653876035,0.0,False,0.0,-0.7025438427183319,-0.5462526160675178,102917.68,126166.25627752759,-0.2938352658464929,0.0,False,0.0,-0.6112206073463469,-0.5304397152479527,3873.0,5252.8907776731685,-0.4396600857634372,0.0,False,0.0,-0.8740485813448835,-0.6715756416634517,
27091,Martin,2022,0.117,2330.0,19695,above median,12.0,23.0,0.0,0.0,False,0.0,6022.0,4722.708845949469,0.35062811169171937,0.0,False,0.0,0.4203226218660081,0.3792131403680048,348322.0,323101.34248576325,0.1084348513363409,0.0,False,0.0,0.12542997371773978,0.1596542437980899,9747.0,12276.792522333984,-0.3329035368944595,0.0,False,0.0,-0.23760247793655154,-0.23879762123580894,
27091,Martin,2023,0.125,2490.0,19606,above median,12.0,24.0,0.0,0.0,False,0.0,5697.0,5722.671230684104,-0.006486319761641823,0.0,False,0.0,0.07000252185799027,0.0063921692591006884,420734.0,371152.4685079934,0.18089644453533538,0.0,False,0.0,0.2594891316624217,0.15352810095679903,13850.0,15604.992392678741,-0.172121677679403,0.0,False,0.0,-0.06341345907527263,-0.04952058503363288,
27091,Martin,2024,0.154,3040.0,19529,above median,12.0,24.0,0.0,0.0,False,0.0,5941.0,7293.054229889289,-0.29581733322129367,0.0,False,0.0,0.023071547554804894,-0.1950710191421816,434979.0,447870.7210619614,-0.0421366031207242,0.0,False,0.0,0.2518363197357072,-0.012411790478505047,15237.0,20015.09964238304,-0.3935099182109436,0.0,False,0.0,-0.027978755007673328,-0.25694715461421147,
27085,McLeod,2022,0.093,3430.0,36326,at/below median,12.0,28.0,0.0,0.0,False,0.0,11573.0,7499.601082017195,0.6258771311053763,0.0,False,0.0,0.6654772795503501,0.7637827998605549,630433.0,509484.3322272439,0.30730527360530147,0.0,False,0.0,0.3609099582587483,0.45769708053855496,27371.0,19880.418730468587,0.46130000063345555,0.0,False,0.0,0.5094476648191897,0.6929417523006856,
27085,McLeod,2023,0.105,3850.0,36248,at/below median,12.0,36.0,0.0,0.0,False,0.0,13487.0,9565.092213460683,0.495718693819299,0.0,False,0.0,0.5334763715217683,0.6209746304749897,681195.0,613072.7522693622,0.15200955944515826,0.0,False,0.0,0.17864877929186385,0.2199748343869823,34103.0,26576.349354346105,0.35975571377315596,0.0,False,0.0,0.40388439914980623,0.6217793921617392,
27085,McLeod,2024,0.12,4410.0,36168,at/below median,12.0,36.0,0.0,0.0,False,0.0,13538.0,11294.074225750384,0.2614486039903703,0.0,False,0.005835426207711627,0.34998754879669036,0.4564585770791669,641957.0,692269.9423107333,-0.10885804409117128,0.0,False,0.00374479910648221,-0.022318748256067167,0.012411790478505047,34333.0,31699.33815614868,0.11514320580761783,0.0,False,0.04622374974514316,0.23301847666490794,0.3783625582420842,
27093,Meeker,2022,0.089,2080.0,22968,at/below median,12.0,12.0,0.0,0.0,False,0.0,4361.0,4123.24671702615,0.0808782020577059,0.0,False,0.0,-0.05019752891372509,0.07737584923812157,203703.0,282672.5136187324,-0.47266437836811903,0.0,False,0.0,-0.5637999870602837,-0.45055369854029426,7383.0,10657.124775271639,-0.529539196984242,0.0,False,0.0,-0.6961099307458394,-0.4758022805939446,
27093,Meeker,2023,0.102,2380.0,23054,at/below median,12.0,12.0,0.0,0.0,False,0.0,4566.0,5425.865930588756,-0.24892254049646212,0.0,False,0.0,-0.3601883041301086,-0.2476952086267139,269753.0,352334.0051354377,-0.38530471727886706,0.0,False,0.0,-0.4883047973089507,-0.4225571345263637,10887.0,14766.913578481346,-0.43976185835205506,0.0,False,0.0,-0.5824397855717525,-0.3316159298969179,
27093,Meeker,2024,0.118,2770.0,23099,at/below median,12.0,12.0,0.0,0.0,False,0.0,5280.0,6537.641939442261,-0.30823243462196714,0.0,False,0.0,-0.35989999879542545,-0.23105353070113044,315729.0,401669.6065298247,-0.3473225202928525,0.0,False,0.0,-0.39608345595427075,-0.34048541540968724,13407.0,17841.50471314108,-0.4122508435391463,0.0,False,0.0,-0.47799722172496395,-0.307354236441602,
27095,Mille Lacs,2022,0.119,3180.0,26131,above median,12.0,76.0,0.0,0.0,False,0.0,15305.0,6850.6316959731985,1.159694114798942,1.0,False,0.0,1.3425881785843359,1.2762047614276062,859033.0,466037.82275390625,0.882266507924168,0.0,False,0.0,0.9978947105707174,1.013249390793069,42798.0,18090.713961688223,1.2422940334226293,1.0,False,0.0,1.4772607294004132,1.4470187980280502,
27095,Mille Lacs,2023,0.128,3440.0,26401,above median,12.0,93.0,6.0,0.06451612903225806,False,0.0,19975.0,8376.179495698962,1.2538312394896476,1.0,False,0.0,1.4346086377766323,1.3500505384571317,1047124.8,538510.9333493675,0.9593858568476179,0.0,False,0.0,1.129053911067503,1.002718362503975,52553.0,23160.531618782312,1.1821047542868275,1.0,False,0.0,1.4230926379634994,1.4081037391717999,
27095,Mille Lacs,2024,0.135,3670.0,26655,above median,12.0,58.0,0.0,0.0,False,0.0,8267.0,9100.545045712302,-0.1385890663426519,0.0,False,0.0,0.06646276275620622,0.009878339713790707,507986.0,558336.8873733005,-0.1363471359654973,0.0,False,0.0,0.05673783290270329,-0.06027754467408375,20466.0,25261.102215447827,-0.3036884286993562,0.0,False,0.0,-0.06336826406175966,-0.10300561301723254,
27097,Morrison,2022,0.109,3700.0,33452,above median,12.0,36.0,0.0,0.0,False,0.0,5652.0,8210.96625257148,-0.5387905402249746,0.0,False,0.0,-0.37346184720570363,-0.37946341788476523,394495.0,557042.4899263253,-0.49778036222399535,0.0,False,0.0,-0.3716704510942659,-0.32795565339789245,12786.0,21849.724341370475,-0.7730500796800932,0.0,False,0.0,-0.563462264821819,-0.514458087644621,
27097,Morrison,2023,0.116,3950.0,33520,above median,12.0,36.0,0.0,0.0,False,0.0,5875.0,9858.618594646041,-0.7467966563581534,0.0,False,0.0,-0.611284769853925,-0.614928296268213,478217.0,631447.1707654486,-0.40099662087643395,0.0,False,0.0,-0.27970791068255885,-0.3274218017916972,15322.0,27422.13582257987,-0.839736316043183,0.0,False,0.0,-0.6671706245096374,-0.5695088459452151,
27097,Morrison,2024,0.127,4350.0,33734,above median,12.0,36.0,0.0,0.0,False,0.0,7398.0,11113.642039884184,-0.587124472703886,0.0,False,0.0,-0.42702778562049915,-0.39558558450985326,547667.0,681257.627776168,-0.31490152562173535,0.0,False,0.0,-0.16198216173366298,-0.19700266716460746,18714.0,31167.135570130627,-0.7359076109614939,0.0,False,0.0,-0.5374352839244203,-0.4773521531493623,
27099,Mower,2022,0.102,4100.0,39300,above median,12.0,72.0,0.0,0.0,False,0.0,9609.0,9283.518651132226,0.04971457770536958,0.0,False,0.0,0.2139409879458416,0.23806277628800143,459759.1,628630.8475874009,-0.45133493831539795,0.0,False,0.0,-0.3066061236711555,-0.2551831772561126,29129.0,24832.42253895665,0.2302311633460139,0.0,False,0.0,0.43300192929989834,0.525334448948644,
27099,Mower,2023,0.113,4510.0,39366,above median,12.0,72.0,1.0,0.013888888888888888,False,0.0,13055.0,11526.232728830748,0.17968140273020516,0.0,False,0.0,0.32474668102323534,0.34573862440135117,575464.27,735609.644236898,-0.35421403873097645,0.0,False,0.0,-0.22798399307114892,-0.25163564325058907,41405.0,32244.041671316234,0.3607724040496745,0.0,False,0.0,0.543185468770357,0.6734167432399092,
27099,Mower,2024,0.122,4930.0,39626,at/below median,12.0,72.0,0.0,0.0,False,0.0,18134.0,12875.41038012853,0.4940787737470682,0.0,False,0.0,0.6383027832335877,0.7173321543121138,657984.3,788752.4304501262,-0.26151938501823224,0.0,False,0.0,-0.12161752429556216,-0.11282070476313866,54339.0,36381.64387699624,0.5787772843599104,0.0,False,0.0,0.7649666980878269,0.8799456585666854,
27101,Murray,2022,0.09,740.0,8044,at/below median,12.0,23.0,0.0,0.0,False,0.0,1112.0,1197.9968404621345,-0.10746731517744834,0.0,False,0.0,-0.5158044604260335,-0.4031400006078347,70190.0,83688.25480127435,-0.25375965867687,0.0,False,0.0,-0.5982367077224637,-0.49669716463575675,2900.0,2938.70744044586,-0.019128840094127852,0.0,False,0.0,-0.5364824919698794,-0.3329701863588215,
27101,Murray,2023,0.103,830.0,7999,at/below median,12.0,24.0,0.0,0.0,False,0.0,1192.0,1567.4578540972639,-0.3950424164761639,0.0,False,0.0,-0.7759486393331381,-0.6654635004282353,89064.0,104733.0503001872,-0.23380246916013192,0.0,False,0.0,-0.5654342774804064,-0.5015034950087429,3784.0,4076.9601009874496,-0.10758174933894793,0.0,False,0.0,-0.5826312905024267,-0.33646006679699436,
27101,Murray,2024,0.116,940.0,7995,at/below median,12.0,24.0,0.0,0.0,False,0.0,1696.0,1834.9972088469394,-0.11364169873372987,0.0,False,0.0,-0.46600748845191475,-0.3103019760121961,119220.0,113360.22594066121,0.07271173958397625,0.0,False,0.0,-0.26734174911275055,-0.18639260222454723,4806.0,4691.568451473397,0.034766333641981007,0.0,False,0.0,-0.42870431257950514,-0.22827881905635117,
27103,Nicollet,2022,0.095,3270.0,31983,at/below median,12.0,12.0,0.0,0.0,False,0.0,1552.0,7083.149106612969,-2.1902623551010727,-1.0,False,0.0,-2.0648778642033134,-2.0658616910133474,133509.0,481611.053558528,-1.850931505106363,-1.0,False,0.0,-1.7166931553801934,-1.7127910344198973,4590.0,18731.151781551194,-2.0288735551080883,-1.0,False,0.0,-1.8946542807759572,-1.8142223928290806,
27103,Nicollet,2023,0.105,3620.0,31884,at/below median,12.0,12.0,0.0,0.0,False,0.0,2498.0,8895.190725457735,-1.83225206229835,-1.0,False,0.0,-1.7141789601692725,-1.72288071501872,186462.0,571088.4072974847,-1.6148324525927862,-1.0,False,0.0,-1.5054686574393017,-1.5603426161468512,8255.0,24649.643237066233,-1.5782266458716911,-1.0,False,0.0,-1.4576053752813145,-1.3359103960720498,
27103,Nicollet,2024,0.112,3840.0,31929,at/below median,12.0,12.0,0.0,0.0,False,0.0,2833.0,9598.125406010136,-1.760422061249221,-1.0,False,0.0,-1.7202428611899059,-1.6004811932408154,204460.0,588729.4018586564,-1.5257860535594112,-1.0,False,0.0,-1.480563330257052,-1.4385739038630865,9467.0,26715.185968007314,-1.4966808327544836,-1.0,False,0.0,-1.450910371265918,-1.2805817944446574,
27105,Nobles,2022,0.106,2350.0,21771,above median,12.0,24.0,0.0,0.0,False,0.0,4341.0,4771.231589147736,-0.1363342919029069,0.0,False,0.0,-0.11127616391018247,-0.10533294701451135,304391.0,326370.2502340139,-0.1005838537392556,0.0,False,0.0,-0.09322551806136126,-0.04717245149134719,14160.0,12408.291167555713,0.19051681988364777,0.0,False,0.0,0.22105444939969132,0.2876626927731918,
27105,Nobles,2023,0.121,2660.0,21642,above median,12.0,18.0,0.0,0.0,False,0.0,1367.0,6185.970140136833,-2.1779866265678347,-1.0,False,0.0,-2.1103682717102243,-2.1480774974386017,92749.0,400482.76032906235,-2.110336507855905,-1.0,False,0.0,-2.0424329700607817,-2.123257179046167,5551.0,16916.339845222006,-1.6075978509567133,-1.0,False,0.0,-1.5142401689248572,-1.4638674665290716,
27105,Nobles,2024,0.152,3340.0,21621,above median,12.0,22.0,0.0,0.0,False,0.0,4094.0,8146.31058451058,-0.9926357169138864,0.0,False,0.0,-0.659304500295395,-0.8680424843483994,244327.0,500031.2598519135,-1.0332049876964646,-1.0,False,0.0,-0.7239695546321627,-0.9803210202041956,16326.0,22484.133601447444,-0.4617359301700432,0.0,False,0.0,-0.07649109794360953,-0.2931314510117975,
27107,Norman,2022,0.101,650.0,6286,above median,12.0,31.0,1.0,0.03225806451612903,False,0.0,436.0,1025.891165293306,-1.2344776463661447,-1.0,False,0.0,-1.5959851574824517,-1.5668111959539206,30215.0,71834.75274538535,-1.2494170285218384,-1.0,False,0.0,-1.578885120475471,-1.5256121737744213,1214.0,2500.0783517073314,-1.0422048876330923,-1.0,False,0.0,-1.5014402314472477,-1.4021691124049407,
27107,Norman,2023,0.112,720.0,6248,above median,12.0,24.0,0.0,0.0,False,0.0,493.0,1325.6037898850684,-1.4269900806096008,-1.0,False,0.0,-1.741301308810506,-1.7340737546078728,32222.5,88915.09236604569,-1.4643598909126165,-1.0,False,0.0,-1.7255559256730066,-1.7631630413154973,1588.0,3426.8747770534656,-1.109682562181968,-1.0,False,0.0,-1.5031583737537995,-1.3840468130888193,
27107,Norman,2024,0.122,770.0,6223,at/below median,12.0,24.0,1.0,0.041666666666666664,False,0.0,546.0,1451.382619927028,-1.4104550429566913,-1.0,False,0.0,-1.7445844532719752,-1.6576629786728068,33856.8,89752.39879006257,-1.4065048756935905,-1.0,False,0.0,-1.7313879652943314,-1.7146990422412651,1793.0,3666.3640862452507,-1.0319745708136328,-1.0,False,0.0,-1.4858087323346059,-1.3629376683351064,
27109,Olmsted,2022,0.08,12930.0,159431,at/below median,12.0,108.0,0.0,0.0,False,0.0,76453.0,36666.8737356805,1.0600958484757275,1.0,False,0.0,1.3561144562155842,1.5731512257903773,4327625.11,2431549.688399136,0.8316994547991889,0.0,False,0.0,1.1485257313023318,1.322415855141987,214943.0,103946.13443887251,1.0481180190833719,1.0,False,0.0,1.4249851587184477,1.7517340361579943,
27109,Olmsted,2023,0.092,15090.0,160516,at/below median,12.0,109.0,1.0,0.009174311926605505,False,0.0,93816.0,47857.78550399855,0.9710803490445681,0.0,False,0.0,1.2544072310838512,1.4485766899402917,5151933.18,2955926.066038362,0.8015036968981661,0.0,False,0.0,1.0227732474367865,1.1682865106967366,262228.0,141018.9534654162,0.8949326617082534,0.0,False,0.0,1.23502114326147,1.5939681159984422,
27109,Olmsted,2024,0.1,16490.0,161772,at/below median,12.0,120.0,10.0,0.08333333333333333,False,0.0,129314.0,53239.29379121235,1.280315135549106,1.0,False,0.0,1.4609414301711219,1.809509687073369,7487860.77,3241572.607355509,1.2078597216343887,1.0,False,0.0,1.3919276047063232,1.6536759920426158,363354.0,161808.77156319746,1.1670859708066885,1.0,False,0.0,1.4626537297375624,1.879329678878185,
27111,Otter Tail,2022,0.098,5890.0,59024,at/below median,12.0,84.0,0.0,0.0,False,0.0,8837.0,14317.736553296985,-0.6961748501856544,0.0,False,0.0,-0.46268109619410325,-0.4054105627396303,772085.0,963153.4084712525,-0.31900592023105645,0.0,False,0.0,-0.10170834694673303,-0.029945347020834845,23987.0,39006.592782758315,-0.701465250475529,0.0,False,0.0,-0.41053968520484396,-0.27751271561502566,
27111,Otter Tail,2023,0.11,6610.0,59247,at/below median,12.0,84.0,0.0,0.0,False,0.0,10570.0,18087.891708821517,-0.7750488831742164,0.0,False,0.0,-0.5536546493569423,-0.5104112947811182,790751.6,1142476.2878091654,-0.53086774734291,0.0,False,0.0,-0.3426867994245608,-0.34466026726899557,27928.0,51438.92463320213,-0.8811482204261036,0.0,False,0.0,-0.6066155405243929,-0.44619882874440275,
27111,Otter Tail,2024,0.119,7220.0,59440,at/below median,12.0,84.0,0.0,0.0,False,0.0,12389.0,20162.857579136944,-0.7026403766486151,0.0,False,0.0,-0.49387071735085986,-0.3827164837338948,946867.04,1232799.4309012764,-0.38070434059886793,0.0,False,0.0,-0.17678297566272683,-0.13812320059456873,32276.0,58300.66985308567,-0.8530506646335194,0.0,False,0.0,-0.5734807717864321,-0.42199175292758273,
27113,Pennington,2022,0.106,1480.0,13765,above median,12.0,12.0,0.0,0.0,False,0.0,1706.0,2744.573269813209,-0.6859642077173618,0.0,False,0.0,-0.7972828739054592,-0.7856791420130519,288909.0,189324.88829996058,0.6097510694406303,0.0,False,0.0,0.49286699188134087,0.5445805734480897,7078.0,6972.690087824281,0.02162640156322837,0.0,False,0.0,-0.11795008320612332,-0.04568132483588805,
27113,Pennington,2023,0.119,1650.0,13627,above median,12.0,12.0,0.0,0.0,False,0.0,2405.0,3523.217233847721,-0.5508565369921943,0.0,False,0.0,-0.6173002925166804,-0.6440936251318836,286505.0,231066.92807469852,0.31024953077506723,0.0,False,0.0,0.26315019524424876,0.19285972679690033,8887.0,9438.792569501089,-0.08690583058936774,0.0,False,0.0,-0.16253639645307594,-0.09595845020229676,
27113,Pennington,2024,0.14,1930.0,13534,above median,12.0,12.0,0.0,0.0,False,0.0,2945.0,4275.017211158664,-0.5376625942242654,0.0,False,0.0,-0.44890013376729776,-0.5520386974480151,425440.0,263136.1901118087,0.6931460008729715,0.0,False,0.0,0.7708682892824275,0.6110686160718508,11696.0,11415.033031325462,0.03508018215263853,0.0,False,0.0,0.1104598075054728,0.016959658175776937,
27115,Pine,2022,0.117,3410.0,27571,above median,12.0,24.0,0.0,0.0,False,0.0,7391.0,7447.332429774273,-0.010954183417629437,0.0,False,0.0,0.2305273096857583,0.1252982217032126,440708.0,505987.2922875108,-0.19927806700811956,0.0,False,0.0,-0.020490714984159553,-0.050386051388352726,16055.0,19736.02355717967,-0.2978086777079678,0.0,False,0.0,-0.0029321402594089108,-0.06824689004320872,
27115,Pine,2023,0.126,3720.0,27907,above median,12.0,24.0,0.0,0.0,False,0.0,8509.0,9185.54510612823,-0.11037574646859127,0.0,False,0.0,0.13411865052052363,0.00602247657843491,480673.0,589294.2386130975,-0.2939323936011533,0.0,False,0.0,-0.06322564321279955,-0.23348141897405217,20005.0,25484.104839479878,-0.34923704901240704,0.0,False,0.0,-0.044965188992062366,-0.09820281166453171,
27115,Pine,2024,0.141,4190.0,28201,above median,12.0,24.0,0.0,0.0,False,0.0,8773.0,10634.637677025787,-0.27762870772870585,0.0,False,0.0,0.06592756683529544,-0.09558545937835206,439324.0,652018.7908999962,-0.5696282277770202,0.0,False,0.0,-0.2435309807984769,-0.46095114754108035,20934.0,29756.43460758002,-0.5073536708583486,0.0,False,0.0,-0.10822060748259332,-0.261556951292401,
27117,Pipestone,2022,0.106,1000.0,9190,above median,12.0,12.0,0.0,0.0,False,0.0,2396.0,1717.3112345435707,0.48047638023589023,0.0,False,0.0,0.2755952308715628,0.2699282953116686,191559.0,119310.61320965049,0.6830664264896491,0.0,False,0.0,0.48290849758564036,0.5173514117000897,7349.0,4277.237938669604,0.7808684863588908,0.0,False,0.0,0.5191239498927498,0.5741220408106842,
27117,Pipestone,2023,0.111,1040.0,9163,at/below median,12.0,12.0,0.0,0.0,False,0.0,3582.0,2044.8424329284335,0.8087756579665069,0.0,False,0.0,0.5727181535768047,0.5965173143013971,361621.0,135797.64895600913,1.4130199575143791,1.0,False,0.0,1.2158869517772803,1.1946603663691828,14228.0,5370.492914332918,1.4056064667424337,1.0,False,0.0,1.1105606895734432,1.2488885321312932,
27117,Pipestone,2024,0.123,1150.0,9100,above median,12.0,12.0,0.0,0.0,False,0.0,5107.0,2325.870857312999,1.1347050648559147,1.0,False,0.0,0.9318455439917042,0.9891367138702829,430542.0,143538.14024071372,1.584719847901244,1.0,False,0.0,1.38742131424633,1.375233901579711,15783.0,6019.4044657295835,1.3906787908585052,1.0,False,0.0,1.104503856671263,1.1962828840029904,
27119,Polk,2022,0.111,3440.0,30000,above median,12.0,72.0,1.0,0.013888888888888888,False,0.0,5054.0,7525.757834562475,-0.5744112025218833,0.0,False,0.0,-0.3931576373468557,-0.4356825134597152,459773.0,511234.21330540144,-0.15306264212530962,0.0,False,0.0,-0.01552005385261701,-0.0019242157893115674,13671.0,19952.694269210384,-0.5454647944326183,0.0,False,0.0,-0.32149562371889395,-0.3127876043898705,
27119,Polk,2023,0.118,3630.0,29746,above median,12.0,72.0,0.0,0.0,False,1.0,6805.0,8924.16233509943,-0.3911215954557399,0.0,False,0.0,-0.237630475620481,-0.2810388811478657,597694.42,572905.5949084027,0.06111064702878721,0.0,False,0.0,0.20330057801443147,0.1162039603673346,18930.0,24732.861846956555,-0.38575477302638816,0.0,False,0.0,-0.19516350490365575,-0.14255595619414807,
27119,Polk,2024,0.13,3980.0,29556,above median,12.0,72.0,1.0,0.013888888888888888,False,0.0,7899.0,10010.820848896059,-0.34181834726372884,0.0,False,0.0,-0.14419142130006257,-0.1728038926741876,640252.88,613931.9264080377,0.06056314089029158,0.0,False,0.0,0.2494004588019063,0.15658718788889914,21789.0,27924.15896848887,-0.3579138437778546,0.0,False,0.0,-0.12526641805971472,-0.12962315561098015,
27121,Pope,2022,0.098,1110.0,11093,at/below median,12.0,12.0,0.0,0.0,False,0.0,574.0,1945.5991992163051,-1.7610918980858692,-1.0,False,0.0,-1.9954630260612447,-1.9421366473768105,86672.0,134914.6114733498,-0.6384087019488014,0.0,False,0.0,-0.8451780183679123,-0.7773591732120533,1454.0,4871.4699411209285,-1.744329894586393,-1.0,False,0.0,-2.0430411328824585,-1.91395831806268,
27121,Pope,2023,0.107,1210.0,11159,at/below median,12.0,12.0,0.0,0.0,False,0.0,697.0,2444.3564516493116,-1.8102241222847066,-1.0,False,0.0,-2.051775475152578,-1.9834409809496434,104898.0,161664.42521588178,-0.6240150724356219,0.0,False,0.0,-0.8317988842871156,-0.8092544413671465,1806.0,6461.707150884898,-1.8391174753116246,-1.0,False,0.0,-2.1408399461030285,-1.947398068583201,
27121,Pope,2024,0.112,1280.0,11221,at/below median,12.0,12.0,0.0,0.0,False,0.0,855.0,2637.9514804063115,-1.6254217043679962,-1.0,False,0.0,-1.9399110213149555,-1.7438529691244977,114320.0,162709.5030680818,-0.5092206927020513,0.0,False,0.0,-0.8106380180572526,-0.6923522074219202,1929.0,6871.348385945151,-1.832740087947002,-1.0,False,0.0,-2.2372984335221053,-1.9906734724594766,
27123,Ramsey,2022,0.105,57430.0,533522,above median,12.0,515.0,3.0,0.005825242718446602,False,0.0,318403.0,218124.63305964466,0.545701224700359,0.0,False,0.0,1.4780833289628186,1.4802778493980826,13392399.0,14077798.398365377,-0.07200731524426018,0.0,False,0.0,0.7619983541654509,0.8011005513746934,803035.0,666790.013556106,0.26823037107812553,0.0,False,0.0,1.4374145177707174,1.5021604908909993,
27123,Ramsey,2023,0.119,64830.0,530673,above median,12.0,523.0,1.0,0.0019120458891013384,False,0.0,234742.0,266807.8851443974,-0.184725312328478,0.0,False,0.0,0.7083117381486623,0.6686780190277521,13944621.0,15840804.070966944,-0.18393684374634844,0.0,False,0.0,0.5848715354823533,0.5017406805292977,735272.0,837060.4939137942,-0.18705384284937665,0.0,False,0.0,0.9246180948138374,0.978355654558908,
27123,Ramsey,2024,0.131,71270.0,529185,above median,12.0,464.0,0.0,0.0,False,0.0,252587.0,297554.1505108096,-0.23637185249472026,0.0,False,0.003099922007070831,0.6917089996410564,0.6637080757615623,14149381.0,17983303.5949781,-0.345919133119196,0.0,False,0.0035099768675392936,0.5515336463358871,0.4600858919184123,834504.0,987876.3154090333,-0.24341145925499674,0.0,False,0.0027465416582784503,0.9723762517291821,0.9671693297253654,
27125,Red Lake,2022,0.101,400.0,3900,above median,12.0,24.0,0.0,0.0,False,0.0,787.0,574.023368906444,0.4552541644778554,0.0,False,0.0,-0.05528150859011305,-0.014335977082268303,74132.0,40550.71009377484,0.8703692561790302,0.0,False,0.0,0.4046145198904689,0.4696590365708335,1706.0,1364.9533564942376,0.3217659947815559,0.0,False,0.0,-0.3219228582228624,-0.21088016920124053,
27125,Red Lake,2023,0.103,410.0,3909,at/below median,12.0,24.0,0.0,0.0,False,0.0,1075.0,682.5806186352061,0.6552653039275551,0.0,False,0.0,0.10802385190221475,0.20297635031526706,75292.56,46488.4633001149,0.6956345750632487,0.0,False,0.0,0.22525069555833355,0.27364883753814606,2339.0,1722.339564625555,0.44152225907946274,0.0,False,0.0,-0.24363145026870292,-0.012992867055120705,
27125,Red Lake,2024,0.11,430.0,3903,at/below median,12.0,24.0,0.0,0.0,False,0.0,1195.0,731.6788850204094,0.707728087306176,0.0,False,0.0,0.06828296943877277,0.31289656926825504,65299.84,45380.1918558992,0.5250167484626012,0.0,False,0.0,-0.09187684199717339,0.07345657827537799,2585.0,1784.4445391107508,0.5346892177037272,0.0,False,0.0,-0.2927310626044015,0.005372909991618879,
27127,Redwood,2022,0.096,1490.0,15079,at/below median,12.0,36.0,0.0,0.0,False,0.0,2535.0,2766.7662614403116,-0.12621502187120193,0.0,False,0.0,-0.2800011388411283,-0.22402619627385123,220007.0,190832.41718204523,0.20524316056091152,0.0,False,0.0,0.07773663535645703,0.1417996985944292,7479.0,7031.466571183728,0.08901975622885772,0.0,False,0.0,-0.11139708899867173,0.024107142118326763,
27127,Redwood,2023,0.116,1790.0,15071,above median,12.0,36.0,0.0,0.0,False,0.0,2958.0,3878.2022529255078,-0.39076599125628597,0.0,False,0.0,-0.4480045667327053,-0.4630020297086608,313405.0,253787.3667223125,0.30440794138839067,0.0,False,0.0,0.2639018712219272,0.20483404355112178,10250.0,10426.269239433574,-0.02459911077146515,0.0,False,0.0,-0.093904338776305,-0.007596496773550232,
27127,Redwood,2024,0.13,1990.0,15053,above median,12.0,36.0,0.0,0.0,False,0.0,3253.0,4431.684289235628,-0.4460842858632912,0.0,False,0.0,-0.4506906260885897,-0.45270309240027484,345125.0,272737.07614130725,0.33960814787251437,0.0,False,0.0,0.3312775991519761,0.26506433330140844,11854.0,11855.246376476613,-0.0001516826924810033,0.0,False,0.0,-0.030092446395793004,-0.007849178884617114,
27129,Renville,2022,0.103,1520.0,14327,above median,12.0,24.0,0.0,0.0,False,0.0,9146.0,2833.5198509850293,1.6905456094740963,1.0,False,0.0,1.5907433943708895,1.5983699826609854,422026.0,195365.76247694748,1.1111542230534432,1.0,False,0.0,1.0146932420155679,1.052823161278912,27288.0,7208.378061721249,1.920520076004781,1.0,False,0.0,1.788746627148159,1.8626975205376506,
27129,Renville,2023,0.116,1690.0,14243,above median,12.0,24.0,0.0,0.0,False,0.0,11876.0,3624.111857296991,1.712349608835229,1.0,False,0.0,1.6388725679754792,1.625289352160999,509394.0,237529.71804547514,1.1006739420585454,1.0,False,0.0,1.046177735221038,0.9885241547117065,34243.0,9719.101244435244,1.8169142859493537,1.0,False,0.0,1.7278029458705966,1.8155250350348275,
27129,Renville,2024,0.13,1890.0,14237,above median,12.0,24.0,0.0,0.0,False,0.0,11599.0,4171.045136311187,1.4755196004070967,1.0,False,0.0,1.4638729391606145,1.4558368061602251,486358.0,256763.73039226292,0.921577222131603,0.0,False,0.0,0.9065831279341676,0.8343461953948959,31852.0,11123.3406095966,1.5177938332032497,1.0,False,0.0,1.4763234167298425,1.4925430175523138,
27131,Rice,2022,0.086,5750.0,59518,at/below median,12.0,60.0,0.0,0.0,False,0.0,33616.0,13911.682525631775,1.2728511523051278,1.0,False,0.0,1.5457537645280617,1.556814593138916,1804949.0,936247.7862476014,0.9469957659638801,0.0,False,0.0,1.2427595942895096,1.2298868145674149,106822.0,37854.273765128906,1.496680705331828,1.0,False,0.0,1.8026227445329468,1.912077123765417,
27131,Rice,2023,0.098,6580.0,59693,at/below median,12.0,72.0,0.0,0.0,False,0.0,70008.0,17991.164169911055,1.9602312487369389,1.0,False,0.0,2.227141020635699,2.2236958083406204,3188525.0,1136506.8772694643,1.4882827785916994,1.0,False,0.0,1.724450088534267,1.6734951383681071,218335.0,51153.83705611628,2.09362905293726,1.0,False,0.0,2.3816588613782486,2.5271231107382466,
27131,Rice,2024,0.11,7490.0,60338,at/below median,12.0,74.0,0.0,0.0,False,0.0,83324.0,21052.18162792194,1.9847623512958332,1.0,False,0.0,2.241521035338385,2.3139889903526702,4370979.0,1286935.2158145902,1.7640170165659121,1.0,False,0.0,2.022444828836541,2.015632604293896,272204.0,61007.17384103574,2.1576374627513744,1.0,False,0.0,2.475237604889724,2.6011959326705467,
27133,Rock,2022,0.088,850.0,9404,at/below median,12.0,12.0,0.0,0.0,False,0.0,1456.0,1413.9596889245336,0.04226936510475987,0.0,False,0.0,-0.33682239418643434,-0.21422400364139793,73582.0,98526.03754950056,-0.42115214694803527,0.0,False,0.0,-0.7336164768304645,-0.6285473488176478,4218.0,3492.864420197125,0.272148451283865,0.0,False,0.0,-0.2096206507284517,0.007598438023820986,
27133,Rock,2023,0.098,940.0,9379,at/below median,12.0,12.0,0.0,0.0,False,0.0,1631.0,1815.1252697876168,-0.15431233634471297,0.0,False,0.0,-0.526494337134924,-0.39264037450922507,87898.0,120872.98385187889,-0.4595895816255329,0.0,False,0.0,-0.7864092077938096,-0.7000649830391916,5472.0,4746.486321243713,0.20520830472313634,0.0,False,0.0,-0.26661676986197946,0.016146654418795592,
27133,Rock,2024,0.105,1010.0,9398,at/below median,12.0,12.0,0.0,0.0,False,0.0,1854.0,1996.675770586132,-0.10695883636761927,0.0,False,0.0,-0.5617721775517763,-0.2854195330240218,102783.0,123303.33837518256,-0.2626101936749521,0.0,False,0.0,-0.6973424648572433,-0.504039844890932,6487.0,5127.112885648908,0.33940477635061406,0.0,False,0.0,-0.23633833681223493,0.10081334021797783,
27135,Roseau,2022,0.095,1450.0,15047,at/below median,12.0,24.0,0.0,0.0,False,0.0,976.0,2678.171129808593,-1.456295096050523,-1.0,False,0.0,-1.6462239770227987,-1.5617994601544405,83577.0,184813.2002128399,-1.1448899252790739,-1.0,False,0.0,-1.304622883447827,-1.2153124188091393,3164.0,6796.949610521015,-1.1031378275617634,-1.0,False,0.0,-1.3435694427995797,-1.1777292111743112,
27135,Roseau,2023,0.107,1640.0,15049,at/below median,12.0,24.0,0.0,0.0,False,0.0,1434.0,3498.061407059627,-1.286510591372636,-1.0,False,0.0,-1.4424208883578675,-1.3813152854596509,88774.0,229454.91701213614,-1.370001613609947,-1.0,False,0.0,-1.5040368227506544,-1.488721271135403,4174.0,9368.94913666245,-1.1664566373176157,-1.0,False,0.0,-1.3636671144628227,-1.1774541282477136,
27135,Roseau,2024,0.118,1800.0,15071,at/below median,12.0,24.0,0.0,0.0,False,0.0,2203.0,3938.52897424099,-0.8381873940736089,0.0,False,0.0,-1.0049131840570533,-0.8702328955265496,123440.0,242510.28622806186,-0.9742359744042055,0.0,False,0.0,-1.1349050192574683,-1.073473158276676,6808.0,10472.38289688417,-0.6212868098140145,0.0,False,0.0,-0.8396254808718631,-0.6631486751522921,
27139,Scott,2022,0.062,9310.0,149421,at/below median,12.0,64.0,3.0,0.046875,False,0.0,13838.0,24755.510833428674,-0.8391142738540598,0.0,False,0.0,-0.8768643525311468,-0.4189172397445996,1799035.0,1651490.3729274333,0.12345469460223057,0.0,False,0.0,0.172771428900802,0.5299327837456485,39587.0,69022.67135871688,-0.8020435704021178,0.0,False,0.0,-0.8168671354820702,-0.21525224310136304,
27139,Scott,2023,0.07,10640.0,151098,at/below median,12.0,72.0,0.0,0.0,False,0.0,16862.0,31701.608310681386,-0.9107803698176973,0.0,False,0.0,-1.0169552111956195,-0.5233869811631939,2379241.0,1976678.3415245586,0.26742328872852283,0.0,False,0.0,0.11706034142848587,0.557768697537913,56127.0,92019.21087078856,-0.7132401353672435,0.0,False,0.0,-0.8425207178080782,-0.12599211573511893,
27139,Scott,2024,0.071,11040.0,152827,at/below median,12.0,59.0,0.0,0.0,False,0.0,7565.0,33218.21793973129,-2.1345626914508316,-1.0,False,0.0,-2.52870038938548,-1.7070336685718273,535199.0,2026667.2600750742,-1.9209619198980832,-1.0,False,0.0,-2.286860815609664,-1.5738790653881374,25604.0,98543.76793475407,-1.9443954220992588,-1.0,False,0.0,-2.3009184035414343,-1.3687537640210747,
27141,Sherburne,2022,0.072,7040.0,95780,at/below median,12.0,56.0,1.0,0.017857142857142856,False,0.0,24311.0,17721.892687137417,0.45607654683420584,0.0,False,0.0,0.5002462404808599,0.7972622911000062,1563201.0,1188289.3212935417,0.3956171531498107,0.0,False,0.0,0.5021665420027865,0.7304185636838794,74512.0,48718.19901851454,0.6130119856170015,0.0,False,0.0,0.6785799744094501,1.1003995425508624,
27141,Sherburne,2023,0.08,7900.0,97121,at/below median,12.0,60.0,0.0,0.0,False,0.0,33882.0,22317.873076224587,0.6023194942419323,0.0,False,0.0,0.5740251183057028,0.9129299840945087,1767310.0,1402856.054196025,0.33318813917777135,0.0,False,0.0,0.27044024352083973,0.5583959982623332,107756.0,63956.88878964967,0.752596537647138,0.0,False,0.0,0.7091643412270976,1.2445828253473454,
27141,Sherburne,2024,0.083,8370.0,98661,at/below median,12.0,70.0,0.0,0.0,False,0.0,36475.0,23989.09898244935,0.6045290063377227,0.0,False,0.0,0.3623403559539007,0.9619029662445138,1975022.0,1465646.1784951068,0.4303318590960288,0.0,False,0.0,0.2093577093866852,0.7092829770960041,113863.0,69985.72664357585,0.702166392371943,0.0,False,0.0,0.4910250324284924,1.1835447780596091,
27143,Sibley,2022,0.096,1430.0,14802,at/below median,12.0,23.0,0.0,0.0,False,0.0,2870.0,2634.0520290087898,0.1237668942482113,0.0,False,0.0,-0.07418751463865725,0.014335977082268414,211446.0,181814.5930418724,0.21782126897888787,0.0,False,0.0,0.04722511157789988,0.14383672396952019,7133.0,6680.285188927888,0.09459927926478429,0.0,False,0.0,-0.15298486445778714,0.015067915812859933,
27143,Sibley,2023,0.111,1650.0,14766,at/below median,12.0,24.0,0.0,0.0,False,0.0,3302.0,3523.217233847721,-0.09355331073633977,0.0,False,0.0,-0.2330942026723708,-0.18679039887603,249855.0,231066.92807469852,0.11278030309713216,0.0,False,0.0,-0.005887558544683813,-0.004609500881033846,8847.0,9438.792569501089,-0.09341399563945885,0.0,False,0.0,-0.2632991008819854,-0.10246661525238743,
27143,Sibley,2024,0.123,1850.0,14840,above median,12.0,24.0,0.0,0.0,False,0.0,3561.0,4067.458845521635,-0.19184531310716224,0.0,False,0.0,-0.2939007208923945,-0.2169483190510071,293892.0,250414.23472108954,0.23096951392679088,0.0,False,0.0,0.13100077930879372,0.138474598604982,10110.0,10833.10149712065,-0.09966334579132408,0.0,False,0.0,-0.2436372435290508,-0.1321969842345152,
27137,St. Louis,2022,0.115,23040.0,192749,above median,12.0,180.0,0.0,0.0,False,0.0,65918.0,73167.88265442727,-0.15053803971660074,0.0,False,0.01712734002852028,0.5973483823154426,0.5258321411744538,4175755.0,4801378.995484484,-0.20141175066170902,0.0,False,0.002223549992755801,0.4400457894641985,0.43745895410083246,140323.0,213571.6591734469,-0.605968718032738,0.0,False,0.008045723081747112,0.3309420148480271,0.30311296432016244,
27137,St. Louis,2023,0.124,24820.0,193031,above median,12.0,180.0,0.0,0.0,False,0.0,69852.0,86038.64287823324,-0.3006833453175908,0.0,False,0.0,0.3919034527002765,0.3051338132952437,4808357.0,5242952.289092518,-0.12483540339818688,0.0,False,0.0,0.48011772689213217,0.3508063330927982,160189.0,259009.01811012483,-0.6932272472871261,0.0,False,0.0,0.17163288579882874,0.1650111484052319,
27137,St. Louis,2024,0.138,27590.0,193487,above median,12.0,181.0,0.0,0.0,False,0.0,67227.0,97504.08636259525,-0.5364219121360136,0.0,False,0.046067800139824776,0.2278584717016532,0.12318983014273632,5104895.0,5921258.359616452,-0.2140225162564704,0.0,False,0.02983175951709095,0.5212873010009531,0.3584496119103733,164630.0,305691.8012928627,-0.8928506019790774,0.0,False,0.04940776286217579,0.08673385332190797,-0.005372909991618435,
27145,Stearns,2022,0.102,16140.0,152308,above median,12.0,132.0,1.0,0.007575757575757576,False,0.0,27720.0,47802.49897433986,-0.7861587825645717,0.0,False,0.0,-0.21198046251255054,-0.21041293395559668,2623677.0,3157242.9860953176,-0.26707517568758377,0.0,False,0.0,0.2516434582663081,0.28051214489614384,82388.0,137042.6570956647,-0.734118902961395,0.0,False,0.0,-0.021410528335209733,0.04836773152832974,
27145,Stearns,2023,0.113,18080.0,152879,above median,12.0,132.0,0.0,0.0,False,0.0,32236.0,59223.58381192881,-0.8774990569932228,0.0,False,0.0,-0.3285512528511765,-0.3533864340700674,3258009.0,3640049.924596793,-0.15996764843883682,0.0,False,0.0,0.31584012080827506,0.24636134603182835,110803.0,175872.03064881652,-0.6665291227980887,0.0,False,0.0,0.0059372963580006655,0.09034144623054674,
27145,Stearns,2024,0.122,19670.0,154441,at/below median,12.0,142.0,1.0,0.007042253521126761,False,0.0,42483.0,65503.82127342128,-0.6246934233114807,0.0,False,0.0,-0.09604531122611881,-0.050816793839244756,3855326.0,3984760.068614624,-0.047640001702099255,0.0,False,0.0,0.4665737150083302,0.4415696808491001,138214.0,201214.19447243327,-0.5418283254625038,0.0,False,0.0,0.14927398174352824,0.23045208853073307,
27147,Steele,2022,0.088,3290.0,36886,at/below median,12.0,36.0,0.0,0.0,False,0.0,24864.0,7134.991401356681,1.8010748126889506,1.0,False,0.0,1.7854268496748888,1.9271993069700764,1275822.4,485082.20619400276,1.3951263490703063,1.0,False,0.0,1.4105874321787528,1.5348306269417193,66473.0,18874.066686009068,1.8163631601978754,1.0,False,0.0,1.796789910467135,2.0331830659695584,
27147,Steele,2023,0.094,3530.0,36897,at/below median,12.0,36.0,0.0,0.0,False,0.0,41689.0,8635.093748327557,2.2713830206193837,1.0,False,0.0,2.1947032076673674,2.3742621831640487,1802515.44,554768.1810955353,1.700054668450079,1.0,False,0.0,1.617752030863974,1.7490369633393001,118234.0,23902.982405887076,2.3063824227958225,1.0,False,0.0,2.2015969180035917,2.5406440566389863,
27147,Steele,2024,0.11,4100.0,36946,at/below median,12.0,36.0,0.0,0.0,False,0.0,59192.0,10366.598556756458,2.513459602920344,1.0,False,0.0,2.4558398400660284,2.690000905037083,2488491.4,635654.9928229213,1.9689555532126306,1.0,False,0.0,1.9174084822001767,2.0722893676143004,181169.0,28968.454059489497,2.6447815151665317,1.0,False,0.0,2.5955341522658433,2.8831855900034373,
27149,Stevens,2022,0.096,930.0,9349,at/below median,12.0,12.0,0.0,0.0,False,0.0,1997.0,1574.5481612388003,0.3428964464309914,0.0,False,0.0,0.06550423978790576,0.11183209863354882,154917.0,109536.61967415398,0.5000822044014157,0.0,False,0.0,0.2613394701386298,0.3157554496549668,5767.0,3907.2962998709795,0.5616503596182625,0.0,False,0.0,0.20323534292155543,0.32909249031692056,
27149,Stevens,2023,0.108,1050.0,9277,at/below median,12.0,12.0,0.0,0.0,False,0.0,2562.0,2068.0386617015793,0.3090073187869802,0.0,False,0.0,0.08740269772613907,0.09921665313205197,144465.0,137302.48317778826,0.07336229117755977,0.0,False,0.0,-0.10911886502654511,-0.142903884616028,7336.0,5433.650848685143,0.4330717739718839,0.0,False,0.0,0.1451387337875687,0.27941539713946684,
27149,Stevens,2024,0.13,1270.0,9255,above median,9.0,12.0,3.0,0.25,True,0.0,1331.0,2613.7395175803986,-0.973604799638661,0.0,False,0.0,-1.0382047336932079,-1.094023409758032,59932.0,161222.50823624228,-1.427654748017659,-1.0,True,0.0,-1.4926968159140834,-1.6127162915177893,3969.0,6805.058848602556,-0.7778320755443477,0.0,False,0.0,-0.9068727980389504,-0.9384357402809129,
27151,Swift,2022,0.113,1110.0,9644,above median,12.0,12.0,0.0,0.0,False,0.0,1197.0,1945.5991992163051,-0.7007913878180556,0.0,False,0.0,-0.8493911607921287,-0.8818361371089962,79349.0,134914.6114733498,-0.7657626563364985,0.0,False,0.0,-0.934793211259775,-0.9047131275997486,3349.0,4871.4699411209285,-0.5406267877992708,0.0,False,0.0,-0.7252702779861941,-0.7102552112755587,
27151,Swift,2023,0.125,1220.0,9609,above median,12.0,12.0,0.0,0.0,False,0.0,1548.0,2468.186114848903,-0.6730457142715558,0.0,False,0.0,-0.7809573887194841,-0.844140170961948,82448.0,163204.0489998806,-0.9851204474828101,0.0,False,0.0,-1.0630258501411625,-1.168559310490358,4334.0,6527.0118332384845,-0.5907235014271244,0.0,False,0.0,-0.7106913526567418,-0.6963709082586775,
27151,Swift,2024,0.157,1530.0,9562,above median,12.0,12.0,0.0,0.0,False,0.0,1834.0,3253.5432645825276,-0.8270180994252865,0.0,False,0.0,-0.6448575555564542,-0.9002434979953553,75982.0,200498.084111317,-1.3998588585948646,-1.0,False,0.0,-1.2398587004391857,-1.5390882793926046,5130.0,8566.593096327182,-0.739762737867462,0.0,False,0.0,-0.5663586615168121,-0.8369556327068155,
27153,Todd,2022,0.109,2750.0,24891,above median,12.0,36.0,0.0,0.0,False,0.0,2425.0,5758.009161871258,-1.247585337151376,-1.0,False,0.0,-1.1677702894892654,-1.172146484152562,246713.0,392744.9694541267,-0.6707590593247374,0.0,False,0.0,-0.6223754527309335,-0.577035279018796,6637.0,15094.07082529217,-1.185378769492095,-1.0,False,0.0,-1.0829558083443338,-1.0323262551513697,
27153,Todd,2023,0.116,2940.0,25022,above median,12.0,36.0,0.0,0.0,False,0.0,3800.0,6960.5356760754075,-0.8731989202015615,0.0,False,0.0,-0.8180491621774015,-0.817481231161526,322180.0,449407.5401376874,-0.4801573916874311,0.0,False,0.0,-0.42768134830092563,-0.4711837819798994,10819.0,19116.61510246707,-0.8212599370248075,0.0,False,0.0,-0.7473830530238885,-0.6455098170293017,
27153,Todd,2024,0.126,3220.0,25220,above median,12.0,36.0,0.0,0.0,False,0.0,4513.0,7803.320625605236,-0.7900014006349885,0.0,False,0.0,-0.7196242810789046,-0.6746793937998874,332640.0,479066.8670907893,-0.5262653748811665,0.0,False,0.0,-0.4601134555105073,-0.48238524377398395,13574.0,21489.958134013534,-0.6628167539230372,0.0,False,0.0,-0.5817170297270948,-0.5066694808364818,
27155,Traverse,2022,0.098,330.0,3245,at/below median,12.0,24.0,0.0,0.0,False,0.0,590.0,456.04954355486075,0.37152439245659785,0.0,False,0.0,-0.1824396099298049,-0.1524506828116423,40784.0,32329.62599017267,0.3351464609327941,0.0,False,0.0,-0.15938153725883986,-0.11490014366925205,1567.0,1073.9272166246374,0.5451089590875817,0.0,False,0.0,-0.16170402377154858,-0.05595866051804155,
27155,Traverse,2023,0.116,380.0,3177,above median,12.0,24.0,0.0,0.0,False,0.0,709.0,624.101398523869,0.1840051828914202,0.0,False,0.0,-0.2627309350809117,-0.2878782857475415,39149.0,42593.27170858236,-0.1216500949966779,0.0,False,0.0,-0.4910408120155232,-0.5602585273770035,1688.0,1569.6413075088367,0.10487999015182048,0.0,False,0.0,-0.45010328783794584,-0.3739453335258651,
27155,Traverse,2024,0.132,430.0,3141,above median,12.0,24.0,0.0,0.0,False,0.0,759.0,731.6788850204094,0.0528892598535311,0.0,False,0.0,-0.2911682799693409,-0.3419422581843895,43089.0,45380.1918558992,-0.07474309128174639,0.0,False,0.0,-0.4128364217168432,-0.5263032614689696,1831.0,1784.4445391107508,0.037156728298766595,0.0,False,0.0,-0.4627178711267863,-0.4921595794133409,
27157,Wabasha,2022,0.089,1910.0,21211,at/below median,12.0,60.0,0.0,0.0,False,0.0,5358.0,3723.5144618145778,0.5250296203139424,0.0,False,0.0,0.36165065867157065,0.497422330104238,395774.8,255664.78122079262,0.6304263175714695,0.0,False,0.0,0.5092251374711623,0.6306697192719737,16350.0,9582.546842406064,0.7708095852351473,0.0,False,0.0,0.5657142381721751,0.7942201816048899,
27157,Wabasha,2023,0.099,2140.0,21294,at/below median,12.0,60.0,0.0,0.0,False,0.0,8246.0,4786.902358168711,0.7846020825387736,0.0,False,0.0,0.6231631333811443,0.7584191699434457,546178.7,311739.2692779607,0.8090331523453607,0.0,False,0.0,0.6605903156303636,0.7485276906091523,25124.0,12968.491343887617,0.9540555173196275,0.0,False,0.0,0.7466737359630589,1.0281945588095285,
27157,Wabasha,2024,0.097,2080.0,21356,at/below median,12.0,60.0,0.0,0.0,False,0.0,10283.0,4668.238465753711,1.139311058411872,1.0,False,0.0,0.7320953667158907,1.1439003055750339,755082.59,287230.85543036123,1.3944237159966235,1.0,False,0.0,1.0080415438680959,1.3307647061585763,30035.0,12521.438838897087,1.2622443119395825,1.0,False,0.0,0.7853085978250895,1.2696064247641599,
27159,Wadena,2022,0.12,1700.0,13761,above median,12.0,48.0,1.0,0.020833333333333332,False,0.0,2145.0,3239.3373970157268,-0.5947210938417253,0.0,False,0.0,-0.5749332689415931,-0.6552567114531862,148910.0,222891.86335634845,-0.581903311266494,0.0,False,0.0,-0.6161483309376106,-0.6115315031697568,5684.0,8287.541925958958,-0.5440377091326258,0.0,False,0.0,-0.515985719592674,-0.5620541025270898,
27159,Wadena,2023,0.129,1820.0,13797,above median,12.0,48.0,1.0,0.020833333333333332,False,0.0,2634.0,3954.9321371869123,-0.5863975940634685,0.0,False,0.0,-0.5573608847731286,-0.654347599485654,172574.9,258691.94015292943,-0.5840124575861694,0.0,False,0.0,-0.5413772798719645,-0.6799503675409495,7216.0,10640.156772541735,-0.5602481640224823,0.0,False,0.0,-0.507865836177146,-0.5379280257327801,
27159,Wadena,2024,0.139,1990.0,13923,above median,12.0,48.0,0.0,0.0,False,0.0,2979.0,4431.684289235628,-0.5730269846548932,0.0,False,0.0,-0.4724045474745324,-0.5796457911918768,198980.09,272737.07614130725,-0.4548867533944403,0.0,False,0.0,-0.36477424571744166,-0.5294305679655471,8573.0,11855.246376476613,-0.4676535967985913,0.0,False,0.0,-0.3792099955715891,-0.47535109299072653,
27161,Waseca,2022,0.088,1670.0,18111,at/below median,12.0,36.0,0.0,0.0,False,0.0,3482.0,3171.0895103588737,0.13493760201264315,0.0,False,0.0,-0.024436309614888962,0.06936848747465629,213774.0,218266.55312829025,-0.030004672909992536,0.0,False,0.0,-0.14047463721073683,-0.06419910265341233,10279.0,8105.633803814303,0.3427030138032414,0.0,False,0.0,0.12992850386739896,0.31835399916417995,
27161,Waseca,2023,0.102,1940.0,18062,at/below median,12.0,36.0,0.0,0.0,False,1.0,5037.0,4264.0860294030645,0.24032818573645365,0.0,False,0.0,0.1335050045978905,0.1888435839275866,247678.0,278431.3133673771,-0.168855744004194,0.0,False,0.0,-0.259418637561037,-0.250825490952149,10744.0,11503.442253632522,-0.09853442339145246,0.0,False,0.0,-0.2494556010502862,-0.05578626154915023,
27161,Waseca,2024,0.109,2060.0,17851,at/below median,12.0,36.0,0.0,0.0,False,0.0,7311.0,4615.512600545199,0.6635778687657563,0.0,False,0.0,0.48880848210540684,0.6657189303635205,288908.0,284000.5981585773,0.024716185048085038,0.0,False,0.0,-0.13819670248394011,-0.04132040278366045,15444.0,12372.797026884637,0.31987478279106263,0.0,False,0.0,0.09208485827822344,0.32394741125005977,
27163,Washington,2022,0.065,17390.0,265165,at/below median,12.0,136.0,1.0,0.007352941176470588,False,0.0,174210.0,52263.06912464881,1.7369636860147022,1.0,False,0.0,1.926513362475199,2.3337979893022283,7661516.0,3447172.4324137093,1.1522164233002243,1.0,False,0.0,1.4028291715437202,1.7189345591301421,555649.0,150396.7799627588,1.8854001503920124,1.0,False,0.0,2.1491249529311975,2.6944180807308187,
27163,Washington,2023,0.077,21010.0,269034,at/below median,12.0,143.0,0.0,0.0,False,0.0,269302.0,70693.78512698064,1.9295696495285846,1.0,False,0.0,2.110743520234646,2.49241238242812,9683877.0,4327385.940358853,1.1620889609572274,1.0,False,0.0,1.2711275053141318,1.6012740275975865,1000045.0,211294.99289365255,2.2427344349038627,1.0,False,0.0,2.461539527040175,3.0476560336778187,
27163,Washington,2024,0.081,22480.0,273029,at/below median,12.0,144.0,0.0,0.0,False,0.0,298752.0,76637.95327206027,1.9628174338374293,1.0,False,0.0,1.9294402757972406,2.570528946588664,10365138.0,4658924.644467061,1.1536704234632644,1.0,False,0.0,1.1357957747927063,1.675739165001029,1116400.0,237320.89397172947,2.233943001948724,1.0,False,0.0,2.3147161080849923,3.0516853781112863,
27165,Watonwan,2022,0.109,1220.0,11059,above median,12.0,12.0,0.0,0.0,False,0.0,2450.0,2178.3703639969513,0.16953248898536621,0.0,False,0.0,0.01742996734590907,0.015200988624654244,185305.0,150796.35268484624,0.2973002749427991,0.0,False,0.0,0.13509587435707537,0.18258326401125569,8893.0,5480.420001343409,0.6983837248281102,0.0,False,0.0,0.5095863579803037,0.5623631271153102,
27165,Watonwan,2023,0.117,1310.0,11025,above median,12.0,12.0,0.0,0.0,False,0.0,3883.0,2684.1980150108766,0.532680603243044,0.0,False,0.0,0.3902023363291729,0.3799404008275553,259856.0,177145.28342754804,0.5527793172358209,0.0,False,0.0,0.4390522175300351,0.384910993621137,15945.0,7120.012481493798,1.1631524222165623,1.0,False,0.0,0.9918777727065251,1.080276466812708,
27165,Watonwan,2024,0.149,1670.0,11061,above median,12.0,12.0,0.0,0.0,False,0.0,5036.0,3606.2853563692106,0.48176472490824374,0.0,False,0.0,0.6088648286429397,0.43072469634720645,346173.0,222137.10987335886,0.64004277774076,0.0,False,0.0,0.7503744044807856,0.5223588836633146,21459.0,9545.674901348728,1.1686637391269024,1.0,False,0.0,1.2829373393955041,1.1012800339261393,
27167,Wilkin,2022,0.111,720.0,6323,,,,,,,,,,,,,,,,,,,,,,,,,,,,,,,,no food shelf in data; not scored
27167,Wilkin,2023,0.124,790.0,6276,,,,,,,,,,,,,,,,,,,,,,,,,,,,,,,,no food shelf in data; not scored
27167,Wilkin,2024,0.128,810.0,6241,,,,,,,,,,,,,,,,,,,,,,,,,,,,,,,,no food shelf in data; not scored
27169,Winona,2022,0.099,4950.0,46485,at/below median,12.0,24.0,0.0,0.0,False,0.0,8861.0,11629.672442366735,-0.39226903579459105,0.0,False,0.0,-0.121976797892005,-0.15065861601808794,536335.0,784805.7314964143,-0.5492011742835139,0.0,False,0.0,-0.2937443406842881,-0.30473151943858046,19335.0,31405.965069614336,-0.699823837977501,0.0,False,0.0,-0.38289976843104157,-0.3377115766289709,
27169,Winona,2023,0.109,5410.0,46528,at/below median,12.0,24.0,0.0,0.0,False,0.0,12232.0,14283.427668926424,-0.22368192018632982,0.0,False,0.0,0.011012458315146745,-0.010704682009482713,650001.0,907089.814024306,-0.48080346626160164,0.0,False,0.0,-0.27129618276782885,-0.3384212218002869,27461.0,40271.12287230197,-0.5523615366593511,0.0,False,0.0,-0.27960614273202644,-0.1815052504815804,
27169,Winona,2024,0.123,6110.0,46730,above median,12.0,24.0,0.0,0.0,False,0.0,14636.0,16570.033577765545,-0.1790552052716432,0.0,False,0.0,0.09040831383963344,0.09857155162259978,704333.0,1013983.6502453806,-0.5257048063318059,0.0,False,0.0,-0.26288557535684554,-0.32420092011907986,34483.0,47431.77322220719,-0.4599685106575091,0.0,False,0.0,-0.12839289253688158,-0.08574179730076725,
27171,Wright,2022,0.068,9730.0,141270,at/below median,12.0,84.0,0.0,0.0,False,0.0,19100.0,26096.978115607904,-0.45031012217287625,0.0,False,0.0,-0.3774692347088866,-0.017638684673030647,1671654.0,1739585.516747786,-0.05746733414326144,0.0,False,0.0,0.08206933110135495,0.36032716059769676,53502.0,72925.47824964156,-0.4468301194040958,0.0,False,0.0,-0.3365245702200923,0.15565520216678763,
27171,Wright,2023,0.077,11210.0,144135,at/below median,12.0,84.0,0.0,0.0,False,0.0,24623.0,33712.913733081645,-0.4532947750649914,0.0,False,0.0,-0.440035167587828,-0.052444226190286436,2140459.0,2099116.7651398634,0.028137781317518318,0.0,False,0.0,-0.006169243741577901,0.3298993577459459,73887.0,98077.28331625709,-0.40859846510644005,0.0,False,0.0,-0.39669322522555106,0.19534536061615926,
27171,Wright,2024,0.079,11730.0,147237,at/below median,12.0,84.0,0.0,0.0,False,0.0,27232.0,35672.16812514884,-0.389495962155495,0.0,False,0.0,-0.6335854987838951,0.05339444475969635,2365046.0,2175716.2790535023,0.12037780774957696,0.0,False,0.0,-0.1019477129002837,0.48237901205840394,85585.0,106211.47037232843,-0.3115097084082663,0.0,False,0.0,-0.5010118598973676,0.28477214677546314,
27173,Yellow Medicine,2022,0.097,930.0,9398,at/below median,12.0,24.0,0.0,0.0,False,0.0,1603.0,1574.5481612388003,0.025836539141566917,0.0,False,0.0,-0.2668423554830355,-0.20522780865587575,127309.0,109536.61967415398,0.2169211486688667,0.0,False,0.0,-0.04031044647580195,0.03259439392241781,3713.0,3907.2962998709795,-0.0735853475841175,0.0,False,0.0,-0.44540062605515196,-0.3061432168854594,
27173,Yellow Medicine,2023,0.102,970.0,9367,at/below median,12.0,24.0,0.0,0.0,False,0.0,1920.0,1883.6023341053444,0.027611895449421553,0.0,False,0.0,-0.3106547348581721,-0.2026148361220811,157080.0,125326.2332599747,0.32581107223391115,0.0,False,0.0,0.030913819270846687,0.09220828528613101,4782.0,4932.212336716493,-0.04462078050502427,0.0,False,0.0,-0.4700020951724948,-0.2236314362649643,
27173,Yellow Medicine,2024,0.11,1040.0,9326,at/below median,12.0,24.0,0.0,0.0,False,0.0,2206.0,2066.579692050681,0.09418779251589449,0.0,False,0.0,-0.303969824738898,-0.07685622144746751,167169.0,127601.28658886053,0.389664461592762,0.0,False,0.0,0.00760416645049844,0.1554375901849987,5355.0,5315.996896831216,0.010546312522377477,0.0,False,0.0,-0.4986837350700224,-0.218079759012054,
