year,month,county_code,county,snap_cases,snap_people,snap_expenditure
2022,January,1,AITKIN,685,1231,275717
2022,January,2,ANOKA,9812,20078,4422330
2022,January,3,BECKER,1061,2035,452408
2022,January,4,BELTRAMI,1972,3598,813810
2022,January,5,BENTON,1909,3698,843032
2022,January,6,BIG STONE,214,408,89724
2022,January,7,BLUE EARTH,2680,5183,1167460
2022,January,8,BROWN,735,1449,317529
2022,January,9,CARLTON,1409,2481,570414
2022,January,10,CARVER,1358,2736,599530
2022,January,11,CASS,2067,4195,956815
2022,January,12,CHIPPEWA,505,1005,215182
2022,January,13,CHISAGO,1253,2297,519246
2022,January,14,CLAY,3410,7187,1613173
2022,January,15,CLEARWATER,381,748,168785
2022,January,16,COOK,140,235,52404
2022,January,17,COTTONWOOD,531,1092,236352
2022,January,18,CROW WING,2342,4324,961221
2022,January,19,DAKOTA,10200,20381,4598493
2022,January,21,DOUGLAS,1207,2217,504856
2022,January,22,FARIBAULT,637,1334,291223
2022,January,23,FILLMORE,588,1091,242412
2022,January,24,FREEBORN,1638,3483,771091
2022,January,25,GOODHUE,1305,2411,538249
2022,January,27,HENNEPIN,59145,108039,25212133
2022,January,28,HOUSTON,469,888,194444
2022,January,29,HUBBARD,987,1975,441790
2022,January,30,ISANTI,1213,2295,518468
2022,January,31,ITASCA,2329,4259,963176
2022,January,32,JACKSON,303,621,140725
2022,January,33,KANABEC,829,1445,332998
2022,January,34,KANDIYOHI,1986,4381,955790
2022,January,35,KITTSON,148,351,76928
2022,January,36,KOOCHICHING,712,1214,273751
2022,January,37,LAC QUI PARLE,223,430,95011
2022,January,38,LAKE,329,632,143281
2022,January,39,LAKE OF THE WOODS,148,295,64282
2022,January,40,LE SUEUR,599,1230,269257
2022,January,41,LINCOLN,162,284,63542
2022,January,42,LYON,1105,2416,520671
2022,January,43,MCLEOD,893,1690,358959
2022,January,44,MAHNOMEN,159,308,70998
2022,January,45,MARSHALL,271,523,116799
2022,January,46,MARTIN,945,1909,419122
2022,January,47,MEEKER,731,1459,318523
2022,January,48,MILLE LACS,1165,2164,487426
2022,January,49,MORRISON,1167,2177,492403
2022,January,50,MOWER,1989,4370,934161
2022,January,51,MURRAY,244,500,105046
2022,January,52,NICOLLET,916,2065,441856
2022,January,53,NOBLES,790,1682,372799
2022,January,54,NORMAN,294,620,137038
2022,January,55,OLMSTED,6102,12684,2812276
2022,January,56,OTTER TAIL,1860,3452,765444
2022,January,57,PENNINGTON,569,1036,225540
2022,January,58,PINE,1468,2663,605064
2022,January,59,PIPESTONE,322,718,151005
2022,January,60,POLK,1709,3541,773518
2022,January,61,WPHS,573,1148,255050
2022,January,62,RAMSEY,32962,67278,15387787
2022,January,63,RED LAKE,142,294,64562
2022,January,64,REDWOOD,487,1004,218069
2022,January,65,RENVILLE,549,1131,247076
2022,January,66,RICE,1634,3679,795354
2022,January,67,ROCK,302,616,130497
2022,January,68,ROSEAU,427,910,201066
2022,January,69,ST. LOUIS,11050,18312,4288983
2022,January,70,SCOTT,2405,5545,1185926
2022,January,71,SHERBURNE,1989,4723,1015902
2022,January,72,SIBLEY,427,870,186502
2022,January,73,STEARNS,6044,14078,3095268
2022,January,74,MNPRAIRIE,2638,5560,1225189
2022,January,75,STEVENS,307,567,126341
2022,January,76,SWIFT,428,863,184238
2022,January,77,TODD,875,1661,366425
2022,January,78,TRAVERSE,216,469,101845
2022,January,79,WABASHA,530,963,214754
2022,January,80,WADENA,783,1575,343481
2022,January,82,WASHINGTON,4726,9113,2066814
2022,January,83,WATONWAN,308,642,137010
2022,January,84,WILKIN,335,658,145696
2022,January,85,WINONA,1678,3039,691815
2022,January,86,WRIGHT,2379,4628,1045168
2022,January,87,YELLOW MEDICINE,305,587,130478
2022,January,88,MILLE-LACS-BAND TRIBE,13,39,8175
2022,January,92,WHITE EARTH NATION,1188,2305,552891
2022,January,93,RED LAKE INDIAN RESV,1598,3572,818347
2022,February,1,AITKIN,686,1230,286856
2022,February,2,ANOKA,9770,20034,4545920
2022,February,3,BECKER,1072,2057,462718
2022,February,4,BELTRAMI,2012,3666,858763
2022,February,5,BENTON,1918,3785,876160
2022,February,6,BIG STONE,215,413,95324
2022,February,7,BLUE EARTH,2730,5219,1191572
2022,February,8,BROWN,731,1459,322076
2022,February,9,CARLTON,1422,2531,601388
2022,February,10,CARVER,1369,2759,624577
2022,February,11,CASS,2089,4250,997816
2022,February,12,CHIPPEWA,507,1028,241745
2022,February,13,CHISAGO,1268,2316,544324
2022,February,14,CLAY,3437,7253,1647900.38
2022,February,15,CLEARWATER,384,752,168032
2022,February,16,COOK,142,246,56361
2022,February,17,COTTONWOOD,540,1108,243543
2022,February,18,CROW WING,2341,4370,1000926
2022,February,19,DAKOTA,10278,20540,4747855
2022,February,21,DOUGLAS,1218,2244,517168
2022,February,22,FARIBAULT,646,1344,298921
2022,February,23,FILLMORE,612,1147,257059
2022,February,24,FREEBORN,1638,3494,777322
2022,February,25,GOODHUE,1309,2444,556504
2022,February,27,HENNEPIN,59682,109583,26787450
2022,February,28,HOUSTON,451,859,193973
2022,February,29,HUBBARD,999,2047,457857
2022,February,30,ISANTI,1211,2287,547692
2022,February,31,ITASCA,2355,4321,1011906
2022,February,32,JACKSON,310,636,148407
2022,February,33,KANABEC,825,1462,343761
2022,February,34,KANDIYOHI,1987,4383,962527
2022,February,35,KITTSON,151,361,80308
2022,February,36,KOOCHICHING,725,1229,285552
2022,February,37,LAC QUI PARLE,232,461,101789
2022,February,38,LAKE,334,633,143782
2022,February,39,LAKE OF THE WOODS,143,285,65555
2022,February,40,LE SUEUR,619,1270,280544
2022,February,41,LINCOLN,164,289,67492
2022,February,42,LYON,1104,2399,532986
2022,February,43,MCLEOD,893,1694,382286
2022,February,44,MAHNOMEN,171,334,76076
2022,February,45,MARSHALL,277,535,120497
2022,February,46,MARTIN,953,1924,433828
2022,February,47,MEEKER,725,1425,316341
2022,February,48,MILLE LACS,1164,2153,498756
2022,February,49,MORRISON,1167,2186,495747
2022,February,50,MOWER,1964,4295,966100
2022,February,51,MURRAY,243,498,115204
2022,February,52,NICOLLET,903,2045,449914
2022,February,53,NOBLES,807,1730,378316
2022,February,54,NORMAN,295,627,140819
2022,February,55,OLMSTED,6147,12870,2907614
2022,February,56,OTTER TAIL,1878,3552,814805
2022,February,57,PENNINGTON,561,1017,229383
2022,February,58,PINE,1467,2673,619009
2022,February,59,PIPESTONE,327,715,166875
2022,February,60,POLK,1705,3550,800549
2022,February,61,WPHS,588,1171,263814
2022,February,62,RAMSEY,33046,67667,15967285
2022,February,63,RED LAKE,148,306,69262
2022,February,64,REDWOOD,495,1044,225867
2022,February,65,RENVILLE,569,1170,264959
2022,February,66,RICE,1623,3666,798146
2022,February,67,ROCK,291,593,134085
2022,February,68,ROSEAU,422,897,193886
2022,February,69,ST. LOUIS,11116,18393,4408100.52
2022,February,70,SCOTT,2420,5609,1229493
2022,February,71,SHERBURNE,1995,4741,1035828
2022,February,72,SIBLEY,413,836,186252
2022,February,73,STEARNS,6116,14285,3185021
2022,February,74,MNPRAIRIE,2667,5676,1273123
2022,February,75,STEVENS,316,607,134000
2022,February,76,SWIFT,436,881,197406
2022,February,77,TODD,898,1724,401871
2022,February,78,TRAVERSE,214,472,103868
2022,February,79,WABASHA,526,967,218264
2022,February,80,WADENA,783,1589,356404
2022,February,82,WASHINGTON,4717,9144,2129164
2022,February,83,WATONWAN,314,651,143815
2022,February,84,WILKIN,335,667,149997
2022,February,85,WINONA,1693,3043,700085
2022,February,86,WRIGHT,2409,4757,1097277.49
2022,February,87,YELLOW MEDICINE,298,571,125951
2022,February,88,MILLE-LACS-BAND TRIBE,29,97,31795
2022,February,92,WHITE EARTH NATION,1185,2327,563001
2022,February,93,RED LAKE INDIAN RESV,1570,3494,811353
2022,March,1,AITKIN,688,1222,281177
2022,March,2,ANOKA,9849,20193,4611066
2022,March,3,BECKER,1082,2112,471654
2022,March,4,BELTRAMI,2059,3757,900075
2022,March,5,BENTON,1941,3810,883235
2022,March,6,BIG STONE,215,419,88579
2022,March,7,BLUE EARTH,2744,5266,1213185
2022,March,8,BROWN,745,1483,327568
2022,March,9,CARLTON,1445,2594,614398
2022,March,10,CARVER,1398,2813,642848
2022,March,11,CASS,2116,4272,1002964
2022,March,12,CHIPPEWA,503,1028,238376
2022,March,13,CHISAGO,1292,2397,561257
2022,March,14,CLAY,3504,7395,1718022.65
2022,March,15,CLEARWATER,384,743,168725
2022,March,16,COOK,147,252,59877
2022,March,17,COTTONWOOD,537,1097,250652
2022,March,18,CROW WING,2375,4436,1014639
2022,March,19,DAKOTA,10373,20734,4841017.22
2022,March,21,DOUGLAS,1235,2290,530629
2022,March,22,FARIBAULT,642,1328,298232
2022,March,23,FILLMORE,619,1157,268418
2022,March,24,FREEBORN,1640,3487,773309
2022,March,25,GOODHUE,1331,2456,571470
2022,March,27,HENNEPIN,61543,112716,26445235.75
2022,March,28,HOUSTON,461,878,198500
2022,March,29,HUBBARD,1000,2024,456681
2022,March,30,ISANTI,1224,2310,536031
2022,March,31,ITASCA,2385,4404,1029848
2022,March,32,JACKSON,319,663,148786
2022,March,33,KANABEC,819,1436,340201
2022,March,34,KANDIYOHI,1961,4301,944636
2022,March,35,KITTSON,147,358,77133
2022,March,36,KOOCHICHING,736,1240,285142
2022,March,37,LAC QUI PARLE,228,452,102038
2022,March,38,LAKE,329,601,143653
2022,March,39,LAKE OF THE WOODS,144,290,67644
2022,March,40,LE SUEUR,622,1274,288273
2022,March,41,LINCOLN,161,289,66295
2022,March,42,LYON,1102,2397,532665
2022,March,43,MCLEOD,887,1707,377897
2022,March,44,MAHNOMEN,174,338,81586
2022,March,45,MARSHALL,277,544,121560
2022,March,46,MARTIN,955,1926,428962
2022,March,47,MEEKER,733,1436,317238
2022,March,48,MILLE LACS,1174,2176,500747
2022,March,49,MORRISON,1185,2208,509081
2022,March,50,MOWER,1985,4340,953374
2022,March,51,MURRAY,245,498,111257
2022,March,52,NICOLLET,918,2066,455883
2022,March,53,NOBLES,809,1728,384308
2022,March,54,NORMAN,296,626,139974
2022,March,55,OLMSTED,6201,12938,2944699
2022,March,56,OTTER TAIL,1910,3609,833380
2022,March,57,PENNINGTON,562,1038,237510
2022,March,58,PINE,1478,2662,623722
2022,March,59,PIPESTONE,340,719,157885
2022,March,60,POLK,1733,3612,821919
2022,March,61,WPHS,603,1169,264354
2022,March,62,RAMSEY,33624,68552,16136858.36
2022,March,63,RED LAKE,150,311,68311
2022,March,64,REDWOOD,510,1072,244098
2022,March,65,RENVILLE,560,1140,258137
2022,March,66,RICE,1632,3688,828636
2022,March,67,ROCK,288,591,128290
2022,March,68,ROSEAU,418,883,189506
2022,March,69,ST. LOUIS,11238,18597,4458733.25
2022,March,70,SCOTT,2437,5633,1216110
2022,March,71,SHERBURNE,2045,4866,1073342
2022,March,72,SIBLEY,402,806,185785
2022,March,73,STEARNS,6149,14346,3164043
2022,March,74,MNPRAIRIE,2712,5774,1266770
2022,March,75,STEVENS,324,630,144821
2022,March,76,SWIFT,432,865,193153
2022,March,77,TODD,897,1727,397583
2022,March,78,TRAVERSE,213,470,102770
2022,March,79,WABASHA,525,936,211991
2022,March,80,WADENA,805,1600,361240
2022,March,82,WASHINGTON,4832,9420,2143076
2022,March,83,WATONWAN,311,634,137606
2022,March,84,WILKIN,339,679,153847
2022,March,85,WINONA,1704,3050,709580
2022,March,86,WRIGHT,2433,4768,1095116
2022,March,87,YELLOW MEDICINE,302,581,131674
2022,March,88,MILLE-LACS-BAND TRIBE,29,96,20161
2022,March,92,WHITE EARTH NATION,1196,2354,565337
2022,March,93,RED LAKE INDIAN RESV,1583,3489,813424
2022,April,1,AITKIN,690,1213,279020
2022,April,2,ANOKA,9923,20372,4600588
2022,April,3,BECKER,1116,2146,483803
2022,April,4,BELTRAMI,2102,3806,886922
2022,April,5,BENTON,1951,3831,872083.52
2022,April,6,BIG STONE,214,403,91672
2022,April,7,BLUE EARTH,2733,5196,1185777
2022,April,8,BROWN,745,1468,330655
2022,April,9,CARLTON,1443,2559,589462
2022,April,10,CARVER,1413,2843,641124
2022,April,11,CASS,2105,4273,1002563
2022,April,12,CHIPPEWA,509,1061,238394
2022,April,13,CHISAGO,1301,2434,556917
2022,April,14,CLAY,3554,7492,1703568
2022,April,15,CLEARWATER,377,743,167783
2022,April,16,COOK,146,256,62218
2022,April,17,COTTONWOOD,542,1110,236752
2022,April,18,CROW WING,2364,4400,997266
2022,April,19,DAKOTA,10388,20742,4747596
2022,April,21,DOUGLAS,1244,2315,536056
2022,April,22,FARIBAULT,643,1319,285963
2022,April,23,FILLMORE,618,1167,260875
2022,April,24,FREEBORN,1654,3497,769392
2022,April,25,GOODHUE,1360,2524,571696
2022,April,27,HENNEPIN,60651,110679,26094566.47
2022,April,28,HOUSTON,462,888,193336
2022,April,29,HUBBARD,988,2019,455255
2022,April,30,ISANTI,1222,2286,527768
2022,April,31,ITASCA,2402,4423,1029565
2022,April,32,JACKSON,320,672,151342
2022,April,33,KANABEC,818,1454,334930
2022,April,34,KANDIYOHI,1929,4239,919848
2022,April,35,KITTSON,146,354,77733
2022,April,36,KOOCHICHING,738,1261,293761
2022,April,37,LAC QUI PARLE,228,456,99280
2022,April,38,LAKE,337,622,140173
2022,April,39,LAKE OF THE WOODS,144,283,63746
2022,April,40,LE SUEUR,633,1301,286853
2022,April,41,LINCOLN,166,299,64737
2022,April,42,LYON,1123,2445,530363
2022,April,43,MCLEOD,896,1710,376449
2022,April,44,MAHNOMEN,169,321,77009
2022,April,45,MARSHALL,275,553,118604
2022,April,46,MARTIN,941,1877,424855
2022,April,47,MEEKER,752,1468,332256
2022,April,48,MILLE LACS,1193,2203,498119
2022,April,49,MORRISON,1187,2206,501831
2022,April,50,MOWER,1986,4356,973009
2022,April,51,MURRAY,245,495,111075
2022,April,52,NICOLLET,898,2034,435010
2022,April,53,NOBLES,818,1741,383273
2022,April,54,NORMAN,297,614,140281
2022,April,55,OLMSTED,6224,12945,2901421
2022,April,56,OTTER TAIL,1921,3614,824959
2022,April,57,PENNINGTON,557,1030,233078
2022,April,58,PINE,1491,2673,609605
2022,April,59,PIPESTONE,343,732,160833
2022,April,60,POLK,1743,3640,806347
2022,April,61,WPHS,598,1161,261362
2022,April,62,RAMSEY,33994,69021,16100680
2022,April,63,RED LAKE,153,316,67675
2022,April,64,REDWOOD,513,1076,243402
2022,April,65,RENVILLE,569,1169,253835
2022,April,66,RICE,1673,3756,810274
2022,April,67,ROCK,297,590,130856
2022,April,68,ROSEAU,407,848,190504
2022,April,69,ST. LOUIS,11333,18760,4513021
2022,April,70,SCOTT,2445,5633,1226445
2022,April,71,SHERBURNE,2050,4925,1087036
2022,April,72,SIBLEY,411,814,181567
2022,April,73,STEARNS,6142,14297,3149670
2022,April,74,MNPRAIRIE,2702,5725,1274329
2022,April,75,STEVENS,323,642,143756
2022,April,76,SWIFT,421,821,179752
2022,April,77,TODD,893,1704,384388
2022,April,78,TRAVERSE,207,451,96915
2022,April,79,WABASHA,525,933,215034
2022,April,80,WADENA,797,1600,360071
2022,April,82,WASHINGTON,4821,9413,2142752
2022,April,83,WATONWAN,317,640,140283
2022,April,84,WILKIN,332,663,149958
2022,April,85,WINONA,1709,3045,707076
2022,April,86,WRIGHT,2447,4735,1087627
2022,April,87,YELLOW MEDICINE,303,579,134478
2022,April,88,MILLE-LACS-BAND TRIBE,27,89,19336
2022,April,92,WHITE EARTH NATION,1204,2378,578931
2022,April,93,RED LAKE INDIAN RESV,1607,3497,811351
2022,May,1,AITKIN,700,1215,282679
2022,May,2,ANOKA,9904,20234,4632521
2022,May,3,BECKER,1111,2147,471757
2022,May,4,BELTRAMI,2112,3838,906980
2022,May,5,BENTON,1993,3854,881411
2022,May,6,BIG STONE,219,420,93709
2022,May,7,BLUE EARTH,2719,5167,1181169
2022,May,8,BROWN,753,1497,333883
2022,May,9,CARLTON,1443,2522,599671
2022,May,10,CARVER,1415,2865,651699
2022,May,11,CASS,2117,4269,1006744
2022,May,12,CHIPPEWA,499,1039,233265
2022,May,13,CHISAGO,1306,2452,567440
2022,May,14,CLAY,3542,7428,1704276
2022,May,15,CLEARWATER,380,738,163722
2022,May,16,COOK,145,256,59997
2022,May,17,COTTONWOOD,535,1111,245109
2022,May,18,CROW WING,2367,4360,993867
2022,May,19,DAKOTA,10353,20639,4743782
2022,May,21,DOUGLAS,1222,2267,527939
2022,May,22,FARIBAULT,649,1335,303594
2022,May,23,FILLMORE,613,1164,268487
2022,May,24,FREEBORN,1647,3476,784789
2022,May,25,GOODHUE,1357,2519,571778
2022,May,27,HENNEPIN,60793,110550,26232462.01
2022,May,28,HOUSTON,466,894,202171
2022,May,29,HUBBARD,990,2017,451196
2022,May,30,ISANTI,1216,2260,526488
2022,May,31,ITASCA,2408,4426,1029829
2022,May,32,JACKSON,325,681,157390
2022,May,33,KANABEC,820,1450,340550
2022,May,34,KANDIYOHI,1937,4251,923815
2022,May,35,KITTSON,146,345,75993
2022,May,36,KOOCHICHING,747,1278,299935
2022,May,37,LAC QUI PARLE,229,451,99899
2022,May,38,LAKE,344,638,147798
2022,May,39,LAKE OF THE WOODS,143,285,61670
2022,May,40,LE SUEUR,644,1315,293157
2022,May,41,LINCOLN,160,289,67114
2022,May,42,LYON,1120,2446,539122
2022,May,43,MCLEOD,919,1742,395436
2022,May,44,MAHNOMEN,165,318,75855
2022,May,45,MARSHALL,271,548,122880
2022,May,46,MARTIN,947,1888,426647
2022,May,47,MEEKER,745,1435,323909
2022,May,48,MILLE LACS,1204,2209,514784
2022,May,49,MORRISON,1177,2162,495936
2022,May,50,MOWER,1976,4320,962042
2022,May,51,MURRAY,248,502,110347
2022,May,52,NICOLLET,901,2031,442017
2022,May,53,NOBLES,809,1737,376673
2022,May,54,NORMAN,297,620,140800
2022,May,55,OLMSTED,6233,13010,2937804.04
2022,May,56,OTTER TAIL,1926,3649,836306
2022,May,57,PENNINGTON,556,1019,228830
2022,May,58,PINE,1500,2687,629286
2022,May,59,PIPESTONE,348,743,167467
2022,May,60,POLK,1732,3611,810196
2022,May,61,WPHS,596,1143,264731
2022,May,62,RAMSEY,34026,68830,16118988
2022,May,63,RED LAKE,152,318,72258
2022,May,64,REDWOOD,516,1092,239816
2022,May,65,RENVILLE,575,1182,268279
2022,May,66,RICE,1689,3819,840941
2022,May,67,ROCK,297,589,132672
2022,May,68,ROSEAU,414,868,190125
2022,May,69,ST. LOUIS,11461,19005,4563998
2022,May,70,SCOTT,2465,5665,1230868
2022,May,71,SHERBURNE,2074,4980,1092005
2022,May,72,SIBLEY,412,811,185015
2022,May,73,STEARNS,6096,14089,3129488
2022,May,74,MNPRAIRIE,2727,5776,1280558
2022,May,75,STEVENS,313,622,141690.39
2022,May,76,SWIFT,421,794,181843
2022,May,77,TODD,884,1667,383004
2022,May,78,TRAVERSE,218,475,100456
2022,May,79,WABASHA,524,907,202809
2022,May,80,WADENA,801,1600,353334
2022,May,82,WASHINGTON,4870,9559,2202176
2022,May,83,WATONWAN,317,650,141008
2022,May,84,WILKIN,331,656,140716
2022,May,85,WINONA,1715,3067,700666
2022,May,86,WRIGHT,2464,4772,1094877
2022,May,87,YELLOW MEDICINE,304,569,130208
2022,May,88,MILLE-LACS-BAND TRIBE,28,94,20274
2022,May,92,WHITE EARTH NATION,1229,2434,584131
2022,May,93,RED LAKE INDIAN RESV,1629,3534,832395
2022,June,1,AITKIN,705,1242,286912
2022,June,2,ANOKA,10004,20390,4566952
2022,June,3,BECKER,1115,2148,471668
2022,June,4,BELTRAMI,2118,3880,891712
2022,June,5,BENTON,1989,3848,876931
2022,June,6,BIG STONE,214,409,91932
2022,June,7,BLUE EARTH,2753,5239,1181258
2022,June,8,BROWN,753,1499,332417
2022,June,9,CARLTON,1458,2527,580927
2022,June,10,CARVER,1436,2887,642409
2022,June,11,CASS,2129,4270,984743
2022,June,12,CHIPPEWA,506,1039,233469
2022,June,13,CHISAGO,1302,2434,544539
2022,June,14,CLAY,3557,7434,1694258
2022,June,15,CLEARWATER,383,753,166362
2022,June,16,COOK,145,255,58875
2022,June,17,COTTONWOOD,531,1083,241075
2022,June,18,CROW WING,2344,4293,969868
2022,June,19,DAKOTA,10256,20346,4670324
2022,June,21,DOUGLAS,1242,2318,527034
2022,June,22,FARIBAULT,681,1400,303856
2022,June,23,FILLMORE,625,1202,269021
2022,June,24,FREEBORN,1674,3520,776864
2022,June,25,GOODHUE,1353,2536,572219
2022,June,27,HENNEPIN,61059,110995,26038515
2022,June,28,HOUSTON,466,899,203906
2022,June,29,HUBBARD,1002,2053,457611
2022,June,30,ISANTI,1242,2305,526610
2022,June,31,ITASCA,2403,4378,1019144
2022,June,32,JACKSON,325,684,155319
2022,June,33,KANABEC,837,1484,337811
2022,June,34,KANDIYOHI,1943,4263,942127
2022,June,35,KITTSON,146,340,75428
2022,June,36,KOOCHICHING,749,1276,295819
2022,June,37,LAC QUI PARLE,228,446,99225
2022,June,38,LAKE,346,648,150834
2022,June,39,LAKE OF THE WOODS,140,281,64063
2022,June,40,LE SUEUR,657,1335,300697
2022,June,41,LINCOLN,158,285,64935
2022,June,42,LYON,1141,2488,543154
2022,June,43,MCLEOD,958,1764,391234
2022,June,44,MAHNOMEN,158,305,72430
2022,June,45,MARSHALL,273,551,118081
2022,June,46,MARTIN,961,1941,433256
2022,June,47,MEEKER,756,1464,330113
2022,June,48,MILLE LACS,1222,2249,515895
2022,June,49,MORRISON,1195,2194,500886
2022,June,50,MOWER,1980,4323,945995
2022,June,51,MURRAY,263,539,115407
2022,June,52,NICOLLET,905,1997,437419
2022,June,53,NOBLES,795,1729,377004
2022,June,54,NORMAN,301,642,143756
2022,June,55,OLMSTED,6254,13005,2936203
2022,June,56,OTTER TAIL,1942,3659,833167
2022,June,57,PENNINGTON,561,1047,228661
2022,June,58,PINE,1520,2765,641311
2022,June,59,PIPESTONE,344,707,157959
2022,June,60,POLK,1748,3621,803065
2022,June,61,WPHS,595,1137,255469
2022,June,62,RAMSEY,34108,68926,15960701
2022,June,63,RED LAKE,152,316,69462
2022,June,64,REDWOOD,518,1103,244124
2022,June,65,RENVILLE,579,1199,271302
2022,June,66,RICE,1720,3913,849213
2022,June,67,ROCK,305,603,132101
2022,June,68,ROSEAU,427,891,193678
2022,June,69,ST. LOUIS,11569,19190,4544966
2022,June,70,SCOTT,2487,5725,1242141
2022,June,71,SHERBURNE,2102,5043,1092241
2022,June,72,SIBLEY,415,830,180832
2022,June,73,STEARNS,6131,14095,3080513
2022,June,74,MNPRAIRIE,2759,5827,1293076
2022,June,75,STEVENS,313,618,137307
2022,June,76,SWIFT,439,827,186913
2022,June,77,TODD,891,1686,381220
2022,June,78,TRAVERSE,216,457,100024
2022,June,79,WABASHA,536,956,218058
2022,June,80,WADENA,789,1573,352120
2022,June,82,WASHINGTON,4926,9685,2205174
2022,June,83,WATONWAN,315,649,142160
2022,June,84,WILKIN,320,648,140559
2022,June,85,WINONA,1701,3057,701533
2022,June,86,WRIGHT,2451,4796,1103795
2022,June,87,YELLOW MEDICINE,307,569,128634
2022,June,88,MILLE-LACS-BAND TRIBE,25,78,16783
2022,June,92,WHITE EARTH NATION,1250,2447,581952
2022,June,93,RED LAKE INDIAN RESV,1675,3622,849011
2022,July,1,AITKIN,709,1249,292838
2022,July,2,ANOKA,10016,20430,4642527
2022,July,3,BECKER,1138,2186,488304
2022,July,4,BELTRAMI,2142,3932,908509
2022,July,5,BENTON,1994,3812,871152
2022,July,6,BIG STONE,216,418,91732
2022,July,7,BLUE EARTH,2755,5222,1198423
2022,July,8,BROWN,762,1526,324824
2022,July,9,CARLTON,1450,2508,589432
2022,July,10,CARVER,1454,2925,667938
2022,July,11,CASS,2117,4216,981508
2022,July,12,CHIPPEWA,512,1061,235049
2022,July,13,CHISAGO,1300,2407,553615
2022,July,14,CLAY,3580,7500,1712311
2022,July,15,CLEARWATER,378,727,171307
2022,July,16,COOK,152,260,58795
2022,July,17,COTTONWOOD,536,1099,236009
2022,July,18,CROW WING,2349,4301,974076
2022,July,19,DAKOTA,10193,20248,4671191
2022,July,21,DOUGLAS,1240,2317,523924
2022,July,22,FARIBAULT,691,1433,311640
2022,July,23,FILLMORE,630,1207,275530
2022,July,24,FREEBORN,1677,3507,777372
2022,July,25,GOODHUE,1350,2548,575796
2022,July,27,HENNEPIN,61104,111069,26072021
2022,July,28,HOUSTON,469,912,200762
2022,July,29,HUBBARD,1003,2049,462928
2022,July,30,ISANTI,1239,2286,527249
2022,July,31,ITASCA,2398,4373,1014916
2022,July,32,JACKSON,335,695,156837
2022,July,33,KANABEC,845,1465,344434
2022,July,34,KANDIYOHI,1946,4281,956566
2022,July,35,KITTSON,148,339,74716
2022,July,36,KOOCHICHING,735,1254,292832
2022,July,37,LAC QUI PARLE,232,448,99180
2022,July,38,LAKE,353,665,149187
2022,July,39,LAKE OF THE WOODS,143,287,65703
2022,July,40,LE SUEUR,666,1342,292909
2022,July,41,LINCOLN,157,283,65616
2022,July,42,LYON,1173,2515,555304
2022,July,43,MCLEOD,1001,1823,401535
2022,July,44,MAHNOMEN,158,304,73844
2022,July,45,MARSHALL,275,551,121884
2022,July,46,MARTIN,971,1973,438271
2022,July,47,MEEKER,764,1462,332054
2022,July,48,MILLE LACS,1235,2276,529753
2022,July,49,MORRISON,1205,2212,505232
2022,July,50,MOWER,2013,4437,981057
2022,July,51,MURRAY,259,528,118143
2022,July,52,NICOLLET,907,1989,435913
2022,July,53,NOBLES,798,1744,386137
2022,July,54,NORMAN,306,667,143681
2022,July,55,OLMSTED,6274,13004,2932923
2022,July,56,OTTER TAIL,1940,3693,831098
2022,July,57,PENNINGTON,550,1024,236061
2022,July,58,PINE,1539,2783,648079
2022,July,59,PIPESTONE,339,689,153276
2022,July,60,POLK,1743,3641,813693
2022,July,61,WPHS,589,1120,256243
2022,July,62,RAMSEY,34003,68651,15909198.55
2022,July,63,RED LAKE,149,315,69027
2022,July,64,REDWOOD,511,1102,241585
2022,July,65,RENVILLE,591,1213,269751
2022,July,66,RICE,1730,3918,873925
2022,July,67,ROCK,298,600,136235
2022,July,68,ROSEAU,432,918,195487
2022,July,69,ST. LOUIS,11593,19195,4572335
2022,July,70,SCOTT,2522,5779,1236028
2022,July,71,SHERBURNE,2125,5098,1119883
2022,July,72,SIBLEY,434,876,191209
2022,July,73,STEARNS,6119,14048,3103197
2022,July,74,MNPRAIRIE,2805,5951,1314785
2022,July,75,STEVENS,303,606,136917
2022,July,76,SWIFT,433,812,186482
2022,July,77,TODD,894,1678,378271
2022,July,78,TRAVERSE,213,446,96037
2022,July,79,WABASHA,543,968,218208
2022,July,80,WADENA,791,1613,350664
2022,July,82,WASHINGTON,4948,9722,2207979
2022,July,83,WATONWAN,313,650,147511
2022,July,84,WILKIN,317,646,144381
2022,July,85,WINONA,1690,3075,694683
2022,July,86,WRIGHT,2475,4844,1102518
2022,July,87,YELLOW MEDICINE,317,574,131001
2022,July,88,MILLE-LACS-BAND TRIBE,24,73,17584
2022,July,92,WHITE EARTH NATION,1231,2427,579843
2022,July,93,RED LAKE INDIAN RESV,1687,3656,864111
2022,August,1,AITKIN,706,1240,292006
2022,August,2,ANOKA,10160,20678,4710583
2022,August,3,BECKER,1134,2150,484154
2022,August,4,BELTRAMI,2150,3964,920694
2022,August,5,BENTON,2006,3810,871505
2022,August,6,BIG STONE,223,431,96499
2022,August,7,BLUE EARTH,2801,5307,1174158
2022,August,8,BROWN,749,1511,337806
2022,August,9,CARLTON,1455,2481,585980
2022,August,10,CARVER,1457,2907,649596
2022,August,11,CASS,2110,4187,958732
2022,August,12,CHIPPEWA,515,1051,237765
2022,August,13,CHISAGO,1326,2447,569732
2022,August,14,CLAY,3620,7558,1700059
2022,August,15,CLEARWATER,381,742,170048
2022,August,16,COOK,157,271,60147
2022,August,17,COTTONWOOD,538,1106,252346
2022,August,18,CROW WING,2374,4296,959939
2022,August,19,DAKOTA,10288,20582,4792946
2022,August,21,DOUGLAS,1250,2337,534810
2022,August,22,FARIBAULT,699,1455,325127
2022,August,23,FILLMORE,631,1200,273530
2022,August,24,FREEBORN,1709,3554,771097
2022,August,25,GOODHUE,1369,2564,585218
2022,August,27,HENNEPIN,61319,111000,26373111
2022,August,28,HOUSTON,478,916,201972
2022,August,29,HUBBARD,1008,2055,456276
2022,August,30,ISANTI,1258,2331,538851
2022,August,31,ITASCA,2412,4387,1005277
2022,August,32,JACKSON,342,685,151445
2022,August,33,KANABEC,869,1493,355172
2022,August,34,KANDIYOHI,1969,4344,931412
2022,August,35,KITTSON,152,348,76795
2022,August,36,KOOCHICHING,739,1254,287864
2022,August,37,LAC QUI PARLE,238,446,98617
2022,August,38,LAKE,348,645,149950
2022,August,39,LAKE OF THE WOODS,144,274,61877
2022,August,40,LE SUEUR,658,1317,297627
2022,August,41,LINCOLN,158,273,62860
2022,August,42,LYON,1187,2567,559877
2022,August,43,MCLEOD,990,1794,402806
2022,August,44,MAHNOMEN,164,309,72873
2022,August,45,MARSHALL,279,571,125908
2022,August,46,MARTIN,986,2005,446593
2022,August,47,MEEKER,776,1490,334150
2022,August,48,MILLE LACS,1242,2322,527305
2022,August,49,MORRISON,1195,2212,507999
2022,August,50,MOWER,2044,4488,987665
2022,August,51,MURRAY,254,513,116391
2022,August,52,NICOLLET,908,1938,415369
2022,August,53,NOBLES,809,1770,382342
2022,August,54,NORMAN,292,633,140214
2022,August,55,OLMSTED,6408,13178,2945584
2022,August,56,OTTER TAIL,1930,3665,839603
2022,August,57,PENNINGTON,567,1069,237771
2022,August,58,PINE,1556,2810,650480
2022,August,59,PIPESTONE,338,708,156545
2022,August,60,POLK,1740,3598,801395
2022,August,61,WPHS,583,1115,247377
2022,August,62,RAMSEY,34215,69042,16178599
2022,August,63,RED LAKE,153,325,69158
2022,August,64,REDWOOD,527,1117,246146
2022,August,65,RENVILLE,597,1218,263277
2022,August,66,RICE,1768,4014,886143
2022,August,67,ROCK,313,631,139844
2022,August,68,ROSEAU,449,958,206432
2022,August,69,ST. LOUIS,11630,19187,4550226
2022,August,70,SCOTT,2534,5819,1241266
2022,August,71,SHERBURNE,2168,5164,1121876
2022,August,72,SIBLEY,434,876,198452
2022,August,73,STEARNS,6205,14198,3172474
2022,August,74,MNPRAIRIE,2835,5980,1341088
2022,August,75,STEVENS,309,625,138832
2022,August,76,SWIFT,436,810,179810
2022,August,77,TODD,906,1705,396744
2022,August,78,TRAVERSE,210,456,100020
2022,August,79,WABASHA,546,971,226459
2022,August,80,WADENA,809,1625,354457
2022,August,82,WASHINGTON,5022,9851,2248703
2022,August,83,WATONWAN,318,683,146681
2022,August,84,WILKIN,328,660,150259
2022,August,85,WINONA,1726,3135,715906
2022,August,86,WRIGHT,2531,4896,1143757
2022,August,87,YELLOW MEDICINE,317,566,130218
2022,August,88,MILLE-LACS-BAND TRIBE,26,83,18616
2022,August,92,WHITE EARTH NATION,1253,2459,586318
2022,August,93,RED LAKE INDIAN RESV,1693,3651,850436
2022,September,1,AITKIN,710,1237,266386
2022,September,2,ANOKA,10241,20721,4513982
2022,September,3,BECKER,1144,2188,461844
2022,September,4,BELTRAMI,2140,3925,869570
2022,September,5,BENTON,2032,3803,827339
2022,September,6,BIG STONE,225,435,93578
2022,September,7,BLUE EARTH,2799,5222,1135966
2022,September,8,BROWN,763,1546,322731
2022,September,9,CARLTON,1464,2497,567384
2022,September,10,CARVER,1492,2977,628898
2022,September,11,CASS,2118,4219,947089
2022,September,12,CHIPPEWA,514,1047,221509
2022,September,13,CHISAGO,1363,2504,544247
2022,September,14,CLAY,3640,7596,1654265
2022,September,15,CLEARWATER,387,765,166779
2022,September,16,COOK,156,270,60085
2022,September,17,COTTONWOOD,539,1101,235233
2022,September,18,CROW WING,2409,4372,959955.13
2022,September,19,DAKOTA,10332,20574,4634200
2022,September,21,DOUGLAS,1248,2304,491933
2022,September,22,FARIBAULT,707,1473,302846
2022,September,23,FILLMORE,622,1186,251256
2022,September,24,FREEBORN,1735,3610,768520
2022,September,25,GOODHUE,1366,2541,552480
2022,September,27,HENNEPIN,61467,111584,25196167.49
2022,September,28,HOUSTON,485,916,191863
2022,September,29,HUBBARD,997,2036,428699
2022,September,30,ISANTI,1277,2393,508785
2022,September,31,ITASCA,2423,4395,970256
2022,September,32,JACKSON,344,667,144718
2022,September,33,KANABEC,895,1548,345406
2022,September,34,KANDIYOHI,1974,4300,900892
2022,September,35,KITTSON,151,349,76944
2022,September,36,KOOCHICHING,747,1273,277675
2022,September,37,LAC QUI PARLE,233,420,91932
2022,September,38,LAKE,345,642,144765
2022,September,39,LAKE OF THE WOODS,150,288,58990
2022,September,40,LE SUEUR,662,1326,284423
2022,September,41,LINCOLN,162,281,63153
2022,September,42,LYON,1190,2551,549455
2022,September,43,MCLEOD,962,1796,363126
2022,September,44,MAHNOMEN,162,311,70308
2022,September,45,MARSHALL,279,580,115434
2022,September,46,MARTIN,995,1997,435809
2022,September,47,MEEKER,765,1489,309543
2022,September,48,MILLE LACS,1248,2322,505225
2022,September,49,MORRISON,1226,2287,497645
2022,September,50,MOWER,2058,4489,936020
2022,September,51,MURRAY,259,523,104289
2022,September,52,NICOLLET,944,2026,422962
2022,September,53,NOBLES,801,1735,371785
2022,September,54,NORMAN,293,621,132937
2022,September,55,OLMSTED,6422,13028,2805914
2022,September,56,OTTER TAIL,1954,3704,791723
2022,September,57,PENNINGTON,584,1089,234240
2022,September,58,PINE,1579,2815,639447
2022,September,59,PIPESTONE,344,722,156444
2022,September,60,POLK,1752,3591,767624
2022,September,61,WPHS,590,1149,247179
2022,September,62,RAMSEY,33991,68296,15371431
2022,September,63,RED LAKE,151,322,65619
2022,September,64,REDWOOD,527,1107,227320
2022,September,65,RENVILLE,582,1170,242060
2022,September,66,RICE,1780,4013,849630
2022,September,67,ROCK,315,637,132489
2022,September,68,ROSEAU,457,968,198148
2022,September,69,ST. LOUIS,11654,19219,4351002
2022,September,70,SCOTT,2538,5698,1194616
2022,September,71,SHERBURNE,2198,5262,1085305
2022,September,72,SIBLEY,442,895,186083
2022,September,73,STEARNS,6206,14101,2967150
2022,September,74,MNPRAIRIE,2901,6101,1278044
2022,September,75,STEVENS,307,603,121457
2022,September,76,SWIFT,420,772,179308
2022,September,77,TODD,923,1763,381245
2022,September,78,TRAVERSE,218,459,97504
2022,September,79,WABASHA,553,984,217260
2022,September,80,WADENA,807,1604,336353
2022,September,82,WASHINGTON,5060,9895,2142836
2022,September,83,WATONWAN,313,660,141941
2022,September,84,WILKIN,332,662,145365
2022,September,85,WINONA,1737,3144,689237
2022,September,86,WRIGHT,2592,5029,1088517
2022,September,87,YELLOW MEDICINE,329,579,125693
2022,September,88,MILLE-LACS-BAND TRIBE,24,81,16634
2022,September,92,WHITE EARTH NATION,1268,2464,560449
2022,September,93,RED LAKE INDIAN RESV,1699,3641,846048
2022,October,1,AITKIN,734,1271,320511
2022,October,2,ANOKA,10391,21266,5336738
2022,October,3,BECKER,1162,2223,558051
2022,October,4,BELTRAMI,2182,4050,1040140
2022,October,5,BENTON,2050,3910,992621
2022,October,6,BIG STONE,223,429,112109
2022,October,7,BLUE EARTH,2827,5268,1336015
2022,October,8,BROWN,785,1595,393701
2022,October,9,CARLTON,1502,2573,655517
2022,October,10,CARVER,1495,3013,751408
2022,October,11,CASS,2144,4328,1113035
2022,October,12,CHIPPEWA,532,1072,268401
2022,October,13,CHISAGO,1405,2574,657434
2022,October,14,CLAY,3715,7802,1962450
2022,October,15,CLEARWATER,393,785,192585
2022,October,16,COOK,161,276,67978
2022,October,17,COTTONWOOD,543,1128,265536
2022,October,18,CROW WING,2458,4501,1139167
2022,October,19,DAKOTA,10475,21002,5496402
2022,October,21,DOUGLAS,1281,2365,595171
2022,October,22,FARIBAULT,709,1467,369240
2022,October,23,FILLMORE,649,1238,302811
2022,October,24,FREEBORN,1767,3681,907534
2022,October,25,GOODHUE,1385,2585,643338
2022,October,27,HENNEPIN,62088,113791,30116456
2022,October,28,HOUSTON,495,949,232264
2022,October,29,HUBBARD,1019,2072,519760
2022,October,30,ISANTI,1309,2494,615561
2022,October,31,ITASCA,2488,4550,1153558
2022,October,32,JACKSON,353,696,174351
2022,October,33,KANABEC,891,1573,407495
2022,October,34,KANDIYOHI,2014,4414,1056491
2022,October,35,KITTSON,153,345,86395
2022,October,36,KOOCHICHING,750,1278,335599
2022,October,37,LAC QUI PARLE,233,419,103576
2022,October,38,LAKE,348,674,165808
2022,October,39,LAKE OF THE WOODS,154,278,70563
2022,October,40,LE SUEUR,667,1359,336402
2022,October,41,LINCOLN,162,289,72779
2022,October,42,LYON,1210,2608,646252
2022,October,43,MCLEOD,955,1833,449233
2022,October,44,MAHNOMEN,172,330,88385
2022,October,45,MARSHALL,298,638,148898
2022,October,46,MARTIN,1021,2080,510051
2022,October,47,MEEKER,786,1538,385306
2022,October,48,MILLE LACS,1267,2396,597260
2022,October,49,MORRISON,1258,2385,588531
2022,October,50,MOWER,2093,4622,1124544
2022,October,51,MURRAY,266,541,133764
2022,October,52,NICOLLET,961,2066,493049
2022,October,53,NOBLES,818,1762,426454
2022,October,54,NORMAN,302,635,150425
2022,October,55,OLMSTED,6458,13223,3342751
2022,October,56,OTTER TAIL,2008,3798,962396
2022,October,57,PENNINGTON,597,1125,278401
2022,October,58,PINE,1612,2923,743834
2022,October,59,PIPESTONE,344,730,178331
2022,October,60,POLK,1768,3635,886958
2022,October,61,WPHS,595,1173,292641
2022,October,62,RAMSEY,33970,68591,17924498.8
2022,October,63,RED LAKE,157,339,84658
2022,October,64,REDWOOD,540,1148,280764
2022,October,65,RENVILLE,588,1195,288663
2022,October,66,RICE,1790,4063,979575
2022,October,67,ROCK,320,644,159487
2022,October,68,ROSEAU,475,1026,244931
2022,October,69,ST. LOUIS,11875,19719,5121126
2022,October,70,SCOTT,2598,5908,1440834
2022,October,71,SHERBURNE,2261,5437,1287013
2022,October,72,SIBLEY,456,944,228468
2022,October,73,STEARNS,6340,14523,3532800
2022,October,74,MNPRAIRIE,2938,6242,1503482
2022,October,75,STEVENS,308,605,154299
2022,October,76,SWIFT,449,837,212113
2022,October,77,TODD,941,1812,453166
2022,October,78,TRAVERSE,222,471,113775
2022,October,79,WABASHA,568,1053,256781
2022,October,80,WADENA,827,1654,400836
2022,October,82,WASHINGTON,5186,10145,2555504
2022,October,83,WATONWAN,328,712,173536
2022,October,84,WILKIN,340,678,172222
2022,October,85,WINONA,1745,3147,810416
2022,October,86,WRIGHT,2694,5276,1344876
2022,October,87,YELLOW MEDICINE,335,599,153239
2022,October,88,MILLE-LACS-BAND TRIBE,26,90,17183
2022,October,92,WHITE EARTH NATION,1259,2482,650342
2022,October,93,RED LAKE INDIAN RESV,1727,3712,955156
2022,November,1,AITKIN,733,1270,333445
2022,November,2,ANOKA,10448,21505,5393374
2022,November,3,BECKER,1174,2271,572288
2022,November,4,BELTRAMI,2225,4149,1089322
2022,November,5,BENTON,2078,3977,1007179
2022,November,6,BIG STONE,224,443,109228
2022,November,7,BLUE EARTH,2840,5303,1333670
2022,November,8,BROWN,786,1591,389581
2022,November,9,CARLTON,1511,2623,679243
2022,November,10,CARVER,1507,3029,758155
2022,November,11,CASS,2209,4465,1148876
2022,November,12,CHIPPEWA,553,1133,278824
2022,November,13,CHISAGO,1434,2635,677850
2022,November,14,CLAY,3717,7853,1976131
2022,November,15,CLEARWATER,407,788,198329
2022,November,16,COOK,160,282,72336
2022,November,17,COTTONWOOD,539,1110,280011
2022,November,18,CROW WING,2497,4575,1160392
2022,November,19,DAKOTA,10623,21404,5657862
2022,November,21,DOUGLAS,1291,2392,601912
2022,November,22,FARIBAULT,723,1500,365594
2022,November,23,FILLMORE,649,1266,319762
2022,November,24,FREEBORN,1815,3741,918705
2022,November,25,GOODHUE,1393,2604,660681
2022,November,27,HENNEPIN,62069,114013,30079436
2022,November,28,HOUSTON,493,948,229823
2022,November,29,HUBBARD,1030,2094,518883
2022,November,30,ISANTI,1353,2606,644723
2022,November,31,ITASCA,2509,4593,1179914
2022,November,32,JACKSON,353,694,177509
2022,November,33,KANABEC,909,1614,411766
2022,November,34,KANDIYOHI,2041,4442,1088433
2022,November,35,KITTSON,155,347,86687
2022,November,36,KOOCHICHING,769,1307,328001
2022,November,37,LAC QUI PARLE,245,457,113240
2022,November,38,LAKE,347,685,172741
2022,November,39,LAKE OF THE WOODS,152,279,70744
2022,November,40,LE SUEUR,688,1414,349148
2022,November,41,LINCOLN,163,290,71834
2022,November,42,LYON,1227,2680,645744
2022,November,43,MCLEOD,990,1935,472287
2022,November,44,MAHNOMEN,167,317,84633
2022,November,45,MARSHALL,298,644,158954
2022,November,46,MARTIN,1030,2089,514060
2022,November,47,MEEKER,809,1607,396056
2022,November,48,MILLE LACS,1280,2429,615568
2022,November,49,MORRISON,1278,2384,598647
2022,November,50,MOWER,2099,4639,1122181
2022,November,51,MURRAY,271,552,135366
2022,November,52,NICOLLET,972,2121,523266
2022,November,53,NOBLES,824,1787,428657
2022,November,54,NORMAN,311,663,166346
2022,November,55,OLMSTED,6524,13355,3338156
2022,November,56,OTTER TAIL,2038,3861,984944
2022,November,57,PENNINGTON,599,1133,285731
2022,November,58,PINE,1632,2968,759554
2022,November,59,PIPESTONE,349,723,174219
2022,November,60,POLK,1753,3607,898548
2022,November,61,WPHS,600,1188,297027
2022,November,62,RAMSEY,33664,68211,17971301.33
2022,November,63,RED LAKE,158,345,84713
2022,November,64,REDWOOD,541,1160,281433
2022,November,65,RENVILLE,578,1160,277093
2022,November,66,RICE,1794,4072,991702
2022,November,67,ROCK,321,647,161274
2022,November,68,ROSEAU,479,1032,254418
2022,November,69,ST. LOUIS,11988,19890,5269487
2022,November,70,SCOTT,2627,5947,1441192
2022,November,71,SHERBURNE,2305,5579,1336348
2022,November,72,SIBLEY,442,895,224042
2022,November,73,STEARNS,6376,14660,3561959
2022,November,74,MNPRAIRIE,2934,6213,1542147
2022,November,75,STEVENS,306,615,148787
2022,November,76,SWIFT,456,860,214107
2022,November,77,TODD,961,1854,464998
2022,November,78,TRAVERSE,222,472,116156
2022,November,79,WABASHA,574,1062,271038
2022,November,80,WADENA,832,1677,412202
2022,November,82,WASHINGTON,5251,10288,2631789
2022,November,83,WATONWAN,329,724,175854
2022,November,84,WILKIN,343,674,171179
2022,November,85,WINONA,1756,3190,797067
2022,November,86,WRIGHT,2724,5390,1403795
2022,November,87,YELLOW MEDICINE,350,625,153702
2022,November,88,MILLE-LACS-BAND TRIBE,24,78,20286
2022,November,92,WHITE EARTH NATION,1282,2509,654152
2022,November,93,RED LAKE INDIAN RESV,1750,3739,968897
2022,December,1,AITKIN,751,1313,294696
2022,December,2,ANOKA,10492,21494,4784029
2022,December,3,BECKER,1206,2343,499646
2022,December,4,BELTRAMI,2261,4223,955928
2022,December,5,BENTON,2074,3999,874823
2022,December,6,BIG STONE,221,429,93350
2022,December,7,BLUE EARTH,2905,5497,1210734
2022,December,8,BROWN,807,1618,342170
2022,December,9,CARLTON,1526,2696,600866
2022,December,10,CARVER,1537,3090,670843
2022,December,11,CASS,2223,4504,1045349
2022,December,12,CHIPPEWA,558,1147,254380
2022,December,13,CHISAGO,1455,2704,602342
2022,December,14,CLAY,3727,7878,1756923
2022,December,15,CLEARWATER,409,805,174681
2022,December,16,COOK,163,288,59961
2022,December,17,COTTONWOOD,541,1117,242779
2022,December,18,CROW WING,2544,4672,1032994
2022,December,19,DAKOTA,10778,21784,5180150.78
2022,December,21,DOUGLAS,1298,2423,537514
2022,December,22,FARIBAULT,730,1519,328584
2022,December,23,FILLMORE,667,1320,285908
2022,December,24,FREEBORN,1818,3715,811677
2022,December,25,GOODHUE,1400,2616,566766
2022,December,27,HENNEPIN,62543,114876,27065012.62
2022,December,28,HOUSTON,490,939,195514
2022,December,29,HUBBARD,1044,2145,465848
2022,December,30,ISANTI,1364,2635,578360
2022,December,31,ITASCA,2518,4616,1044478
2022,December,32,JACKSON,362,708,153356
2022,December,33,KANABEC,923,1628,365618
2022,December,34,KANDIYOHI,2071,4519,977326
2022,December,35,KITTSON,162,365,77845
2022,December,36,KOOCHICHING,761,1284,287024
2022,December,37,LAC QUI PARLE,251,477,102051
2022,December,38,LAKE,359,707,155624
2022,December,39,LAKE OF THE WOODS,142,261,56371
2022,December,40,LE SUEUR,709,1462,321588
2022,December,41,LINCOLN,166,290,60140
2022,December,42,LYON,1238,2648,571958
2022,December,43,MCLEOD,1011,2018,437587
2022,December,44,MAHNOMEN,165,311,73806
2022,December,45,MARSHALL,293,637,136009
2022,December,46,MARTIN,1022,2036,447588
2022,December,47,MEEKER,817,1615,356679
2022,December,48,MILLE LACS,1278,2443,545492
2022,December,49,MORRISON,1292,2434,522307
2022,December,50,MOWER,2102,4649,983118
2022,December,51,MURRAY,277,565,122636
2022,December,52,NICOLLET,984,2146,458748
2022,December,53,NOBLES,813,1770,390457
2022,December,54,NORMAN,323,689,153603
2022,December,55,OLMSTED,6709,13632,3029010
2022,December,56,OTTER TAIL,2095,3997,890789
2022,December,57,PENNINGTON,605,1136,246657
2022,December,58,PINE,1649,3008,677426
2022,December,59,PIPESTONE,344,712,157155
2022,December,60,POLK,1757,3563,777320
2022,December,61,WPHS,607,1178,256190
2022,December,62,RAMSEY,33501,67914,16100144
2022,December,63,RED LAKE,160,344,71236
2022,December,64,REDWOOD,545,1173,252266
2022,December,65,RENVILLE,585,1160,249601
2022,December,66,RICE,1831,4168,922003
2022,December,67,ROCK,312,628,135416
2022,December,68,ROSEAU,490,1069,224856
2022,December,69,ST. LOUIS,12072,19969,4561461
2022,December,70,SCOTT,2637,5900,1288235
2022,December,71,SHERBURNE,2345,5715,1236805
2022,December,72,SIBLEY,447,900,193588
2022,December,73,STEARNS,6373,14661,3184356
2022,December,74,MNPRAIRIE,2926,6209,1343909
2022,December,75,STEVENS,310,614,132864
2022,December,76,SWIFT,465,895,194463
2022,December,77,TODD,964,1881,417765
2022,December,78,TRAVERSE,212,468,100791
2022,December,79,WABASHA,589,1081,230744
2022,December,80,WADENA,825,1694,354331
2022,December,82,WASHINGTON,5351,10581,2367707
2022,December,83,WATONWAN,334,728,158976
2022,December,84,WILKIN,346,662,142085
2022,December,85,WINONA,1775,3195,704447
2022,December,86,WRIGHT,2748,5452,1231700
2022,December,87,YELLOW MEDICINE,348,634,142813
2022,December,88,MILLE-LACS-BAND TRIBE,22,73,14679
2022,December,92,WHITE EARTH NATION,1252,2469,591908
2022,December,93,RED LAKE INDIAN RESV,1738,3710,867004
2023,January,1,AITKIN,758,1329,336681
2023,January,2,ANOKA,10657,21871,5426384
2023,January,3,BECKER,1220,2362,586889
2023,January,4,BELTRAMI,2312,4327,1115637
2023,January,5,BENTON,2088,4070,1033604
2023,January,6,BIG STONE,229,450,112395
2023,January,7,BLUE EARTH,2955,5598,1416577
2023,January,8,BROWN,818,1658,402725
2023,January,9,CARLTON,1571,2752,706047
2023,January,10,CARVER,1578,3148,774072
2023,January,11,CASS,2273,4619,1176940
2023,January,12,CHIPPEWA,567,1189,296668
2023,January,13,CHISAGO,1465,2739,687015
2023,January,14,CLAY,3726,7906,1999455
2023,January,15,CLEARWATER,406,797,190923
2023,January,16,COOK,171,290,72105
2023,January,17,COTTONWOOD,538,1135,280804
2023,January,18,CROW WING,2605,4840,1221447
2023,January,19,DAKOTA,10820,21773,5818597
2023,January,21,DOUGLAS,1306,2445,603596
2023,January,22,FARIBAULT,743,1544,383560
2023,January,23,FILLMORE,671,1335,335733
2023,January,24,FREEBORN,1848,3795,929937
2023,January,25,GOODHUE,1432,2697,670158
2023,January,27,HENNEPIN,63025,115851,30108039.76
2023,January,28,HOUSTON,494,921,226106
2023,January,29,HUBBARD,1075,2229,543251
2023,January,30,ISANTI,1372,2663,656459
2023,January,31,ITASCA,2548,4723,1183032
2023,January,32,JACKSON,365,727,189657
2023,January,33,KANABEC,934,1651,417477
2023,January,34,KANDIYOHI,2088,4539,1108956
2023,January,35,KITTSON,160,360,89041
2023,January,36,KOOCHICHING,775,1311,327404
2023,January,37,LAC QUI PARLE,255,477,122103
2023,January,38,LAKE,362,726,179992
2023,January,39,LAKE OF THE WOODS,145,266,64402
2023,January,40,LE SUEUR,708,1445,358025
2023,January,41,LINCOLN,166,298,73656
2023,January,42,LYON,1227,2657,635108
2023,January,43,MCLEOD,1039,2091,508939
2023,January,44,MAHNOMEN,165,303,80231
2023,January,45,MARSHALL,294,642,151556
2023,January,46,MARTIN,1020,2027,501041
2023,January,47,MEEKER,813,1630,405774
2023,January,48,MILLE LACS,1297,2499,634398
2023,January,49,MORRISON,1314,2451,606222
2023,January,50,MOWER,2110,4691,1139244
2023,January,51,MURRAY,285,597,142032
2023,January,52,NICOLLET,1003,2157,525174
2023,January,53,NOBLES,815,1753,419997
2023,January,54,NORMAN,318,693,171099
2023,January,55,OLMSTED,6810,13801,3445348
2023,January,56,OTTER TAIL,2123,4099,1035247
2023,January,57,PENNINGTON,613,1151,276186
2023,January,58,PINE,1682,3107,789398
2023,January,59,PIPESTONE,347,737,177278
2023,January,60,POLK,1753,3545,871660
2023,January,61,WPHS,617,1196,288364
2023,January,62,RAMSEY,33530,68037,17903869.4
2023,January,63,RED LAKE,164,369,89335
2023,January,64,REDWOOD,556,1175,288926
2023,January,65,RENVILLE,584,1159,280298
2023,January,66,RICE,1894,4319,1037140
2023,January,67,ROCK,304,619,155452
2023,January,68,ROSEAU,504,1105,271980
2023,January,69,ST. LOUIS,12238,20314,5302635
2023,January,70,SCOTT,2692,6059,1454875
2023,January,71,SHERBURNE,2396,5873,1408336
2023,January,72,SIBLEY,451,925,217988
2023,January,73,STEARNS,6389,14697,3618759
2023,January,74,MNPRAIRIE,2930,6240,1509905
2023,January,75,STEVENS,317,648,160442
2023,January,76,SWIFT,472,926,233456
2023,January,77,TODD,993,1969,494042
2023,January,78,TRAVERSE,212,462,113435
2023,January,79,WABASHA,601,1131,284602
2023,January,80,WADENA,830,1699,414005
2023,January,82,WASHINGTON,5434,10742,2694457
2023,January,83,WATONWAN,345,753,179738
2023,January,84,WILKIN,335,634,162016
2023,January,85,WINONA,1813,3254,828537
2023,January,86,WRIGHT,2796,5532,1391306
2023,January,87,YELLOW MEDICINE,358,662,167948
2023,January,88,MILLE-LACS-BAND TRIBE,27,90,23913
2023,January,92,WHITE EARTH NATION,1276,2523,665340
2023,January,93,RED LAKE INDIAN RESV,1761,3720,969640
2023,February,1,AITKIN,760,1341,351889
2023,February,2,ANOKA,10702,22046,5594410
2023,February,3,BECKER,1238,2406,607145
2023,February,4,BELTRAMI,2366,4399,1149107
2023,February,5,BENTON,2083,4101,1040312
2023,February,6,BIG STONE,231,452,112280
2023,February,7,BLUE EARTH,2972,5626,1437263
2023,February,8,BROWN,812,1646,412841
2023,February,9,CARLTON,1597,2772,720005
2023,February,10,CARVER,1599,3217,818428
2023,February,11,CASS,2272,4609,1182726
2023,February,12,CHIPPEWA,571,1187,293169
2023,February,13,CHISAGO,1461,2778,715083
2023,February,14,CLAY,3735,7940,2006950
2023,February,15,CLEARWATER,398,782,194787
2023,February,16,COOK,173,297,75650
2023,February,17,COTTONWOOD,538,1137,276039
2023,February,18,CROW WING,2628,4877,1258725
2023,February,19,DAKOTA,10810,21780,5943607.01
2023,February,21,DOUGLAS,1303,2434,616611
2023,February,22,FARIBAULT,747,1539,386031
2023,February,23,FILLMORE,669,1324,338411
2023,February,24,FREEBORN,1838,3781,938242
2023,February,25,GOODHUE,1427,2679,666380
2023,February,27,HENNEPIN,63042,115900,30330689
2023,February,28,HOUSTON,478,888,224768
2023,February,29,HUBBARD,1081,2246,568456
2023,February,30,ISANTI,1357,2640,666678
2023,February,31,ITASCA,2562,4761,1227406
2023,February,32,JACKSON,381,781,190762
2023,February,33,KANABEC,947,1666,441144
2023,February,34,KANDIYOHI,2077,4545,1123163
2023,February,35,KITTSON,162,366,89270
2023,February,36,KOOCHICHING,776,1296,338202
2023,February,37,LAC QUI PARLE,262,492,121472
2023,February,38,LAKE,369,745,187647
2023,February,39,LAKE OF THE WOODS,140,257,64527
2023,February,40,LE SUEUR,709,1452,362131
2023,February,41,LINCOLN,171,320,82230
2023,February,42,LYON,1243,2706,668909
2023,February,43,MCLEOD,1042,2082,518547
2023,February,44,MAHNOMEN,160,300,80303
2023,February,45,MARSHALL,288,609,153724
2023,February,46,MARTIN,1024,2022,514211
2023,February,47,MEEKER,816,1652,420000
2023,February,48,MILLE LACS,1323,2554,640560
2023,February,49,MORRISON,1303,2429,627443
2023,February,50,MOWER,2105,4652,1146633
2023,February,51,MURRAY,290,609,154133
2023,February,52,NICOLLET,989,2094,521335
2023,February,53,NOBLES,814,1749,427255
2023,February,54,NORMAN,316,710,176914
2023,February,55,OLMSTED,6840,13875,3496025.96
2023,February,56,OTTER TAIL,2131,4196,1071972
2023,February,57,PENNINGTON,604,1124,291553
2023,February,58,PINE,1684,3133,803770
2023,February,59,PIPESTONE,345,745,183774
2023,February,60,POLK,1760,3556,894407
2023,February,61,WPHS,607,1173,297091
2023,February,62,RAMSEY,33450,67733,18249990
2023,February,63,RED LAKE,164,364,90324
2023,February,64,REDWOOD,571,1187,287794
2023,February,65,RENVILLE,589,1195,291878
2023,February,66,RICE,1918,4341,1061594
2023,February,67,ROCK,309,630,156635
2023,February,68,ROSEAU,503,1081,266100
2023,February,69,ST. LOUIS,12314,20416,5407954
2023,February,70,SCOTT,2702,6103,1523014
2023,February,71,SHERBURNE,2421,5967,1442839
2023,February,72,SIBLEY,441,896,225055
2023,February,73,STEARNS,6463,14862,3646192
2023,February,74,MNPRAIRIE,2939,6254,1547474
2023,February,75,STEVENS,315,642,162626
2023,February,76,SWIFT,469,934,239644
2023,February,77,TODD,995,1943,495832
2023,February,78,TRAVERSE,210,449,112621
2023,February,79,WABASHA,606,1152,286814
2023,February,80,WADENA,842,1738,419567
2023,February,82,WASHINGTON,5472,10828,2762083
2023,February,83,WATONWAN,334,741,190135
2023,February,84,WILKIN,339,639,161283
2023,February,85,WINONA,1827,3283,832981
2023,February,86,WRIGHT,2821,5620,1440360
2023,February,87,YELLOW MEDICINE,358,672,168350
2023,February,88,MILLE-LACS-BAND TRIBE,32,116,24124
2023,February,92,WHITE EARTH NATION,1288,2520,668565
2023,February,93,RED LAKE INDIAN RESV,1759,3733,955581
2023,March,1,AITKIN,749,1312,343824
2023,March,2,ANOKA,10898,22522,5728992
2023,March,3,BECKER,1246,2442,613681
2023,March,4,BELTRAMI,2383,4438,1163182
2023,March,5,BENTON,2114,4147,1069985
2023,March,6,BIG STONE,226,442,116106
2023,March,7,BLUE EARTH,2963,5631,1429756
2023,March,8,BROWN,816,1652,410162
2023,March,9,CARLTON,1595,2765,743346.54
2023,March,10,CARVER,1606,3223,824485
2023,March,11,CASS,2278,4628,1191585
2023,March,12,CHIPPEWA,585,1234,305337
2023,March,13,CHISAGO,1482,2886,732232
2023,March,14,CLAY,3779,8026,2032193
2023,March,15,CLEARWATER,407,794,194002
2023,March,16,COOK,171,295,76212
2023,March,17,COTTONWOOD,541,1133,274463
2023,March,18,CROW WING,2656,4941,1260913
2023,March,19,DAKOTA,11029,22510,6126000.67
2023,March,21,DOUGLAS,1317,2487,636726
2023,March,22,FARIBAULT,750,1550,388741
2023,March,23,FILLMORE,662,1314,331775
2023,March,24,FREEBORN,1849,3811,956730
2023,March,25,GOODHUE,1448,2710,685168
2023,March,27,HENNEPIN,63481,116866,30778192.35
2023,March,28,HOUSTON,476,889,220317
2023,March,29,HUBBARD,1077,2241,567372
2023,March,30,ISANTI,1373,2671,670388
2023,March,31,ITASCA,2564,4742,1230781
2023,March,32,JACKSON,378,766,200682
2023,March,33,KANABEC,952,1659,441662
2023,March,34,KANDIYOHI,2085,4510,1128645
2023,March,35,KITTSON,161,369,93119
2023,March,36,KOOCHICHING,771,1291,338655
2023,March,37,LAC QUI PARLE,254,483,124303
2023,March,38,LAKE,371,755,185034
2023,March,39,LAKE OF THE WOODS,145,278,68728
2023,March,40,LE SUEUR,713,1453,369966
2023,March,41,LINCOLN,173,327,84012
2023,March,42,LYON,1248,2714,672208
2023,March,43,MCLEOD,1060,2134,522865
2023,March,44,MAHNOMEN,165,313,83266
2023,March,45,MARSHALL,291,622,154850
2023,March,46,MARTIN,1026,2040,508771
2023,March,47,MEEKER,832,1712,427374
2023,March,48,MILLE LACS,1342,2561,656755
2023,March,49,MORRISON,1314,2437,619667
2023,March,50,MOWER,2120,4706,1158628
2023,March,51,MURRAY,292,615,154141
2023,March,52,NICOLLET,989,2071,518073
2023,March,53,NOBLES,832,1767,445286
2023,March,54,NORMAN,330,738,180204
2023,March,55,OLMSTED,6918,14027,3539013
2023,March,56,OTTER TAIL,2162,4244,1090289
2023,March,57,PENNINGTON,604,1143,295435
2023,March,58,PINE,1696,3137,806145
2023,March,59,PIPESTONE,349,755,187458
2023,March,60,POLK,1756,3538,879902
2023,March,61,WPHS,611,1186,303001
2023,March,62,RAMSEY,34157,69105,18652111
2023,March,63,RED LAKE,166,369,94698
2023,March,64,REDWOOD,567,1188,294753
2023,March,65,RENVILLE,599,1231,307333
2023,March,66,RICE,1921,4343,1076293
2023,March,67,ROCK,319,643,161051
2023,March,68,ROSEAU,494,1049,261889
2023,March,69,ST. LOUIS,12377,20535,5473552
2023,March,70,SCOTT,2762,6262,1540440
2023,March,71,SHERBURNE,2443,6033,1478440
2023,March,72,SIBLEY,444,889,222381
2023,March,73,STEARNS,6542,15036,3782663
2023,March,74,MNPRAIRIE,2944,6243,1565060
2023,March,75,STEVENS,323,651,164610
2023,March,76,SWIFT,466,928,229634
2023,March,77,TODD,998,1951,492173
2023,March,78,TRAVERSE,214,443,110617
2023,March,79,WABASHA,607,1138,283838
2023,March,80,WADENA,849,1759,434561
2023,March,82,WASHINGTON,5568,11073,2836764
2023,March,83,WATONWAN,342,752,186470
2023,March,84,WILKIN,337,635,162957
2023,March,85,WINONA,1819,3232,840155
2023,March,86,WRIGHT,2884,5827,1529738
2023,March,87,YELLOW MEDICINE,359,667,170278
2023,March,88,MILLE-LACS-BAND TRIBE,40,114,27919
2023,March,92,WHITE EARTH NATION,1306,2543,677351
2023,March,93,RED LAKE INDIAN RESV,1763,3702,979240
2023,April,1,AITKIN,715,1280,188940
2023,April,2,ANOKA,10293,21184,3265047.25
2023,April,3,BECKER,1188,2342,324752
2023,April,4,BELTRAMI,2240,4067,632762
2023,April,5,BENTON,1944,3779,569585
2023,April,6,BIG STONE,215,414,53772
2023,April,7,BLUE EARTH,2784,5291,784310
2023,April,8,BROWN,753,1549,202944
2023,April,9,CARLTON,1454,2513,396560
2023,April,10,CARVER,1537,3054,471183
2023,April,11,CASS,2144,4374,716702
2023,April,12,CHIPPEWA,546,1130,151881
2023,April,13,CHISAGO,1410,2724,381809
2023,April,14,CLAY,3525,7473,1170447
2023,April,15,CLEARWATER,368,712,100290
2023,April,16,COOK,165,283,36820
2023,April,17,COTTONWOOD,516,1071,138625
2023,April,18,CROW WING,2505,4665,660077
2023,April,19,DAKOTA,10715,21884,4030536
2023,April,21,DOUGLAS,1239,2325,315065
2023,April,22,FARIBAULT,717,1473,199621
2023,April,23,FILLMORE,626,1242,167359
2023,April,24,FREEBORN,1739,3570,487204
2023,April,25,GOODHUE,1371,2559,345333
2023,April,27,HENNEPIN,60639,111014,19126197
2023,April,28,HOUSTON,460,847,113545
2023,April,29,HUBBARD,1030,2148,294655
2023,April,30,ISANTI,1281,2420,352656
2023,April,31,ITASCA,2406,4418,661833
2023,April,32,JACKSON,338,680,92857
2023,April,33,KANABEC,891,1525,226309
2023,April,34,KANDIYOHI,1950,4208,602040
2023,April,35,KITTSON,162,368,47382
2023,April,36,KOOCHICHING,740,1207,165731
2023,April,37,LAC QUI PARLE,241,463,58575
2023,April,38,LAKE,351,703,95865
2023,April,39,LAKE OF THE WOODS,139,275,37453
2023,April,40,LE SUEUR,685,1365,187638
2023,April,41,LINCOLN,166,308,40828
2023,April,42,LYON,1201,2590,345987
2023,April,43,MCLEOD,962,1899,254272
2023,April,44,MAHNOMEN,152,293,48738
2023,April,45,MARSHALL,272,580,70139
2023,April,46,MARTIN,962,1907,271366
2023,April,47,MEEKER,776,1582,209814
2023,April,48,MILLE LACS,1253,2369,341691
2023,April,49,MORRISON,1244,2282,313080
2023,April,50,MOWER,1977,4377,594512
2023,April,51,MURRAY,269,560,69864
2023,April,52,NICOLLET,933,1934,275854
2023,April,53,NOBLES,780,1657,243971
2023,April,54,NORMAN,317,681,94243
2023,April,55,OLMSTED,6450,13001,2040083
2023,April,56,OTTER TAIL,1981,3867,543997
2023,April,57,PENNINGTON,547,1029,134103
2023,April,58,PINE,1580,2925,421501
2023,April,59,PIPESTONE,314,665,97059
2023,April,60,POLK,1626,3326,479424
2023,April,61,WPHS,569,1091,150887
2023,April,62,RAMSEY,32800,65771,11486384.37
2023,April,63,RED LAKE,159,355,45431
2023,April,64,REDWOOD,539,1145,157423
2023,April,65,RENVILLE,556,1117,142550
2023,April,66,RICE,1791,4078,615985
2023,April,67,ROCK,312,630,86027
2023,April,68,ROSEAU,476,1014,131594
2023,April,69,ST. LOUIS,11653,19268,3042059
2023,April,70,SCOTT,2608,5882,873752
2023,April,71,SHERBURNE,2314,5668,828627
2023,April,72,SIBLEY,421,842,111457
2023,April,73,STEARNS,6052,13936,2180292
2023,April,74,MNPRAIRIE,2763,5884,822359
2023,April,75,STEVENS,315,644,83948
2023,April,76,SWIFT,434,841,115805
2023,April,77,TODD,935,1744,229807
2023,April,78,TRAVERSE,189,400,54404
2023,April,79,WABASHA,562,1047,140366
2023,April,80,WADENA,806,1641,211742
2023,April,82,WASHINGTON,5254,10379,1611765
2023,April,83,WATONWAN,321,707,97424
2023,April,84,WILKIN,315,600,83869
2023,April,85,WINONA,1733,3099,451580
2023,April,86,WRIGHT,2718,5499,852017
2023,April,87,YELLOW MEDICINE,332,613,87617
2023,April,88,MILLE-LACS-BAND TRIBE,27,72,8340
2023,April,92,WHITE EARTH NATION,1243,2443,442644
2023,April,93,RED LAKE INDIAN RESV,1645,3492,701584
2023,May,1,AITKIN,728,1281,187699
2023,May,2,ANOKA,10480,21667,3244403
2023,May,3,BECKER,1186,2329,322073
2023,May,4,BELTRAMI,2238,4088,624060
2023,May,5,BENTON,1981,3802,566833
2023,May,6,BIG STONE,219,419,54853
2023,May,7,BLUE EARTH,2805,5244,779104
2023,May,8,BROWN,762,1553,204640
2023,May,9,CARLTON,1482,2601,407802
2023,May,10,CARVER,1553,3062,469121
2023,May,11,CASS,2140,4363,708990
2023,May,12,CHIPPEWA,540,1105,149439
2023,May,13,CHISAGO,1413,2695,385827
2023,May,14,CLAY,3576,7635,1188933
2023,May,15,CLEARWATER,373,717,101161
2023,May,16,COOK,158,266,32685
2023,May,17,COTTONWOOD,512,1055,131801
2023,May,18,CROW WING,2522,4689,644159
2023,May,19,DAKOTA,10951,22397,3864220.36
2023,May,21,DOUGLAS,1257,2356,313565
2023,May,22,FARIBAULT,731,1512,204129
2023,May,23,FILLMORE,627,1236,162327
2023,May,24,FREEBORN,1727,3536,482702
2023,May,25,GOODHUE,1367,2569,347153
2023,May,27,HENNEPIN,61602,112190,19072249.1
2023,May,28,HOUSTON,448,823,111447
2023,May,29,HUBBARD,1027,2148,293279
2023,May,30,ISANTI,1275,2401,338897
2023,May,31,ITASCA,2393,4358,641943
2023,May,32,JACKSON,351,710,99151
2023,May,33,KANABEC,899,1527,225714
2023,May,34,KANDIYOHI,1973,4246,598204
2023,May,35,KITTSON,164,372,47008
2023,May,36,KOOCHICHING,746,1226,170284
2023,May,37,LAC QUI PARLE,245,477,61713
2023,May,38,LAKE,343,697,91351
2023,May,39,LAKE OF THE WOODS,139,265,35993
2023,May,40,LE SUEUR,673,1300,182902
2023,May,41,LINCOLN,167,317,40955
2023,May,42,LYON,1191,2557,332890
2023,May,43,MCLEOD,977,1929,248883
2023,May,44,MAHNOMEN,149,296,50267
2023,May,45,MARSHALL,279,593,71333
2023,May,46,MARTIN,980,1931,274765
2023,May,47,MEEKER,789,1645,209826
2023,May,48,MILLE LACS,1258,2372,326885.23
2023,May,49,MORRISON,1244,2276,307947
2023,May,50,MOWER,2018,4446,604724
2023,May,51,MURRAY,265,545,64739
2023,May,52,NICOLLET,928,1921,273412
2023,May,53,NOBLES,796,1696,249258
2023,May,54,NORMAN,315,676,91186
2023,May,55,OLMSTED,6404,12864,1998067
2023,May,56,OTTER TAIL,2030,3977,541062
2023,May,57,PENNINGTON,555,1046,136401
2023,May,58,PINE,1585,2933,418592
2023,May,59,PIPESTONE,322,678,95357
2023,May,60,POLK,1639,3321,483021
2023,May,61,WPHS,570,1081,148905
2023,May,62,RAMSEY,33555,67122,11241421.45
2023,May,63,RED LAKE,151,331,43428
2023,May,64,REDWOOD,531,1116,142959
2023,May,65,RENVILLE,580,1172,149817
2023,May,66,RICE,1772,3970,594151
2023,May,67,ROCK,306,616,81986
2023,May,68,ROSEAU,466,987,119665
2023,May,69,ST. LOUIS,11739,19330,3004425
2023,May,70,SCOTT,2653,5975,863822
2023,May,71,SHERBURNE,2308,5604,812225
2023,May,72,SIBLEY,418,848,112133
2023,May,73,STEARNS,6043,14119,2136875
2023,May,74,MNPRAIRIE,2781,5877,835023
2023,May,75,STEVENS,324,630,86075
2023,May,76,SWIFT,442,848,117881
2023,May,77,TODD,933,1758,226065
2023,May,78,TRAVERSE,199,420,56906
2023,May,79,WABASHA,592,1094,145609
2023,May,80,WADENA,806,1630,205114
2023,May,82,WASHINGTON,5351,10553,1625194
2023,May,83,WATONWAN,327,733,96620
2023,May,84,WILKIN,326,635,90013
2023,May,85,WINONA,1744,3099,448265
2023,May,86,WRIGHT,2775,5627,818427
2023,May,87,YELLOW MEDICINE,328,604,82356
2023,May,88,MILLE-LACS-BAND TRIBE,28,75,7696
2023,May,92,WHITE EARTH NATION,1247,2444,446517
2023,May,93,RED LAKE INDIAN RESV,1619,3444,698105
2023,June,1,AITKIN,729,1282,183523
2023,June,2,ANOKA,10482,21708,3225518
2023,June,3,BECKER,1190,2298,317062
2023,June,4,BELTRAMI,2235,4123,631099
2023,June,5,BENTON,1951,3792,560241
2023,June,6,BIG STONE,219,413,52312
2023,June,7,BLUE EARTH,2820,5287,801780
2023,June,8,BROWN,779,1592,201162
2023,June,9,CARLTON,1440,2522,381792
2023,June,10,CARVER,1553,3124,473232
2023,June,11,CASS,2148,4292,708597
2023,June,12,CHIPPEWA,560,1142,153252
2023,June,13,CHISAGO,1410,2677,379856
2023,June,14,CLAY,3623,7689,1200454
2023,June,15,CLEARWATER,378,712,103836
2023,June,16,COOK,157,263,34290
2023,June,17,COTTONWOOD,518,1060,135526
2023,June,18,CROW WING,2473,4531,615510
2023,June,19,DAKOTA,11145,22764,3804353
2023,June,21,DOUGLAS,1249,2317,305771
2023,June,22,FARIBAULT,708,1466,197567
2023,June,23,FILLMORE,617,1202,159071
2023,June,24,FREEBORN,1733,3551,483515
2023,June,25,GOODHUE,1359,2521,342693
2023,June,27,HENNEPIN,61685,112352,19043069.99
2023,June,28,HOUSTON,466,870,109821
2023,June,29,HUBBARD,1019,2119,289051
2023,June,30,ISANTI,1266,2367,330793
2023,June,31,ITASCA,2404,4366,640499
2023,June,32,JACKSON,344,699,95270
2023,June,33,KANABEC,878,1517,217328
2023,June,34,KANDIYOHI,1998,4280,604569
2023,June,35,KITTSON,159,356,43107
2023,June,36,KOOCHICHING,747,1218,169679
2023,June,37,LAC QUI PARLE,256,500,65165
2023,June,38,LAKE,339,690,91081
2023,June,39,LAKE OF THE WOODS,140,282,38125
2023,June,40,LE SUEUR,671,1302,183108
2023,June,41,LINCOLN,168,307,42074
2023,June,42,LYON,1213,2640,348852
2023,June,43,MCLEOD,997,1935,255591
2023,June,44,MAHNOMEN,148,297,47434
2023,June,45,MARSHALL,286,609,77572
2023,June,46,MARTIN,982,1925,270767
2023,June,47,MEEKER,784,1611,215444
2023,June,48,MILLE LACS,1241,2346,330583
2023,June,49,MORRISON,1244,2276,311342
2023,June,50,MOWER,2001,4390,587333
2023,June,51,MURRAY,256,521,64148
2023,June,52,NICOLLET,955,1998,286813
2023,June,53,NOBLES,813,1736,252114
2023,June,54,NORMAN,312,662,92002
2023,June,55,OLMSTED,6422,12964,2000018
2023,June,56,OTTER TAIL,2041,3975,541134
2023,June,57,PENNINGTON,559,1046,148275
2023,June,58,PINE,1583,2928,411992
2023,June,59,PIPESTONE,320,678,94578
2023,June,60,POLK,1657,3366,491407
2023,June,61,WPHS,578,1098,147141
2023,June,62,RAMSEY,33833,67406,10969461
2023,June,63,RED LAKE,152,340,43929
2023,June,64,REDWOOD,525,1092,140283
2023,June,65,RENVILLE,584,1172,156038
2023,June,66,RICE,1797,4008,598410
2023,June,67,ROCK,313,634,80691
2023,June,68,ROSEAU,470,1004,125074
2023,June,69,ST. LOUIS,11749,19402,3021549.7
2023,June,70,SCOTT,2624,5895,857698
2023,June,71,SHERBURNE,2297,5589,810787
2023,June,72,SIBLEY,428,879,117096
2023,June,73,STEARNS,6108,14212,2124683
2023,June,74,MNPRAIRIE,2755,5784,819285
2023,June,75,STEVENS,314,601,81757
2023,June,76,SWIFT,443,846,118160
2023,June,77,TODD,943,1748,225699
2023,June,78,TRAVERSE,197,421,55939
2023,June,79,WABASHA,572,1054,135712
2023,June,80,WADENA,796,1603,211551
2023,June,82,WASHINGTON,5385,10553,1612269
2023,June,83,WATONWAN,337,721,102221
2023,June,84,WILKIN,327,650,95846
2023,June,85,WINONA,1767,3152,451268
2023,June,86,WRIGHT,2792,5636,816398
2023,June,87,YELLOW MEDICINE,310,571,76816
2023,June,88,MILLE-LACS-BAND TRIBE,27,67,8798
2023,June,92,WHITE EARTH NATION,1240,2413,443387
2023,June,93,RED LAKE INDIAN RESV,1646,3513,704416
2023,July,1,AITKIN,747,1306,182097
2023,July,2,ANOKA,10481,21612,3230741
2023,July,3,BECKER,1189,2313,319719
2023,July,4,BELTRAMI,2200,4008,624941
2023,July,5,BENTON,1975,3814,563090
2023,July,6,BIG STONE,214,406,53199
2023,July,7,BLUE EARTH,2809,5296,782543
2023,July,8,BROWN,791,1574,208798
2023,July,9,CARLTON,1412,2467,377251
2023,July,10,CARVER,1545,3093,478172
2023,July,11,CASS,2141,4274,706547
2023,July,12,CHIPPEWA,568,1161,157322
2023,July,13,CHISAGO,1429,2708,382690
2023,July,14,CLAY,3644,7724,1221294
2023,July,15,CLEARWATER,370,688,99274
2023,July,16,COOK,153,246,32236
2023,July,17,COTTONWOOD,530,1090,138973
2023,July,18,CROW WING,2469,4558,629388
2023,July,19,DAKOTA,11129,22659,3624090
2023,July,21,DOUGLAS,1228,2263,298660
2023,July,22,FARIBAULT,698,1435,192000
2023,July,23,FILLMORE,630,1269,170202
2023,July,24,FREEBORN,1730,3516,480392
2023,July,25,GOODHUE,1378,2566,354195
2023,July,27,HENNEPIN,61696,112485,19041758
2023,July,28,HOUSTON,457,855,104971
2023,July,29,HUBBARD,985,2045,279262
2023,July,30,ISANTI,1259,2322,327970
2023,July,31,ITASCA,2351,4260,622980
2023,July,32,JACKSON,344,685,94813
2023,July,33,KANABEC,897,1552,224139
2023,July,34,KANDIYOHI,1989,4221,604494
2023,July,35,KITTSON,169,389,46859
2023,July,36,KOOCHICHING,710,1170,155847
2023,July,37,LAC QUI PARLE,252,511,68277
2023,July,38,LAKE,321,643,87063
2023,July,39,LAKE OF THE WOODS,141,277,35813
2023,July,40,LE SUEUR,703,1316,187457
2023,July,41,LINCOLN,75,97,11152
2023,July,42,LYON,1197,2616,344471
2023,July,43,MCLEOD,1028,1989,267135
2023,July,44,MAHNOMEN,151,294,49977
2023,July,45,MARSHALL,286,604,77751
2023,July,46,MARTIN,985,1956,278192
2023,July,47,MEEKER,790,1640,216469
2023,July,48,MILLE LACS,1243,2353,333110
2023,July,49,MORRISON,1249,2270,313514
2023,July,50,MOWER,1988,4363,593602
2023,July,51,MURRAY,295,594,70357
2023,July,52,NICOLLET,945,1975,285874
2023,July,53,NOBLES,842,1813,265322
2023,July,54,NORMAN,301,614,88940
2023,July,55,OLMSTED,6399,12835,2002314
2023,July,56,OTTER TAIL,2035,3965,535704
2023,July,57,PENNINGTON,561,1057,144338
2023,July,58,PINE,1546,2810,387776
2023,July,59,PIPESTONE,360,774,109707
2023,July,60,POLK,1660,3352,506548
2023,July,61,WPHS,576,1106,149780
2023,July,62,RAMSEY,33861,67232,10877738.45
2023,July,63,RED LAKE,153,328,46117
2023,July,64,REDWOOD,520,1096,142747
2023,July,65,RENVILLE,564,1135,155312
2023,July,66,RICE,1762,3907,571142
2023,July,67,ROCK,308,638,84785
2023,July,68,ROSEAU,459,975,125817
2023,July,69,ST. LOUIS,11660,19223,3002742
2023,July,70,SCOTT,2607,5769,844381
2023,July,71,SHERBURNE,2309,5614,831714
2023,July,72,SIBLEY,418,849,117074
2023,July,73,STEARNS,6095,14069,2125710
2023,July,74,MNPRAIRIE,2795,5886,815865
2023,July,75,STEVENS,321,608,84291
2023,July,76,SWIFT,437,828,117704
2023,July,77,TODD,929,1744,218455
2023,July,78,TRAVERSE,196,402,55134
2023,July,79,WABASHA,581,1056,130551
2023,July,80,WADENA,793,1604,213260
2023,July,82,WASHINGTON,5421,10602,1612748
2023,July,83,WATONWAN,346,746,98877
2023,July,84,WILKIN,326,652,97378
2023,July,85,WINONA,1752,3108,437900
2023,July,86,WRIGHT,2866,5912,871528
2023,July,87,YELLOW MEDICINE,321,582,81049
2023,July,88,MILLE-LACS-BAND TRIBE,27,65,8182
2023,July,92,WHITE EARTH NATION,1224,2401,438236
2023,July,93,RED LAKE INDIAN RESV,1652,3532,713639
2023,August,1,AITKIN,734,1283,180880
2023,August,2,ANOKA,10453,21451,3198612
2023,August,3,BECKER,1169,2244,309932
2023,August,4,BELTRAMI,2179,3940,607031
2023,August,5,BENTON,1981,3804,566684
2023,August,6,BIG STONE,212,400,51873
2023,August,7,BLUE EARTH,2778,5145,769535
2023,August,8,BROWN,794,1620,196647
2023,August,9,CARLTON,1418,2446,378559
2023,August,10,CARVER,1562,3130,485319
2023,August,11,CASS,2128,4194,692848
2023,August,12,CHIPPEWA,575,1183,159186
2023,August,13,CHISAGO,1405,2629,377436
2023,August,14,CLAY,3614,7643,1218335
2023,August,15,CLEARWATER,361,676,89408
2023,August,16,COOK,141,221,26762
2023,August,17,COTTONWOOD,541,1130,150799
2023,August,18,CROW WING,2442,4445,597282
2023,August,19,DAKOTA,11152,22592,3638779
2023,August,21,DOUGLAS,1234,2227,301565
2023,August,22,FARIBAULT,683,1395,191293
2023,August,23,FILLMORE,622,1241,158808
2023,August,24,FREEBORN,1726,3479,473481
2023,August,25,GOODHUE,1366,2517,338295
2023,August,27,HENNEPIN,61836,112671,19125206.12
2023,August,28,HOUSTON,458,845,106185
2023,August,29,HUBBARD,960,1971,271451
2023,August,30,ISANTI,1264,2320,336293
2023,August,31,ITASCA,2354,4254,622915
2023,August,32,JACKSON,346,671,92152
2023,August,33,KANABEC,876,1512,214012
2023,August,34,KANDIYOHI,1987,4210,596936
2023,August,35,KITTSON,164,374,47125
2023,August,36,KOOCHICHING,711,1175,160240
2023,August,37,LAC QUI PARLE,248,493,65535
2023,August,38,LAKE,312,629,83514
2023,August,39,LAKE OF THE WOODS,145,274,34604
2023,August,40,LE SUEUR,669,1293,174623
2023,August,41,LINCOLN,73,92,9789
2023,August,42,LYON,1200,2590,338721
2023,August,43,MCLEOD,955,1879,252361
2023,August,44,MAHNOMEN,146,276,47548
2023,August,45,MARSHALL,276,574,74408
2023,August,46,MARTIN,975,1930,264189
2023,August,47,MEEKER,785,1613,211268
2023,August,48,MILLE LACS,1235,2319,325591
2023,August,49,MORRISON,1218,2216,306423
2023,August,50,MOWER,2030,4381,602171
2023,August,51,MURRAY,292,594,75614
2023,August,52,NICOLLET,958,1983,287134
2023,August,53,NOBLES,855,1803,266667
2023,August,54,NORMAN,303,618,88707
2023,August,55,OLMSTED,6429,12918,1998976
2023,August,56,OTTER TAIL,2053,3980,528009.66
2023,August,57,PENNINGTON,567,1065,146050
2023,August,58,PINE,1547,2808,395869
2023,August,59,PIPESTONE,355,768,99651
2023,August,60,POLK,1659,3374,510973
2023,August,61,WPHS,575,1092,151319
2023,August,62,RAMSEY,34238,67739,11070676
2023,August,63,RED LAKE,152,316,45741
2023,August,64,REDWOOD,525,1089,148020
2023,August,65,RENVILLE,547,1093,145938
2023,August,66,RICE,1747,3847,568550
2023,August,67,ROCK,305,622,82288
2023,August,68,ROSEAU,479,994,129092
2023,August,69,ST. LOUIS,11483,18892,2958102
2023,August,70,SCOTT,2610,5768,839143
2023,August,71,SHERBURNE,2294,5606,828537.04
2023,August,72,SIBLEY,413,819,109804
2023,August,73,STEARNS,6028,13910,2105989
2023,August,74,MNPRAIRIE,2759,5772,810302
2023,August,75,STEVENS,323,623,86194
2023,August,76,SWIFT,433,816,119735
2023,August,77,TODD,913,1705,216832
2023,August,78,TRAVERSE,200,424,57346
2023,August,79,WABASHA,552,982,126431
2023,August,80,WADENA,787,1591,205966
2023,August,82,WASHINGTON,5376,10444,1595462
2023,August,83,WATONWAN,341,745,99604
2023,August,84,WILKIN,318,631,95543
2023,August,85,WINONA,1749,3086,434114
2023,August,86,WRIGHT,2890,5928,857261
2023,August,87,YELLOW MEDICINE,330,610,84056
2023,August,88,MILLE-LACS-BAND TRIBE,24,57,7808
2023,August,92,WHITE EARTH NATION,1220,2362,437098
2023,August,93,RED LAKE INDIAN RESV,1648,3500,708248
2023,September,1,AITKIN,725,1263,182561
2023,September,2,ANOKA,10380,21276,3177117
2023,September,3,BECKER,1170,2251,301133
2023,September,4,BELTRAMI,2173,3905,604874
2023,September,5,BENTON,1969,3804,569471
2023,September,6,BIG STONE,208,396,52032
2023,September,7,BLUE EARTH,2735,5050,763994
2023,September,8,BROWN,790,1595,199808
2023,September,9,CARLTON,1383,2391,366971
2023,September,10,CARVER,1580,3170,489843
2023,September,11,CASS,2123,4181,692683
2023,September,12,CHIPPEWA,557,1143,157314
2023,September,13,CHISAGO,1398,2626,367314
2023,September,14,CLAY,3556,7503,1183353
2023,September,15,CLEARWATER,354,643,87464
2023,September,16,COOK,140,226,28108
2023,September,17,COTTONWOOD,554,1141,154470
2023,September,18,CROW WING,2369,4294,590091
2023,September,19,DAKOTA,11024,22277,3561385
2023,September,21,DOUGLAS,1219,2203,294032
2023,September,22,FARIBAULT,706,1452,196345
2023,September,23,FILLMORE,618,1205,147877
2023,September,24,FREEBORN,1724,3504,466733
2023,September,25,GOODHUE,1330,2422,336159
2023,September,27,HENNEPIN,61173,111595,18874000
2023,September,28,HOUSTON,450,824,103563
2023,September,29,HUBBARD,931,1852,247499
2023,September,30,ISANTI,1271,2340,336450
2023,September,31,ITASCA,2329,4257,616173
2023,September,32,JACKSON,349,693,96428
2023,September,33,KANABEC,867,1508,213303
2023,September,34,KANDIYOHI,1929,4093,579382
2023,September,35,KITTSON,173,392,50039
2023,September,36,KOOCHICHING,686,1137,149391
2023,September,37,LAC QUI PARLE,254,496,64227
2023,September,38,LAKE,304,602,79694
2023,September,39,LAKE OF THE WOODS,140,260,34610
2023,September,40,LE SUEUR,665,1302,180227
2023,September,41,LINCOLN,101,141,18368
2023,September,42,LYON,1206,2587,341000
2023,September,43,MCLEOD,957,1913,250855
2023,September,44,MAHNOMEN,147,273,47418
2023,September,45,MARSHALL,274,585,74267
2023,September,46,MARTIN,957,1893,263765
2023,September,47,MEEKER,796,1610,215143
2023,September,48,MILLE LACS,1215,2322,322588
2023,September,49,MORRISON,1227,2222,308494
2023,September,50,MOWER,1983,4299,587127
2023,September,51,MURRAY,264,529,66728
2023,September,52,NICOLLET,946,1946,271355
2023,September,53,NOBLES,836,1807,260588
2023,September,54,NORMAN,307,637,98053
2023,September,55,OLMSTED,6468,12974,1982627
2023,September,56,OTTER TAIL,2013,3870,511751
2023,September,57,PENNINGTON,566,1065,147127
2023,September,58,PINE,1542,2839,402332
2023,September,59,PIPESTONE,344,751,100081
2023,September,60,POLK,1651,3380,505819
2023,September,61,WPHS,579,1098,151389
2023,September,62,RAMSEY,34059,67316,10994917
2023,September,63,RED LAKE,152,314,45407
2023,September,64,REDWOOD,522,1091,147257
2023,September,65,RENVILLE,534,1062,137254
2023,September,66,RICE,1747,3891,569060
2023,September,67,ROCK,297,609,79535
2023,September,68,ROSEAU,479,993,129037
2023,September,69,ST. LOUIS,11406,18699,2891550
2023,September,70,SCOTT,2597,5772,830386
2023,September,71,SHERBURNE,2282,5542,820383
2023,September,72,SIBLEY,421,848,114935
2023,September,73,STEARNS,5948,13632,2024676
2023,September,74,MNPRAIRIE,2755,5710,804224
2023,September,75,STEVENS,307,572,78094
2023,September,76,SWIFT,446,848,122064
2023,September,77,TODD,936,1776,225714
2023,September,78,TRAVERSE,199,411,56036
2023,September,79,WABASHA,538,953,129084
2023,September,80,WADENA,788,1592,206801
2023,September,82,WASHINGTON,5371,10557,1587159
2023,September,83,WATONWAN,347,760,104285
2023,September,84,WILKIN,324,655,98249
2023,September,85,WINONA,1745,3109,445874
2023,September,86,WRIGHT,2886,5930,845278
2023,September,87,YELLOW MEDICINE,318,571,74038
2023,September,88,MILLE-LACS-BAND TRIBE,26,55,9136
2023,September,92,WHITE EARTH NATION,1227,2367,437989
2023,September,93,RED LAKE INDIAN RESV,1675,3558,719677
2023,October,1,AITKIN,737,1284,191103
2023,October,2,ANOKA,10405,21368,3404954
2023,October,3,BECKER,1168,2247,327712
2023,October,4,BELTRAMI,2200,4029,666018
2023,October,5,BENTON,1995,3873,623797
2023,October,6,BIG STONE,199,386,49644
2023,October,7,BLUE EARTH,2776,5157,820881
2023,October,8,BROWN,795,1598,213876
2023,October,9,CARLTON,1405,2459,398877
2023,October,10,CARVER,1618,3261,525522
2023,October,11,CASS,2111,4156,721336
2023,October,12,CHIPPEWA,546,1121,163402
2023,October,13,CHISAGO,1395,2628,400875
2023,October,14,CLAY,3600,7627,1269205
2023,October,15,CLEARWATER,360,671,97166
2023,October,16,COOK,131,214,28606
2023,October,17,COTTONWOOD,564,1186,169412
2023,October,18,CROW WING,2427,4478,661534
2023,October,19,DAKOTA,11092,22428,3891940.85
2023,October,21,DOUGLAS,1224,2270,331188
2023,October,22,FARIBAULT,705,1478,212923
2023,October,23,FILLMORE,614,1188,163423
2023,October,24,FREEBORN,1750,3574,520026
2023,October,25,GOODHUE,1337,2420,358217
2023,October,27,HENNEPIN,61639,112262,20246670.44
2023,October,28,HOUSTON,450,813,119777
2023,October,29,HUBBARD,942,1884,273116
2023,October,30,ISANTI,1292,2421,373808
2023,October,31,ITASCA,2357,4279,691449
2023,October,32,JACKSON,345,688,102261
2023,October,33,KANABEC,876,1501,232554
2023,October,34,KANDIYOHI,1907,4091,616032
2023,October,35,KITTSON,179,415,60080
2023,October,36,KOOCHICHING,721,1180,174251
2023,October,37,LAC QUI PARLE,255,501,75528
2023,October,38,LAKE,310,620,81829
2023,October,39,LAKE OF THE WOODS,141,258,35959
2023,October,40,LE SUEUR,651,1295,186706
2023,October,41,LINCOLN,133,245,32419
2023,October,42,LYON,1236,2649,385448
2023,October,43,MCLEOD,980,1945,273648
2023,October,44,MAHNOMEN,140,262,46960
2023,October,45,MARSHALL,275,571,80763
2023,October,46,MARTIN,958,1886,282105
2023,October,47,MEEKER,803,1648,237293
2023,October,48,MILLE LACS,1237,2386,351836
2023,October,49,MORRISON,1245,2266,335085
2023,October,50,MOWER,1958,4214,615902
2023,October,51,MURRAY,262,537,74043
2023,October,52,NICOLLET,970,2011,315972
2023,October,53,NOBLES,833,1784,271352
2023,October,54,NORMAN,306,619,92796
2023,October,55,OLMSTED,6510,13026,2134278
2023,October,56,OTTER TAIL,2033,3909,560062
2023,October,57,PENNINGTON,576,1086,165018
2023,October,58,PINE,1532,2818,425047
2023,October,59,PIPESTONE,318,686,97453
2023,October,60,POLK,1678,3383,553487
2023,October,61,WPHS,583,1110,163700
2023,October,62,RAMSEY,34457,68047,11874523
2023,October,63,RED LAKE,159,331,48704
2023,October,64,REDWOOD,544,1159,168381
2023,October,65,RENVILLE,542,1070,155163
2023,October,66,RICE,1801,4034,649428
2023,October,67,ROCK,291,596,82989
2023,October,68,ROSEAU,490,1011,139773
2023,October,69,ST. LOUIS,11449,18886,3140351.72
2023,October,70,SCOTT,2633,5852,901999
2023,October,71,SHERBURNE,2274,5535,874621
2023,October,72,SIBLEY,443,907,132551
2023,October,73,STEARNS,5927,13680,2182142
2023,October,74,MNPRAIRIE,2818,5836,884401
2023,October,75,STEVENS,306,585,82468
2023,October,76,SWIFT,439,856,131447
2023,October,77,TODD,947,1800,248681
2023,October,78,TRAVERSE,199,403,62135
2023,October,79,WABASHA,551,1013,145885
2023,October,80,WADENA,785,1575,222230
2023,October,82,WASHINGTON,5462,10761,1736336
2023,October,83,WATONWAN,336,723,107076
2023,October,84,WILKIN,324,641,102129
2023,October,85,WINONA,1781,3166,492656
2023,October,86,WRIGHT,2907,6029,944420
2023,October,87,YELLOW MEDICINE,332,608,87750
2023,October,88,MILLE-LACS-BAND TRIBE,26,57,9683
2023,October,92,WHITE EARTH NATION,1225,2380,459592
2023,October,93,RED LAKE INDIAN RESV,1656,3466,735542
2023,November,1,AITKIN,733,1286,193282
2023,November,2,ANOKA,10476,21445,3387728
2023,November,3,BECKER,1193,2282,334872
2023,November,4,BELTRAMI,2188,4004,659363
2023,November,5,BENTON,1959,3765,591805
2023,November,6,BIG STONE,201,391,56794
2023,November,7,BLUE EARTH,2767,5153,809538
2023,November,8,BROWN,780,1581,216416
2023,November,9,CARLTON,1399,2467,398077
2023,November,10,CARVER,1612,3218,521118
2023,November,11,CASS,2128,4194,725609
2023,November,12,CHIPPEWA,547,1110,163147
2023,November,13,CHISAGO,1377,2566,387143
2023,November,14,CLAY,3603,7643,1268641
2023,November,15,CLEARWATER,348,665,97847
2023,November,16,COOK,131,227,30379
2023,November,17,COTTONWOOD,560,1170,169139
2023,November,18,CROW WING,2422,4542,663687
2023,November,19,DAKOTA,10872,21991,3801337
2023,November,21,DOUGLAS,1219,2255,330660
2023,November,22,FARIBAULT,687,1449,208130
2023,November,23,FILLMORE,603,1186,167790
2023,November,24,FREEBORN,1743,3526,501913
2023,November,25,GOODHUE,1339,2402,354673
2023,November,27,HENNEPIN,60911,110953,19925156
2023,November,28,HOUSTON,453,812,118092
2023,November,29,HUBBARD,946,1902,278796
2023,November,30,ISANTI,1288,2407,372372
2023,November,31,ITASCA,2317,4204,664745
2023,November,32,JACKSON,357,711,102998
2023,November,33,KANABEC,892,1556,240497
2023,November,34,KANDIYOHI,1879,3974,603070
2023,November,35,KITTSON,176,395,54407
2023,November,36,KOOCHICHING,692,1146,168996
2023,November,37,LAC QUI PARLE,256,496,72058
2023,November,38,LAKE,316,625,88115
2023,November,39,LAKE OF THE WOODS,141,255,35231
2023,November,40,LE SUEUR,643,1286,183049
2023,November,41,LINCOLN,139,257,34224
2023,November,42,LYON,1236,2665,386239
2023,November,43,MCLEOD,966,1939,275064
2023,November,44,MAHNOMEN,138,259,46786
2023,November,45,MARSHALL,279,574,76842
2023,November,46,MARTIN,941,1848,279593
2023,November,47,MEEKER,829,1682,246388
2023,November,48,MILLE LACS,1213,2342,348014
2023,November,49,MORRISON,1215,2230,325525
2023,November,50,MOWER,1935,4165,606383
2023,November,51,MURRAY,258,538,77477
2023,November,52,NICOLLET,948,1967,304477
2023,November,53,NOBLES,829,1764,264194
2023,November,54,NORMAN,321,652,98349
2023,November,55,OLMSTED,6509,12884,2103883
2023,November,56,OTTER TAIL,2031,3937,557721
2023,November,57,PENNINGTON,580,1115,163238
2023,November,58,PINE,1521,2762,414275
2023,November,59,PIPESTONE,323,718,101116
2023,November,60,POLK,1685,3374,533294
2023,November,61,WPHS,584,1132,167543
2023,November,62,RAMSEY,34250,67290,11680661.87
2023,November,63,RED LAKE,159,325,52457
2023,November,64,REDWOOD,548,1156,163147
2023,November,65,RENVILLE,536,1056,152857
2023,November,66,RICE,1794,4022,635937
2023,November,67,ROCK,291,588,82966
2023,November,68,ROSEAU,477,991,140827
2023,November,69,ST. LOUIS,11403,18742,3083075
2023,November,70,SCOTT,2626,5778,891477
2023,November,71,SHERBURNE,2317,5656,883369
2023,November,72,SIBLEY,420,820,116214
2023,November,73,STEARNS,5907,13534,2140497
2023,November,74,MNPRAIRIE,2820,5813,867033
2023,November,75,STEVENS,304,578,85256
2023,November,76,SWIFT,446,854,128037
2023,November,77,TODD,942,1789,239489
2023,November,78,TRAVERSE,196,407,63438
2023,November,79,WABASHA,547,1016,148642
2023,November,80,WADENA,792,1564,222098
2023,November,82,WASHINGTON,5492,10842,1726224
2023,November,83,WATONWAN,317,672,100331
2023,November,84,WILKIN,317,619,99505
2023,November,85,WINONA,1762,3142,483395
2023,November,86,WRIGHT,2869,5991,928437
2023,November,87,YELLOW MEDICINE,313,574,79932
2023,November,88,MILLE-LACS-BAND TRIBE,26,54,8073
2023,November,92,WHITE EARTH NATION,1227,2355,461091
2023,November,93,RED LAKE INDIAN RESV,1665,3474,735103
2023,December,1,AITKIN,738,1317,193450
2023,December,2,ANOKA,10433,21251,3330826.72
2023,December,3,BECKER,1204,2311,327926
2023,December,4,BELTRAMI,2202,4032,657689
2023,December,5,BENTON,2005,3848,605570
2023,December,6,BIG STONE,200,387,53690
2023,December,7,BLUE EARTH,2818,5220,828618.67
2023,December,8,BROWN,782,1581,218009
2023,December,9,CARLTON,1391,2431,385776
2023,December,10,CARVER,1649,3336,529139
2023,December,11,CASS,2165,4291,749544
2023,December,12,CHIPPEWA,537,1111,164017
2023,December,13,CHISAGO,1376,2582,392407
2023,December,14,CLAY,3588,7561,1272528
2023,December,15,CLEARWATER,346,653,92707
2023,December,16,COOK,141,243,34807
2023,December,17,COTTONWOOD,567,1190,175056
2023,December,18,CROW WING,2412,4512,657294
2023,December,19,DAKOTA,10899,21878,3860541.36
2023,December,21,DOUGLAS,1194,2215,327381
2023,December,22,FARIBAULT,700,1454,213026
2023,December,23,FILLMORE,613,1197,162032
2023,December,24,FREEBORN,1741,3519,498429
2023,December,25,GOODHUE,1360,2442,364690
2023,December,27,HENNEPIN,60866,110639,19897552.09
2023,December,28,HOUSTON,460,839,117610
2023,December,29,HUBBARD,952,1933,276615
2023,December,30,ISANTI,1310,2461,380265
2023,December,31,ITASCA,2312,4173,658775
2023,December,32,JACKSON,351,692,100193
2023,December,33,KANABEC,886,1562,241329
2023,December,34,KANDIYOHI,1896,4022,603065
2023,December,35,KITTSON,174,391,54939
2023,December,36,KOOCHICHING,716,1198,176842
2023,December,37,LAC QUI PARLE,260,499,73391
2023,December,38,LAKE,320,618,88032
2023,December,39,LAKE OF THE WOODS,149,271,37710
2023,December,40,LE SUEUR,641,1272,185129
2023,December,41,LINCOLN,144,262,33785
2023,December,42,LYON,1228,2639,380238
2023,December,43,MCLEOD,973,1931,267226
2023,December,44,MAHNOMEN,133,257,44187
2023,December,45,MARSHALL,285,589,76974
2023,December,46,MARTIN,930,1828,269077
2023,December,47,MEEKER,834,1676,250706
2023,December,48,MILLE LACS,1227,2356,347194
2023,December,49,MORRISON,1220,2249,330326
2023,December,50,MOWER,1902,4067,585794
2023,December,51,MURRAY,265,542,78372
2023,December,52,NICOLLET,963,2010,312983
2023,December,53,NOBLES,826,1735,260460
2023,December,54,NORMAN,317,633,95383
2023,December,55,OLMSTED,6530,12920,2094414.41
2023,December,56,OTTER TAIL,2063,3996,580300
2023,December,57,PENNINGTON,589,1118,166517
2023,December,58,PINE,1548,2811,424770
2023,December,59,PIPESTONE,316,706,96408
2023,December,60,POLK,1668,3371,528968
2023,December,61,WPHS,593,1135,165709
2023,December,62,RAMSEY,34235,67184,11638290.77
2023,December,63,RED LAKE,161,329,51577
2023,December,64,REDWOOD,546,1181,161629
2023,December,65,RENVILLE,558,1119,154595
2023,December,66,RICE,1795,3992,632107.53
2023,December,67,ROCK,287,559,78763
2023,December,68,ROSEAU,479,976,139865
2023,December,69,ST. LOUIS,11517,18967,3146141
2023,December,70,SCOTT,2640,5740,895022
2023,December,71,SHERBURNE,2345,5709,889904.62
2023,December,72,SIBLEY,430,851,126295
2023,December,73,STEARNS,5883,13495,2127058.11
2023,December,74,MNPRAIRIE,2813,5736,849519
2023,December,75,STEVENS,315,623,94766
2023,December,76,SWIFT,450,891,131475
2023,December,77,TODD,945,1814,247613
2023,December,78,TRAVERSE,205,417,62643
2023,December,79,WABASHA,561,1035,149143
2023,December,80,WADENA,799,1590,224993
2023,December,82,WASHINGTON,5497,10869,1716534.97
2023,December,83,WATONWAN,324,698,100552
2023,December,84,WILKIN,313,598,93981
2023,December,85,WINONA,1772,3146,489561
2023,December,86,WRIGHT,2885,5989,929511
2023,December,87,YELLOW MEDICINE,312,569,80001
2023,December,88,MILLE-LACS-BAND TRIBE,26,61,7823
2023,December,92,WHITE EARTH NATION,1234,2378,459819
2023,December,93,RED LAKE INDIAN RESV,1647,3430,721531
2024,January,1,AITKIN,730,1306,190508
2024,January,2,ANOKA,10423,21391,3331689.91
2024,January,3,BECKER,1203,2276,326635
2024,January,4,BELTRAMI,2195,4026,662206
2024,January,5,BENTON,1972,3786,593994
2024,January,6,BIG STONE,201,398,55241
2024,January,7,BLUE EARTH,2818,5263,824185
2024,January,8,BROWN,778,1570,215305
2024,January,9,CARLTON,1399,2441,391727
2024,January,10,CARVER,1660,3351,536143.91
2024,January,11,CASS,2199,4347,761415
2024,January,12,CHIPPEWA,540,1125,166429
2024,January,13,CHISAGO,1387,2608,393358
2024,January,14,CLAY,3601,7668,1276995
2024,January,15,CLEARWATER,358,673,100542
2024,January,16,COOK,139,245,37015
2024,January,17,COTTONWOOD,567,1198,171430.96
2024,January,18,CROW WING,2425,4532,648579
2024,January,19,DAKOTA,10739,21585,3778377.21
2024,January,21,DOUGLAS,1199,2224,334731
2024,January,22,FARIBAULT,692,1460,207446
2024,January,23,FILLMORE,610,1183,170860
2024,January,24,FREEBORN,1713,3487,493900
2024,January,25,GOODHUE,1367,2499,368208
2024,January,27,HENNEPIN,59830,109206,19525960.85
2024,January,28,HOUSTON,458,844,120572
2024,January,29,HUBBARD,954,1948,273666
2024,January,30,ISANTI,1260,2419,365041
2024,January,31,ITASCA,2299,4215,656764
2024,January,32,JACKSON,341,678,90181
2024,January,33,KANABEC,902,1574,246714
2024,January,34,KANDIYOHI,1893,4046,612175
2024,January,35,KITTSON,175,398,55493
2024,January,36,KOOCHICHING,730,1225,180058
2024,January,37,LAC QUI PARLE,251,487,71534
2024,January,38,LAKE,313,614,84406
2024,January,39,LAKE OF THE WOODS,150,268,36139
2024,January,40,LE SUEUR,643,1288,187435
2024,January,41,LINCOLN,149,294,39288
2024,January,42,LYON,1239,2637,373956
2024,January,43,MCLEOD,969,1910,262316
2024,January,44,MAHNOMEN,132,250,45309
2024,January,45,MARSHALL,294,602,85370
2024,January,46,MARTIN,939,1857,279804
2024,January,47,MEEKER,810,1633,235902
2024,January,48,MILLE LACS,1220,2355,353571
2024,January,49,MORRISON,1239,2302,339265.75
2024,January,50,MOWER,1896,4073,574294.89
2024,January,51,MURRAY,259,526,77076
2024,January,52,NICOLLET,964,2009,309152
2024,January,53,NOBLES,797,1708,263016
2024,January,54,NORMAN,322,662,100264
2024,January,55,OLMSTED,6519,12908,2093017.99
2024,January,56,OTTER TAIL,2046,4031,587659
2024,January,57,PENNINGTON,584,1107,166033
2024,January,58,PINE,1563,2841,419193
2024,January,59,PIPESTONE,316,683,98279
2024,January,60,POLK,1656,3401,527247
2024,January,61,WPHS,580,1124,162349
2024,January,62,RAMSEY,34412,67419,11789472.44
2024,January,63,RED LAKE,161,335,51507
2024,January,64,REDWOOD,523,1128,151669
2024,January,65,RENVILLE,551,1093,156196
2024,January,66,RICE,1795,3991,622776
2024,January,67,ROCK,285,554,71719
2024,January,68,ROSEAU,470,980,137835
2024,January,69,ST. LOUIS,11494,18954,3123620
2024,January,70,SCOTT,2676,5808,906012.91
2024,January,71,SHERBURNE,2409,5819,892065
2024,January,72,SIBLEY,434,860,116462
2024,January,73,STEARNS,5881,13479,2108744
2024,January,74,MNPRAIRIE,2860,5838,862105
2024,January,75,STEVENS,301,606,87195
2024,January,76,SWIFT,434,845,123829
2024,January,77,TODD,927,1763,235456
2024,January,78,TRAVERSE,203,405,60057
2024,January,79,WABASHA,566,1044,144111
2024,January,80,WADENA,808,1607,226520
2024,January,82,WASHINGTON,5416,10832,1701929.47
2024,January,83,WATONWAN,328,716,100439
2024,January,84,WILKIN,307,602,91470
2024,January,85,WINONA,1756,3120,478523
2024,January,86,WRIGHT,2874,5961,916633
2024,January,87,YELLOW MEDICINE,326,605,80641
2024,January,88,MILLE-LACS-BAND TRIBE,25,59,8254
2024,January,92,WHITE EARTH NATION,1247,2394,461645.66
2024,January,93,RED LAKE INDIAN RESV,1632,3376,703896
2024,February,1,AITKIN,742,1317,195638
2024,February,2,ANOKA,10409,21454,3362178.84
2024,February,3,BECKER,1219,2308,333955
2024,February,4,BELTRAMI,2211,4101,671902
2024,February,5,BENTON,1955,3748,591320
2024,February,6,BIG STONE,207,422,55341
2024,February,7,BLUE EARTH,2770,5212,809511.25
2024,February,8,BROWN,775,1565,215266
2024,February,9,CARLTON,1342,2332,372573
2024,February,10,CARVER,1659,3337,537212
2024,February,11,CASS,2198,4356,757172
2024,February,12,CHIPPEWA,536,1121,161662
2024,February,13,CHISAGO,1384,2608,399554
2024,February,14,CLAY,3580,7656,1253229.95
2024,February,15,CLEARWATER,352,666,95969
2024,February,16,COOK,142,247,37967
2024,February,17,COTTONWOOD,550,1133,154601
2024,February,18,CROW WING,2437,4528,651902
2024,February,19,DAKOTA,10708,21380,3716769.78
2024,February,21,DOUGLAS,1219,2252,328286
2024,February,22,FARIBAULT,691,1435,203812
2024,February,23,FILLMORE,614,1191,167596.71
2024,February,24,FREEBORN,1704,3452,488600
2024,February,25,GOODHUE,1347,2476,357076
2024,February,27,HENNEPIN,59293,108126,19271768.95
2024,February,28,HOUSTON,453,829,117541
2024,February,29,HUBBARD,953,1957,280476
2024,February,30,ISANTI,1240,2369,358892
2024,February,31,ITASCA,2252,4115,640809
2024,February,32,JACKSON,358,711,100230
2024,February,33,KANABEC,856,1505,229483.53
2024,February,34,KANDIYOHI,1877,4082,603887
2024,February,35,KITTSON,170,369,51522
2024,February,36,KOOCHICHING,720,1195,173719
2024,February,37,LAC QUI PARLE,253,489,69109
2024,February,38,LAKE,317,632,90337
2024,February,39,LAKE OF THE WOODS,150,268,38047
2024,February,40,LE SUEUR,629,1248,178271
2024,February,41,LINCOLN,149,281,37047
2024,February,42,LYON,1207,2595,367517
2024,February,43,MCLEOD,948,1806,253228
2024,February,44,MAHNOMEN,140,266,44130
2024,February,45,MARSHALL,292,600,83490
2024,February,46,MARTIN,933,1863,277497
2024,February,47,MEEKER,780,1574,220675
2024,February,48,MILLE LACS,1187,2272,340477
2024,February,49,MORRISON,1203,2249,330117
2024,February,50,MOWER,1895,4086,563682
2024,February,51,MURRAY,254,533,79744
2024,February,52,NICOLLET,956,1986,306871
2024,February,53,NOBLES,785,1647,246357
2024,February,54,NORMAN,315,641,94235
2024,February,55,OLMSTED,6360,12613,2037070.1
2024,February,56,OTTER TAIL,2050,3994,577826
2024,February,57,PENNINGTON,574,1104,157503
2024,February,58,PINE,1514,2755,408811
2024,February,59,PIPESTONE,313,666,95435
2024,February,60,POLK,1645,3363,528330.28
2024,February,61,WPHS,587,1128,164088
2024,February,62,RAMSEY,34687,67937,11786921.97
2024,February,63,RED LAKE,161,344,53097
2024,February,64,REDWOOD,507,1086,150973
2024,February,65,RENVILLE,537,1068,150508
2024,February,66,RICE,1796,3921,610677
2024,February,67,ROCK,283,552,71804
2024,February,68,ROSEAU,461,976,138768
2024,February,69,ST. LOUIS,11328,18712,3073020
2024,February,70,SCOTT,2670,5792,908922
2024,February,71,SHERBURNE,2401,5860,899409
2024,February,72,SIBLEY,424,807,115641
2024,February,73,STEARNS,5845,13364,2092143
2024,February,74,MNPRAIRIE,2816,5792,852308
2024,February,75,STEVENS,293,566,83626
2024,February,76,SWIFT,430,828,125723
2024,February,77,TODD,934,1803,245114
2024,February,78,TRAVERSE,193,416,56789
2024,February,79,WABASHA,543,1001,139507
2024,February,80,WADENA,771,1518,215683
2024,February,82,WASHINGTON,5406,10863,1710231.76
2024,February,83,WATONWAN,321,702,98905
2024,February,84,WILKIN,304,608,91449
2024,February,85,WINONA,1768,3161,474120.84
2024,February,86,WRIGHT,2894,6049,914768
2024,February,87,YELLOW MEDICINE,312,592,77370
2024,February,88,MILLE-LACS-BAND TRIBE,28,72,10849
2024,February,92,WHITE EARTH NATION,1215,2339,448261
2024,February,93,RED LAKE INDIAN RESV,1635,3395,709486
2024,March,1,AITKIN,730,1293,187610
2024,March,2,ANOKA,10472,21562,3377401.7
2024,March,3,BECKER,1183,2205,326845
2024,March,4,BELTRAMI,2209,4086,662594
2024,March,5,BENTON,1937,3723,585221.18
2024,March,6,BIG STONE,212,440,58428
2024,March,7,BLUE EARTH,2798,5214,820889
2024,March,8,BROWN,801,1633,224822
2024,March,9,CARLTON,1348,2343,374814
2024,March,10,CARVER,1671,3342,535523
2024,March,11,CASS,2187,4324,754928
2024,March,12,CHIPPEWA,542,1133,167319
2024,March,13,CHISAGO,1382,2591,389656
2024,March,14,CLAY,3576,7631,1242885.5
2024,March,15,CLEARWATER,362,654,99094
2024,March,16,COOK,148,271,43676
2024,March,17,COTTONWOOD,554,1146,161933
2024,March,18,CROW WING,2460,4562,660132
2024,March,19,DAKOTA,10722,21373,3650719.84
2024,March,21,DOUGLAS,1242,2308,340168
2024,March,22,FARIBAULT,683,1417,204615
2024,March,23,FILLMORE,631,1214,181783
2024,March,24,FREEBORN,1692,3377,475515
2024,March,25,GOODHUE,1376,2529,370030.52
2024,March,27,HENNEPIN,59535,108299,19376223.82
2024,March,28,HOUSTON,461,842,118676
2024,March,29,HUBBARD,958,1954,288055
2024,March,30,ISANTI,1256,2397,362357
2024,March,31,ITASCA,2257,4148,642764.5
2024,March,32,JACKSON,342,678,93136
2024,March,33,KANABEC,860,1506,234433
2024,March,34,KANDIYOHI,1913,4085,610873
2024,March,35,KITTSON,175,382,49575
2024,March,36,KOOCHICHING,737,1234,182744
2024,March,37,LAC QUI PARLE,256,487,64117
2024,March,38,LAKE,319,620,86804
2024,March,39,LAKE OF THE WOODS,146,257,37667
2024,March,40,LE SUEUR,635,1251,181369
2024,March,41,LINCOLN,150,272,35942
2024,March,42,LYON,1215,2574,363340
2024,March,43,MCLEOD,975,1884,261965
2024,March,44,MAHNOMEN,140,273,46597
2024,March,45,MARSHALL,301,609,86985
2024,March,46,MARTIN,948,1889,280412
2024,March,47,MEEKER,801,1603,229521
2024,March,48,MILLE LACS,1181,2280,336648
2024,March,49,MORRISON,1220,2279,330585
2024,March,50,MOWER,1878,4072,553922
2024,March,51,MURRAY,255,537,74702
2024,March,52,NICOLLET,957,1986,301386.8
2024,March,53,NOBLES,804,1670,257647
2024,March,54,NORMAN,322,658,98008
2024,March,55,OLMSTED,6434,12697,2052531
2024,March,56,OTTER TAIL,2034,3952,575217
2024,March,57,PENNINGTON,555,1057,157204
2024,March,58,PINE,1538,2792,414535
2024,March,59,PIPESTONE,308,654,95976
2024,March,60,POLK,1631,3317,520879
2024,March,61,WPHS,575,1087,162949
2024,March,62,RAMSEY,35186,68943,11887297.27
2024,March,63,RED LAKE,155,337,47616
2024,March,64,REDWOOD,521,1092,148643
2024,March,65,RENVILLE,533,1058,139194
2024,March,66,RICE,1798,3891,611500.79
2024,March,67,ROCK,288,575,76493
2024,March,68,ROSEAU,457,953,138002
2024,March,69,ST. LOUIS,11363,18690,3079453
2024,March,70,SCOTT,2701,5927,917432.68
2024,March,71,SHERBURNE,2454,5954,913119
2024,March,72,SIBLEY,432,840,115245
2024,March,73,STEARNS,5945,13584,2144102.05
2024,March,74,MNPRAIRIE,2819,5768,859170.34
2024,March,75,STEVENS,290,565,80980
2024,March,76,SWIFT,432,826,111791
2024,March,77,TODD,929,1798,244050
2024,March,78,TRAVERSE,194,426,57031
2024,March,79,WABASHA,563,1028,143234
2024,March,80,WADENA,774,1533,215242
2024,March,82,WASHINGTON,5407,10901,1712842.6
2024,March,83,WATONWAN,333,714,102971
2024,March,84,WILKIN,309,608,92905
2024,March,85,WINONA,1746,3131,462594.16
2024,March,86,WRIGHT,2898,5982,909992.18
2024,March,87,YELLOW MEDICINE,309,589,79099
2024,March,88,MILLE-LACS-BAND TRIBE,20,59,9175
2024,March,92,WHITE EARTH NATION,1218,2344,452741
2024,March,93,RED LAKE INDIAN RESV,1618,3331,701679
2024,April,1,AITKIN,734,1300,186252
2024,April,2,ANOKA,10547,21547,3395964.91
2024,April,3,BECKER,1170,2166,322818
2024,April,4,BELTRAMI,2209,4034,657096
2024,April,5,BENTON,1928,3652,579279
2024,April,6,BIG STONE,218,433,56517
2024,April,7,BLUE EARTH,2818,5214,833739
2024,April,8,BROWN,801,1620,220215
2024,April,9,CARLTON,1339,2332,380760
2024,April,10,CARVER,1671,3338,534422
2024,April,11,CASS,2197,4327,753762
2024,April,12,CHIPPEWA,539,1116,164167
2024,April,13,CHISAGO,1376,2535,385632
2024,April,14,CLAY,3596,7582,1260201.11
2024,April,15,CLEARWATER,348,637,92773
2024,April,16,COOK,143,267,40917
2024,April,17,COTTONWOOD,548,1114,159460
2024,April,18,CROW WING,2430,4466,647615
2024,April,19,DAKOTA,10966,21727,3702259.53
2024,April,21,DOUGLAS,1268,2350,348078
2024,April,22,FARIBAULT,694,1435,211601.37
2024,April,23,FILLMORE,624,1193,172333
2024,April,24,FREEBORN,1699,3359,479086.6
2024,April,25,GOODHUE,1382,2534,374355
2024,April,27,HENNEPIN,60214,108960,19756441.14
2024,April,28,HOUSTON,474,875,123709
2024,April,29,HUBBARD,981,1968,293597
2024,April,30,ISANTI,1262,2377,361729
2024,April,31,ITASCA,2262,4130,651515
2024,April,32,JACKSON,361,694,98236
2024,April,33,KANABEC,852,1521,234934
2024,April,34,KANDIYOHI,1912,4066,612186
2024,April,35,KITTSON,171,371,47978
2024,April,36,KOOCHICHING,739,1217,175911
2024,April,37,LAC QUI PARLE,255,471,64627
2024,April,38,LAKE,322,647,91512
2024,April,39,LAKE OF THE WOODS,148,263,40684
2024,April,40,LE SUEUR,639,1245,181703
2024,April,41,LINCOLN,71,85,9984
2024,April,42,LYON,1206,2560,366687
2024,April,43,MCLEOD,964,1856,258243
2024,April,44,MAHNOMEN,137,269,47906
2024,April,45,MARSHALL,302,625,90143
2024,April,46,MARTIN,971,1942,297539
2024,April,47,MEEKER,796,1581,223739
2024,April,48,MILLE LACS,1192,2297,347377
2024,April,49,MORRISON,1230,2283,330112
2024,April,50,MOWER,1937,4162,573349
2024,April,51,MURRAY,250,529,70928
2024,April,52,NICOLLET,953,1979,304691
2024,April,53,NOBLES,807,1670,262778
2024,April,54,NORMAN,321,647,96180
2024,April,55,OLMSTED,6437,12644,2052891
2024,April,56,OTTER TAIL,2065,4029,589532
2024,April,57,PENNINGTON,563,1073,160947
2024,April,58,PINE,1546,2780,413109
2024,April,59,PIPESTONE,346,787,112846
2024,April,60,POLK,1658,3326,526993
2024,April,61,WPHS,579,1090,163267
2024,April,62,RAMSEY,35376,68842,11799061.79
2024,April,63,RED LAKE,162,342,52778
2024,April,64,REDWOOD,517,1091,149882
2024,April,65,RENVILLE,548,1079,150104
2024,April,66,RICE,1812,3874,612362
2024,April,67,ROCK,339,670,89334
2024,April,68,ROSEAU,469,984,146534
2024,April,69,ST. LOUIS,11526,18885,3135932
2024,April,70,SCOTT,2738,6081,938371
2024,April,71,SHERBURNE,2466,5951,909649
2024,April,72,SIBLEY,424,794,112007
2024,April,73,STEARNS,6052,13684,2184394
2024,April,74,MNPRAIRIE,2808,5718,847866.44
2024,April,75,STEVENS,297,564,84867
2024,April,76,SWIFT,428,816,120125
2024,April,77,TODD,940,1830,257195
2024,April,78,TRAVERSE,195,435,59118
2024,April,79,WABASHA,585,1079,152528
2024,April,80,WADENA,782,1548,214405
2024,April,82,WASHINGTON,5500,10975,1737218
2024,April,83,WATONWAN,320,675,98283
2024,April,84,WILKIN,324,624,103610
2024,April,85,WINONA,1783,3176,476103
2024,April,86,WRIGHT,2896,5882,914705
2024,April,87,YELLOW MEDICINE,322,610,80595
2024,April,88,MILLE-LACS-BAND TRIBE,25,77,10836
2024,April,92,WHITE EARTH NATION,1212,2314,451259
2024,April,93,RED LAKE INDIAN RESV,1593,3307,692290
2024,May,1,AITKIN,745,1310,195831
2024,May,2,ANOKA,10553,21641,3422484.61
2024,May,3,BECKER,1189,2192,328323
2024,May,4,BELTRAMI,2197,3976,653243
2024,May,5,BENTON,1954,3695,593104
2024,May,6,BIG STONE,221,438,60828
2024,May,7,BLUE EARTH,2844,5249,846768
2024,May,8,BROWN,808,1641,224867
2024,May,9,CARLTON,1337,2297,378427
2024,May,10,CARVER,1681,3288,529347
2024,May,11,CASS,2148,4247,740973
2024,May,12,CHIPPEWA,548,1140,165331
2024,May,13,CHISAGO,1380,2523,383652
2024,May,14,CLAY,3593,7623,1275492
2024,May,15,CLEARWATER,350,634,95832
2024,May,16,COOK,149,273,37106
2024,May,17,COTTONWOOD,554,1134,158003
2024,May,18,CROW WING,2426,4433,655384.88
2024,May,19,DAKOTA,11078,21838,3651632.02
2024,May,21,DOUGLAS,1260,2359,350133
2024,May,22,FARIBAULT,711,1440,220235
2024,May,23,FILLMORE,623,1199,172846
2024,May,24,FREEBORN,1690,3332,477187
2024,May,25,GOODHUE,1375,2487,370709
2024,May,27,HENNEPIN,60593,109362,19653067.27
2024,May,28,HOUSTON,464,840,122343
2024,May,29,HUBBARD,977,1961,292701
2024,May,30,ISANTI,1277,2381,357845
2024,May,31,ITASCA,2252,4135,651096.79
2024,May,32,JACKSON,364,698,103284
2024,May,33,KANABEC,855,1518,234399
2024,May,34,KANDIYOHI,1937,4112,615691
2024,May,35,KITTSON,170,366,48391
2024,May,36,KOOCHICHING,739,1229,184793
2024,May,37,LAC QUI PARLE,261,495,67470
2024,May,38,LAKE,326,652,92070
2024,May,39,LAKE OF THE WOODS,150,261,40335
2024,May,40,LE SUEUR,648,1234,184310
2024,May,41,LINCOLN,73,84,10323
2024,May,42,LYON,1215,2551,369945
2024,May,43,MCLEOD,982,1866,266544
2024,May,44,MAHNOMEN,135,266,45573
2024,May,45,MARSHALL,310,651,91248
2024,May,46,MARTIN,976,1968,291244
2024,May,47,MEEKER,809,1582,229254
2024,May,48,MILLE LACS,1199,2272,348692
2024,May,49,MORRISON,1214,2216,327765
2024,May,50,MOWER,1933,4110,572732
2024,May,51,MURRAY,246,523,72762
2024,May,52,NICOLLET,949,1975,305108
2024,May,53,NOBLES,827,1685,269535
2024,May,54,NORMAN,327,661,97185
2024,May,55,OLMSTED,6474,12597,2059264
2024,May,56,OTTER TAIL,2102,4066,605712
2024,May,57,PENNINGTON,550,1081,161233
2024,May,58,PINE,1530,2746,410826
2024,May,59,PIPESTONE,340,772,109277
2024,May,60,POLK,1654,3312,534180.88
2024,May,61,WPHS,581,1090,167471
2024,May,62,RAMSEY,35986,69522,11931452.78
2024,May,63,RED LAKE,160,337,49583
2024,May,64,REDWOOD,517,1108,160314
2024,May,65,RENVILLE,553,1096,159614
2024,May,66,RICE,1827,3888,609509
2024,May,67,ROCK,344,678,97319
2024,May,68,ROSEAU,485,1013,153415
2024,May,69,ST. LOUIS,11503,18758,3099266.13
2024,May,70,SCOTT,2801,6307,984339.72
2024,May,71,SHERBURNE,2429,5897,908967.34
2024,May,72,SIBLEY,421,806,118851
2024,May,73,STEARNS,6040,13681,2155962
2024,May,74,MNPRAIRIE,2816,5737,857473.05
2024,May,75,STEVENS,298,561,78821
2024,May,76,SWIFT,433,831,121504
2024,May,77,TODD,928,1764,252998
2024,May,78,TRAVERSE,192,427,59834
2024,May,79,WABASHA,587,1066,152322
2024,May,80,WADENA,779,1515,217073
2024,May,82,WASHINGTON,5519,11006,1748274.79
2024,May,83,WATONWAN,322,685,102822
2024,May,84,WILKIN,322,629,102827
2024,May,85,WINONA,1750,3042,460010
2024,May,86,WRIGHT,2891,5891,906121
2024,May,87,YELLOW MEDICINE,338,628,83074
2024,May,88,MILLE-LACS-BAND TRIBE,21,68,8466
2024,May,92,WHITE EARTH NATION,1194,2307,444795
2024,May,93,RED LAKE INDIAN RESV,1610,3330,699713
2024,June,1,AITKIN,729,1273,194195
2024,June,2,ANOKA,10618,21687,3459541.14
2024,June,3,BECKER,1193,2213,335497
2024,June,4,BELTRAMI,2187,3938,645028
2024,June,5,BENTON,1954,3653,583603
2024,June,6,BIG STONE,219,432,61589
2024,June,7,BLUE EARTH,2845,5281,853818
2024,June,8,BROWN,781,1575,218517
2024,June,9,CARLTON,1342,2324,376650
2024,June,10,CARVER,1696,3365,541217
2024,June,11,CASS,2140,4228,738992
2024,June,12,CHIPPEWA,557,1136,165576
2024,June,13,CHISAGO,1365,2485,378193
2024,June,14,CLAY,3567,7557,1272663
2024,June,15,CLEARWATER,346,627,97325
2024,June,16,COOK,148,268,41360
2024,June,17,COTTONWOOD,538,1073,156977
2024,June,18,CROW WING,2411,4389,644003
2024,June,19,DAKOTA,10894,21509,3561437.22
2024,June,21,DOUGLAS,1241,2297,345093
2024,June,22,FARIBAULT,707,1439,212770
2024,June,23,FILLMORE,614,1186,169023
2024,June,24,FREEBORN,1715,3426,488136
2024,June,25,GOODHUE,1379,2478,371919
2024,June,27,HENNEPIN,60393,108776,19564251.82
2024,June,28,HOUSTON,467,856,127581
2024,June,29,HUBBARD,972,1943,283869
2024,June,30,ISANTI,1287,2378,366628
2024,June,31,ITASCA,2244,4084,642491
2024,June,32,JACKSON,358,681,99134
2024,June,33,KANABEC,852,1483,236193
2024,June,34,KANDIYOHI,1933,4091,633616
2024,June,35,KITTSON,164,360,48462
2024,June,36,KOOCHICHING,725,1222,182360
2024,June,37,LAC QUI PARLE,254,485,66281
2024,June,38,LAKE,323,652,96689
2024,June,39,LAKE OF THE WOODS,157,255,41025
2024,June,40,LE SUEUR,650,1226,181875
2024,June,41,LINCOLN,83,98,12384
2024,June,42,LYON,1228,2581,379003
2024,June,43,MCLEOD,1013,1871,268328
2024,June,44,MAHNOMEN,140,264,45662
2024,June,45,MARSHALL,318,691,95483
2024,June,46,MARTIN,954,1916,291615
2024,June,47,MEEKER,812,1596,236706
2024,June,48,MILLE LACS,1189,2248,342295
2024,June,49,MORRISON,1220,2216,328116
2024,June,50,MOWER,1934,4118,580938
2024,June,51,MURRAY,251,524,71138
2024,June,52,NICOLLET,953,1966,309104
2024,June,53,NOBLES,827,1733,277841
2024,June,54,NORMAN,317,628,93952
2024,June,55,OLMSTED,6396,12395,2042756.6
2024,June,56,OTTER TAIL,2072,4024,594983
2024,June,57,PENNINGTON,559,1106,164119
2024,June,58,PINE,1538,2755,419159
2024,June,59,PIPESTONE,345,773,109519
2024,June,60,POLK,1654,3301,532084
2024,June,61,WPHS,572,1075,164436
2024,June,62,RAMSEY,36075,69650,11968012.78
2024,June,63,RED LAKE,159,336,50328
2024,June,64,REDWOOD,512,1099,148522
2024,June,65,RENVILLE,558,1087,162463
2024,June,66,RICE,1847,3905,628878
2024,June,67,ROCK,338,691,98726
2024,June,68,ROSEAU,489,1025,155530
2024,June,69,ST. LOUIS,11588,18868,3116171.89
2024,June,70,SCOTT,2798,6216,967475
2024,June,71,SHERBURNE,2481,5931,918658
2024,June,72,SIBLEY,417,784,116958
2024,June,73,STEARNS,6019,13758,2155475
2024,June,74,MNPRAIRIE,2846,5782,877192
2024,June,75,STEVENS,297,548,82545
2024,June,76,SWIFT,429,816,120769
2024,June,77,TODD,925,1780,253519
2024,June,78,TRAVERSE,193,410,59398
2024,June,79,WABASHA,595,1083,160686
2024,June,80,WADENA,769,1501,210578
2024,June,82,WASHINGTON,5525,10916,1745266.97
2024,June,83,WATONWAN,320,687,97839
2024,June,84,WILKIN,335,650,110087
2024,June,85,WINONA,1744,3019,457947
2024,June,86,WRIGHT,2882,5882,893884
2024,June,87,YELLOW MEDICINE,333,616,83354
2024,June,88,MILLE-LACS-BAND TRIBE,21,62,9303
2024,June,92,WHITE EARTH NATION,1207,2319,449320
2024,June,93,RED LAKE INDIAN RESV,1625,3359,711274
2024,July,1,AITKIN,722,1261,196160
2024,July,2,ANOKA,10771,22203,3557017.83
2024,July,3,BECKER,1197,2214,326965
2024,July,4,BELTRAMI,2162,3891,641937
2024,July,5,BENTON,2003,3776,608953
2024,July,6,BIG STONE,216,422,62062
2024,July,7,BLUE EARTH,2869,5302,871998
2024,July,8,BROWN,791,1574,216718
2024,July,9,CARLTON,1326,2269,365006
2024,July,10,CARVER,1688,3346,544803
2024,July,11,CASS,2145,4198,734614
2024,July,12,CHIPPEWA,546,1120,162718
2024,July,13,CHISAGO,1360,2486,372066
2024,July,14,CLAY,3577,7576,1282806
2024,July,15,CLEARWATER,341,626,96814
2024,July,16,COOK,155,278,41432
2024,July,17,COTTONWOOD,559,1136,173058
2024,July,18,CROW WING,2416,4444,669823
2024,July,19,DAKOTA,10949,21668,3654994.22
2024,July,21,DOUGLAS,1251,2328,343463
2024,July,22,FARIBAULT,720,1468,225335
2024,July,23,FILLMORE,601,1153,161355
2024,July,24,FREEBORN,1726,3435,511526
2024,July,25,GOODHUE,1385,2522,373972
2024,July,27,HENNEPIN,60326,108344,19727338.76
2024,July,28,HOUSTON,470,876,130730
2024,July,29,HUBBARD,963,1909,273385
2024,July,30,ISANTI,1286,2355,367148
2024,July,31,ITASCA,2232,4025,634732
2024,July,32,JACKSON,359,673,100009
2024,July,33,KANABEC,864,1484,241888
2024,July,34,KANDIYOHI,1960,4167,651916
2024,July,35,KITTSON,170,377,48208
2024,July,36,KOOCHICHING,722,1217,177836
2024,July,37,LAC QUI PARLE,257,470,66582
2024,July,38,LAKE,323,650,97180
2024,July,39,LAKE OF THE WOODS,145,237,33652
2024,July,40,LE SUEUR,644,1218,183242
2024,July,41,LINCOLN,144,264,36849
2024,July,42,LYON,1205,2547,370966
2024,July,43,MCLEOD,1076,1958,280759
2024,July,44,MAHNOMEN,138,269,45401
2024,July,45,MARSHALL,316,672,102571
2024,July,46,MARTIN,995,2031,297168
2024,July,47,MEEKER,796,1557,230652
2024,July,48,MILLE LACS,1199,2252,347091
2024,July,49,MORRISON,1222,2229,331250
2024,July,50,MOWER,1938,4144,583469
2024,July,51,MURRAY,264,555,78293
2024,July,52,NICOLLET,949,1944,301040
2024,July,53,NOBLES,852,1755,283448
2024,July,54,NORMAN,318,628,98700
2024,July,55,OLMSTED,6498,12577,2096074
2024,July,56,OTTER TAIL,2101,4059,598590
2024,July,57,PENNINGTON,579,1122,169223
2024,July,58,PINE,1534,2770,418240
2024,July,59,PIPESTONE,315,680,100973
2024,July,60,POLK,1691,3381,550546
2024,July,61,WPHS,571,1080,169261
2024,July,62,RAMSEY,35933,69225,11933792.35
2024,July,63,RED LAKE,161,334,48629
2024,July,64,REDWOOD,523,1145,165802
2024,July,65,RENVILLE,566,1134,169750
2024,July,66,RICE,1874,4007,643594
2024,July,67,ROCK,323,668,93496
2024,July,68,ROSEAU,498,1043,156294
2024,July,69,ST. LOUIS,11601,18742,3119158
2024,July,70,SCOTT,2840,6260,987707.9
2024,July,71,SHERBURNE,2520,5996,953314
2024,July,72,SIBLEY,417,794,118365
2024,July,73,STEARNS,6068,13813,2179169
2024,July,74,MNPRAIRIE,2845,5729,869992.44
2024,July,75,STEVENS,303,555,80599
2024,July,76,SWIFT,432,836,125277.16
2024,July,77,TODD,925,1804,245437
2024,July,78,TRAVERSE,198,419,60881
2024,July,79,WABASHA,582,1059,155691
2024,July,80,WADENA,791,1523,221302
2024,July,82,WASHINGTON,5606,11123,1801255.12
2024,July,83,WATONWAN,319,698,99379
2024,July,84,WILKIN,329,646,108792
2024,July,85,WINONA,1774,3096,470388
2024,July,86,WRIGHT,2917,5953,932281
2024,July,87,YELLOW MEDICINE,333,599,83553
2024,July,88,MILLE-LACS-BAND TRIBE,26,77,10555
2024,July,92,WHITE EARTH NATION,1226,2370,452513
2024,July,93,RED LAKE INDIAN RESV,1622,3352,703541
2024,August,1,AITKIN,700,1216,188870
2024,August,2,ANOKA,10877,22356,3580962.8
2024,August,3,BECKER,1179,2184,328868
2024,August,4,BELTRAMI,2164,3898,643451
2024,August,5,BENTON,2037,3825,611148
2024,August,6,BIG STONE,219,426,62461
2024,August,7,BLUE EARTH,2888,5356,884084
2024,August,8,BROWN,769,1571,213941
2024,August,9,CARLTON,1325,2274,368319
2024,August,10,CARVER,1723,3440,563074
2024,August,11,CASS,2088,4105,723408
2024,August,12,CHIPPEWA,538,1116,171128
2024,August,13,CHISAGO,1368,2497,379755
2024,August,14,CLAY,3612,7667,1285986
2024,August,15,CLEARWATER,353,645,99511
2024,August,16,COOK,157,281,40747
2024,August,17,COTTONWOOD,570,1168,177787
2024,August,18,CROW WING,2401,4417,656264
2024,August,19,DAKOTA,10967,21787,3734777
2024,August,21,DOUGLAS,1248,2323,351541
2024,August,22,FARIBAULT,711,1462,226531
2024,August,23,FILLMORE,600,1149,163770
2024,August,24,FREEBORN,1724,3422,511701.85
2024,August,25,GOODHUE,1389,2509,387701
2024,August,27,HENNEPIN,60566,108575,19784043.12
2024,August,28,HOUSTON,477,884,131827
2024,August,29,HUBBARD,967,1931,284550
2024,August,30,ISANTI,1279,2340,359896
2024,August,31,ITASCA,2209,3991,641753
2024,August,32,JACKSON,355,673,101990
2024,August,33,KANABEC,869,1488,242805
2024,August,34,KANDIYOHI,1973,4209,640479
2024,August,35,KITTSON,160,360,47668
2024,August,36,KOOCHICHING,716,1208,179893
2024,August,37,LAC QUI PARLE,260,485,69395
2024,August,38,LAKE,327,640,92172
2024,August,39,LAKE OF THE WOODS,143,242,33297
2024,August,40,LE SUEUR,656,1268,188756
2024,August,41,LINCOLN,148,265,35560
2024,August,42,LYON,1216,2581,374304
2024,August,43,MCLEOD,1017,1936,280699
2024,August,44,MAHNOMEN,145,275,47865
2024,August,45,MARSHALL,312,668,101181
2024,August,46,MARTIN,992,2015,304176
2024,August,47,MEEKER,818,1606,234474
2024,August,48,MILLE LACS,1182,2195,333577
2024,August,49,MORRISON,1236,2257,335211
2024,August,50,MOWER,1905,4086,585222
2024,August,51,MURRAY,255,520,73846
2024,August,52,NICOLLET,986,1999,311484
2024,August,53,NOBLES,843,1750,282264
2024,August,54,NORMAN,322,648,102164
2024,August,55,OLMSTED,6555,12730,2136238
2024,August,56,OTTER TAIL,2096,4074,594271
2024,August,57,PENNINGTON,596,1140,172682
2024,August,58,PINE,1528,2744,421741
2024,August,59,PIPESTONE,307,659,100746
2024,August,60,POLK,1705,3445,551239
2024,August,61,WPHS,581,1112,172572
2024,August,62,RAMSEY,36079,69350,12058848.24
2024,August,63,RED LAKE,159,336,49640
2024,August,64,REDWOOD,514,1110,160881
2024,August,65,RENVILLE,589,1182,178617
2024,August,66,RICE,1929,4121,663140
2024,August,67,ROCK,320,687,98055
2024,August,68,ROSEAU,493,1026,141127
2024,August,69,ST. LOUIS,11618,18775,3141195
2024,August,70,SCOTT,2870,6263,983816
2024,August,71,SHERBURNE,2549,6091,965543
2024,August,72,SIBLEY,447,852,127092
2024,August,73,STEARNS,6033,13795,2190551
2024,August,74,MNPRAIRIE,2857,5687,882257
2024,August,75,STEVENS,307,563,86073
2024,August,76,SWIFT,422,812,117442
2024,August,77,TODD,917,1780,244527
2024,August,78,TRAVERSE,205,426,61843
2024,August,79,WABASHA,594,1076,159615
2024,August,80,WADENA,782,1504,217301
2024,August,82,WASHINGTON,5599,10992,1784931.12
2024,August,83,WATONWAN,329,720,103793
2024,August,84,WILKIN,332,636,108843
2024,August,85,WINONA,1760,3063,468791
2024,August,86,WRIGHT,2883,5946,919571
2024,August,87,YELLOW MEDICINE,336,615,86651
2024,August,88,MILLE-LACS-BAND TRIBE,33,113,18050
2024,August,92,WHITE EARTH NATION,1212,2307,447034
2024,August,93,RED LAKE INDIAN RESV,1647,3410,721408
2024,September,1,AITKIN,695,1234,189223
2024,September,2,ANOKA,10921,22379,3592676
2024,September,3,BECKER,1191,2196,326899
2024,September,4,BELTRAMI,2150,3814,626306
2024,September,5,BENTON,2049,3844,612753
2024,September,6,BIG STONE,222,437,63257
2024,September,7,BLUE EARTH,2852,5299,869357
2024,September,8,BROWN,778,1559,216718
2024,September,9,CARLTON,1309,2235,363798
2024,September,10,CARVER,1725,3442,569043
2024,September,11,CASS,2116,4127,728254
2024,September,12,CHIPPEWA,533,1092,167298
2024,September,13,CHISAGO,1380,2512,383038
2024,September,14,CLAY,3624,7632,1283529
2024,September,15,CLEARWATER,351,648,99757
2024,September,16,COOK,145,253,33390
2024,September,17,COTTONWOOD,584,1192,182481
2024,September,18,CROW WING,2387,4373,649675
2024,September,19,DAKOTA,10872,21674,3667456.82
2024,September,21,DOUGLAS,1285,2400,364719
2024,September,22,FARIBAULT,711,1489,228005
2024,September,23,FILLMORE,600,1161,162087
2024,September,24,FREEBORN,1710,3407,504555
2024,September,25,GOODHUE,1381,2470,378494
2024,September,27,HENNEPIN,60642,108129,19700908.68
2024,September,28,HOUSTON,481,880,129815
2024,September,29,HUBBARD,982,1940,288143
2024,September,30,ISANTI,1319,2435,368019
2024,September,31,ITASCA,2170,3859,607619
2024,September,32,JACKSON,354,664,101064
2024,September,33,KANABEC,869,1508,251613
2024,September,34,KANDIYOHI,1947,4119,630330
2024,September,35,KITTSON,160,346,48851
2024,September,36,KOOCHICHING,724,1204,177799
2024,September,37,LAC QUI PARLE,266,509,71326
2024,September,38,LAKE,317,625,87968
2024,September,39,LAKE OF THE WOODS,144,244,34562
2024,September,40,LE SUEUR,649,1247,188860
2024,September,41,LINCOLN,162,298,38196
2024,September,42,LYON,1209,2538,360990
2024,September,43,MCLEOD,999,1885,272923
2024,September,44,MAHNOMEN,137,255,44037
2024,September,45,MARSHALL,321,679,102685
2024,September,46,MARTIN,998,2022,310019
2024,September,47,MEEKER,801,1586,224421
2024,September,48,MILLE LACS,1206,2248,344650
2024,September,49,MORRISON,1255,2284,345453
2024,September,50,MOWER,1930,4105,593256
2024,September,51,MURRAY,250,510,72112
2024,September,52,NICOLLET,984,1982,305003
2024,September,53,NOBLES,846,1745,279380
2024,September,54,NORMAN,326,650,99662
2024,September,55,OLMSTED,6667,12891,2163230
2024,September,56,OTTER TAIL,2121,4059,601500
2024,September,57,PENNINGTON,596,1137,173821
2024,September,58,PINE,1521,2742,421555
2024,September,59,PIPESTONE,312,652,98537
2024,September,60,POLK,1702,3430,565974
2024,September,61,WPHS,575,1081,166063
2024,September,62,RAMSEY,35859,68416,11973983.68
2024,September,63,RED LAKE,160,338,51224
2024,September,64,REDWOOD,520,1107,164114
2024,September,65,RENVILLE,591,1174,180957
2024,September,66,RICE,1965,4155,667069
2024,September,67,ROCK,324,686,99740
2024,September,68,ROSEAU,497,1057,156215
2024,September,69,ST. LOUIS,11662,18844,3144972
2024,September,70,SCOTT,2887,6235,987946.05
2024,September,71,SHERBURNE,2580,6190,983073
2024,September,72,SIBLEY,440,841,124402
2024,September,73,STEARNS,6071,13768,2191759
2024,September,74,MNPRAIRIE,2889,5740,880790
2024,September,75,STEVENS,313,592,89315
2024,September,76,SWIFT,434,846,117384
2024,September,77,TODD,924,1774,245440
2024,September,78,TRAVERSE,211,440,64177
2024,September,79,WABASHA,602,1105,163587
2024,September,80,WADENA,787,1491,214774
2024,September,82,WASHINGTON,5606,11035,1786640.93
2024,September,83,WATONWAN,341,745,111425
2024,September,84,WILKIN,338,638,100243
2024,September,85,WINONA,1750,3061,471460
2024,September,86,WRIGHT,2955,6110,951870
2024,September,87,YELLOW MEDICINE,342,621,89040
2024,September,88,MILLE-LACS-BAND TRIBE,32,112,17143
2024,September,92,WHITE EARTH NATION,1208,2324,449334
2024,September,93,RED LAKE INDIAN RESV,1657,3425,718068
2024,October,1,AITKIN,699,1241,186592
2024,October,2,ANOKA,11073,22522,3626733.38
2024,October,3,BECKER,1202,2214,335224
2024,October,4,BELTRAMI,2164,3872,641245
2024,October,5,BENTON,2071,3857,623327
2024,October,6,BIG STONE,228,462,67694
2024,October,7,BLUE EARTH,2880,5336,886566
2024,October,8,BROWN,772,1539,212783
2024,October,9,CARLTON,1313,2227,362613
2024,October,10,CARVER,1737,3470,566899
2024,October,11,CASS,2134,4133,730627
2024,October,12,CHIPPEWA,532,1125,170875
2024,October,13,CHISAGO,1367,2530,386705
2024,October,14,CLAY,3679,7724,1304584
2024,October,15,CLEARWATER,350,635,97132
2024,October,16,COOK,147,250,33649
2024,October,17,COTTONWOOD,579,1201,173548
2024,October,18,CROW WING,2371,4274,620215
2024,October,19,DAKOTA,10867,21778,3728972.99
2024,October,21,DOUGLAS,1268,2372,356359
2024,October,22,FARIBAULT,705,1444,224542
2024,October,23,FILLMORE,594,1156,161504
2024,October,24,FREEBORN,1726,3427,511301
2024,October,25,GOODHUE,1361,2424,373562.89
2024,October,27,HENNEPIN,61326,108969,20197735.26
2024,October,28,HOUSTON,476,878,128844
2024,October,29,HUBBARD,994,1974,283649
2024,October,30,ISANTI,1280,2354,355730
2024,October,31,ITASCA,2181,3856,616954
2024,October,32,JACKSON,342,651,98289
2024,October,33,KANABEC,861,1492,240905
2024,October,34,KANDIYOHI,1946,4128,638852
2024,October,35,KITTSON,162,357,49433
2024,October,36,KOOCHICHING,719,1197,178838
2024,October,37,LAC QUI PARLE,265,511,75656
2024,October,38,LAKE,309,611,87643
2024,October,39,LAKE OF THE WOODS,153,270,36147
2024,October,40,LE SUEUR,647,1254,184272
2024,October,41,LINCOLN,168,297,39400
2024,October,42,LYON,1230,2564,367361
2024,October,43,MCLEOD,1006,1947,274580
2024,October,44,MAHNOMEN,139,263,45895
2024,October,45,MARSHALL,321,671,102460
2024,October,46,MARTIN,988,1973,296195
2024,October,47,MEEKER,805,1584,225314
2024,October,48,MILLE LACS,1211,2251,346248
2024,October,49,MORRISON,1247,2257,341927
2024,October,50,MOWER,1940,4114,583831
2024,October,51,MURRAY,256,525,77063
2024,October,52,NICOLLET,999,1989,305535
2024,October,53,NOBLES,871,1782,290804
2024,October,54,NORMAN,322,661,102554
2024,October,55,OLMSTED,6820,13084,2181273.38
2024,October,56,OTTER TAIL,2107,4010,602358
2024,October,57,PENNINGTON,596,1129,169502
2024,October,58,PINE,1549,2758,425614
2024,October,59,PIPESTONE,301,598,91555
2024,October,60,POLK,1686,3364,552174.98
2024,October,61,WPHS,581,1068,164633
2024,October,62,RAMSEY,36251,69311,12377088.06
2024,October,63,RED LAKE,155,331,47359
2024,October,64,REDWOOD,523,1128,168507
2024,October,65,RENVILLE,591,1179,182538
2024,October,66,RICE,1966,4140,667992
2024,October,67,ROCK,320,645,93873
2024,October,68,ROSEAU,500,1042,155763
2024,October,69,ST. LOUIS,11753,18994,3204769
2024,October,70,SCOTT,2905,6292,995409
2024,October,71,SHERBURNE,2609,6199,989742
2024,October,72,SIBLEY,443,853,121501
2024,October,73,STEARNS,6067,13744,2218645
2024,October,74,MNPRAIRIE,2915,5725,896303.24
2024,October,75,STEVENS,315,604,93648
2024,October,76,SWIFT,420,823,120350
2024,October,77,TODD,934,1782,252650
2024,October,78,TRAVERSE,218,446,64360
2024,October,79,WABASHA,590,1083,156535
2024,October,80,WADENA,780,1480,212701
2024,October,82,WASHINGTON,5607,10981,1781988
2024,October,83,WATONWAN,339,737,110277
2024,October,84,WILKIN,331,632,106845
2024,October,85,WINONA,1780,3101,477399
2024,October,86,WRIGHT,2945,6078,944035
2024,October,87,YELLOW MEDICINE,332,614,83867
2024,October,88,MILLE-LACS-BAND TRIBE,30,95,16850
2024,October,92,WHITE EARTH NATION,1194,2279,446459
2024,October,93,RED LAKE INDIAN RESV,1644,3334,709770
2024,November,1,AITKIN,703,1245,185573
2024,November,2,ANOKA,11045,22354,3580936.67
2024,November,3,BECKER,1178,2192,332212
2024,November,4,BELTRAMI,2153,3857,638021
2024,November,5,BENTON,2086,3893,622279.05
2024,November,6,BIG STONE,221,446,63925
2024,November,7,BLUE EARTH,2872,5266,863605
2024,November,8,BROWN,774,1527,210879
2024,November,9,CARLTON,1316,2233,361138
2024,November,10,CARVER,1748,3434,565608.08
2024,November,11,CASS,2140,4155,738199
2024,November,12,CHIPPEWA,524,1105,161276
2024,November,13,CHISAGO,1350,2496,380516
2024,November,14,CLAY,3676,7679,1292633
2024,November,15,CLEARWATER,347,631,97312
2024,November,16,COOK,145,253,34219
2024,November,17,COTTONWOOD,579,1231,176661
2024,November,18,CROW WING,2369,4273,618817
2024,November,19,DAKOTA,10972,21894,3769599.9
2024,November,21,DOUGLAS,1301,2428,363522
2024,November,22,FARIBAULT,704,1439,216402
2024,November,23,FILLMORE,591,1112,154284
2024,November,24,FREEBORN,1719,3410,507619
2024,November,25,GOODHUE,1342,2416,370274.9
2024,November,27,HENNEPIN,61293,108888,19957872.6
2024,November,28,HOUSTON,473,860,124698
2024,November,29,HUBBARD,1012,1990,296381
2024,November,30,ISANTI,1255,2316,337625
2024,November,31,ITASCA,2189,3873,610132
2024,November,32,JACKSON,340,652,97989
2024,November,33,KANABEC,859,1472,242165
2024,November,34,KANDIYOHI,1926,4089,621275
2024,November,35,KITTSON,165,366,48855
2024,November,36,KOOCHICHING,737,1211,179266
2024,November,37,LAC QUI PARLE,261,494,74125
2024,November,38,LAKE,317,613,88854
2024,November,39,LAKE OF THE WOODS,157,280,40225
2024,November,40,LE SUEUR,648,1250,190013
2024,November,41,LINCOLN,165,291,40781
2024,November,42,LYON,1233,2609,368632
2024,November,43,MCLEOD,998,1956,272375
2024,November,44,MAHNOMEN,138,256,45269
2024,November,45,MARSHALL,312,667,105314
2024,November,46,MARTIN,993,1990,299011
2024,November,47,MEEKER,794,1572,223928
2024,November,48,MILLE LACS,1232,2296,341581.9
2024,November,49,MORRISON,1245,2250,346971
2024,November,50,MOWER,1942,4092,574507
2024,November,51,MURRAY,239,486,68022
2024,November,52,NICOLLET,978,1920,299511
2024,November,53,NOBLES,833,1663,268885
2024,November,54,NORMAN,336,692,106339
2024,November,55,OLMSTED,6674,12905,2133073
2024,November,56,OTTER TAIL,2106,4027,599527
2024,November,57,PENNINGTON,614,1171,176151
2024,November,58,PINE,1525,2688,419394
2024,November,59,PIPESTONE,290,582,88254
2024,November,60,POLK,1679,3343,536456
2024,November,61,WPHS,570,1038,157142
2024,November,62,RAMSEY,35969,68763,12152314.76
2024,November,63,RED LAKE,158,323,47322
2024,November,64,REDWOOD,506,1099,159938
2024,November,65,RENVILLE,592,1155,170761
2024,November,66,RICE,1943,4135,655941
2024,November,67,ROCK,320,631,87883
2024,November,68,ROSEAU,500,1035,154440
2024,November,69,ST. LOUIS,11600,18718,3145115.74
2024,November,70,SCOTT,2893,6272,993134
2024,November,71,SHERBURNE,2623,6268,997417
2024,November,72,SIBLEY,433,850,123007
2024,November,73,STEARNS,6004,13657,2193672
2024,November,74,MNPRAIRIE,2859,5626,862677
2024,November,75,STEVENS,306,589,90195
2024,November,76,SWIFT,428,851,121864
2024,November,77,TODD,938,1801,252397
2024,November,78,TRAVERSE,211,428,58967
2024,November,79,WABASHA,593,1074,157709
2024,November,80,WADENA,796,1532,216170
2024,November,82,WASHINGTON,5555,10816,1749262
2024,November,83,WATONWAN,336,732,109266
2024,November,84,WILKIN,336,650,110105
2024,November,85,WINONA,1776,3088,467088
2024,November,86,WRIGHT,2971,6034,938884
2024,November,87,YELLOW MEDICINE,330,606,84520
2024,November,88,MILLE-LACS-BAND TRIBE,25,81,12638
2024,November,92,WHITE EARTH NATION,1184,2244,440052
2024,November,93,RED LAKE INDIAN RESV,1635,3310,696478
2024,December,1,AITKIN,735,1302,196601
2024,December,2,ANOKA,11164,22542,3622814.81
2024,December,3,BECKER,1174,2200,328037
2024,December,4,BELTRAMI,2121,3754,618240
2024,December,5,BENTON,2056,3847,618789
2024,December,6,BIG STONE,233,468,67404
2024,December,7,BLUE EARTH,2921,5351,880454
2024,December,8,BROWN,784,1598,221617
2024,December,9,CARLTON,1300,2221,357592
2024,December,10,CARVER,1756,3415,563162
2024,December,11,CASS,2117,4150,724100
2024,December,12,CHIPPEWA,520,1118,162193
2024,December,13,CHISAGO,1361,2548,379199
2024,December,14,CLAY,3717,7704,1297312
2024,December,15,CLEARWATER,356,651,102602
2024,December,16,COOK,142,243,34944
2024,December,17,COTTONWOOD,572,1196,169822
2024,December,18,CROW WING,2394,4289,637875
2024,December,19,DAKOTA,10879,21600,3730805.16
2024,December,21,DOUGLAS,1309,2475,366048
2024,December,22,FARIBAULT,711,1460,230239
2024,December,23,FILLMORE,604,1134,155710
2024,December,24,FREEBORN,1721,3356,505801
2024,December,25,GOODHUE,1363,2423,366546.77
2024,December,27,HENNEPIN,61180,108230,19722578.59
2024,December,28,HOUSTON,485,888,128275.76
2024,December,29,HUBBARD,1033,2026,300202
2024,December,30,ISANTI,1318,2479,362785
2024,December,31,ITASCA,2193,3857,624975
2024,December,32,JACKSON,345,661,96302
2024,December,33,KANABEC,896,1560,253936
2024,December,34,KANDIYOHI,1932,4009,613303
2024,December,35,KITTSON,167,363,49914
2024,December,36,KOOCHICHING,744,1214,171606
2024,December,37,LAC QUI PARLE,258,496,72522
2024,December,38,LAKE,313,622,87300
2024,December,39,LAKE OF THE WOODS,162,288,40234
2024,December,40,LE SUEUR,642,1239,190014
2024,December,41,LINCOLN,86,98,13244
2024,December,42,LYON,1222,2566,371111
2024,December,43,MCLEOD,1020,1995,275153
2024,December,44,MAHNOMEN,140,261,47155
2024,December,45,MARSHALL,326,685,105637
2024,December,46,MARTIN,987,1951,295898
2024,December,47,MEEKER,802,1579,234331
2024,December,48,MILLE LACS,1232,2316,350579
2024,December,49,MORRISON,1284,2348,353175.22
2024,December,50,MOWER,1939,4044,570595
2024,December,51,MURRAY,262,529,72116
2024,December,52,NICOLLET,999,1951,304264
2024,December,53,NOBLES,863,1718,286201
2024,December,54,NORMAN,327,664,96202
2024,December,55,OLMSTED,6702,12918,2151788
2024,December,56,OTTER TAIL,2125,4045,608472
2024,December,57,PENNINGTON,630,1226,181281
2024,December,58,PINE,1552,2725,433898
2024,December,59,PIPESTONE,329,695,108062
2024,December,60,POLK,1662,3280,525313
2024,December,61,WPHS,591,1082,166147
2024,December,62,RAMSEY,36163,68883,12172573.24
2024,December,63,RED LAKE,161,339,49873
2024,December,64,REDWOOD,496,1073,157552
2024,December,65,RENVILLE,587,1156,175585
2024,December,66,RICE,1942,4145,668902
2024,December,67,ROCK,355,710,97481
2024,December,68,ROSEAU,512,1064,158067
2024,December,69,ST. LOUIS,11638,18724,3146280
2024,December,70,SCOTT,2901,6210,982848.83
2024,December,71,SHERBURNE,2683,6381,1024161
2024,December,72,SIBLEY,422,836,116806
2024,December,73,STEARNS,6014,13636,2204050
2024,December,74,MNPRAIRIE,2870,5604,864612
2024,December,75,STEVENS,309,584,88128
2024,December,76,SWIFT,433,885,130964
2024,December,77,TODD,934,1773,253728
2024,December,78,TRAVERSE,214,431,60682
2024,December,79,WABASHA,598,1080,162600
2024,December,80,WADENA,819,1591,225284
2024,December,82,WASHINGTON,5620,10967,1784601.84
2024,December,83,WATONWAN,344,744,111238
2024,December,84,WILKIN,334,651,102602
2024,December,85,WINONA,1807,3142,479374
2024,December,86,WRIGHT,3013,6075,963201
2024,December,87,YELLOW MEDICINE,330,599,85807
2024,December,88,MILLE-LACS-BAND TRIBE,31,106,14721
2024,December,92,WHITE EARTH NATION,1189,2263,445155
2024,December,93,RED LAKE INDIAN RESV,1615,3254,693432
