protocol,target_month,metric,model,prediction,actual,ape,seconds,error
august,2023-08-01,visits,bolt_tiny_state,204153.21875,237243.0,0.1394763227998297,6.02,
august,2023-08-01,visits,bolt_small_state,208630.125,237243.0,0.12060577129778327,0.61,
august,2023-08-01,visits,bolt_base_state,209371.71875,237243.0,0.1174798887638413,0.92,
august,2023-08-01,visits,bolt_base_state_log,207864.61507286382,237243.0,0.12383246261064051,0.04,
august,2023-08-01,visits,bolt_base_foodbank,207003.26408481598,237243.0,0.12746313237981322,0.07,
august,2023-08-01,visits,bolt_base_county,206946.4533843994,237243.0,0.1277025944521043,0.46,
august,2023-08-01,visits,chronos2_state,210345.40625,237243.0,0.113375710769127,0.81,
august,2023-08-01,visits,chronos2_state_log,210628.98672810875,237243.0,0.11218039424510418,0.04,
august,2023-08-01,visits,chronos2_multivar_log,211653.28125,237243.0,0.1078629032258065,0.05,
august,2023-08-01,visits,chronos2_foodbank,209007.0955953598,237243.0,0.11901680725939312,0.07,
august,2023-08-01,visits,chronos2_county,207807.40560913086,237243.0,0.12407360550519564,0.37,
august,2023-08-01,visits,chronos2_county_xlearn,209480.65493392944,237243.0,0.11702071321839025,0.49,
august,2023-08-01,visits,nhits_county,213133.515625,237243.0,0.10162358583814912,12.16,
august,2023-08-01,visits,nbeats_county,196310.21875,237243.0,0.17253525393794544,9.8,
august,2023-08-01,visits,mlp_county,204693.828125,237243.0,0.13719760698945804,2.56,
august,2023-08-01,visits,zs_ensemble,209269.3703624132,237243.0,0.11791129617138041,0.47,
august,2023-08-01,visits,dl_ensemble,205851.7332156033,237243.0,0.1323169357342332,0.53,
august,2023-08-01,pounds,bolt_tiny_state,11150987.0,13154185.78,0.1522860337768469,0.02,
august,2023-08-01,pounds,bolt_small_state,11187765.0,13154185.78,0.14949011766199938,0.03,
august,2023-08-01,pounds,bolt_base_state,11343834.0,13154185.78,0.1376255292632791,0.06,
august,2023-08-01,pounds,bolt_base_state_log,11306481.32944765,13154185.78,0.14046513265470617,0.07,
august,2023-08-01,pounds,bolt_base_foodbank,11216121.316802979,13154185.78,0.14733442993816537,0.09,
august,2023-08-01,pounds,bolt_base_county,11101234.156738281,13154185.78,0.15606831601717874,0.4,
august,2023-08-01,pounds,chronos2_state,11398002.0,13154185.78,0.13350760049855392,0.05,
august,2023-08-01,pounds,chronos2_state_log,11376309.18788676,13154185.78,0.1351567190738916,0.04,
august,2023-08-01,pounds,chronos2_multivar_log,11479320.0,13154185.78,0.12732568993715399,0.06,
august,2023-08-01,pounds,chronos2_foodbank,11348497.067932129,13154185.78,0.1372710361756705,0.09,
august,2023-08-01,pounds,chronos2_county,11203610.816894531,13154185.78,0.1482854960183988,0.45,
august,2023-08-01,pounds,chronos2_county_xlearn,11273051.46069336,13154185.78,0.14300651904785855,0.44,
august,2023-08-01,pounds,nhits_county,11620812.0,13154185.78,0.11656926590860417,0.0,
august,2023-08-01,pounds,nbeats_county,11432665.0,13154185.78,0.13087246970598887,0.0,
august,2023-08-01,pounds,mlp_county,11812008.0,13154185.78,0.10203427277427424,0.0,
august,2023-08-01,pounds,zs_ensemble,11307918.001593763,13154185.78,0.14035591478518983,0.53,
august,2023-08-01,pounds,dl_ensemble,11543350.75039844,13154185.78,0.12245798079351433,0.56,
august,2023-08-01,individuals,bolt_tiny_state,622950.3125,729120.0,0.1456134621187185,0.03,
august,2023-08-01,individuals,bolt_small_state,633729.0625,729120.0,0.13083023027759488,0.04,
august,2023-08-01,individuals,bolt_base_state,639414.375,729120.0,0.12303273123765635,0.07,
august,2023-08-01,individuals,bolt_base_state_log,636766.0996982487,729120.0,0.12666488410927057,0.07,
august,2023-08-01,individuals,bolt_base_foodbank,635661.908241272,729120.0,0.12817930074436035,0.11,
august,2023-08-01,individuals,bolt_base_county,633680.2883377075,729120.0,0.1308971248385622,0.46,
august,2023-08-01,individuals,chronos2_state,648125.1875,729120.0,0.11108570948540708,0.06,
august,2023-08-01,individuals,chronos2_state_log,647258.9641623176,729120.0,0.11227374895446895,0.05,
august,2023-08-01,individuals,chronos2_multivar_log,646837.5,729120.0,0.11285179394338385,0.06,
august,2023-08-01,individuals,chronos2_foodbank,645340.4092102051,729120.0,0.1149050784367387,0.08,
august,2023-08-01,individuals,chronos2_county,637094.8324584961,729120.0,0.12621402175431196,0.41,
august,2023-08-01,individuals,chronos2_county_xlearn,638405.4819030762,729120.0,0.12441644461395085,0.38,
august,2023-08-01,individuals,nhits_county,650235.25,729120.0,0.10819172427035328,0.0,
august,2023-08-01,individuals,nbeats_county,598022.6875,729120.0,0.17980210733486945,0.0,
august,2023-08-01,individuals,mlp_county,622759.3125,729120.0,0.1458754217412772,0.0,
august,2023-08-01,individuals,zs_ensemble,641256.0572069379,729120.0,0.12050683398214568,0.49,
august,2023-08-01,individuals,dl_ensemble,628068.3268017345,729120.0,0.1385940218321614,0.47,
august,2024-08-01,visits,bolt_tiny_state,235055.96875,241478.0,0.02659468460894987,0.02,
august,2024-08-01,visits,bolt_small_state,233986.734375,241478.0,0.031022559508526615,0.03,
august,2024-08-01,visits,bolt_base_state,239829.40625,241478.0,0.006827097085448819,0.05,
august,2024-08-01,visits,bolt_base_state_log,239251.16173475445,241478.0,0.009221702454242364,0.06,
august,2024-08-01,visits,bolt_base_foodbank,237123.56729125977,241478.0,0.018032419966788837,0.09,
august,2024-08-01,visits,bolt_base_county,235276.68787002563,241478.0,0.025680650535346294,0.35,
august,2024-08-01,visits,chronos2_state,232915.34375,241478.0,0.035459363792974874,0.04,
august,2024-08-01,visits,chronos2_state_log,232811.09100951778,241478.0,0.03589109148859204,0.04,
august,2024-08-01,visits,chronos2_multivar_log,233975.40625,241478.0,0.031069471131945803,0.05,
august,2024-08-01,visits,chronos2_foodbank,234940.61700439453,241478.0,0.027072375105001156,0.08,
august,2024-08-01,visits,chronos2_county,234403.87873840332,241478.0,0.029295096288675104,0.36,
august,2024-08-01,visits,chronos2_county_xlearn,235107.140335083,241478.0,0.02638277468306427,0.37,
august,2024-08-01,visits,nhits_county,236750.890625,241478.0,0.019575735160138774,11.48,
august,2024-08-01,visits,nbeats_county,245429.015625,241478.0,0.016361803663273777,10.32,
august,2024-08-01,visits,mlp_county,238419.9375,241478.0,0.01266393832978574,3.09,
august,2024-08-01,visits,zs_ensemble,235681.4586659737,241478.0,0.024004428287571877,0.49,
august,2024-08-01,visits,dl_ensemble,239070.32560399343,241478.0,0.009970574528555654,0.48,
august,2024-08-01,pounds,bolt_tiny_state,13115258.0,13235462.38,0.009081993250318221,0.02,
august,2024-08-01,pounds,bolt_small_state,13075102.0,13235462.38,0.01211596356787048,0.03,
august,2024-08-01,pounds,bolt_base_state,13306496.0,13235462.38,0.0053669163917791085,0.06,
august,2024-08-01,pounds,bolt_base_state_log,13220885.204104105,13235462.38,0.0011013726213240371,0.05,
august,2024-08-01,pounds,bolt_base_foodbank,13276450.220703125,13235462.38,0.003096819704996534,0.09,
august,2024-08-01,pounds,bolt_base_county,13145608.6640625,13235462.38,0.006788861118541489,0.35,
august,2024-08-01,pounds,chronos2_state,13521480.0,13235462.38,0.021609945447179646,0.05,
august,2024-08-01,pounds,chronos2_state_log,13457365.771986304,13235462.38,0.016765820914698137,0.05,
august,2024-08-01,pounds,chronos2_multivar_log,13235418.0,13235462.38,3.3531129269848137e-06,0.06,
august,2024-08-01,pounds,chronos2_foodbank,13247162.668945312,13235462.38,0.0008840105928593633,0.09,
august,2024-08-01,pounds,chronos2_county,13197076.00415039,13235462.38,0.002900267081535124,0.38,
august,2024-08-01,pounds,chronos2_county_xlearn,13273356.229003906,13235462.38,0.002863054415172206,0.41,
august,2024-08-01,pounds,nhits_county,13240119.0,13235462.38,0.00035182903825381473,0.0,
august,2024-08-01,pounds,nbeats_county,13894352.0,13235462.38,0.049782138400819465,0.0,
august,2024-08-01,pounds,mlp_county,13297538.0,13235462.38,0.004690098329605874,0.0,
august,2024-08-01,pounds,zs_ensemble,13320312.592045566,13235462.38,0.006410823408314226,0.52,
august,2024-08-01,pounds,dl_ensemble,13438080.398011392,13235462.38,0.01530872229424829,0.51,
august,2024-08-01,individuals,bolt_tiny_state,735036.25,745923.0,0.014595005114468873,0.02,
august,2024-08-01,individuals,bolt_small_state,727278.625,745923.0,0.024995039702489397,0.03,
august,2024-08-01,individuals,bolt_base_state,753169.0625,745923.0,0.009714223183894255,0.06,
august,2024-08-01,individuals,bolt_base_state_log,747775.7965033642,745923.0,0.0024838978062939887,0.06,
august,2024-08-01,individuals,bolt_base_foodbank,748861.9200439453,745923.0,0.003939977777793757,0.1,
august,2024-08-01,individuals,bolt_base_county,748983.7408752441,745923.0,0.004103293336234604,0.36,
august,2024-08-01,individuals,chronos2_state,730453.0,745923.0,0.020739406078107203,0.05,
august,2024-08-01,individuals,chronos2_state_log,729192.4127743402,745923.0,0.022429375720630307,0.05,
august,2024-08-01,individuals,chronos2_multivar_log,731764.4375,745923.0,0.01898126549255086,0.05,
august,2024-08-01,individuals,chronos2_foodbank,735290.4931640625,745923.0,0.01425416140263469,0.08,
august,2024-08-01,individuals,chronos2_county,740033.8126678467,745923.0,0.007895167908957501,0.36,
august,2024-08-01,individuals,chronos2_county_xlearn,748559.9751815796,745923.0,0.003535184169920491,0.37,
august,2024-08-01,individuals,nhits_county,742205.6875,745923.0,0.004983507010777211,0.0,
august,2024-08-01,individuals,nbeats_county,776642.25,745923.0,0.04118287008176447,0.0,
august,2024-08-01,individuals,mlp_county,755392.6875,745923.0,0.012695261441194372,0.0,
august,2024-08-01,individuals,zs_ensemble,740798.4293140623,745923.0,0.006870106815231147,0.5,
august,2024-08-01,individuals,dl_ensemble,753759.7635785156,745923.0,0.010506129424237676,0.51,
august,2025-08-01,visits,bolt_tiny_state,256089.71875,240290.0,0.065752710266761,0.02,
august,2025-08-01,visits,bolt_small_state,252308.15625,240290.0,0.05001521598901326,0.03,
august,2025-08-01,visits,bolt_base_state,254445.296875,240290.0,0.05890922166964918,0.06,
august,2025-08-01,visits,bolt_base_state_log,252542.75069743174,240290.0,0.05099151316089623,0.06,
august,2025-08-01,visits,bolt_base_foodbank,253272.14416503906,240290.0,0.054026984747759244,0.11,
august,2025-08-01,visits,bolt_base_county,254654.27262496948,240290.0,0.059778903096131764,0.4,
august,2025-08-01,visits,chronos2_state,251331.9375,240290.0,0.04595254692246864,0.05,
august,2025-08-01,visits,chronos2_state_log,251315.03416323804,240290.0,0.045882201353522944,0.05,
august,2025-08-01,visits,chronos2_multivar_log,252230.09375,240290.0,0.04969034812102047,0.06,
august,2025-08-01,visits,chronos2_foodbank,257374.62030029297,240290.0,0.07110000541134864,0.1,
august,2025-08-01,visits,chronos2_county,256967.8969230652,240290.0,0.0694073699407598,0.45,
august,2025-08-01,visits,chronos2_county_xlearn,253622.73292922974,240290.0,0.05548600827845407,0.46,
august,2025-08-01,visits,nhits_county,254795.3125,240290.0,0.060365860002496996,11.37,
august,2025-08-01,visits,nbeats_county,254266.5,240290.0,0.05816513379666244,10.98,
august,2025-08-01,visits,mlp_county,254726.546875,240290.0,0.060079682362978115,2.48,
august,2025-08-01,visits,zs_ensemble,254242.74265376772,240290.0,0.05806626432131057,0.52,
august,2025-08-01,visits,dl_ensemble,254507.77550719192,240290.0,0.05916923512086192,0.54,
august,2025-08-01,pounds,bolt_tiny_state,12598687.0,12821574.42,0.017383779300327085,0.02,
august,2025-08-01,pounds,bolt_small_state,12745477.0,12821574.42,0.005935107304864018,0.03,
august,2025-08-01,pounds,bolt_base_state,12431812.0,12821574.42,0.030398951582110034,0.06,
august,2025-08-01,pounds,bolt_base_state_log,12310111.41722637,12821574.42,0.03989081106730652,0.06,
august,2025-08-01,pounds,bolt_base_foodbank,12400586.504882812,12821574.42,0.032834338539618035,0.11,
august,2025-08-01,pounds,bolt_base_county,12289572.934570312,12821574.42,0.041492680072100496,0.41,
august,2025-08-01,pounds,chronos2_state,12498637.0,12821574.42,0.025187033153764582,0.05,
august,2025-08-01,pounds,chronos2_state_log,12505350.807674479,12821574.42,0.024663399514513018,0.05,
august,2025-08-01,pounds,chronos2_multivar_log,12484164.0,12821574.42,0.0263158336837076,0.06,
august,2025-08-01,pounds,chronos2_foodbank,12383787.376953125,12821574.42,0.0341445620253924,0.1,
august,2025-08-01,pounds,chronos2_county,12437858.729492188,12821574.42,0.029927345732928545,0.43,
august,2025-08-01,pounds,chronos2_county_xlearn,12318513.838378906,12821574.42,0.03923547648223169,0.43,
august,2025-08-01,pounds,nhits_county,12588642.0,12821574.42,0.018167224427341422,0.0,
august,2025-08-01,pounds,nbeats_county,12687909.0,12821574.42,0.010425039517104828,0.0,
august,2025-08-01,pounds,mlp_county,12649550.0,12821574.42,0.013416793785610559,0.0,
august,2025-08-01,pounds,zs_ensemble,12458340.51238889,12821574.42,0.028329898943183718,0.55,
august,2025-08-01,pounds,dl_ensemble,12596110.378097223,12821574.42,0.01758473916831005,0.52,
august,2025-08-01,individuals,bolt_tiny_state,765152.0625,727272.0,0.05208513802263792,0.02,
august,2025-08-01,individuals,bolt_small_state,755961.5,727272.0,0.03944810194810189,0.03,
august,2025-08-01,individuals,bolt_base_state,744600.0,727272.0,0.023826023826023723,0.06,
august,2025-08-01,individuals,bolt_base_state_log,741969.2957252559,727272.0,0.02020880183102869,0.06,
august,2025-08-01,individuals,bolt_base_foodbank,749569.35546875,727272.0,0.03065889442842562,0.1,
august,2025-08-01,individuals,bolt_base_county,748798.5595245361,727272.0,0.0295990489452862,0.39,
august,2025-08-01,individuals,chronos2_state,746507.75,727272.0,0.026449182699182616,0.05,
august,2025-08-01,individuals,chronos2_state_log,748601.3485764627,727272.0,0.029327883620519746,0.05,
august,2025-08-01,individuals,chronos2_multivar_log,750516.4375,727272.0,0.03196113352363361,0.06,
august,2025-08-01,individuals,chronos2_foodbank,760458.5886230469,727272.0,0.04563160498829455,0.1,
august,2025-08-01,individuals,chronos2_county,763390.3113327026,727272.0,0.04966272774519398,0.42,
august,2025-08-01,individuals,chronos2_county_xlearn,757299.1285705566,727272.0,0.04128734307185855,0.48,
august,2025-08-01,individuals,nhits_county,757714.9375,727272.0,0.04185908092158086,0.0,
august,2025-08-01,individuals,nbeats_county,756562.0,727272.0,0.04027379027379019,0.0,
august,2025-08-01,individuals,mlp_county,759997.1875,727272.0,0.044997177809677824,0.0,
august,2025-08-01,individuals,zs_ensemble,752197.2199697219,727272.0,0.03427221173057937,0.54,
august,2025-08-01,individuals,dl_ensemble,756617.8362424305,727272.0,0.04035056518390712,0.58,
monthly,2024-01-01,visits,bolt_tiny_state,217830.40625,242908.0,0.10323906067317667,0.02,
monthly,2024-01-01,visits,bolt_small_state,219069.6875,242908.0,0.09813720626739342,0.03,
monthly,2024-01-01,visits,bolt_base_state,221484.5625,242908.0,0.08819568519768806,0.05,
monthly,2024-01-01,visits,bolt_base_state_log,219883.41995197374,242908.0,0.09478724475120726,0.06,
monthly,2024-01-01,visits,bolt_base_foodbank,219358.3479309082,242908.0,0.0969488533481474,0.09,
monthly,2024-01-01,visits,bolt_base_county,221760.0336265564,242908.0,0.08706162980817267,0.37,
monthly,2024-01-01,visits,chronos2_state,225528.578125,242908.0,0.07154734251239148,0.05,
monthly,2024-01-01,visits,chronos2_state_log,225635.1202517506,242908.0,0.0711087314878448,0.05,
monthly,2024-01-01,visits,chronos2_multivar_log,225825.421875,242908.0,0.0703253006282214,0.06,
monthly,2024-01-01,visits,chronos2_foodbank,226261.41873168945,242908.0,0.06853039532790417,0.08,
monthly,2024-01-01,visits,chronos2_county,225494.64448928833,242908.0,0.07168703999337889,0.4,
monthly,2024-01-01,visits,chronos2_county_xlearn,223814.64698410034,242908.0,0.07860322844821765,0.37,
monthly,2024-01-01,visits,nhits_county,230915.640625,242908.0,0.04936996465740118,11.41,
monthly,2024-01-01,visits,nbeats_county,235533.8125,242908.0,0.030357944159928874,10.87,
monthly,2024-01-01,visits,mlp_county,227827.9375,242908.0,0.06208137442982531,2.64,
monthly,2024-01-01,visits,zs_ensemble,224204.77574701296,242908.0,0.07699715222630399,0.46,
monthly,2024-01-01,visits,dl_ensemble,229620.54159300323,242908.0,0.05470160886836484,0.48,
monthly,2024-01-01,pounds,bolt_tiny_state,11888427.0,12985532.3,0.0844867406783163,0.02,
monthly,2024-01-01,pounds,bolt_small_state,11986772.0,12985532.3,0.07691331220977371,0.03,
monthly,2024-01-01,pounds,bolt_base_state,11899435.0,12985532.3,0.08363902802813872,0.06,
monthly,2024-01-01,pounds,bolt_base_state_log,11757082.164319552,12985532.3,0.09460144623262368,0.09,
monthly,2024-01-01,pounds,bolt_base_foodbank,12041619.458984375,12985532.3,0.07268957630759776,0.12,
monthly,2024-01-01,pounds,bolt_base_county,11904279.169433594,12985532.3,0.0832659844499718,0.36,
monthly,2024-01-01,pounds,chronos2_state,12416328.0,12985532.3,0.04383372871052815,0.05,
monthly,2024-01-01,pounds,chronos2_state_log,12343026.888417158,12985532.3,0.049478557885751284,0.05,
monthly,2024-01-01,pounds,chronos2_multivar_log,12458949.0,12985532.3,0.04055153749838969,0.07,
monthly,2024-01-01,pounds,chronos2_foodbank,12472002.202148438,12985532.3,0.039546326325919146,0.09,
monthly,2024-01-01,pounds,chronos2_county,12284431.938720703,12985532.3,0.053990883475704576,0.39,
monthly,2024-01-01,pounds,chronos2_county_xlearn,12235605.87866211,12985532.3,0.05775091879274685,0.39,
monthly,2024-01-01,pounds,nhits_county,12856999.0,12985532.3,0.009898192621645596,0.0,
monthly,2024-01-01,pounds,nbeats_county,13012625.0,12985532.3,0.002086375773752369,0.0,
monthly,2024-01-01,pounds,mlp_county,12609698.0,12985532.3,0.028942540923024063,0.0,
monthly,2024-01-01,pounds,zs_ensemble,12175631.275712619,12985532.3,0.062369489796531674,0.52,
monthly,2024-01-01,pounds,dl_ensemble,12663738.318928154,12985532.3,0.024780961891862296,0.53,
monthly,2024-01-01,individuals,bolt_tiny_state,678629.875,769344.0,0.11791100599991677,0.02,
monthly,2024-01-01,individuals,bolt_small_state,678107.0625,769344.0,0.11859056221924136,0.03,
monthly,2024-01-01,individuals,bolt_base_state,684256.375,769344.0,0.11059763252849175,0.06,
monthly,2024-01-01,individuals,bolt_base_state_log,677045.1495942583,769344.0,0.11997084581895967,0.06,
monthly,2024-01-01,individuals,bolt_base_foodbank,681380.3131713867,769344.0,0.1143359626234991,0.1,
monthly,2024-01-01,individuals,bolt_base_county,681579.494972229,769344.0,0.11407706439222376,0.36,
monthly,2024-01-01,individuals,chronos2_state,705685.5625,769344.0,0.08274378886427913,0.05,
monthly,2024-01-01,individuals,chronos2_state_log,706184.1654436408,769344.0,0.08209570043616277,0.04,
monthly,2024-01-01,individuals,chronos2_multivar_log,706216.4375,769344.0,0.08205375293756756,0.05,
monthly,2024-01-01,individuals,chronos2_foodbank,702417.1014099121,769344.0,0.08699216292073231,0.08,
monthly,2024-01-01,individuals,chronos2_county,694603.5205154419,769344.0,0.09714832309676569,0.38,
monthly,2024-01-01,individuals,chronos2_county_xlearn,694672.4742965698,769344.0,0.09705869637435294,0.47,
monthly,2024-01-01,individuals,nhits_county,714617.625,769344.0,0.0711338166021962,0.0,
monthly,2024-01-01,individuals,nbeats_county,726098.25,769344.0,0.056211200711255294,0.0,
monthly,2024-01-01,individuals,mlp_county,696072.6875,769344.0,0.09523868711525663,0.0,
monthly,2024-01-01,individuals,zs_ensemble,695014.6869863608,769344.0,0.09661388535380688,0.53,
monthly,2024-01-01,individuals,dl_ensemble,707950.8123715902,769344.0,0.0797993974456288,0.54,
monthly,2024-02-01,visits,bolt_tiny_state,238890.875,239827.0,0.003903334486942689,0.02,
monthly,2024-02-01,visits,bolt_small_state,236489.75,239827.0,0.013915238901374694,0.03,
monthly,2024-02-01,visits,bolt_base_state,239321.546875,239827.0,0.002107573897017434,0.07,
monthly,2024-02-01,visits,bolt_base_state_log,238538.97165468233,239827.0,0.005370656120110229,0.07,
monthly,2024-02-01,visits,bolt_base_foodbank,239512.16748809814,239827.0,0.001312748405733477,0.1,
monthly,2024-02-01,visits,bolt_base_county,241905.01734542847,239827.0,0.00866465137548511,0.43,
monthly,2024-02-01,visits,chronos2_state,241176.9375,239827.0,0.005628797007843245,0.06,
monthly,2024-02-01,visits,chronos2_state_log,241101.18822170293,239827.0,0.005312947339969787,0.05,
monthly,2024-02-01,visits,chronos2_multivar_log,239765.78125,239827.0,0.00025526212644944035,0.06,
monthly,2024-02-01,visits,chronos2_foodbank,240278.825340271,239827.0,0.001883963608230177,0.09,
monthly,2024-02-01,visits,chronos2_county,241016.46646881104,239827.0,0.004959685393266966,0.41,
monthly,2024-02-01,visits,chronos2_county_xlearn,237342.5414390564,239827.0,0.010359378055613488,0.45,
monthly,2024-02-01,visits,nhits_county,238970.578125,239827.0,0.0035709985739720285,0.11,
monthly,2024-02-01,visits,nbeats_county,242403.640625,239827.0,0.010743747055169006,0.11,
monthly,2024-02-01,visits,mlp_county,235385.5625,239827.0,0.018519338940152674,0.09,
monthly,2024-02-01,visits,zs_ensemble,240479.73385517133,239827.0,0.00272168627873981,0.5,
monthly,2024-02-01,visits,dl_ensemble,239309.87877629284,239827.0,0.002156226045053944,0.55,
monthly,2024-02-01,pounds,bolt_tiny_state,12691073.0,12473176.99,0.017469166850970774,0.02,
monthly,2024-02-01,pounds,bolt_small_state,12673393.0,12473176.99,0.016051725246945203,0.03,
monthly,2024-02-01,pounds,bolt_base_state,12670374.0,12473176.99,0.01580968586897291,0.07,
monthly,2024-02-01,pounds,bolt_base_state_log,12590000.772858534,12473176.99,0.009366000574849043,0.07,
monthly,2024-02-01,pounds,bolt_base_foodbank,12712138.349853516,12473176.99,0.01915801884676971,0.1,
monthly,2024-02-01,pounds,bolt_base_county,12543439.96069336,12473176.99,0.005633125445882126,0.39,
monthly,2024-02-01,pounds,chronos2_state,12549356.0,12473176.99,0.006107426364676316,0.06,
monthly,2024-02-01,pounds,chronos2_state_log,12290732.475831019,12473176.99,0.014626948235822446,0.06,
monthly,2024-02-01,pounds,chronos2_multivar_log,12509502.0,12473176.99,0.0029122500249232353,0.06,
monthly,2024-02-01,pounds,chronos2_foodbank,12596240.177490234,12473176.99,0.00986622635026313,0.09,
monthly,2024-02-01,pounds,chronos2_county,12580117.79711914,12473176.99,0.008573662283865469,0.38,
monthly,2024-02-01,pounds,chronos2_county_xlearn,12315376.119140625,12473176.99,0.012651217166716022,0.45,
monthly,2024-02-01,pounds,nhits_county,12942113.0,12473176.99,0.03759555487555066,0.0,
monthly,2024-02-01,pounds,nbeats_county,13201088.0,12473176.99,0.058358108009176846,0.0,
monthly,2024-02-01,pounds,mlp_county,12740790.0,12473176.99,0.021455079986001158,0.0,
monthly,2024-02-01,pounds,zs_ensemble,12513741.42431672,12473176.99,0.003252133305671867,0.53,
monthly,2024-02-01,pounds,dl_ensemble,12849433.10607918,12473176.99,0.03016521904410019,0.57,
monthly,2024-02-01,individuals,bolt_tiny_state,767634.0,754960.0,0.016787644378510214,0.02,
monthly,2024-02-01,individuals,bolt_small_state,752619.625,754960.0,0.0030999986754265407,0.03,
monthly,2024-02-01,individuals,bolt_base_state,754976.25,754960.0,2.152431916924158e-05,0.06,
monthly,2024-02-01,individuals,bolt_base_state_log,754125.2529921179,754960.0,0.0011056837552746446,0.07,
monthly,2024-02-01,individuals,bolt_base_foodbank,752661.9336242676,754960.0,0.003043957793436025,0.11,
monthly,2024-02-01,individuals,bolt_base_county,750681.1376647949,754960.0,0.005667667605177895,0.38,
monthly,2024-02-01,individuals,chronos2_state,768246.625,754960.0,0.017599111211189955,0.04,
monthly,2024-02-01,individuals,chronos2_state_log,769062.8470923802,754960.0,0.01868025735453549,0.05,
monthly,2024-02-01,individuals,chronos2_multivar_log,763299.9375,754960.0,0.011046860098548272,0.05,
monthly,2024-02-01,individuals,chronos2_foodbank,758802.168762207,754960.0,0.005089234876294091,0.1,
monthly,2024-02-01,individuals,chronos2_county,750323.0885848999,754960.0,0.006141929923572209,0.42,
monthly,2024-02-01,individuals,chronos2_county_xlearn,740865.2634277344,754960.0,0.018669514374623275,0.42,
monthly,2024-02-01,individuals,nhits_county,751358.4375,754960.0,0.004770534200487453,0.0,
monthly,2024-02-01,individuals,nbeats_county,756314.25,754960.0,0.0017938036452262995,0.0,
monthly,2024-02-01,individuals,mlp_county,734420.125,754960.0,0.027206573858217675,0.0,
monthly,2024-02-01,individuals,zs_ensemble,758120.7285590934,754960.0,0.004186617250044211,0.52,
monthly,2024-02-01,individuals,dl_ensemble,750053.3852647734,754960.0,0.006499171790858571,0.55,
monthly,2024-03-01,visits,bolt_tiny_state,239372.34375,233598.0,0.024719148922507816,0.02,
monthly,2024-03-01,visits,bolt_small_state,237056.375,233598.0,0.014804814253546628,0.03,
monthly,2024-03-01,visits,bolt_base_state,240114.375,233598.0,0.027895679757532266,0.06,
monthly,2024-03-01,visits,bolt_base_state_log,238925.56003628188,233598.0,0.022806531033150446,0.06,
monthly,2024-03-01,visits,bolt_base_foodbank,238810.3219871521,233598.0,0.022313213243059016,0.1,
monthly,2024-03-01,visits,bolt_base_county,239324.6946029663,233598.0,0.024515169663123393,0.38,
monthly,2024-03-01,visits,chronos2_state,243615.25,233598.0,0.04288243050026108,0.05,
monthly,2024-03-01,visits,chronos2_state_log,243935.76829178026,233598.0,0.04425452397614826,0.06,
monthly,2024-03-01,visits,chronos2_multivar_log,244135.921875,233598.0,0.04511135315798942,0.06,
monthly,2024-03-01,visits,chronos2_foodbank,244367.0780029297,233598.0,0.04610089984901289,0.08,
monthly,2024-03-01,visits,chronos2_county,243058.5407962799,233598.0,0.04049923713507786,0.4,
monthly,2024-03-01,visits,chronos2_county_xlearn,241817.40083312988,233598.0,0.03518609248850546,0.42,
monthly,2024-03-01,visits,nhits_county,242591.25,233598.0,0.038498831325610716,0.13,
monthly,2024-03-01,visits,nbeats_county,248831.9375,233598.0,0.06521433188640313,0.12,
monthly,2024-03-01,visits,mlp_county,236488.375,233598.0,0.012373286586357723,0.09,
monthly,2024-03-01,visits,zs_ensemble,242369.5613626867,233598.0,0.037549813622919315,0.52,
monthly,2024-03-01,visits,dl_ensemble,242570.28096567167,233598.0,0.038409065855322666,0.51,
monthly,2024-03-01,pounds,bolt_tiny_state,12412128.0,12216851.57,0.015984186177683046,0.02,
monthly,2024-03-01,pounds,bolt_small_state,12593465.0,12216851.57,0.03082737216230247,0.03,
monthly,2024-03-01,pounds,bolt_base_state,12604148.0,12216851.57,0.031701820045931806,0.06,
monthly,2024-03-01,pounds,bolt_base_state_log,12547616.372493878,12216851.57,0.027074471732644323,0.06,
monthly,2024-03-01,pounds,bolt_base_foodbank,12585910.8203125,12216851.57,0.030209031205615355,0.1,
monthly,2024-03-01,pounds,bolt_base_county,12416079.07397461,12216851.57,0.01630759797915826,0.37,
monthly,2024-03-01,pounds,chronos2_state,12937288.0,12216851.57,0.058970711551339594,0.06,
monthly,2024-03-01,pounds,chronos2_state_log,12964279.919311875,12216851.57,0.06118011216140817,0.05,
monthly,2024-03-01,pounds,chronos2_multivar_log,12973606.0,12216851.57,0.06194349056824944,0.06,
monthly,2024-03-01,pounds,chronos2_foodbank,12791364.427246094,12216851.57,0.047026261549815374,0.1,
monthly,2024-03-01,pounds,chronos2_county,12551429.814208984,12216851.57,0.02738661776251594,0.37,
monthly,2024-03-01,pounds,chronos2_county_xlearn,12643080.767333984,12216851.57,0.034888628620211914,0.38,
monthly,2024-03-01,pounds,nhits_county,13008320.0,12216851.57,0.06478497552868268,0.0,
monthly,2024-03-01,pounds,nbeats_county,13334172.0,12216851.57,0.09145731398945034,0.0,
monthly,2024-03-01,pounds,mlp_county,12839059.0,12216851.57,0.05093026025853553,0.0,
monthly,2024-03-01,pounds,zs_ensemble,12706619.244506953,12216851.57,0.04008951665661864,0.51,
monthly,2024-03-01,pounds,dl_ensemble,12972042.561126739,12216851.57,0.06181551660832185,0.53,
monthly,2024-03-01,individuals,bolt_tiny_state,770927.75,739082.0,0.04308825001826588,0.02,
monthly,2024-03-01,individuals,bolt_small_state,751182.8125,739082.0,0.0163727603973578,0.03,
monthly,2024-03-01,individuals,bolt_base_state,759023.625,739082.0,0.026981613677508065,0.06,
monthly,2024-03-01,individuals,bolt_base_state_log,759626.1650745057,739082.0,0.027796868377941486,0.06,
monthly,2024-03-01,individuals,bolt_base_foodbank,759322.9961853027,739082.0,0.02738667182437493,0.1,
monthly,2024-03-01,individuals,bolt_base_county,755022.9906921387,739082.0,0.021568636081163772,0.41,
monthly,2024-03-01,individuals,chronos2_state,779233.5,739082.0,0.054326177609520965,0.06,
monthly,2024-03-01,individuals,chronos2_state_log,782983.9983677295,739082.0,0.059400713814880435,0.05,
monthly,2024-03-01,individuals,chronos2_multivar_log,782458.5,739082.0,0.05868969884261821,0.05,
monthly,2024-03-01,individuals,chronos2_foodbank,778423.2893371582,739082.0,0.05322993840623669,0.09,
monthly,2024-03-01,individuals,chronos2_county,764180.7689971924,739082.0,0.03395938339344262,0.38,
monthly,2024-03-01,individuals,chronos2_county_xlearn,769254.5507659912,739082.0,0.04082436152685531,0.39,
monthly,2024-03-01,individuals,nhits_county,762223.9375,739082.0,0.03131173198643733,0.0,
monthly,2024-03-01,individuals,nbeats_county,782882.0625,739082.0,0.05926279154410463,0.0,
monthly,2024-03-01,individuals,mlp_county,738615.6875,739082.0,0.0006309347271344912,0.0,
monthly,2024-03-01,individuals,zs_ensemble,768729.4641216407,739082.0,0.04011390362861045,0.56,
monthly,2024-03-01,individuals,dl_ensemble,763112.7879054102,739082.0,0.032514373108004424,0.52,
monthly,2024-04-01,visits,bolt_tiny_state,237218.375,238454.0,0.0051818170380869555,0.02,
monthly,2024-04-01,visits,bolt_small_state,234375.0,238454.0,0.01710602464206934,0.03,
monthly,2024-04-01,visits,bolt_base_state,239132.34375,238454.0,0.002844757269745868,0.06,
monthly,2024-04-01,visits,bolt_base_state_log,239009.19825349352,238454.0,0.002328324345548971,0.07,
monthly,2024-04-01,visits,bolt_base_foodbank,238056.89847564697,238454.0,0.001665317102472752,0.1,
monthly,2024-04-01,visits,bolt_base_county,236951.07635116577,238454.0,0.006302782292745057,0.4,
monthly,2024-04-01,visits,chronos2_state,239442.109375,238454.0,0.004143815473844015,0.05,
monthly,2024-04-01,visits,chronos2_state_log,238520.77326964613,238454.0,0.00028002578965380387,0.05,
monthly,2024-04-01,visits,chronos2_multivar_log,239030.625,238454.0,0.0024181812844406014,0.06,
monthly,2024-04-01,visits,chronos2_foodbank,240325.32746887207,238454.0,0.007847750378991547,0.1,
monthly,2024-04-01,visits,chronos2_county,239517.9264678955,238454.0,0.004461768172878244,0.4,
monthly,2024-04-01,visits,chronos2_county_xlearn,239016.7562789917,238454.0,0.0023600202931872705,0.44,
monthly,2024-04-01,visits,nhits_county,236017.296875,238454.0,0.010218755504206256,12.05,
monthly,2024-04-01,visits,nbeats_county,237720.984375,238454.0,0.0030740336710644023,12.06,
monthly,2024-04-01,visits,mlp_county,236656.609375,238454.0,0.007537682844489968,2.7,
monthly,2024-04-01,visits,zs_ensemble,239057.0144958472,238454.0,0.0025288504107592313,0.49,
monthly,2024-04-01,visits,dl_ensemble,237362.9762802118,238454.0,0.004575405402250321,0.53,
monthly,2024-04-01,pounds,bolt_tiny_state,12223755.0,12977668.52,0.058093140446462854,0.02,
monthly,2024-04-01,pounds,bolt_small_state,12414956.0,12977668.52,0.0433600626439794,0.03,
monthly,2024-04-01,pounds,bolt_base_state,12483320.0,12977668.52,0.03809224432248015,0.07,
monthly,2024-04-01,pounds,bolt_base_state_log,12481521.476553904,12977668.52,0.03823083034379238,0.07,
monthly,2024-04-01,pounds,bolt_base_foodbank,12501553.297363281,12977668.52,0.03668726951246848,0.11,
monthly,2024-04-01,pounds,bolt_base_county,12356661.067626953,12977668.52,0.04785200449649385,0.42,
monthly,2024-04-01,pounds,chronos2_state,12443964.0,12977668.52,0.04112483834654146,0.05,
monthly,2024-04-01,pounds,chronos2_state_log,12396442.254689349,12977668.52,0.044786647494880705,0.06,
monthly,2024-04-01,pounds,chronos2_multivar_log,12504921.0,12977668.52,0.03642776969310346,0.05,
monthly,2024-04-01,pounds,chronos2_foodbank,12531607.688476562,12977668.52,0.03437141508399666,0.1,
monthly,2024-04-01,pounds,chronos2_county,12364978.180664062,12977668.52,0.04721112566496166,0.45,
monthly,2024-04-01,pounds,chronos2_county_xlearn,12296009.935058594,12977668.52,0.052525504399414724,0.45,
monthly,2024-04-01,pounds,nhits_county,12456075.0,12977668.52,0.04019161987349018,0.0,
monthly,2024-04-01,pounds,nbeats_county,12487371.0,12977668.52,0.037780092721924396,0.0,
monthly,2024-04-01,pounds,mlp_county,12615028.0,12977668.52,0.0279434260045347,0.0,
monthly,2024-04-01,pounds,zs_ensemble,12414913.478451138,12977668.52,0.04336333916077406,0.56,
monthly,2024-04-01,pounds,dl_ensemble,12493346.869612785,12977668.52,0.03731961944018081,0.6,
monthly,2024-04-01,individuals,bolt_tiny_state,754851.6875,760721.0,0.007715460070117697,0.02,
monthly,2024-04-01,individuals,bolt_small_state,739844.6875,760721.0,0.027442797687982856,0.03,
monthly,2024-04-01,individuals,bolt_base_state,756975.0625,760721.0,0.004924193626835605,0.06,
monthly,2024-04-01,individuals,bolt_base_state_log,758049.9810602533,760721.0,0.0035111676156522886,0.06,
monthly,2024-04-01,individuals,bolt_base_foodbank,754118.8106689453,760721.0,0.008678857729778278,0.1,
monthly,2024-04-01,individuals,bolt_base_county,748851.7985610962,760721.0,0.015602568404058492,0.4,
monthly,2024-04-01,individuals,chronos2_state,767873.875,760721.0,0.009402757384113336,0.05,
monthly,2024-04-01,individuals,chronos2_state_log,765191.2843111216,760721.0,0.005876378213722999,0.05,
monthly,2024-04-01,individuals,chronos2_multivar_log,763221.3125,760721.0,0.003286766764687643,0.06,
monthly,2024-04-01,individuals,chronos2_foodbank,767545.0977478027,760721.0,0.008970565749864656,0.08,
monthly,2024-04-01,individuals,chronos2_county,757236.9262695312,760721.0,0.004579962601885201,0.46,
monthly,2024-04-01,individuals,chronos2_county_xlearn,758798.8827056885,760721.0,0.0025267046582275743,0.45,
monthly,2024-04-01,individuals,nhits_county,745626.9375,760721.0,0.019841784964527043,0.0,
monthly,2024-04-01,individuals,nbeats_county,753207.1875,760721.0,0.009877225027309589,0.0,
monthly,2024-04-01,individuals,mlp_county,753017.8125,760721.0,0.01012616649205167,0.0,
monthly,2024-04-01,individuals,zs_ensemble,759801.0910268842,760721.0,0.0012092593383328243,0.56,
monthly,2024-04-01,individuals,dl_ensemble,752913.257131721,760721.0,0.010263608955555337,0.63,
monthly,2024-05-01,visits,bolt_tiny_state,241418.0,236713.0,0.01987639039680955,0.02,
monthly,2024-05-01,visits,bolt_small_state,235202.4375,236713.0,0.006381409132578231,0.02,
monthly,2024-05-01,visits,bolt_base_state,241242.0,236713.0,0.019132873986642096,0.05,
monthly,2024-05-01,visits,bolt_base_state_log,239281.73815863716,236713.0,0.010851698718013614,0.06,
monthly,2024-05-01,visits,bolt_base_foodbank,238144.46104431152,236713.0,0.006047243050916196,0.1,
monthly,2024-05-01,visits,bolt_base_county,238957.1382713318,236713.0,0.009480418360342746,0.36,
monthly,2024-05-01,visits,chronos2_state,237950.125,236713.0,0.005226265562094268,0.05,
monthly,2024-05-01,visits,chronos2_state_log,236913.8949428742,236713.0,0.0008486857201515097,0.05,
monthly,2024-05-01,visits,chronos2_multivar_log,237848.640625,236713.0,0.004797542276934408,0.06,
monthly,2024-05-01,visits,chronos2_foodbank,241311.92266845703,236713.0,0.019428264051644994,0.09,
monthly,2024-05-01,visits,chronos2_county,241786.14960479736,236713.0,0.021431647627284445,0.42,
monthly,2024-05-01,visits,chronos2_county_xlearn,241560.702167511,236713.0,0.020479239279257877,0.39,
monthly,2024-05-01,visits,nhits_county,238571.25,236713.0,0.007850223688601776,0.11,
monthly,2024-05-01,visits,nbeats_county,239067.78125,236713.0,0.00994783239619279,0.11,
monthly,2024-05-01,visits,mlp_county,239900.5625,236713.0,0.013465937654459248,0.08,
monthly,2024-05-01,visits,zs_ensemble,239980.68151589052,236713.0,0.01380440244469261,0.56,
monthly,2024-05-01,visits,dl_ensemble,239380.06881647263,236713.0,0.011267099045986662,0.54,
monthly,2024-05-01,pounds,bolt_tiny_state,12885787.0,13259350.76,0.028173608705408415,0.02,
monthly,2024-05-01,pounds,bolt_small_state,12786877.0,13259350.76,0.03563324996464612,0.03,
monthly,2024-05-01,pounds,bolt_base_state,12940810.0,13259350.76,0.0240238580127885,0.06,
monthly,2024-05-01,pounds,bolt_base_state_log,12893924.242253773,13259350.76,0.027559910312398017,0.07,
monthly,2024-05-01,pounds,bolt_base_foodbank,12918162.032714844,13259350.76,0.025731933143697594,0.1,
monthly,2024-05-01,pounds,bolt_base_county,12836472.160888672,13259350.76,0.03189285861469493,0.37,
monthly,2024-05-01,pounds,chronos2_state,12714854.0,13259350.76,0.04106511471456087,0.05,
monthly,2024-05-01,pounds,chronos2_state_log,12682914.064559236,13259350.76,0.04347397590383706,0.05,
monthly,2024-05-01,pounds,chronos2_multivar_log,12680059.0,13259350.76,0.04368930051594777,0.06,
monthly,2024-05-01,pounds,chronos2_foodbank,12738508.235351562,13259350.76,0.03928114838169028,0.09,
monthly,2024-05-01,pounds,chronos2_county,12739358.395751953,13259350.76,0.03921703058167281,0.42,
monthly,2024-05-01,pounds,chronos2_county_xlearn,12843575.262451172,13259350.76,0.031357153534478766,0.43,
monthly,2024-05-01,pounds,nhits_county,12798524.0,13259350.76,0.0347548509984511,0.0,
monthly,2024-05-01,pounds,nbeats_county,12952547.0,13259350.76,0.023138671383937326,0.0,
monthly,2024-05-01,pounds,mlp_county,12944826.0,13259350.76,0.023720977421371137,0.0,
monthly,2024-05-01,pounds,zs_ensemble,12787694.153437063,13259350.76,0.035571621499432826,0.55,
monthly,2024-05-01,pounds,dl_ensemble,12870897.788359266,13259350.76,0.029296530325798043,0.56,
monthly,2024-05-01,individuals,bolt_tiny_state,773332.625,762730.0,0.013900888912196985,0.02,
monthly,2024-05-01,individuals,bolt_small_state,745769.5625,762730.0,0.022236489321253883,0.03,
monthly,2024-05-01,individuals,bolt_base_state,771385.125,762730.0,0.011347560735778028,0.06,
monthly,2024-05-01,individuals,bolt_base_state_log,770287.1910226931,762730.0,0.009908081526481372,0.07,
monthly,2024-05-01,individuals,bolt_base_foodbank,769973.2791442871,762730.0,0.009496517960860373,0.11,
monthly,2024-05-01,individuals,bolt_base_county,766749.6381607056,762730.0,0.005270066944666585,0.41,
monthly,2024-05-01,individuals,chronos2_state,764740.875,762730.0,0.0026364178673974337,0.05,
monthly,2024-05-01,individuals,chronos2_state_log,761930.4616405205,762730.0,0.001048258701610627,0.05,
monthly,2024-05-01,individuals,chronos2_multivar_log,758410.0625,762730.0,0.005663783383372922,0.06,
monthly,2024-05-01,individuals,chronos2_foodbank,772409.6630249023,762730.0,0.012690811984453765,0.09,
monthly,2024-05-01,individuals,chronos2_county,777767.0352630615,762730.0,0.019714755238500636,0.41,
monthly,2024-05-01,individuals,chronos2_county_xlearn,780120.3297195435,762730.0,0.022800112385173543,0.48,
monthly,2024-05-01,individuals,nhits_county,758484.0625,762730.0,0.005566763468068614,0.0,
monthly,2024-05-01,individuals,nbeats_county,755445.6875,762730.0,0.009550315970264678,0.0,
monthly,2024-05-01,individuals,mlp_county,759331.6875,762730.0,0.0044554593368557605,0.0,
monthly,2024-05-01,individuals,zs_ensemble,770360.8739678607,762730.0,0.010004685757555976,0.55,
monthly,2024-05-01,individuals,dl_ensemble,760905.5778669652,762730.0,0.002391963254408269,0.51,
monthly,2024-06-01,visits,bolt_tiny_state,239247.28125,229388.0,0.04298080653739511,0.02,
monthly,2024-06-01,visits,bolt_small_state,235253.96875,229388.0,0.025572256395277826,0.03,
monthly,2024-06-01,visits,bolt_base_state,242258.796875,229388.0,0.05610928590423203,0.06,
monthly,2024-06-01,visits,bolt_base_state_log,239944.19614863393,229388.0,0.04601895543199275,0.06,
monthly,2024-06-01,visits,bolt_base_foodbank,239605.10092163086,229388.0,0.044540694899606104,0.1,
monthly,2024-06-01,visits,bolt_base_county,240773.0761604309,229388.0,0.049632396465512096,0.36,
monthly,2024-06-01,visits,chronos2_state,241791.40625,229388.0,0.054071731084450736,0.05,
monthly,2024-06-01,visits,chronos2_state_log,241683.38808209117,229388.0,0.053600833880112164,0.05,
monthly,2024-06-01,visits,chronos2_multivar_log,243714.859375,229388.0,0.06245688255270543,0.06,
monthly,2024-06-01,visits,chronos2_foodbank,241099.7179260254,229388.0,0.051056367055056784,0.09,
monthly,2024-06-01,visits,chronos2_county,243559.87734985352,229388.0,0.06178124989037581,0.44,
monthly,2024-06-01,visits,chronos2_county_xlearn,243043.28244400024,229388.0,0.059529192651752716,0.44,
monthly,2024-06-01,visits,nhits_county,238587.953125,229388.0,0.04010651439918389,0.11,
monthly,2024-06-01,visits,nbeats_county,240178.265625,229388.0,0.04703936398155095,0.12,
monthly,2024-06-01,visits,mlp_county,240513.015625,229388.0,0.04849868181857819,0.09,
monthly,2024-06-01,visits,zs_ensemble,242500.68743564826,229388.0,0.05716378989157356,0.5,
monthly,2024-06-01,visits,dl_ensemble,240444.98045266207,229388.0,0.04820208752272159,0.55,
monthly,2024-06-01,pounds,bolt_tiny_state,13162789.0,12496300.72,0.05333484644245967,0.02,
monthly,2024-06-01,pounds,bolt_small_state,13017542.0,12496300.72,0.04171164664481597,0.03,
monthly,2024-06-01,pounds,bolt_base_state,13182438.0,12496300.72,0.05490723177794976,0.07,
monthly,2024-06-01,pounds,bolt_base_state_log,13081944.375832738,12496300.72,0.04686536191430091,0.06,
monthly,2024-06-01,pounds,bolt_base_foodbank,13211352.611328125,12496300.72,0.05722108545160909,0.1,
monthly,2024-06-01,pounds,bolt_base_county,13084677.289794922,12496300.72,0.047084059753238705,0.39,
monthly,2024-06-01,pounds,chronos2_state,13640431.0,12496300.72,0.09155751815165969,0.05,
monthly,2024-06-01,pounds,chronos2_state_log,13652612.483655548,12496300.72,0.09253232533087985,0.05,
monthly,2024-06-01,pounds,chronos2_multivar_log,13601358.0,12496300.72,0.08843075280922008,0.06,
monthly,2024-06-01,pounds,chronos2_foodbank,13288659.546875,12496300.72,0.06340747110917788,0.09,
monthly,2024-06-01,pounds,chronos2_county,13145067.453857422,12496300.72,0.05191670306229801,0.41,
monthly,2024-06-01,pounds,chronos2_county_xlearn,13229575.122802734,12496300.72,0.058679317922395,0.42,
monthly,2024-06-01,pounds,nhits_county,13142402.0,12496300.72,0.05170340362935821,0.0,
monthly,2024-06-01,pounds,nbeats_county,13348843.0,12496300.72,0.06822357264782597,0.0,
monthly,2024-06-01,pounds,mlp_county,13238332.0,12496300.72,0.059380075482050376,0.0,
monthly,2024-06-01,pounds,zs_ensemble,13326705.979170991,12496300.72,0.06645208672370928,0.57,
monthly,2024-06-01,pounds,dl_ensemble,13264070.744792748,12496300.72,0.06143978462073596,0.57,
monthly,2024-06-01,individuals,bolt_tiny_state,769831.6875,725005.0,0.06182948738284555,0.02,
monthly,2024-06-01,individuals,bolt_small_state,752718.375,725005.0,0.0382250812063365,0.02,
monthly,2024-06-01,individuals,bolt_base_state,777461.375,725005.0,0.07235312170260899,0.05,
monthly,2024-06-01,individuals,bolt_base_state_log,768456.5350734419,725005.0,0.05993273849620606,0.05,
monthly,2024-06-01,individuals,bolt_base_foodbank,775208.713684082,725005.0,0.06924602407442992,0.09,
monthly,2024-06-01,individuals,bolt_base_county,778009.893409729,725005.0,0.07310969360173925,0.36,
monthly,2024-06-01,individuals,chronos2_state,787511.125,725005.0,0.08621475024310188,0.04,
monthly,2024-06-01,individuals,chronos2_state_log,788950.4414546717,725005.0,0.08820000062712907,0.04,
monthly,2024-06-01,individuals,chronos2_multivar_log,790664.0,725005.0,0.0905635133550804,0.06,
monthly,2024-06-01,individuals,chronos2_foodbank,786458.5872802734,725005.0,0.08476298409014205,0.08,
monthly,2024-06-01,individuals,chronos2_county,786534.7746429443,725005.0,0.08486806938289293,0.41,
monthly,2024-06-01,individuals,chronos2_county_xlearn,791431.8111114502,725005.0,0.09162255586023571,0.44,
monthly,2024-06-01,individuals,nhits_county,765988.5625,725005.0,0.05652866187129746,0.0,
monthly,2024-06-01,individuals,nbeats_county,772475.75,725005.0,0.06547644499003447,0.0,
monthly,2024-06-01,individuals,mlp_county,774978.0625,725005.0,0.06892788670422956,0.0,
monthly,2024-06-01,individuals,zs_ensemble,784315.5303658721,725005.0,0.08180706390421033,0.58,
monthly,2024-06-01,individuals,dl_ensemble,774439.476341468,725005.0,0.06818501436744295,0.57,
monthly,2024-07-01,visits,bolt_tiny_state,230840.28125,235324.0,0.019053384907616766,0.02,
monthly,2024-07-01,visits,bolt_small_state,231013.703125,235324.0,0.01831643553143747,0.03,
monthly,2024-07-01,visits,bolt_base_state,237696.078125,235324.0,0.010080051864663098,0.06,
monthly,2024-07-01,visits,bolt_base_state_log,237428.23705322717,235324.0,0.008941871858489492,0.06,
monthly,2024-07-01,visits,bolt_base_foodbank,232298.06204223633,235324.0,0.012858603277879355,0.11,
monthly,2024-07-01,visits,bolt_base_county,230860.57949829102,235324.0,0.01896712830696823,0.44,
monthly,2024-07-01,visits,chronos2_state,232296.59375,235324.0,0.012864842727473569,0.06,
monthly,2024-07-01,visits,chronos2_state_log,232480.5072631935,235324.0,0.012083309551114696,0.05,
monthly,2024-07-01,visits,chronos2_multivar_log,232706.3125,235324.0,0.01112375915758701,0.07,
monthly,2024-07-01,visits,chronos2_foodbank,233494.4891052246,235324.0,0.007774433949683801,0.1,
monthly,2024-07-01,visits,chronos2_county,235175.89811706543,235324.0,0.0006293530746314113,0.43,
monthly,2024-07-01,visits,chronos2_county_xlearn,235531.7444381714,235324.0,0.0008828017464066473,0.45,
monthly,2024-07-01,visits,nhits_county,232506.75,235324.0,0.011971792082405508,11.56,
monthly,2024-07-01,visits,nbeats_county,234484.328125,235324.0,0.0035681523134062365,10.81,
monthly,2024-07-01,visits,mlp_county,232050.828125,235324.0,0.013909213998572145,2.42,
monthly,2024-07-01,visits,zs_ensemble,235117.49450175298,235324.0,0.0008775369203609662,0.48,
monthly,2024-07-01,visits,dl_ensemble,233539.85018793825,235324.0,0.007581673828686131,0.49,
monthly,2024-07-01,pounds,bolt_tiny_state,12626455.0,13293611.25,0.05018623137486433,0.02,
monthly,2024-07-01,pounds,bolt_small_state,12638747.0,13293611.25,0.04926157668406317,0.03,
monthly,2024-07-01,pounds,bolt_base_state,12853964.0,13293611.25,0.03307207061587569,0.05,
monthly,2024-07-01,pounds,bolt_base_state_log,12777049.184679234,13293611.25,0.03885791871044564,0.05,
monthly,2024-07-01,pounds,bolt_base_foodbank,12791771.454101562,13293611.25,0.03775044917899473,0.09,
monthly,2024-07-01,pounds,bolt_base_county,12729899.23461914,13293611.25,0.04240473147436585,0.41,
monthly,2024-07-01,pounds,chronos2_state,12660862.0,13293611.25,0.04759799561612721,0.05,
monthly,2024-07-01,pounds,chronos2_state_log,12625807.72783429,13293611.25,0.05023492184380751,0.05,
monthly,2024-07-01,pounds,chronos2_multivar_log,12735760.0,13293611.25,0.04196386064772284,0.06,
monthly,2024-07-01,pounds,chronos2_foodbank,12874195.104492188,13293611.25,0.031550203900224116,0.09,
monthly,2024-07-01,pounds,chronos2_county,12771516.947998047,13293611.25,0.03927407625989909,0.39,
monthly,2024-07-01,pounds,chronos2_county_xlearn,12905935.620117188,13293611.25,0.02916255204038798,0.39,
monthly,2024-07-01,pounds,nhits_county,12604602.0,13293611.25,0.05183010372745778,0.0,
monthly,2024-07-01,pounds,nbeats_county,12878898.0,13293611.25,0.031196432797747087,0.0,
monthly,2024-07-01,pounds,mlp_county,12748331.0,13293611.25,0.041018218431804976,0.0,
monthly,2024-07-01,pounds,zs_ensemble,12750429.55861078,13293611.25,0.04086035623986073,0.53,
monthly,2024-07-01,pounds,dl_ensemble,12745565.139652696,13293611.25,0.041226277799217614,0.52,
monthly,2024-07-01,individuals,bolt_tiny_state,728522.5625,732973.0,0.006071761852073698,0.02,
monthly,2024-07-01,individuals,bolt_small_state,724670.6875,732973.0,0.011326900854465305,0.03,
monthly,2024-07-01,individuals,bolt_base_state,750745.5625,732973.0,0.024247226705485847,0.07,
monthly,2024-07-01,individuals,bolt_base_state_log,742486.0214264701,732973.0,0.012978679196191667,0.06,
monthly,2024-07-01,individuals,bolt_base_foodbank,740908.2395629883,732973.0,0.010826100774500969,0.1,
monthly,2024-07-01,individuals,bolt_base_county,738144.1474227905,732973.0,0.007055031253252908,0.35,
monthly,2024-07-01,individuals,chronos2_state,745965.375,732973.0,0.017725584707758646,0.05,
monthly,2024-07-01,individuals,chronos2_state_log,745961.6469339292,732973.0,0.017720498482112212,0.05,
monthly,2024-07-01,individuals,chronos2_multivar_log,743567.3125,732973.0,0.014453891889605774,0.06,
monthly,2024-07-01,individuals,chronos2_foodbank,750458.3498535156,732973.0,0.023855380557695316,0.1,
monthly,2024-07-01,individuals,chronos2_county,755581.9959106445,732973.0,0.030845605377884944,0.39,
monthly,2024-07-01,individuals,chronos2_county_xlearn,758977.0718688965,732973.0,0.035477530371373245,0.41,
monthly,2024-07-01,individuals,nhits_county,738439.4375,732973.0,0.007457897494177912,0.0,
monthly,2024-07-01,individuals,nbeats_county,751066.375,732973.0,0.02468491335970091,0.0,
monthly,2024-07-01,individuals,mlp_county,739689.6875,732973.0,0.009163621988804493,0.0,
monthly,2024-07-01,individuals,zs_ensemble,750763.0684481912,732973.0,0.02427111018849426,0.51,
monthly,2024-07-01,individuals,dl_ensemble,744989.6421120478,732973.0,0.016394385757794394,0.51,
monthly,2024-08-01,visits,bolt_tiny_state,235055.96875,241478.0,0.02659468460894987,0.02,
monthly,2024-08-01,visits,bolt_small_state,233986.734375,241478.0,0.031022559508526615,0.03,
monthly,2024-08-01,visits,bolt_base_state,239829.40625,241478.0,0.006827097085448819,0.06,
monthly,2024-08-01,visits,bolt_base_state_log,239251.16173475445,241478.0,0.009221702454242364,0.06,
monthly,2024-08-01,visits,bolt_base_foodbank,237123.56729125977,241478.0,0.018032419966788837,0.1,
monthly,2024-08-01,visits,bolt_base_county,235276.68787002563,241478.0,0.025680650535346294,0.35,
monthly,2024-08-01,visits,chronos2_state,232915.34375,241478.0,0.035459363792974874,0.05,
monthly,2024-08-01,visits,chronos2_state_log,232811.09100951778,241478.0,0.03589109148859204,0.05,
monthly,2024-08-01,visits,chronos2_multivar_log,233975.40625,241478.0,0.031069471131945803,0.06,
monthly,2024-08-01,visits,chronos2_foodbank,234940.61700439453,241478.0,0.027072375105001156,0.09,
monthly,2024-08-01,visits,chronos2_county,234403.87873840332,241478.0,0.029295096288675104,0.4,
monthly,2024-08-01,visits,chronos2_county_xlearn,235107.140335083,241478.0,0.02638277468306427,0.39,
monthly,2024-08-01,visits,nhits_county,236750.890625,241478.0,0.019575735160138774,0.0,
monthly,2024-08-01,visits,nbeats_county,245429.015625,241478.0,0.016361803663273777,0.0,
monthly,2024-08-01,visits,mlp_county,238419.9375,241478.0,0.01266393832978574,0.0,
monthly,2024-08-01,visits,zs_ensemble,235681.4586659737,241478.0,0.024004428287571877,0.54,
monthly,2024-08-01,visits,dl_ensemble,239070.32560399343,241478.0,0.009970574528555654,0.53,
monthly,2024-08-01,pounds,bolt_tiny_state,13115258.0,13235462.38,0.009081993250318221,0.02,
monthly,2024-08-01,pounds,bolt_small_state,13075102.0,13235462.38,0.01211596356787048,0.03,
monthly,2024-08-01,pounds,bolt_base_state,13306496.0,13235462.38,0.0053669163917791085,0.07,
monthly,2024-08-01,pounds,bolt_base_state_log,13220885.204104105,13235462.38,0.0011013726213240371,0.07,
monthly,2024-08-01,pounds,bolt_base_foodbank,13276450.220703125,13235462.38,0.003096819704996534,0.1,
monthly,2024-08-01,pounds,bolt_base_county,13145608.6640625,13235462.38,0.006788861118541489,0.37,
monthly,2024-08-01,pounds,chronos2_state,13521480.0,13235462.38,0.021609945447179646,0.05,
monthly,2024-08-01,pounds,chronos2_state_log,13457365.771986304,13235462.38,0.016765820914698137,0.04,
monthly,2024-08-01,pounds,chronos2_multivar_log,13235418.0,13235462.38,3.3531129269848137e-06,0.05,
monthly,2024-08-01,pounds,chronos2_foodbank,13247162.668945312,13235462.38,0.0008840105928593633,0.09,
monthly,2024-08-01,pounds,chronos2_county,13197076.00415039,13235462.38,0.002900267081535124,0.42,
monthly,2024-08-01,pounds,chronos2_county_xlearn,13273356.229003906,13235462.38,0.002863054415172206,0.37,
monthly,2024-08-01,pounds,nhits_county,13240119.0,13235462.38,0.00035182903825381473,0.0,
monthly,2024-08-01,pounds,nbeats_county,13894352.0,13235462.38,0.049782138400819465,0.0,
monthly,2024-08-01,pounds,mlp_county,13297538.0,13235462.38,0.004690098329605874,0.0,
monthly,2024-08-01,pounds,zs_ensemble,13320312.592045566,13235462.38,0.006410823408314226,0.5,
monthly,2024-08-01,pounds,dl_ensemble,13438080.398011392,13235462.38,0.01530872229424829,0.53,
monthly,2024-08-01,individuals,bolt_tiny_state,735036.25,745923.0,0.014595005114468873,0.02,
monthly,2024-08-01,individuals,bolt_small_state,727278.625,745923.0,0.024995039702489397,0.03,
monthly,2024-08-01,individuals,bolt_base_state,753169.0625,745923.0,0.009714223183894255,0.06,
monthly,2024-08-01,individuals,bolt_base_state_log,747775.7965033642,745923.0,0.0024838978062939887,0.06,
monthly,2024-08-01,individuals,bolt_base_foodbank,748861.9200439453,745923.0,0.003939977777793757,0.1,
monthly,2024-08-01,individuals,bolt_base_county,748983.7408752441,745923.0,0.004103293336234604,0.37,
monthly,2024-08-01,individuals,chronos2_state,730453.0,745923.0,0.020739406078107203,0.05,
monthly,2024-08-01,individuals,chronos2_state_log,729192.4127743402,745923.0,0.022429375720630307,0.05,
monthly,2024-08-01,individuals,chronos2_multivar_log,731764.4375,745923.0,0.01898126549255086,0.06,
monthly,2024-08-01,individuals,chronos2_foodbank,735290.4931640625,745923.0,0.01425416140263469,0.09,
monthly,2024-08-01,individuals,chronos2_county,740033.8126678467,745923.0,0.007895167908957501,0.4,
monthly,2024-08-01,individuals,chronos2_county_xlearn,748559.9751815796,745923.0,0.003535184169920491,0.39,
monthly,2024-08-01,individuals,nhits_county,742205.6875,745923.0,0.004983507010777211,0.0,
monthly,2024-08-01,individuals,nbeats_county,776642.25,745923.0,0.04118287008176447,0.0,
monthly,2024-08-01,individuals,mlp_county,755392.6875,745923.0,0.012695261441194372,0.0,
monthly,2024-08-01,individuals,zs_ensemble,740798.4293140623,745923.0,0.006870106815231147,0.54,
monthly,2024-08-01,individuals,dl_ensemble,753759.7635785156,745923.0,0.010506129424237676,0.51,
monthly,2024-09-01,visits,bolt_tiny_state,237125.4375,236829.0,0.0012516942604157144,0.02,
monthly,2024-09-01,visits,bolt_small_state,236497.53125,236829.0,0.0013996121674287876,0.02,
monthly,2024-09-01,visits,bolt_base_state,239609.015625,236829.0,0.01173849327996157,0.06,
monthly,2024-09-01,visits,bolt_base_state_log,239033.13282987225,236829.0,0.009306853594248432,0.06,
monthly,2024-09-01,visits,bolt_base_foodbank,242073.43856811523,236829.0,0.022144410389417057,0.09,
monthly,2024-09-01,visits,bolt_base_county,237067.87951660156,236829.0,0.0010086582158501667,0.34,
monthly,2024-09-01,visits,chronos2_state,239313.78125,236829.0,0.010491879161758089,0.05,
monthly,2024-09-01,visits,chronos2_state_log,238886.1439974777,236829.0,0.008686199736846811,0.04,
monthly,2024-09-01,visits,chronos2_multivar_log,238416.390625,236829.0,0.006702686854228146,0.05,
monthly,2024-09-01,visits,chronos2_foodbank,240065.65084838867,236829.0,0.013666615357024181,0.08,
monthly,2024-09-01,visits,chronos2_county,236796.5934867859,236829.0,0.00013683507177797427,0.37,
monthly,2024-09-01,visits,chronos2_county_xlearn,235247.62991333008,236829.0,0.0066772653968472095,0.38,
monthly,2024-09-01,visits,nhits_county,239656.375,236829.0,0.011938466150682503,0.11,
monthly,2024-09-01,visits,nbeats_county,248978.65625,236829.0,0.05130138728787448,0.11,
monthly,2024-09-01,visits,mlp_county,238714.546875,236829.0,0.007961638460661558,0.08,
monthly,2024-09-01,visits,zs_ensemble,238430.58436975454,236829.0,0.006762619315010099,0.5,
monthly,2024-09-01,visits,dl_ensemble,241445.04062368863,236829.0,0.01949102780355716,0.49,
monthly,2024-09-01,pounds,bolt_tiny_state,13023268.0,12209702.0,0.06663274828492938,0.02,
monthly,2024-09-01,pounds,bolt_small_state,13100173.0,12209702.0,0.07293142781044115,0.03,
monthly,2024-09-01,pounds,bolt_base_state,13240487.0,12209702.0,0.0844234363787093,0.06,
monthly,2024-09-01,pounds,bolt_base_state_log,13114271.919738835,12209702.0,0.07408615867437507,0.06,
monthly,2024-09-01,pounds,bolt_base_foodbank,13255683.940429688,12209702.0,0.0856680974220081,0.09,
monthly,2024-09-01,pounds,bolt_base_county,13082660.44555664,12209702.0,0.07149711316104534,0.34,
monthly,2024-09-01,pounds,chronos2_state,13165649.0,12209702.0,0.0782940484542538,0.05,
monthly,2024-09-01,pounds,chronos2_state_log,13132444.291531196,12209702.0,0.07557451373761581,0.04,
monthly,2024-09-01,pounds,chronos2_multivar_log,13181932.0,12209702.0,0.07962766003625643,0.05,
monthly,2024-09-01,pounds,chronos2_foodbank,13094490.331054688,12209702.0,0.07246600539920522,0.08,
monthly,2024-09-01,pounds,chronos2_county,13094950.866210938,12209702.0,0.07250372418679318,0.38,
monthly,2024-09-01,pounds,chronos2_county_xlearn,13061287.989746094,12209702.0,0.06974666455791412,0.41,
monthly,2024-09-01,pounds,nhits_county,13169666.0,12209702.0,0.07862304911291029,0.0,
monthly,2024-09-01,pounds,nbeats_county,13473173.0,12209702.0,0.10348090395654208,0.0,
monthly,2024-09-01,pounds,mlp_county,13142172.0,12209702.0,0.07637123330282747,0.0,
monthly,2024-09-01,pounds,zs_ensemble,13155960.719247378,12209702.0,0.07750055810103951,0.48,
monthly,2024-09-01,pounds,dl_ensemble,13235242.929811845,12209702.0,0.08399393611832995,0.49,
monthly,2024-09-01,individuals,bolt_tiny_state,742205.4375,729144.0,0.017913385421809647,0.02,
monthly,2024-09-01,individuals,bolt_small_state,736221.75,729144.0,0.009706930318291063,0.03,
monthly,2024-09-01,individuals,bolt_base_state,748721.375,729144.0,0.026849806073971694,0.06,
monthly,2024-09-01,individuals,bolt_base_state_log,738958.2282106585,729144.0,0.01345993138619872,0.06,
monthly,2024-09-01,individuals,bolt_base_foodbank,749304.6702880859,729144.0,0.027649778765354904,0.09,
monthly,2024-09-01,individuals,bolt_base_county,741729.3116989136,729144.0,0.017260392595856988,0.37,
monthly,2024-09-01,individuals,chronos2_state,737115.1875,729144.0,0.010932254122642426,0.05,
monthly,2024-09-01,individuals,chronos2_state_log,735315.3496153988,729144.0,0.00846382829098058,0.05,
monthly,2024-09-01,individuals,chronos2_multivar_log,734238.3125,729144.0,0.006986702900935837,0.05,
monthly,2024-09-01,individuals,chronos2_foodbank,742698.1221923828,729144.0,0.018589088290355216,0.09,
monthly,2024-09-01,individuals,chronos2_county,734297.9851989746,729144.0,0.007068542289279778,0.43,
monthly,2024-09-01,individuals,chronos2_county_xlearn,735516.5798034668,729144.0,0.00873980969941024,0.37,
monthly,2024-09-01,individuals,nhits_county,751726.75,729144.0,0.030971591345468008,0.0,
monthly,2024-09-01,individuals,nbeats_county,779077.0625,729144.0,0.06848175737577211,0.0,
monthly,2024-09-01,individuals,mlp_county,751172.1875,729144.0,0.030211024845572254,0.0,
monthly,2024-09-01,individuals,zs_ensemble,739444.9032714578,729144.0,0.01412739221807735,0.49,
monthly,2024-09-01,individuals,dl_ensemble,755355.2258178644,729144.0,0.03594794144622249,0.53,
monthly,2024-10-01,visits,bolt_tiny_state,234953.265625,256920.0,0.08550028948699984,0.02,
monthly,2024-10-01,visits,bolt_small_state,234903.59375,256920.0,0.08569362544761017,0.03,
monthly,2024-10-01,visits,bolt_base_state,238192.953125,256920.0,0.07289057634672269,0.05,
monthly,2024-10-01,visits,bolt_base_state_log,237390.87917262738,256920.0,0.07601245845933602,0.06,
monthly,2024-10-01,visits,bolt_base_foodbank,240352.04629516602,256920.0,0.06448681965138559,0.1,
monthly,2024-10-01,visits,bolt_base_county,239155.41144943237,256920.0,0.06914443620803212,0.41,
monthly,2024-10-01,visits,chronos2_state,238348.59375,256920.0,0.07228478222793089,0.05,
monthly,2024-10-01,visits,chronos2_state_log,238281.13914995582,256920.0,0.07254733321673745,0.05,
monthly,2024-10-01,visits,chronos2_multivar_log,238768.390625,256920.0,0.07065082272691892,0.05,
monthly,2024-10-01,visits,chronos2_foodbank,241998.36416625977,256920.0,0.05807891886089145,0.09,
monthly,2024-10-01,visits,chronos2_county,240777.05492401123,256920.0,0.06283257463797587,0.44,
monthly,2024-10-01,visits,chronos2_county_xlearn,239118.95399856567,256920.0,0.06928633816532126,0.44,
monthly,2024-10-01,visits,nhits_county,237595.25,256920.0,0.07521699361668999,9.7,
monthly,2024-10-01,visits,nbeats_county,244629.578125,256920.0,0.04783754427448228,10.02,
monthly,2024-10-01,visits,mlp_county,242997.8125,256920.0,0.05418880390783121,2.8,
monthly,2024-10-01,visits,zs_ensemble,239083.71573298902,256920.0,0.06942349473381204,0.55,
monthly,2024-10-01,visits,dl_ensemble,241076.58908949725,256920.0,0.061666709133203934,0.55,
monthly,2024-10-01,pounds,bolt_tiny_state,12368362.0,13871543.45,0.10836439761863692,0.02,
monthly,2024-10-01,pounds,bolt_small_state,12630021.0,13871543.45,0.08950139214681252,0.03,
monthly,2024-10-01,pounds,bolt_base_state,12707516.0,13871543.45,0.08391477517954204,0.06,
monthly,2024-10-01,pounds,bolt_base_state_log,12573682.163622689,13871543.45,0.09356286061860775,0.06,
monthly,2024-10-01,pounds,bolt_base_foodbank,12615784.22265625,13871543.45,0.09052772186960556,0.1,
monthly,2024-10-01,pounds,bolt_base_county,12466476.051757812,13871543.45,0.10129135256698396,0.39,
monthly,2024-10-01,pounds,chronos2_state,12837293.0,13871543.45,0.07455914720146006,0.05,
monthly,2024-10-01,pounds,chronos2_state_log,12861232.19627075,13871543.45,0.07283336979557586,0.05,
monthly,2024-10-01,pounds,chronos2_multivar_log,12854978.0,13871543.45,0.07328423499981895,0.05,
monthly,2024-10-01,pounds,chronos2_foodbank,12724564.294921875,13871543.45,0.0826857630668435,0.08,
monthly,2024-10-01,pounds,chronos2_county,12561563.762451172,13871543.45,0.09443647653706677,0.41,
monthly,2024-10-01,pounds,chronos2_county_xlearn,12671406.315673828,13871543.45,0.08651792344897069,0.47,
monthly,2024-10-01,pounds,nhits_county,12365534.0,13871543.45,0.10856826822684962,0.0,
monthly,2024-10-01,pounds,nbeats_county,12925293.0,13871543.45,0.06821522445651129,0.0,
monthly,2024-10-01,pounds,mlp_county,12913894.0,13871543.45,0.0690369787220757,0.0,
monthly,2024-10-01,pounds,zs_ensemble,12710103.98624064,13871543.45,0.08372820717072826,0.54,
monthly,2024-10-01,pounds,dl_ensemble,12728706.24656016,13871543.45,0.08238716964404125,0.56,
monthly,2024-10-01,individuals,bolt_tiny_state,727410.1875,808443.0,0.10023317970469159,0.02,
monthly,2024-10-01,individuals,bolt_small_state,727029.75,808443.0,0.10070376019088545,0.03,
monthly,2024-10-01,individuals,bolt_base_state,732162.0625,808443.0,0.0943553689004667,0.06,
monthly,2024-10-01,individuals,bolt_base_state_log,724378.7346455646,808443.0,0.10398292193071801,0.05,
monthly,2024-10-01,individuals,bolt_base_foodbank,731967.5188598633,808443.0,0.0945960087973261,0.11,
monthly,2024-10-01,individuals,bolt_base_county,727286.8438720703,808443.0,0.10038574906076214,0.43,
monthly,2024-10-01,individuals,chronos2_state,726912.1875,808443.0,0.10084917860628395,0.05,
monthly,2024-10-01,individuals,chronos2_state_log,725457.2180693062,808443.0,0.1026488966206569,0.05,
monthly,2024-10-01,individuals,chronos2_multivar_log,728359.0625,808443.0,0.09905947296222495,0.07,
monthly,2024-10-01,individuals,chronos2_foodbank,734798.8092041016,808443.0,0.09109385670467607,0.11,
monthly,2024-10-01,individuals,chronos2_county,734799.2292861938,808443.0,0.09109333708598644,0.53,
monthly,2024-10-01,individuals,chronos2_county_xlearn,728838.4482116699,808443.0,0.09846649892241022,0.49,
monthly,2024-10-01,individuals,nhits_county,740876.6875,808443.0,0.08357585197719564,0.0,
monthly,2024-10-01,individuals,nbeats_county,762621.0625,808443.0,0.05667924331090746,0.0,
monthly,2024-10-01,individuals,mlp_county,758417.125,808443.0,0.061879285243362836,0.0,
monthly,2024-10-01,individuals,zs_ensemble,730806.1699518333,808443.0,0.09603253420237012,0.56,
monthly,2024-10-01,individuals,dl_ensemble,748180.2612379583,808443.0,0.07454172868345899,0.58,
monthly,2024-11-01,visits,bolt_tiny_state,249013.09375,245399.0,0.014727418408387871,0.02,
monthly,2024-11-01,visits,bolt_small_state,246161.96875,245399.0,0.0031090947803373847,0.03,
monthly,2024-11-01,visits,bolt_base_state,252599.0,245399.0,0.029339972860525032,0.06,
monthly,2024-11-01,visits,bolt_base_state_log,251787.63317519944,245399.0,0.026033656107805836,0.06,
monthly,2024-11-01,visits,bolt_base_foodbank,254491.65460205078,245399.0,0.03705253322976376,0.11,
monthly,2024-11-01,visits,bolt_base_county,249995.96324920654,245399.0,0.01873260791285425,0.5,
monthly,2024-11-01,visits,chronos2_state,248476.34375,245399.0,0.01254016418159809,0.06,
monthly,2024-11-01,visits,chronos2_state_log,247531.09668665807,245399.0,0.008688285961467201,0.06,
monthly,2024-11-01,visits,chronos2_multivar_log,248700.96875,245399.0,0.013455510209902988,0.07,
monthly,2024-11-01,visits,chronos2_foodbank,254480.62957763672,245399.0,0.03700760629683386,0.09,
monthly,2024-11-01,visits,chronos2_county,251213.44244384766,245399.0,0.023693831041885494,0.48,
monthly,2024-11-01,visits,chronos2_county_xlearn,249562.9987373352,245399.0,0.01696827915898269,0.52,
monthly,2024-11-01,visits,nhits_county,252964.8125,245399.0,0.030830657419141927,0.13,
monthly,2024-11-01,visits,nbeats_county,253855.3125,245399.0,0.03445944156251657,0.11,
monthly,2024-11-01,visits,mlp_county,254033.296875,245399.0,0.0351847272197523,0.1,
monthly,2024-11-01,visits,zs_ensemble,250447.84637683525,245399.0,0.020574029954625983,0.71,
monthly,2024-11-01,visits,dl_ensemble,252825.3170629588,245399.0,0.030262214039009194,0.56,
monthly,2024-11-01,pounds,bolt_tiny_state,13188401.0,13130956.42,0.004374744547358755,0.02,
monthly,2024-11-01,pounds,bolt_small_state,13240357.0,13130956.42,0.008331501263180607,0.03,
monthly,2024-11-01,pounds,bolt_base_state,13438536.0,13130956.42,0.02342400432702063,0.06,
monthly,2024-11-01,pounds,bolt_base_state_log,13331441.605279958,13130956.42,0.015268132713820881,0.06,
monthly,2024-11-01,pounds,bolt_base_foodbank,13358897.70703125,13130956.42,0.01735907726295305,0.11,
monthly,2024-11-01,pounds,bolt_base_county,13215257.467773438,13130956.42,0.006420023422287535,0.4,
monthly,2024-11-01,pounds,chronos2_state,13530423.0,13130956.42,0.030421742881696412,0.05,
monthly,2024-11-01,pounds,chronos2_state_log,13453131.236797819,13130956.42,0.02453551793889952,0.05,
monthly,2024-11-01,pounds,chronos2_multivar_log,13306621.0,13130956.42,0.01337789680974355,0.06,
monthly,2024-11-01,pounds,chronos2_foodbank,13353825.678710938,13130956.42,0.01697281230569625,0.1,
monthly,2024-11-01,pounds,chronos2_county,13205056.752197266,13130956.42,0.00564317859469865,0.47,
monthly,2024-11-01,pounds,chronos2_county_xlearn,13112085.958251953,13130956.42,0.0014370972794719439,0.45,
monthly,2024-11-01,pounds,nhits_county,13716390.0,13130956.42,0.044584229912477236,0.0,
monthly,2024-11-01,pounds,nbeats_county,13747722.0,13130956.42,0.04697034703889447,0.0,
monthly,2024-11-01,pounds,mlp_county,13725147.0,13130956.42,0.045251127259472,0.0,
monthly,2024-11-01,pounds,zs_ensemble,13365574.662998362,13130956.42,0.01786756695353975,0.63,
monthly,2024-11-01,pounds,dl_ensemble,13638708.41574959,13130956.42,0.03866831779109581,0.6,
monthly,2024-11-01,individuals,bolt_tiny_state,784990.5,769640.0,0.019945039239124718,0.02,
monthly,2024-11-01,individuals,bolt_small_state,774931.1875,769640.0,0.006874886310482831,0.03,
monthly,2024-11-01,individuals,bolt_base_state,796544.3125,769640.0,0.03495700912114752,0.07,
monthly,2024-11-01,individuals,bolt_base_state_log,796597.810939445,769640.0,0.03502652011257856,0.06,
monthly,2024-11-01,individuals,bolt_base_foodbank,794744.1408691406,769640.0,0.03261803033774324,0.1,
monthly,2024-11-01,individuals,bolt_base_county,782972.8886642456,769640.0,0.01732353914069651,0.4,
monthly,2024-11-01,individuals,chronos2_state,794342.4375,769640.0,0.03209609362818977,0.06,
monthly,2024-11-01,individuals,chronos2_state_log,788903.041566919,769640.0,0.02502863880115247,0.05,
monthly,2024-11-01,individuals,chronos2_multivar_log,785437.0,769640.0,0.020525180603918614,0.07,
monthly,2024-11-01,individuals,chronos2_foodbank,796450.6015625,769640.0,0.034835249678421,0.11,
monthly,2024-11-01,individuals,chronos2_county,784822.6695861816,769640.0,0.01972697571095794,0.46,
monthly,2024-11-01,individuals,chronos2_county_xlearn,773435.1138153076,769640.0,0.004931024654783567,0.52,
monthly,2024-11-01,individuals,nhits_county,792846.1875,769640.0,0.030152002884465512,0.0,
monthly,2024-11-01,individuals,nbeats_county,799288.875,769640.0,0.03852304324099576,0.0,
monthly,2024-11-01,individuals,mlp_county,799557.6875,769640.0,0.038872313679122694,0.0,
monthly,2024-11-01,individuals,zs_ensemble,790090.0078843669,769640.0,0.02657087454441931,0.54,
monthly,2024-11-01,individuals,dl_ensemble,795445.6894710917,769640.0,0.03352955858725082,0.53,
monthly,2024-12-01,visits,bolt_tiny_state,242993.796875,225715.0,0.07655138947345108,0.02,
monthly,2024-12-01,visits,bolt_small_state,241195.578125,225715.0,0.06858462275435828,0.03,
monthly,2024-12-01,visits,bolt_base_state,246158.53125,225715.0,0.09057232018253103,0.07,
monthly,2024-12-01,visits,bolt_base_state_log,244191.5684884347,225715.0,0.08185795577801525,0.07,
monthly,2024-12-01,visits,bolt_base_foodbank,247776.88055419922,225715.0,0.09774219947366913,0.11,
monthly,2024-12-01,visits,bolt_base_county,244490.57975006104,225715.0,0.08318268502341897,0.49,
monthly,2024-12-01,visits,chronos2_state,249859.40625,225715.0,0.10696854994129756,0.06,
monthly,2024-12-01,visits,chronos2_state_log,250149.34162943403,225715.0,0.10825306970929716,0.06,
monthly,2024-12-01,visits,chronos2_multivar_log,247723.78125,225715.0,0.09750695013623378,0.08,
monthly,2024-12-01,visits,chronos2_foodbank,250675.9232788086,225715.0,0.11058601900099063,0.12,
monthly,2024-12-01,visits,chronos2_county,246278.49235916138,225715.0,0.09110379176909533,0.52,
monthly,2024-12-01,visits,chronos2_county_xlearn,244766.68365859985,225715.0,0.08440592631681487,0.49,
monthly,2024-12-01,visits,nhits_county,246365.34375,225715.0,0.09148857519438236,0.11,
monthly,2024-12-01,visits,nbeats_county,250997.390625,225715.0,0.11201023691380718,0.11,
monthly,2024-12-01,visits,mlp_county,249503.40625,225715.0,0.10539133974259585,0.09,
monthly,2024-12-01,visits,zs_ensemble,247528.78841286513,225715.0,0.09664306055364125,0.54,
monthly,2024-12-01,visits,dl_ensemble,248598.73225946628,225715.0,0.10138330310110666,0.67,
monthly,2024-12-01,pounds,bolt_tiny_state,12970651.0,13409452.06,0.03272326550231919,0.02,
monthly,2024-12-01,pounds,bolt_small_state,13091227.0,13409452.06,0.02373139920826861,0.03,
monthly,2024-12-01,pounds,bolt_base_state,13136819.0,13409452.06,0.02033140942524092,0.08,
monthly,2024-12-01,pounds,bolt_base_state_log,13068751.515274446,13409452.06,0.02540749190952063,0.06,
monthly,2024-12-01,pounds,bolt_base_foodbank,13077244.197265625,13409452.06,0.024774156412053716,0.11,
monthly,2024-12-01,pounds,bolt_base_county,13015285.288330078,13409452.06,0.029394696360913186,0.43,
monthly,2024-12-01,pounds,chronos2_state,12783140.0,13409452.06,0.04670676006727159,0.05,
monthly,2024-12-01,pounds,chronos2_state_log,12794510.23060794,13409452.06,0.04585883350345199,0.05,
monthly,2024-12-01,pounds,chronos2_multivar_log,12927316.0,13409452.06,0.035954941174531574,0.05,
monthly,2024-12-01,pounds,chronos2_foodbank,12924172.40625,13409452.06,0.03618937236052888,0.11,
monthly,2024-12-01,pounds,chronos2_county,13035844.02758789,13409452.06,0.027861543539618006,0.46,
monthly,2024-12-01,pounds,chronos2_county_xlearn,13087468.538574219,13409452.06,0.024011683697818587,0.49,
monthly,2024-12-01,pounds,nhits_county,13207349.0,13409452.06,0.015071686680089513,0.0,
monthly,2024-12-01,pounds,nbeats_county,13377634.0,13409452.06,0.0023728083636551656,0.0,
monthly,2024-12-01,pounds,mlp_county,13353647.0,13409452.06,0.004161621201992705,0.0,
monthly,2024-12-01,pounds,zs_ensemble,12989057.752731944,13409452.06,0.03135059548943697,0.58,
monthly,2024-12-01,pounds,dl_ensemble,13231921.938182985,13409452.06,0.013239177933793589,0.57,
monthly,2024-12-01,individuals,bolt_tiny_state,760966.875,710647.0,0.07080853785353347,0.02,
monthly,2024-12-01,individuals,bolt_small_state,756609.75,710647.0,0.06467732925066882,0.03,
monthly,2024-12-01,individuals,bolt_base_state,775519.25,710647.0,0.09128618005845368,0.06,
monthly,2024-12-01,individuals,bolt_base_state_log,769813.5177144094,710647.0,0.08325725390300587,0.06,
monthly,2024-12-01,individuals,bolt_base_foodbank,776208.0614013672,710647.0,0.09225545369412269,0.1,
monthly,2024-12-01,individuals,bolt_base_county,765138.021194458,710647.0,0.0766780429586813,0.41,
monthly,2024-12-01,individuals,chronos2_state,778268.0625,710647.0,0.09515422213841762,0.05,
monthly,2024-12-01,individuals,chronos2_state_log,775380.8002696362,710647.0,0.09109135797327816,0.04,
monthly,2024-12-01,individuals,chronos2_multivar_log,768131.875,710647.0,0.08089089941982452,0.06,
monthly,2024-12-01,individuals,chronos2_foodbank,780554.7062988281,710647.0,0.09837191502789455,0.1,
monthly,2024-12-01,individuals,chronos2_county,773414.4316558838,710647.0,0.08832434620266283,0.47,
monthly,2024-12-01,individuals,chronos2_county_xlearn,761714.4037017822,710647.0,0.0718604366187181,0.45,
monthly,2024-12-01,individuals,nhits_county,767712.75,710647.0,0.0803011199653274,0.0,
monthly,2024-12-01,individuals,nbeats_county,787988.375,710647.0,0.10883233869980447,0.0,
monthly,2024-12-01,individuals,mlp_county,779294.125,710647.0,0.09659806486202016,0.0,
monthly,2024-12-01,individuals,zs_ensemble,774771.4939751733,710647.0,0.09023396141146489,0.59,
monthly,2024-12-01,individuals,dl_ensemble,777441.6859937933,710647.0,0.09399137123465429,0.55,
monthly,2025-01-01,visits,bolt_tiny_state,227183.5625,247974.0,0.08384119907732257,0.02,
monthly,2025-01-01,visits,bolt_small_state,231248.59375,247974.0,0.06744822541879392,0.03,
monthly,2025-01-01,visits,bolt_base_state,230067.265625,247974.0,0.0722121447208175,0.06,
monthly,2025-01-01,visits,bolt_base_state_log,226905.46184313853,247974.0,0.08496269026938896,0.06,
monthly,2025-01-01,visits,bolt_base_foodbank,228287.1566772461,247974.0,0.07939075597745693,0.1,
monthly,2025-01-01,visits,bolt_base_county,229424.260307312,247974.0,0.07480517994905911,0.41,
monthly,2025-01-01,visits,chronos2_state,233865.375,247974.0,0.056895581794865646,0.04,
monthly,2025-01-01,visits,chronos2_state_log,233930.34138539596,247974.0,0.056633593096873214,0.05,
monthly,2025-01-01,visits,chronos2_multivar_log,236488.171875,247974.0,0.04631867907522558,0.06,
monthly,2025-01-01,visits,chronos2_foodbank,233200.31048583984,247974.0,0.059577574722189275,0.09,
monthly,2025-01-01,visits,chronos2_county,230998.96774673462,247974.0,0.06845488742071903,0.41,
monthly,2025-01-01,visits,chronos2_county_xlearn,231936.99530410767,247974.0,0.0646721216574816,0.54,
monthly,2025-01-01,visits,nhits_county,229744.234375,247974.0,0.0735148266552138,11.59,
monthly,2025-01-01,visits,nbeats_county,233948.328125,247974.0,0.056561058316597745,10.98,
monthly,2025-01-01,visits,mlp_county,234547.625,247974.0,0.05414428528797377,2.94,
monthly,2025-01-01,visits,zs_ensemble,231665.52491904353,247974.0,0.06576687507946988,0.64,
monthly,2025-01-01,visits,dl_ensemble,232476.42810476088,247974.0,0.062496761334813855,0.55,
monthly,2025-01-01,pounds,bolt_tiny_state,13028176.0,12757764.66,0.021195824441552213,0.02,
monthly,2025-01-01,pounds,bolt_small_state,13160889.0,12757764.66,0.03159835212072326,0.03,
monthly,2025-01-01,pounds,bolt_base_state,13183980.0,12757764.66,0.033408308693475997,0.06,
monthly,2025-01-01,pounds,bolt_base_state_log,13140687.718948761,12757764.66,0.030014902230432128,0.06,
monthly,2025-01-01,pounds,bolt_base_foodbank,13124129.924804688,12757764.66,0.02871704209698822,0.1,
monthly,2025-01-01,pounds,bolt_base_county,12992317.87524414,12757764.66,0.01838513419043908,0.46,
monthly,2025-01-01,pounds,chronos2_state,13614868.0,12757764.66,0.06718287747439922,0.05,
monthly,2025-01-01,pounds,chronos2_state_log,13572203.424418952,12757764.66,0.06383867284936673,0.05,
monthly,2025-01-01,pounds,chronos2_multivar_log,13471183.0,12757764.66,0.05592032452493911,0.06,
monthly,2025-01-01,pounds,chronos2_foodbank,13412702.3984375,12757764.66,0.05133640225320635,0.1,
monthly,2025-01-01,pounds,chronos2_county,13121822.305175781,12757764.66,0.02853616247658408,0.51,
monthly,2025-01-01,pounds,chronos2_county_xlearn,13109270.5703125,12757764.66,0.027552311841477328,0.52,
monthly,2025-01-01,pounds,nhits_county,13098623.0,12757764.66,0.026717716550197057,0.0,
monthly,2025-01-01,pounds,nbeats_county,13481034.0,12757764.66,0.05669248173762753,0.0,
monthly,2025-01-01,pounds,mlp_county,13288976.0,12757764.66,0.04163827709297152,0.0,
monthly,2025-01-01,pounds,zs_ensemble,13292668.57653158,12757764.66,0.04192771467314249,0.58,
monthly,2025-01-01,pounds,dl_ensemble,13290325.394132895,12757764.66,0.041744047513484706,0.6,
monthly,2025-01-01,individuals,bolt_tiny_state,713678.3125,778384.0,0.08312823426483584,0.02,
monthly,2025-01-01,individuals,bolt_small_state,724746.9375,778384.0,0.06890822845793332,0.03,
monthly,2025-01-01,individuals,bolt_base_state,728646.1875,778384.0,0.06389881151205579,0.06,
monthly,2025-01-01,individuals,bolt_base_state_log,717815.4496421473,778384.0,0.07781320062829233,0.07,
monthly,2025-01-01,individuals,bolt_base_foodbank,728013.3604736328,778384.0,0.06471181258397807,0.11,
monthly,2025-01-01,individuals,bolt_base_county,720669.389831543,778384.0,0.0741467067263164,0.37,
monthly,2025-01-01,individuals,chronos2_state,731989.6875,778384.0,0.05960337378466152,0.05,
monthly,2025-01-01,individuals,chronos2_state_log,728501.5006985877,778384.0,0.06408469251861837,0.05,
monthly,2025-01-01,individuals,chronos2_multivar_log,737136.625,778384.0,0.05299103655779158,0.05,
monthly,2025-01-01,individuals,chronos2_foodbank,735972.2397460938,778384.0,0.05448693736498467,0.1,
monthly,2025-01-01,individuals,chronos2_county,726483.5737075806,778384.0,0.06667714944348735,0.45,
monthly,2025-01-01,individuals,chronos2_county_xlearn,719349.1724777222,778384.0,0.0758428070493199,0.45,
monthly,2025-01-01,individuals,nhits_county,721665.1875,778384.0,0.07286739257230368,0.0,
monthly,2025-01-01,individuals,nbeats_county,734729.875,778384.0,0.05608301943513738,0.0,
monthly,2025-01-01,individuals,mlp_county,734801.8125,778384.0,0.05599060039774717,0.0,
monthly,2025-01-01,individuals,zs_ensemble,727877.0873020561,778384.0,0.06488688449138713,0.55,
monthly,2025-01-01,individuals,dl_ensemble,729768.490575514,778384.0,0.06245697422414387,0.57,
monthly,2025-02-01,visits,bolt_tiny_state,242646.078125,241336.0,0.005428440535187429,0.02,
monthly,2025-02-01,visits,bolt_small_state,242508.6875,241336.0,0.004859148655816048,0.03,
monthly,2025-02-01,visits,bolt_base_state,245547.984375,241336.0,0.017452781081148228,0.06,
monthly,2025-02-01,visits,bolt_base_state_log,243477.44263457795,241336.0,0.00887328303517898,0.06,
monthly,2025-02-01,visits,bolt_base_foodbank,245589.79071044922,241336.0,0.017626009838769274,0.11,
monthly,2025-02-01,visits,bolt_base_county,245087.62537384033,241336.0,0.01554523723704837,0.45,
monthly,2025-02-01,visits,chronos2_state,242653.578125,241336.0,0.005459517539861514,0.05,
monthly,2025-02-01,visits,chronos2_state_log,242556.89606241992,241336.0,0.005058905685102699,0.05,
monthly,2025-02-01,visits,chronos2_multivar_log,241399.125,241336.0,0.00026156478933936356,0.06,
monthly,2025-02-01,visits,chronos2_foodbank,247996.5048828125,241336.0,0.02759847218323208,0.09,
monthly,2025-02-01,visits,chronos2_county,245498.02666854858,241336.0,0.01724577629756263,0.54,
monthly,2025-02-01,visits,chronos2_county_xlearn,242856.75968170166,241336.0,0.006301420764832644,0.5,
monthly,2025-02-01,visits,nhits_county,245127.34375,241336.0,0.01570981432525609,0.12,
monthly,2025-02-01,visits,nbeats_county,247531.75,241336.0,0.025672713561176064,0.09,
monthly,2025-02-01,visits,mlp_county,245383.28125,241336.0,0.01677031710975574,0.07,
monthly,2025-02-01,visits,zs_ensemble,244534.30236865618,241336.0,0.013252487687937853,0.62,
monthly,2025-02-01,visits,dl_ensemble,245644.16934216404,241336.0,0.01785133317103149,0.56,
monthly,2025-02-01,pounds,bolt_tiny_state,12847705.0,11767658.75,0.09178089481903107,0.02,
monthly,2025-02-01,pounds,bolt_small_state,12953528.0,11767658.75,0.1007735927080653,0.03,
monthly,2025-02-01,pounds,bolt_base_state,12848619.0,11767658.75,0.09185856532421965,0.07,
monthly,2025-02-01,pounds,bolt_base_state_log,12800295.189238701,11767658.75,0.08775207211363956,0.06,
monthly,2025-02-01,pounds,bolt_base_foodbank,12902720.928710938,11767658.75,0.09645607531837519,0.1,
monthly,2025-02-01,pounds,bolt_base_county,12684429.920410156,11767658.75,0.07790599556688838,0.41,
monthly,2025-02-01,pounds,chronos2_state,12778781.0,11767658.75,0.08592382490697226,0.05,
monthly,2025-02-01,pounds,chronos2_state_log,12738237.64302429,11767658.75,0.08247850431797144,0.06,
monthly,2025-02-01,pounds,chronos2_multivar_log,12843190.0,11767658.75,0.09139721611998652,0.06,
monthly,2025-02-01,pounds,chronos2_foodbank,13045337.90234375,11767658.75,0.10857547618329355,0.11,
monthly,2025-02-01,pounds,chronos2_county,12835715.301757812,11767658.75,0.09076202619810103,0.54,
monthly,2025-02-01,pounds,chronos2_county_xlearn,12569372.041503906,11767658.75,0.06812852994261975,0.44,
monthly,2025-02-01,pounds,nhits_county,12700828.0,11767658.75,0.07929948257549535,0.0,
monthly,2025-02-01,pounds,nbeats_county,13182030.0,11767658.75,0.12019138896256654,0.0,
monthly,2025-02-01,pounds,mlp_county,12873322.0,11767658.75,0.0939577934310849,0.0,
monthly,2025-02-01,pounds,zs_ensemble,12807523.981594034,11767658.75,0.08836636528009723,0.55,
monthly,2025-02-01,pounds,dl_ensemble,12890925.995398508,11767658.75,0.09545375756231111,0.62,
monthly,2025-02-01,individuals,bolt_tiny_state,769821.5,722068.0,0.0661343529972247,0.02,
monthly,2025-02-01,individuals,bolt_small_state,760897.5,722068.0,0.05377540619443044,0.02,
monthly,2025-02-01,individuals,bolt_base_state,767672.125,722068.0,0.06315765966640252,0.06,
monthly,2025-02-01,individuals,bolt_base_state_log,760076.1730493169,722068.0,0.052637941370226704,0.06,
monthly,2025-02-01,individuals,bolt_base_foodbank,773284.3420410156,722068.0,0.07093008143418023,0.1,
monthly,2025-02-01,individuals,bolt_base_county,764095.6185302734,722068.0,0.05820451609858557,0.4,
monthly,2025-02-01,individuals,chronos2_state,765278.0625,722068.0,0.05984209589678535,0.05,
monthly,2025-02-01,individuals,chronos2_state_log,761186.0261986831,722068.0,0.0541749893343606,0.04,
monthly,2025-02-01,individuals,chronos2_multivar_log,756495.0,722068.0,0.04767833500445939,0.05,
monthly,2025-02-01,individuals,chronos2_foodbank,770714.8415527344,722068.0,0.06737155164435249,0.09,
monthly,2025-02-01,individuals,chronos2_county,765588.6090545654,722068.0,0.06027217527236406,0.51,
monthly,2025-02-01,individuals,chronos2_county_xlearn,754836.2507171631,722068.0,0.0453811146833305,0.5,
monthly,2025-02-01,individuals,nhits_county,766287.3125,722068.0,0.0612398174410167,0.0,
monthly,2025-02-01,individuals,nbeats_county,772783.1875,722068.0,0.07023602693929099,0.0,
monthly,2025-02-01,individuals,mlp_county,764473.625,722068.0,0.05872802146058276,0.0,
monthly,2025-02-01,individuals,zs_ensemble,764815.5867510829,722068.0,0.05920160809104247,0.54,
monthly,2025-02-01,individuals,dl_ensemble,767089.9279377707,722068.0,0.06235136848298328,0.52,
monthly,2025-03-01,visits,bolt_tiny_state,241245.328125,244459.0,0.01314605670071467,0.02,
monthly,2025-03-01,visits,bolt_small_state,241980.59375,244459.0,0.010138330967565112,0.02,
monthly,2025-03-01,visits,bolt_base_state,244452.5625,244459.0,2.6333659222999017e-05,0.05,
monthly,2025-03-01,visits,bolt_base_state_log,243003.98706981982,244459.0,0.005951971210633178,0.05,
monthly,2025-03-01,visits,bolt_base_foodbank,245846.0948486328,244459.0,0.0056741410569167705,0.1,
monthly,2025-03-01,visits,bolt_base_county,243504.76585769653,244459.0,0.0039034526947401282,0.38,
monthly,2025-03-01,visits,chronos2_state,241909.15625,244459.0,0.010430557884962277,0.05,
monthly,2025-03-01,visits,chronos2_state_log,242119.6326959019,244459.0,0.009569569146965717,0.05,
monthly,2025-03-01,visits,chronos2_multivar_log,242081.75,244459.0,0.009724534584531597,0.05,
monthly,2025-03-01,visits,chronos2_foodbank,247742.79885864258,244459.0,0.013432922734047725,0.08,
monthly,2025-03-01,visits,chronos2_county,245368.40489578247,244459.0,0.003720071242140799,0.43,
monthly,2025-03-01,visits,chronos2_county_xlearn,243302.91217422485,244459.0,0.004729168595859257,0.44,
monthly,2025-03-01,visits,nhits_county,241942.296875,244459.0,0.010294990673282656,0.11,
monthly,2025-03-01,visits,nbeats_county,250336.640625,244459.0,0.024043461787048193,0.09,
monthly,2025-03-01,visits,mlp_county,242842.78125,244459.0,0.0066114102978414024,0.09,
monthly,2025-03-01,visits,zs_ensemble,243980.20003056145,244459.0,0.00195861052134938,0.57,
monthly,2025-03-01,visits,dl_ensemble,244775.47969514036,244459.0,0.0012946125736437164,0.56,
monthly,2025-03-01,pounds,bolt_tiny_state,12127273.0,12452621.8,0.02612693175986447,0.02,
monthly,2025-03-01,pounds,bolt_small_state,12492666.0,12452621.8,0.003215724418772492,0.03,
monthly,2025-03-01,pounds,bolt_base_state,12519539.0,12452621.8,0.005373743864926395,0.06,
monthly,2025-03-01,pounds,bolt_base_state_log,12457690.03055097,12452621.8,0.00040700108237201604,0.05,
monthly,2025-03-01,pounds,bolt_base_foodbank,12406958.22265625,12452621.8,0.0036669849993958836,0.1,
monthly,2025-03-01,pounds,bolt_base_county,12110277.65234375,12452621.8,0.027491732516621625,0.37,
monthly,2025-03-01,pounds,chronos2_state,12577067.0,12452621.8,0.0099934939002162,0.05,
monthly,2025-03-01,pounds,chronos2_state_log,12590721.199092735,12452621.8,0.011089985812685166,0.05,
monthly,2025-03-01,pounds,chronos2_multivar_log,12685671.0,12452621.8,0.018714870148870855,0.05,
monthly,2025-03-01,pounds,chronos2_foodbank,12653221.165039062,12452621.8,0.016109006461519693,0.1,
monthly,2025-03-01,pounds,chronos2_county,12359445.541259766,12452621.8,0.007482461142458763,0.46,
monthly,2025-03-01,pounds,chronos2_county_xlearn,12179995.008300781,12452621.8,0.0218931238800828,0.5,
monthly,2025-03-01,pounds,nhits_county,12144792.0,12452621.8,0.024720079429377706,0.0,
monthly,2025-03-01,pounds,nbeats_county,12456284.0,12452621.8,0.000294090678960357,0.0,
monthly,2025-03-01,pounds,mlp_county,12351682.0,12452621.8,0.008105907464402429,0.0,
monthly,2025-03-01,pounds,zs_ensemble,12489901.913450832,12452621.8,0.002993756178384155,0.53,
monthly,2025-03-01,pounds,dl_ensemble,12360664.978362707,12452621.8,0.007384535009108961,0.56,
monthly,2025-03-01,individuals,bolt_tiny_state,735741.625,760491.0,0.03254394200588828,0.02,
monthly,2025-03-01,individuals,bolt_small_state,736621.75,760491.0,0.03138663047951917,0.03,
monthly,2025-03-01,individuals,bolt_base_state,745710.8125,760491.0,0.019435059060528004,0.06,
monthly,2025-03-01,individuals,bolt_base_state_log,739218.3176747521,760491.0,0.027972299902625952,0.05,
monthly,2025-03-01,individuals,bolt_base_foodbank,744685.2800292969,760491.0,0.02078357267962816,0.09,
monthly,2025-03-01,individuals,bolt_base_county,735416.0298080444,760491.0,0.032972080132382287,0.42,
monthly,2025-03-01,individuals,chronos2_state,751698.75,760491.0,0.011561280804112117,0.05,
monthly,2025-03-01,individuals,chronos2_state_log,751947.101734084,760491.0,0.011234713186501932,0.05,
monthly,2025-03-01,individuals,chronos2_multivar_log,753698.875,760491.0,0.008931236530083875,0.05,
monthly,2025-03-01,individuals,chronos2_foodbank,751708.1330566406,760491.0,0.011548942648051508,0.1,
monthly,2025-03-01,individuals,chronos2_county,747681.2365341187,760491.0,0.016844069773187753,0.43,
monthly,2025-03-01,individuals,chronos2_county_xlearn,739331.8288345337,760491.0,0.027823039543487416,0.47,
monthly,2025-03-01,individuals,nhits_county,736329.0,760491.0,0.03177157915083806,0.0,
monthly,2025-03-01,individuals,nbeats_county,757467.9375,760491.0,0.003975145662473367,0.0,
monthly,2025-03-01,individuals,mlp_county,736334.25,760491.0,0.031764675716083435,0.0,
monthly,2025-03-01,individuals,zs_ensemble,748446.3835894009,760491.0,0.01583794734007249,0.54,
monthly,2025-03-01,individuals,dl_ensemble,744644.3927723502,760491.0,0.020837336967366782,0.52,
monthly,2025-04-01,visits,bolt_tiny_state,244803.90625,263231.0,0.07000350927512333,0.02,
monthly,2025-04-01,visits,bolt_small_state,243217.53125,263231.0,0.07603006009930446,0.03,
monthly,2025-04-01,visits,bolt_base_state,244149.90625,263231.0,0.07248801907830005,0.06,
monthly,2025-04-01,visits,bolt_base_state_log,242825.60764328382,263231.0,0.077518956189492,0.05,
monthly,2025-04-01,visits,bolt_base_foodbank,242501.99227905273,263231.0,0.07874835304712313,0.11,
monthly,2025-04-01,visits,bolt_base_county,242907.926322937,263231.0,0.07720623208156707,0.38,
monthly,2025-04-01,visits,chronos2_state,244362.09375,263231.0,0.0716819305097044,0.05,
monthly,2025-04-01,visits,chronos2_state_log,244682.7383310994,263231.0,0.07046381949276725,0.04,
monthly,2025-04-01,visits,chronos2_multivar_log,244629.3125,263231.0,0.07066678126816373,0.05,
monthly,2025-04-01,visits,chronos2_foodbank,248061.5340576172,263231.0,0.05762796153334071,0.09,
monthly,2025-04-01,visits,chronos2_county,246122.93509674072,263231.0,0.0649925916904136,0.44,
monthly,2025-04-01,visits,chronos2_county_xlearn,242641.76681900024,263231.0,0.07821735730593948,0.42,
monthly,2025-04-01,visits,nhits_county,244455.75,263231.0,0.0713261355995305,11.28,
monthly,2025-04-01,visits,nbeats_county,249999.65625,263231.0,0.050265142593387546,10.89,
monthly,2025-04-01,visits,mlp_county,246042.046875,263231.0,0.06529988156790045,2.57,
monthly,2025-04-01,visits,zs_ensemble,244985.1932259467,263231.0,0.06931481008716023,0.58,
monthly,2025-04-01,visits,dl_ensemble,246370.6615877367,263231.0,0.0640514924619946,0.72,
monthly,2025-04-01,pounds,bolt_tiny_state,12404044.0,12772997.24,0.028885408261467682,0.02,
monthly,2025-04-01,pounds,bolt_small_state,12631416.0,12772997.24,0.011084417959210335,0.04,
monthly,2025-04-01,pounds,bolt_base_state,12442125.0,12772997.24,0.02590404067134988,0.07,
monthly,2025-04-01,pounds,bolt_base_state_log,12378013.38369316,12772997.24,0.03092334938192154,0.07,
monthly,2025-04-01,pounds,bolt_base_foodbank,12414661.823730469,12772997.24,0.02805413714076177,0.11,
monthly,2025-04-01,pounds,bolt_base_county,12228219.389160156,12772997.24,0.04265074520910517,0.47,
monthly,2025-04-01,pounds,chronos2_state,12298062.0,12772997.24,0.03718275601850829,0.05,
monthly,2025-04-01,pounds,chronos2_state_log,12293967.995855799,12772997.24,0.03750327625876804,0.05,
monthly,2025-04-01,pounds,chronos2_multivar_log,12295727.0,12772997.24,0.037365563542547164,0.06,
monthly,2025-04-01,pounds,chronos2_foodbank,12138914.46875,12772997.24,0.04964244173358956,0.09,
monthly,2025-04-01,pounds,chronos2_county,12354616.194580078,12772997.24,0.032755119065532856,0.42,
monthly,2025-04-01,pounds,chronos2_county_xlearn,12100852.5,12772997.24,0.052622319364096226,0.5,
monthly,2025-04-01,pounds,nhits_county,12568002.0,12772997.24,0.016049110177369763,0.0,
monthly,2025-04-01,pounds,nbeats_county,12807775.0,12772997.24,0.0027227564013785344,0.0,
monthly,2025-04-01,pounds,mlp_county,12564417.0,12772997.24,0.01632978040164368,0.0,
monthly,2025-04-01,pounds,zs_ensemble,12363569.730145292,12772997.24,0.032054145331883555,0.53,
monthly,2025-04-01,pounds,dl_ensemble,12575940.932536323,12772997.24,0.015427569877379699,0.56,
monthly,2025-04-01,individuals,bolt_tiny_state,765020.25,786971.0,0.027892705067912305,0.02,
monthly,2025-04-01,individuals,bolt_small_state,753455.625,786971.0,0.042587814544627456,0.03,
monthly,2025-04-01,individuals,bolt_base_state,752043.875,786971.0,0.044381718004856574,0.06,
monthly,2025-04-01,individuals,bolt_base_state_log,745656.516841626,786971.0,0.052498101147785636,0.06,
monthly,2025-04-01,individuals,bolt_base_foodbank,758072.4526367188,786971.0,0.036721235424534426,0.1,
monthly,2025-04-01,individuals,bolt_base_county,754710.1328201294,786971.0,0.040993717913202166,0.38,
monthly,2025-04-01,individuals,chronos2_state,754544.75,786971.0,0.04120386901169171,0.05,
monthly,2025-04-01,individuals,chronos2_state_log,754092.8901417233,786971.0,0.04177804500836335,0.05,
monthly,2025-04-01,individuals,chronos2_multivar_log,753542.1875,786971.0,0.04247782002132228,0.05,
monthly,2025-04-01,individuals,chronos2_foodbank,762487.4287109375,786971.0,0.031111148046195525,0.09,
monthly,2025-04-01,individuals,chronos2_county,765006.0416564941,786971.0,0.02791075953689004,0.41,
monthly,2025-04-01,individuals,chronos2_county_xlearn,750638.411201477,786971.0,0.04616763362121723,0.42,
monthly,2025-04-01,individuals,nhits_county,754589.75,786971.0,0.04114668774325869,0.0,
monthly,2025-04-01,individuals,nbeats_county,774238.375,786971.0,0.016179281066265427,0.0,
monthly,2025-04-01,individuals,mlp_county,762060.6875,786971.0,0.03165340590695209,0.0,
monthly,2025-04-01,individuals,zs_ensemble,757047.6022660724,786971.0,0.03802350751670336,0.58,
monthly,2025-04-01,individuals,dl_ensemble,761984.1036915181,786971.0,0.031750720558294976,0.52,
monthly,2025-05-01,visits,bolt_tiny_state,259942.34375,247081.0,0.05205314755080326,0.02,
monthly,2025-05-01,visits,bolt_small_state,257440.359375,247081.0,0.04192697688207514,0.03,
monthly,2025-05-01,visits,bolt_base_state,258932.78125,247081.0,0.04796718990938187,0.06,
monthly,2025-05-01,visits,bolt_base_state_log,258117.0102481481,247081.0,0.044665556024737096,0.06,
monthly,2025-05-01,visits,bolt_base_foodbank,258110.18334960938,247081.0,0.04463792582031556,0.16,
monthly,2025-05-01,visits,bolt_base_county,258537.8383293152,247081.0,0.0463687548994669,0.45,
monthly,2025-05-01,visits,chronos2_state,255201.796875,247081.0,0.03286694191378525,0.05,
monthly,2025-05-01,visits,chronos2_state_log,255316.25081542716,247081.0,0.03333016628323171,0.05,
monthly,2025-05-01,visits,chronos2_multivar_log,253837.953125,247081.0,0.027347117443267566,0.05,
monthly,2025-05-01,visits,chronos2_foodbank,262161.0786743164,247081.0,0.06103293524923581,0.14,
monthly,2025-05-01,visits,chronos2_county,258853.63608932495,247081.0,0.04764686920210348,0.48,
monthly,2025-05-01,visits,chronos2_county_xlearn,255126.38864135742,247081.0,0.03256174550595725,0.48,
monthly,2025-05-01,visits,nhits_county,250339.703125,247081.0,0.013188804987028568,0.13,
monthly,2025-05-01,visits,nbeats_county,259810.640625,247081.0,0.051520111319769635,0.12,
monthly,2025-05-01,visits,mlp_county,252704.21875,247081.0,0.02275860446574196,0.09,
monthly,2025-05-01,visits,zs_ensemble,257700.88938491736,247081.0,0.04298140846490561,0.67,
monthly,2025-05-01,visits,dl_ensemble,255138.86297122933,247081.0,0.03261223230936139,0.55,
monthly,2025-05-01,pounds,bolt_tiny_state,12763806.0,12164935.65,0.04922922465274193,0.02,
monthly,2025-05-01,pounds,bolt_small_state,12899690.0,12164935.65,0.060399361833040066,0.03,
monthly,2025-05-01,pounds,bolt_base_state,12712694.0,12164935.65,0.04502764056955777,0.06,
monthly,2025-05-01,pounds,bolt_base_state_log,12617574.43201926,12164935.65,0.03720848141266231,0.06,
monthly,2025-05-01,pounds,bolt_base_foodbank,12689851.064453125,12164935.65,0.04314987185757335,0.1,
monthly,2025-05-01,pounds,bolt_base_county,12539268.420166016,12164935.65,0.030771455019247496,0.4,
monthly,2025-05-01,pounds,chronos2_state,12835915.0,12164935.65,0.055156835128840065,0.05,
monthly,2025-05-01,pounds,chronos2_state_log,12834986.4681409,12164935.65,0.055080506582120714,0.05,
monthly,2025-05-01,pounds,chronos2_multivar_log,12907359.0,12164935.65,0.06102978029316586,0.06,
monthly,2025-05-01,pounds,chronos2_foodbank,12728272.682617188,12164935.65,0.04630826243763875,0.1,
monthly,2025-05-01,pounds,chronos2_county,12611532.842041016,12164935.65,0.03671184171377151,0.42,
monthly,2025-05-01,pounds,chronos2_county_xlearn,12467746.617675781,12164935.65,0.024892114219756012,0.51,
monthly,2025-05-01,pounds,nhits_county,12827577.0,12164935.65,0.054471422543036496,0.0,
monthly,2025-05-01,pounds,nbeats_county,12943566.0,12164935.65,0.0640061215613581,0.0,
monthly,2025-05-01,pounds,mlp_county,12687604.0,12164935.65,0.04296515534794465,0.0,
monthly,2025-05-01,pounds,zs_ensemble,12719737.770060638,12164935.65,0.045606662955149924,0.54,
monthly,2025-05-01,pounds,dl_ensemble,12794621.192515159,12164935.65,0.05176234060187235,0.55,
monthly,2025-05-01,individuals,bolt_tiny_state,787610.3125,730685.0,0.07790677583363559,0.02,
monthly,2025-05-01,individuals,bolt_small_state,775127.25,730685.0,0.0608227211452268,0.03,
monthly,2025-05-01,individuals,bolt_base_state,777408.125,730685.0,0.06394427831418459,0.06,
monthly,2025-05-01,individuals,bolt_base_state_log,767816.2846925732,730685.0,0.050817089022729744,0.06,
monthly,2025-05-01,individuals,bolt_base_foodbank,786009.7565917969,730685.0,0.07571628895050098,0.1,
monthly,2025-05-01,individuals,bolt_base_county,782177.1853561401,730685.0,0.07047111321039856,0.44,
monthly,2025-05-01,individuals,chronos2_state,767255.1875,730685.0,0.050049183300601596,0.06,
monthly,2025-05-01,individuals,chronos2_state_log,766366.3425511037,730685.0,0.04883272894763646,0.05,
monthly,2025-05-01,individuals,chronos2_multivar_log,766682.125,730685.0,0.04926490211240142,0.06,
monthly,2025-05-01,individuals,chronos2_foodbank,788101.1994628906,730685.0,0.07857859332392292,0.12,
monthly,2025-05-01,individuals,chronos2_county,789727.5657730103,730685.0,0.08080440377592302,0.58,
monthly,2025-05-01,individuals,chronos2_county_xlearn,781871.5803604126,730685.0,0.07005286869227167,0.54,
monthly,2025-05-01,individuals,nhits_county,761655.75,730685.0,0.04238591184983953,0.0,
monthly,2025-05-01,individuals,nbeats_county,787338.0625,730685.0,0.07753418025551362,0.0,
monthly,2025-05-01,individuals,mlp_county,766958.4375,730685.0,0.049643057541895574,0.0,
monthly,2025-05-01,individuals,zs_ensemble,777834.011108038,730685.0,0.06452713701258128,0.61,
monthly,2025-05-01,individuals,dl_ensemble,773446.5652770095,730685.0,0.05852257166495756,0.54,
monthly,2025-06-01,visits,bolt_tiny_state,251481.75,237261.0,0.059937157813547026,0.02,
monthly,2025-06-01,visits,bolt_small_state,250736.09375,237261.0,0.056794389933448874,0.03,
monthly,2025-06-01,visits,bolt_base_state,253683.171875,237261.0,0.0692156396331467,0.07,
monthly,2025-06-01,visits,bolt_base_state_log,251575.21362097998,237261.0,0.06033108526466635,0.06,
monthly,2025-06-01,visits,bolt_base_foodbank,249535.5528564453,237261.0,0.05173438894907001,0.1,
monthly,2025-06-01,visits,bolt_base_county,249193.84106445312,237261.0,0.05029415312442054,0.42,
monthly,2025-06-01,visits,chronos2_state,251280.421875,237261.0,0.05908860653457593,0.05,
monthly,2025-06-01,visits,chronos2_state_log,250845.95367263013,237261.0,0.05725742398721301,0.05,
monthly,2025-06-01,visits,chronos2_multivar_log,251163.84375,237261.0,0.058597256818440524,0.05,
monthly,2025-06-01,visits,chronos2_foodbank,255123.46771240234,237261.0,0.07528615201150779,0.1,
monthly,2025-06-01,visits,chronos2_county,253319.5287322998,237261.0,0.0676829682598481,0.45,
monthly,2025-06-01,visits,chronos2_county_xlearn,249672.41492080688,237261.0,0.05231123075771782,0.5,
monthly,2025-06-01,visits,nhits_county,246655.078125,237261.0,0.03959385708144203,0.11,
monthly,2025-06-01,visits,nbeats_county,251031.25,237261.0,0.058038404963310475,0.1,
monthly,2025-06-01,visits,mlp_county,247485.828125,237261.0,0.043095275350774065,0.09,
monthly,2025-06-01,visits,zs_ensemble,252616.21809331,237261.0,0.06471867729340253,0.52,
monthly,2025-06-01,visits,dl_ensemble,249447.0935858275,237261.0,0.051361553672232274,0.6,
monthly,2025-06-01,pounds,bolt_tiny_state,12307934.0,11662638.6,0.05533013772715201,0.02,
monthly,2025-06-01,pounds,bolt_small_state,12588527.0,11662638.6,0.07938927302437371,0.03,
monthly,2025-06-01,pounds,bolt_base_state,12348705.0,11662638.6,0.05882600186204856,0.06,
monthly,2025-06-01,pounds,bolt_base_state_log,12198318.844310042,11662638.6,0.0459313078868826,0.05,
monthly,2025-06-01,pounds,bolt_base_foodbank,12345218.356445312,11662638.6,0.05852704348099347,0.1,
monthly,2025-06-01,pounds,bolt_base_county,12198993.314941406,11662638.6,0.04598913962243567,0.38,
monthly,2025-06-01,pounds,chronos2_state,12353566.0,11662638.6,0.05924280291082673,0.05,
monthly,2025-06-01,pounds,chronos2_state_log,12371711.335622977,11662638.6,0.06079865457058564,0.05,
monthly,2025-06-01,pounds,chronos2_multivar_log,12419470.0,11662638.6,0.06489366823044662,0.05,
monthly,2025-06-01,pounds,chronos2_foodbank,12603506.220703125,11662638.6,0.08067364967505086,0.09,
monthly,2025-06-01,pounds,chronos2_county,12550662.795410156,11662638.6,0.07614264883507205,0.47,
monthly,2025-06-01,pounds,chronos2_county_xlearn,12201052.958740234,11662638.6,0.046165741493544576,0.47,
monthly,2025-06-01,pounds,nhits_county,12444567.0,11662638.6,0.06704558263513372,0.0,
monthly,2025-06-01,pounds,nbeats_county,12651173.0,11662638.6,0.0847607847507168,0.0,
monthly,2025-06-01,pounds,mlp_county,12499576.0,11662638.6,0.07176226827435084,0.0,
monthly,2025-06-01,pounds,zs_ensemble,12423693.043677712,11662638.6,0.06525576842256875,0.54,
monthly,2025-06-01,pounds,dl_ensemble,12504752.260919427,11662638.6,0.07220610102069247,0.52,
monthly,2025-06-01,individuals,bolt_tiny_state,749790.5,698375.0,0.07362162162162167,0.02,
monthly,2025-06-01,individuals,bolt_small_state,747136.1875,698375.0,0.0698209235725793,0.03,
monthly,2025-06-01,individuals,bolt_base_state,747542.875,698375.0,0.07040325756219801,0.06,
monthly,2025-06-01,individuals,bolt_base_state_log,733381.0419981107,698375.0,0.0501249930168044,0.05,
monthly,2025-06-01,individuals,bolt_base_foodbank,747565.7104492188,698375.0,0.070435955538527,0.11,
monthly,2025-06-01,individuals,bolt_base_county,738881.472442627,698375.0,0.05800103446232607,0.39,
monthly,2025-06-01,individuals,chronos2_state,760762.6875,698375.0,0.08933264721675327,0.05,
monthly,2025-06-01,individuals,chronos2_state_log,760058.0516372231,698375.0,0.08832368231569454,0.04,
monthly,2025-06-01,individuals,chronos2_multivar_log,758376.0625,698375.0,0.08591524968677278,0.05,
monthly,2025-06-01,individuals,chronos2_foodbank,757572.9468994141,698375.0,0.08476527209509799,0.09,
monthly,2025-06-01,individuals,chronos2_county,759208.7077789307,698375.0,0.0871075106911483,0.45,
monthly,2025-06-01,individuals,chronos2_county_xlearn,751879.3253326416,698375.0,0.0766126011564583,0.4,
monthly,2025-06-01,individuals,nhits_county,742700.0625,698375.0,0.06346885627349197,0.0,
monthly,2025-06-01,individuals,nbeats_county,759629.125,698375.0,0.08770950420619306,0.0,
monthly,2025-06-01,individuals,mlp_county,750893.875,698375.0,0.07520153928763196,0.0,
monthly,2025-06-01,individuals,zs_ensemble,755603.2114720512,698375.0,0.0819448168563468,0.49,
monthly,2025-06-01,individuals,dl_ensemble,752206.5684930128,698375.0,0.07708117915591606,0.49,
monthly,2025-07-01,visits,bolt_tiny_state,242815.375,260002.0,0.06610189537003563,0.01,
monthly,2025-07-01,visits,bolt_small_state,242132.625,260002.0,0.06872783670894844,0.02,
monthly,2025-07-01,visits,bolt_base_state,242681.390625,260002.0,0.06661721592526215,0.05,
monthly,2025-07-01,visits,bolt_base_state_log,239920.39915257908,260002.0,0.07723633221060189,0.04,
monthly,2025-07-01,visits,bolt_base_foodbank,235438.32217407227,260002.0,0.09447495721543575,0.08,
monthly,2025-07-01,visits,bolt_base_county,237005.7657775879,260002.0,0.08844637434485936,0.36,
monthly,2025-07-01,visits,chronos2_state,245131.8125,260002.0,0.057192588903162256,0.04,
monthly,2025-07-01,visits,chronos2_state_log,245270.77983361433,260002.0,0.05665810326991971,0.04,
monthly,2025-07-01,visits,chronos2_multivar_log,245640.390625,260002.0,0.05523653423819819,0.04,
monthly,2025-07-01,visits,chronos2_foodbank,243511.55126953125,260002.0,0.06342431493014955,0.09,
monthly,2025-07-01,visits,chronos2_county,241289.3611717224,260002.0,0.07197113417695855,0.42,
monthly,2025-07-01,visits,chronos2_county_xlearn,239594.8607559204,260002.0,0.07848839333574198,0.72,
monthly,2025-07-01,visits,nhits_county,244224.0,260002.0,0.060684148583472486,8.65,
monthly,2025-07-01,visits,nbeats_county,251771.515625,260002.0,0.03165546563103361,8.69,
monthly,2025-07-01,visits,mlp_county,252701.921875,260002.0,0.028077007580710966,2.65,
monthly,2025-07-01,visits,zs_ensemble,243080.5105434456,260002.0,0.0650821511240468,0.53,
monthly,2025-07-01,visits,dl_ensemble,247944.4870108614,260002.0,0.04637469322981591,0.49,
monthly,2025-07-01,pounds,bolt_tiny_state,11854423.0,12796556.84,0.0736240108788514,0.01,
monthly,2025-07-01,pounds,bolt_small_state,12138298.0,12796556.84,0.05144030915741238,0.02,
monthly,2025-07-01,pounds,bolt_base_state,11809353.0,12796556.84,0.07714605204691916,0.05,
monthly,2025-07-01,pounds,bolt_base_state_log,11726422.58434198,12796556.84,0.08362673405340959,0.04,
monthly,2025-07-01,pounds,bolt_base_foodbank,11892541.997070312,12796556.84,0.07064516293194434,0.08,
monthly,2025-07-01,pounds,bolt_base_county,11772565.17993164,12796556.84,0.08002087380782963,0.36,
monthly,2025-07-01,pounds,chronos2_state,12026266.0,12796556.84,0.060195164186056194,0.05,
monthly,2025-07-01,pounds,chronos2_state_log,11937037.01436262,12796556.84,0.0671680543746469,0.03,
monthly,2025-07-01,pounds,chronos2_multivar_log,12135337.0,12796556.84,0.05167169952569839,0.04,
monthly,2025-07-01,pounds,chronos2_foodbank,12140479.854492188,12796556.84,0.05126980591036956,0.07,
monthly,2025-07-01,pounds,chronos2_county,12116956.282226562,12796556.84,0.053108079483468074,0.38,
monthly,2025-07-01,pounds,chronos2_county_xlearn,11956739.629638672,12796556.84,0.06562837338683114,0.4,
monthly,2025-07-01,pounds,nhits_county,12171737.0,12796556.84,0.04882718436000788,0.0,
monthly,2025-07-01,pounds,nbeats_county,12496062.0,12796556.84,0.023482476087684834,0.0,
monthly,2025-07-01,pounds,mlp_county,12413660.0,12796556.84,0.029921864513048124,0.0,
monthly,2025-07-01,pounds,zs_ensemble,11954448.765529728,12796556.84,0.06580739530167812,0.49,
monthly,2025-07-01,pounds,dl_ensemble,12258976.941382432,12796556.84,0.04200973006560471,0.48,
monthly,2025-07-01,individuals,bolt_tiny_state,717133.4375,773672.0,0.07307820691455813,0.01,
monthly,2025-07-01,individuals,bolt_small_state,718155.375,773672.0,0.07175731446918077,0.02,
monthly,2025-07-01,individuals,bolt_base_state,710655.125,773672.0,0.08145166814877625,0.05,
monthly,2025-07-01,individuals,bolt_base_state_log,699098.6824110366,773672.0,0.09638880247567883,0.04,
monthly,2025-07-01,individuals,bolt_base_foodbank,706069.9162597656,773672.0,0.08737822195999645,0.08,
monthly,2025-07-01,individuals,bolt_base_county,701929.2871170044,773672.0,0.0927301400115238,0.36,
monthly,2025-07-01,individuals,chronos2_state,725494.8125,773672.0,0.062270816961192854,0.04,
monthly,2025-07-01,individuals,chronos2_state_log,723910.5091315961,773672.0,0.06431858832735826,0.04,
monthly,2025-07-01,individuals,chronos2_multivar_log,724206.0625,773672.0,0.06393657454321733,0.05,
monthly,2025-07-01,individuals,chronos2_foodbank,718736.4699707031,773672.0,0.0710062274830896,0.09,
monthly,2025-07-01,individuals,chronos2_county,725917.6940612793,773672.0,0.06172422672491795,0.37,
monthly,2025-07-01,individuals,chronos2_county_xlearn,711337.3713531494,773672.0,0.08056983921720129,0.38,
monthly,2025-07-01,individuals,nhits_county,729047.0625,773672.0,0.05767940096061375,0.0,
monthly,2025-07-01,individuals,nbeats_county,758046.6875,773672.0,0.020196300887197705,0.0,
monthly,2025-07-01,individuals,mlp_county,750756.875,773672.0,0.029618656226411244,0.0,
monthly,2025-07-01,individuals,zs_ensemble,720161.1093976251,773672.0,0.06916482773368415,0.46,
monthly,2025-07-01,individuals,dl_ensemble,739502.9335994063,773672.0,0.044164796451976684,0.47,
monthly,2025-08-01,visits,bolt_tiny_state,256089.71875,240290.0,0.065752710266761,0.01,
monthly,2025-08-01,visits,bolt_small_state,252308.15625,240290.0,0.05001521598901326,0.02,
monthly,2025-08-01,visits,bolt_base_state,254445.296875,240290.0,0.05890922166964918,0.05,
monthly,2025-08-01,visits,bolt_base_state_log,252542.75069743174,240290.0,0.05099151316089623,0.05,
monthly,2025-08-01,visits,bolt_base_foodbank,253272.14416503906,240290.0,0.054026984747759244,0.08,
monthly,2025-08-01,visits,bolt_base_county,254654.27262496948,240290.0,0.059778903096131764,0.37,
monthly,2025-08-01,visits,chronos2_state,251331.9375,240290.0,0.04595254692246864,0.04,
monthly,2025-08-01,visits,chronos2_state_log,251315.03416323804,240290.0,0.045882201353522944,0.03,
monthly,2025-08-01,visits,chronos2_multivar_log,252230.09375,240290.0,0.04969034812102047,0.05,
monthly,2025-08-01,visits,chronos2_foodbank,257374.62030029297,240290.0,0.07110000541134864,0.07,
monthly,2025-08-01,visits,chronos2_county,256967.8969230652,240290.0,0.0694073699407598,0.4,
monthly,2025-08-01,visits,chronos2_county_xlearn,253622.73292922974,240290.0,0.05548600827845407,0.4,
monthly,2025-08-01,visits,nhits_county,254795.3125,240290.0,0.060365860002496996,0.0,
monthly,2025-08-01,visits,nbeats_county,254266.5,240290.0,0.05816513379666244,0.0,
monthly,2025-08-01,visits,mlp_county,254726.546875,240290.0,0.060079682362978115,0.0,
monthly,2025-08-01,visits,zs_ensemble,254242.74265376772,240290.0,0.05806626432131057,0.49,
monthly,2025-08-01,visits,dl_ensemble,254507.77550719192,240290.0,0.05916923512086192,0.46,
monthly,2025-08-01,pounds,bolt_tiny_state,12598687.0,12821574.42,0.017383779300327085,0.01,
monthly,2025-08-01,pounds,bolt_small_state,12745477.0,12821574.42,0.005935107304864018,0.02,
monthly,2025-08-01,pounds,bolt_base_state,12431812.0,12821574.42,0.030398951582110034,0.04,
monthly,2025-08-01,pounds,bolt_base_state_log,12310111.41722637,12821574.42,0.03989081106730652,0.04,
monthly,2025-08-01,pounds,bolt_base_foodbank,12400586.504882812,12821574.42,0.032834338539618035,0.08,
monthly,2025-08-01,pounds,bolt_base_county,12289572.934570312,12821574.42,0.041492680072100496,0.36,
monthly,2025-08-01,pounds,chronos2_state,12498637.0,12821574.42,0.025187033153764582,0.04,
monthly,2025-08-01,pounds,chronos2_state_log,12505350.807674479,12821574.42,0.024663399514513018,0.03,
monthly,2025-08-01,pounds,chronos2_multivar_log,12484164.0,12821574.42,0.0263158336837076,0.04,
monthly,2025-08-01,pounds,chronos2_foodbank,12383787.376953125,12821574.42,0.0341445620253924,0.08,
monthly,2025-08-01,pounds,chronos2_county,12437858.729492188,12821574.42,0.029927345732928545,0.38,
monthly,2025-08-01,pounds,chronos2_county_xlearn,12318513.838378906,12821574.42,0.03923547648223169,0.4,
monthly,2025-08-01,pounds,nhits_county,12588642.0,12821574.42,0.018167224427341422,0.0,
monthly,2025-08-01,pounds,nbeats_county,12687909.0,12821574.42,0.010425039517104828,0.0,
monthly,2025-08-01,pounds,mlp_county,12649550.0,12821574.42,0.013416793785610559,0.0,
monthly,2025-08-01,pounds,zs_ensemble,12458340.51238889,12821574.42,0.028329898943183718,0.45,
monthly,2025-08-01,pounds,dl_ensemble,12596110.378097223,12821574.42,0.01758473916831005,0.48,
monthly,2025-08-01,individuals,bolt_tiny_state,765152.0625,727272.0,0.05208513802263792,0.01,
monthly,2025-08-01,individuals,bolt_small_state,755961.5,727272.0,0.03944810194810189,0.02,
monthly,2025-08-01,individuals,bolt_base_state,744600.0,727272.0,0.023826023826023723,0.05,
monthly,2025-08-01,individuals,bolt_base_state_log,741969.2957252559,727272.0,0.02020880183102869,0.04,
monthly,2025-08-01,individuals,bolt_base_foodbank,749569.35546875,727272.0,0.03065889442842562,0.08,
monthly,2025-08-01,individuals,bolt_base_county,748798.5595245361,727272.0,0.0295990489452862,0.35,
monthly,2025-08-01,individuals,chronos2_state,746507.75,727272.0,0.026449182699182616,0.04,
monthly,2025-08-01,individuals,chronos2_state_log,748601.3485764627,727272.0,0.029327883620519746,0.04,
monthly,2025-08-01,individuals,chronos2_multivar_log,750516.4375,727272.0,0.03196113352363361,0.05,
monthly,2025-08-01,individuals,chronos2_foodbank,760458.5886230469,727272.0,0.04563160498829455,0.07,
monthly,2025-08-01,individuals,chronos2_county,763390.3113327026,727272.0,0.04966272774519398,0.4,
monthly,2025-08-01,individuals,chronos2_county_xlearn,757299.1285705566,727272.0,0.04128734307185855,0.4,
monthly,2025-08-01,individuals,nhits_county,757714.9375,727272.0,0.04185908092158086,0.0,
monthly,2025-08-01,individuals,nbeats_county,756562.0,727272.0,0.04027379027379019,0.0,
monthly,2025-08-01,individuals,mlp_county,759997.1875,727272.0,0.044997177809677824,0.0,
monthly,2025-08-01,individuals,zs_ensemble,752197.2199697219,727272.0,0.03427221173057937,0.47,
monthly,2025-08-01,individuals,dl_ensemble,756617.8362424305,727272.0,0.04035056518390712,0.48,
monthly,2025-09-01,visits,bolt_tiny_state,244690.75,253913.0,0.03632051135625192,0.01,
monthly,2025-09-01,visits,bolt_small_state,245566.71875,253913.0,0.03287063383914968,0.02,
monthly,2025-09-01,visits,bolt_base_state,244308.265625,253913.0,0.037826871310251975,0.04,
monthly,2025-09-01,visits,bolt_base_state_log,242574.93971551384,253913.0,0.04465332725967619,0.05,
monthly,2025-09-01,visits,bolt_base_foodbank,241274.0731201172,253913.0,0.04977660411197071,0.08,
monthly,2025-09-01,visits,bolt_base_county,237758.0344467163,253913.0,0.06362401906670279,0.38,
monthly,2025-09-01,visits,chronos2_state,244975.0625,253913.0,0.035200787277532064,0.05,
monthly,2025-09-01,visits,chronos2_state_log,245163.2055473169,253913.0,0.034459812820466396,0.04,
monthly,2025-09-01,visits,chronos2_multivar_log,242176.21875,253913.0,0.04622363270096452,0.05,
monthly,2025-09-01,visits,chronos2_foodbank,245232.82177734375,253913.0,0.03418563926485152,0.07,
monthly,2025-09-01,visits,chronos2_county,242959.66330718994,253913.0,0.04313814847136643,0.39,
monthly,2025-09-01,visits,chronos2_county_xlearn,242695.0807723999,253913.0,0.04418016890667309,0.4,
monthly,2025-09-01,visits,nhits_county,253426.453125,253913.0,0.0019161952125333892,0.09,
monthly,2025-09-01,visits,nbeats_county,250045.40625,253913.0,0.015231964294856848,0.08,
monthly,2025-09-01,visits,mlp_county,251143.640625,253913.0,0.010906725433514675,0.06,
monthly,2025-09-01,visits,zs_ensemble,244143.71149316896,253913.0,0.03847494420069486,0.45,
monthly,2025-09-01,visits,dl_ensemble,249689.80287329224,253913.0,0.01663245728539997,0.5,
monthly,2025-09-01,pounds,bolt_tiny_state,12673658.0,12348815.25,0.026305580205356227,0.01,
monthly,2025-09-01,pounds,bolt_small_state,12712627.0,12348815.25,0.02946126754953271,0.02,
monthly,2025-09-01,pounds,bolt_base_state,12526402.0,12348815.25,0.014380873501204983,0.05,
monthly,2025-09-01,pounds,bolt_base_state_log,12397671.821197536,12348815.25,0.003956377207727346,0.05,
monthly,2025-09-01,pounds,bolt_base_foodbank,12419619.760742188,12348815.25,0.005733708805967241,0.08,
monthly,2025-09-01,pounds,bolt_base_county,12217476.172851562,12348815.25,0.010635763390211661,0.35,
monthly,2025-09-01,pounds,chronos2_state,12322635.0,12348815.25,0.002120061679601215,0.04,
monthly,2025-09-01,pounds,chronos2_state_log,12289771.362228526,12348815.25,0.004781340280515911,0.04,
monthly,2025-09-01,pounds,chronos2_multivar_log,12237750.0,12348815.25,0.008994000456845397,0.04,
monthly,2025-09-01,pounds,chronos2_foodbank,12551462.583984375,12348815.25,0.016410265266894708,0.09,
monthly,2025-09-01,pounds,chronos2_county,12343640.448242188,12348815.25,0.0004190524882792257,0.42,
monthly,2025-09-01,pounds,chronos2_county_xlearn,12264705.915039062,12348815.25,0.006811125865773815,0.41,
monthly,2025-09-01,pounds,nhits_county,13006470.0,12348815.25,0.0532565057202552,0.0,
monthly,2025-09-01,pounds,nbeats_county,12922086.0,12348815.25,0.046423137636624645,0.0,
monthly,2025-09-01,pounds,mlp_county,13029891.0,12348815.25,0.05515312491212465,0.0,
monthly,2025-09-01,pounds,zs_ensemble,12386604.603490239,12348815.25,0.0030601602441366893,0.48,
monthly,2025-09-01,pounds,dl_ensemble,12836262.90087256,12348815.25,0.03947323212828535,0.49,
monthly,2025-09-01,individuals,bolt_tiny_state,736495.25,759212.0,0.029921484381174146,0.02,
monthly,2025-09-01,individuals,bolt_small_state,728466.25,759212.0,0.04049692312555653,0.03,
monthly,2025-09-01,individuals,bolt_base_state,720876.375,759212.0,0.050493966112232114,0.06,
monthly,2025-09-01,individuals,bolt_base_state_log,707701.0991827257,759212.0,0.06784784858152182,0.05,
monthly,2025-09-01,individuals,bolt_base_foodbank,722074.40234375,759212.0,0.04891597821985161,0.21,
monthly,2025-09-01,individuals,bolt_base_county,715790.9294433594,759212.0,0.057192286945728754,0.42,
monthly,2025-09-01,individuals,chronos2_state,727969.0,759212.0,0.041151878526682895,0.05,
monthly,2025-09-01,individuals,chronos2_state_log,726234.5817202673,759212.0,0.04343637650581489,0.04,
monthly,2025-09-01,individuals,chronos2_multivar_log,724077.5625,759212.0,0.04627750549253695,0.05,
monthly,2025-09-01,individuals,chronos2_foodbank,733104.2529296875,759212.0,0.034387953654990255,0.09,
monthly,2025-09-01,individuals,chronos2_county,735763.7649383545,759212.0,0.030884963701371282,0.42,
monthly,2025-09-01,individuals,chronos2_county_xlearn,734299.5914001465,759212.0,0.03281350742592781,0.45,
monthly,2025-09-01,individuals,nhits_county,760731.5,759212.0,0.0020014172589475354,0.0,
monthly,2025-09-01,individuals,nbeats_county,748580.4375,759212.0,0.014003417359051196,0.0,
monthly,2025-09-01,individuals,mlp_county,753122.875,759212.0,0.008020322386895873,0.0,
monthly,2025-09-01,individuals,zs_ensemble,727624.9072195407,759212.0,0.04160510210647261,0.49,
monthly,2025-09-01,individuals,dl_ensemble,747514.9299298852,759212.0,0.015406856148368009,0.49,
monthly,2025-10-01,visits,bolt_tiny_state,251564.65625,280606.0,0.10349509187258998,0.01,
monthly,2025-10-01,visits,bolt_small_state,251236.875,280606.0,0.10466321105036958,0.02,
monthly,2025-10-01,visits,bolt_base_state,249375.28125,280606.0,0.11129740187308901,0.05,
monthly,2025-10-01,visits,bolt_base_state_log,248244.32749819916,280606.0,0.11532779948326422,0.05,
monthly,2025-10-01,visits,bolt_base_foodbank,250952.12963867188,280606.0,0.10567796255720874,0.09,
monthly,2025-10-01,visits,bolt_base_county,247895.34018325806,280606.0,0.11657149104702658,0.37,
monthly,2025-10-01,visits,chronos2_state,255020.75,280606.0,0.09117855641005534,0.04,
monthly,2025-10-01,visits,chronos2_state_log,254323.53503128665,280606.0,0.09366323232116691,0.04,
monthly,2025-10-01,visits,chronos2_multivar_log,253750.328125,280606.0,0.09570597875669085,0.05,
monthly,2025-10-01,visits,chronos2_foodbank,256865.76208496094,280606.0,0.08460345792691193,0.08,
monthly,2025-10-01,visits,chronos2_county,254032.1992225647,280606.0,0.09470147030867226,0.44,
monthly,2025-10-01,visits,chronos2_county_xlearn,251450.62734985352,280606.0,0.10390145845116106,0.45,
monthly,2025-10-01,visits,nhits_county,257864.609375,280606.0,0.08104385018495686,9.75,
monthly,2025-10-01,visits,nbeats_county,255586.4375,280606.0,0.08916260700056311,9.3,
monthly,2025-10-01,visits,mlp_county,258690.890625,280606.0,0.07809921874443171,2.57,
monthly,2025-10-01,visits,zs_ensemble,252577.00516795044,280606.0,0.09988736816764276,0.63,
monthly,2025-10-01,visits,dl_ensemble,256179.7356669876,280606.0,0.08704826102439867,0.56,
monthly,2025-10-01,pounds,bolt_tiny_state,12513739.0,13379601.15,0.06471509429113287,0.01,
monthly,2025-10-01,pounds,bolt_small_state,12581117.0,13379601.15,0.0596792192120017,0.03,
monthly,2025-10-01,pounds,bolt_base_state,12422825.0,13379601.15,0.07151006515616498,0.06,
monthly,2025-10-01,pounds,bolt_base_state_log,12264270.738302466,13379601.15,0.08336051270837286,0.05,
monthly,2025-10-01,pounds,bolt_base_foodbank,12359975.818847656,13379601.15,0.07620745340023416,0.09,
monthly,2025-10-01,pounds,bolt_base_county,12190886.208251953,13379601.15,0.08884531970880516,0.4,
monthly,2025-10-01,pounds,chronos2_state,12722528.0,13379601.15,0.04911007007110968,0.04,
monthly,2025-10-01,pounds,chronos2_state_log,12688527.557868596,13379601.15,0.051651284995995916,0.05,
monthly,2025-10-01,pounds,chronos2_multivar_log,12758712.0,13379601.15,0.046405654625960246,0.05,
monthly,2025-10-01,pounds,chronos2_foodbank,12658159.974609375,13379601.15,0.05392097771095561,0.08,
monthly,2025-10-01,pounds,chronos2_county,12486912.825927734,13379601.15,0.06672009980448979,0.46,
monthly,2025-10-01,pounds,chronos2_county_xlearn,12514517.46850586,13379601.15,0.06465691105404447,0.49,
monthly,2025-10-01,pounds,nhits_county,12619031.0,13379601.15,0.05684550245356157,0.0,
monthly,2025-10-01,pounds,nbeats_county,12643641.0,13379601.15,0.055006135216519536,0.0,
monthly,2025-10-01,pounds,mlp_county,12874145.0,13379601.15,0.03777811792244645,0.0,
monthly,2025-10-01,pounds,zs_ensemble,12532755.12793211,13379601.15,0.06329381665221678,0.58,
monthly,2025-10-01,pounds,dl_ensemble,12667393.031983027,13379601.15,0.05323089306118611,0.58,
monthly,2025-10-01,individuals,bolt_tiny_state,756307.3125,833627.0,0.09275093956889591,0.02,
monthly,2025-10-01,individuals,bolt_small_state,749253.625,833627.0,0.10121238275631672,0.03,
monthly,2025-10-01,individuals,bolt_base_state,736094.875,833627.0,0.11699732014438113,0.06,
monthly,2025-10-01,individuals,bolt_base_state_log,733200.6172763052,833627.0,0.12046920592026744,0.06,
monthly,2025-10-01,individuals,bolt_base_foodbank,742716.7973632812,833627.0,0.10905381260050206,0.11,
monthly,2025-10-01,individuals,bolt_base_county,742085.0205993652,833627.0,0.10981167764555944,0.44,
monthly,2025-10-01,individuals,chronos2_state,758034.8125,833627.0,0.09067866983674955,0.05,
monthly,2025-10-01,individuals,chronos2_state_log,760279.1623850408,833627.0,0.0879863987310382,0.05,
monthly,2025-10-01,individuals,chronos2_multivar_log,760638.0625,833627.0,0.0875558703113023,0.06,
monthly,2025-10-01,individuals,chronos2_foodbank,761179.0023193359,833627.0,0.0869069712001459,0.09,
monthly,2025-10-01,individuals,chronos2_county,759860.4963302612,833627.0,0.0884886210136413,0.5,
monthly,2025-10-01,individuals,chronos2_county_xlearn,756837.8940658569,833627.0,0.0921144659831592,0.5,
monthly,2025-10-01,individuals,nhits_county,776826.25,833627.0,0.06813688856047129,0.0,
monthly,2025-10-01,individuals,nbeats_county,770286.0,833627.0,0.075982423793855,0.0,
monthly,2025-10-01,individuals,mlp_county,778482.6875,833627.0,0.06614986378800114,0.0,
monthly,2025-10-01,individuals,zs_ensemble,752078.1779051007,833627.0,0.09782411329635343,0.6,
monthly,2025-10-01,individuals,dl_ensemble,769418.2788512752,833627.0,0.07702332235967024,0.6,
monthly,2025-11-01,visits,bolt_tiny_state,268438.875,268225.0,0.0007973716096560945,0.01,
monthly,2025-11-01,visits,bolt_small_state,263658.625,268225.0,0.01702441979681235,0.03,
monthly,2025-11-01,visits,bolt_base_state,267587.90625,268225.0,0.0023752213626619945,0.06,
monthly,2025-11-01,visits,bolt_base_state_log,267135.43473971554,268225.0,0.004062131644270495,0.06,
monthly,2025-11-01,visits,bolt_base_foodbank,271762.0124359131,268225.0,0.013186736642419872,0.11,
monthly,2025-11-01,visits,bolt_base_county,269059.10234069824,268225.0,0.0031097114016152005,0.4,
monthly,2025-11-01,visits,chronos2_state,260444.28125,268225.0,0.029008178767825465,0.07,
monthly,2025-11-01,visits,chronos2_state_log,257278.4788221546,268225.0,0.040810965338225036,0.06,
monthly,2025-11-01,visits,chronos2_multivar_log,257624.421875,268225.0,0.0395212158635474,0.06,
monthly,2025-11-01,visits,chronos2_foodbank,272880.0620574951,268225.0,0.017355064060005976,0.1,
monthly,2025-11-01,visits,chronos2_county,269811.8678703308,268225.0,0.005916181826193689,0.56,
monthly,2025-11-01,visits,chronos2_county_xlearn,266543.7849807739,268225.0,0.006267928117163146,0.63,
monthly,2025-11-01,visits,nhits_county,264107.5625,268225.0,0.015350685059185354,0.09,
monthly,2025-11-01,visits,nbeats_county,260367.640625,268225.0,0.029293911361729874,0.09,
monthly,2025-11-01,visits,mlp_county,263140.5625,268225.0,0.018955867275608163,0.08,
monthly,2025-11-01,visits,zs_ensemble,264892.7509808285,268225.0,0.012423334958231003,0.56,
monthly,2025-11-01,visits,dl_ensemble,263127.1291514571,268225.0,0.019005949663688626,0.55,
monthly,2025-11-01,pounds,bolt_tiny_state,13028226.0,13156865.21,0.009777344978971647,0.01,
monthly,2025-11-01,pounds,bolt_small_state,12972905.0,13156865.21,0.013982069973642375,0.02,
monthly,2025-11-01,pounds,bolt_base_state,13117427.0,13156865.21,0.002997538499522334,0.05,
monthly,2025-11-01,pounds,bolt_base_state_log,12995597.849004677,13156865.21,0.012257278494633428,0.05,
monthly,2025-11-01,pounds,bolt_base_foodbank,13038420.302246094,13156865.21,0.00900251738262714,0.09,
monthly,2025-11-01,pounds,bolt_base_county,12829117.1328125,13156865.21,0.024910802988115543,0.4,
monthly,2025-11-01,pounds,chronos2_state,12984401.0,13156865.21,0.013108305606788329,0.05,
monthly,2025-11-01,pounds,chronos2_state_log,12985884.92331089,13156865.21,0.012995518610250278,0.05,
monthly,2025-11-01,pounds,chronos2_multivar_log,12804910.0,13156865.21,0.026750689041983522,0.06,
monthly,2025-11-01,pounds,chronos2_foodbank,12891768.395996094,13156865.21,0.02014893439832599,0.1,
monthly,2025-11-01,pounds,chronos2_county,12765312.858886719,13156865.21,0.029760307251280427,0.47,
monthly,2025-11-01,pounds,chronos2_county_xlearn,12746111.845703125,13156865.21,0.031219698441896204,0.47,
monthly,2025-11-01,pounds,nhits_county,13171291.0,13156865.21,0.0010964458303512892,0.0,
monthly,2025-11-01,pounds,nbeats_county,12910442.0,13156865.21,0.018729629441875284,0.0,
monthly,2025-11-01,pounds,mlp_county,12959956.0,13156865.21,0.01496627098150538,0.0,
monthly,2025-11-01,pounds,zs_ensemble,12956208.260732537,13156865.21,0.015251121453684346,0.6,
monthly,2025-11-01,pounds,dl_ensemble,12999474.315183135,13156865.21,0.011962644011678347,0.6,
monthly,2025-11-01,individuals,bolt_tiny_state,807339.5,812890.0,0.006828107123965088,0.02,
monthly,2025-11-01,individuals,bolt_small_state,786364.625,812890.0,0.032630952527402224,0.02,
monthly,2025-11-01,individuals,bolt_base_state,801055.0,812890.0,0.014559165446739408,0.06,
monthly,2025-11-01,individuals,bolt_base_state_log,801699.4753389682,812890.0,0.013766345583082318,0.06,
monthly,2025-11-01,individuals,bolt_base_foodbank,810036.8094482422,812890.0,0.003509934372126433,0.1,
monthly,2025-11-01,individuals,bolt_base_county,806665.7160491943,812890.0,0.007656981818949249,0.37,
monthly,2025-11-01,individuals,chronos2_state,772378.0625,812890.0,0.04983692443011967,0.04,
monthly,2025-11-01,individuals,chronos2_state_log,766517.6463119489,812890.0,0.05704628386134791,0.04,
monthly,2025-11-01,individuals,chronos2_multivar_log,769635.125,812890.0,0.053211227841405306,0.05,
monthly,2025-11-01,individuals,chronos2_foodbank,802381.4491577148,812890.0,0.012927395886633053,0.09,
monthly,2025-11-01,individuals,chronos2_county,805510.5331420898,812890.0,0.009078063277823789,0.46,
monthly,2025-11-01,individuals,chronos2_county_xlearn,803972.6682891846,812890.0,0.010969911932506737,0.45,
monthly,2025-11-01,individuals,nhits_county,794777.375,812890.0,0.022281766290642047,0.0,
monthly,2025-11-01,individuals,nbeats_county,782407.3125,812890.0,0.03749915425211281,0.0,
monthly,2025-11-01,individuals,mlp_county,790503.875,812890.0,0.027538935157278344,0.0,
monthly,2025-11-01,individuals,zs_ensemble,791027.7264846796,812890.0,0.026894504195303703,0.54,
monthly,2025-11-01,individuals,dl_ensemble,789679.0722461699,812890.0,0.02855358997383417,0.52,
monthly,2025-12-01,visits,bolt_tiny_state,264361.3125,233979.0,0.12985059556626877,0.02,
monthly,2025-12-01,visits,bolt_small_state,263024.96875,233979.0,0.12413921227973446,0.05,
monthly,2025-12-01,visits,bolt_base_state,269067.46875,233979.0,0.1499641794776454,0.07,
monthly,2025-12-01,visits,bolt_base_state_log,269851.90454558865,233979.0,0.1533167700758984,0.07,
monthly,2025-12-01,visits,bolt_base_foodbank,268120.0005493164,233979.0,0.14591480666776246,0.11,
monthly,2025-12-01,visits,bolt_base_county,264926.3053855896,233979.0,0.1322653117826369,0.41,
monthly,2025-12-01,visits,chronos2_state,273237.09375,233979.0,0.16778468901055232,0.05,
monthly,2025-12-01,visits,chronos2_state_log,273815.62738294323,233979.0,0.17025727686221082,0.04,
monthly,2025-12-01,visits,chronos2_multivar_log,270752.59375,233979.0,0.15716621470302883,0.06,
monthly,2025-12-01,visits,chronos2_foodbank,268629.23945617676,233979.0,0.14809123663310286,0.09,
monthly,2025-12-01,visits,chronos2_county,265504.0400543213,233979.0,0.13473448495087714,0.49,
monthly,2025-12-01,visits,chronos2_county_xlearn,261712.01316070557,233979.0,0.11852778736854841,0.49,
monthly,2025-12-01,visits,nhits_county,268179.59375,233979.0,0.14616950132276818,0.13,
monthly,2025-12-01,visits,nbeats_county,263594.5,233979.0,0.1265733249565133,0.1,
monthly,2025-12-01,visits,mlp_county,266085.1875,233979.0,0.1372182439449694,0.07,
monthly,2025-12-01,visits,zs_ensemble,269462.3787290882,233979.0,0.15165198043024453,0.49,
monthly,2025-12-01,visits,dl_ensemble,266830.41499477206,233979.0,0.1404032626636238,0.51,
monthly,2025-12-01,pounds,bolt_tiny_state,12943279.0,13078182.34,0.010315144451488067,0.02,
monthly,2025-12-01,pounds,bolt_small_state,13124161.0,13078182.34,0.0035156766288058083,0.02,
monthly,2025-12-01,pounds,bolt_base_state,13051931.0,13078182.34,0.002007262119270936,0.05,
monthly,2025-12-01,pounds,bolt_base_state_log,13041211.681646021,13078182.34,0.002826895771356752,0.05,
monthly,2025-12-01,pounds,bolt_base_foodbank,13054756.499511719,13078182.34,0.0017912153141215192,0.08,
monthly,2025-12-01,pounds,bolt_base_county,12737244.975830078,13078182.34,0.026069170417295284,0.39,
monthly,2025-12-01,pounds,chronos2_state,12881752.0,13078182.34,0.015019697301452362,0.04,
monthly,2025-12-01,pounds,chronos2_state_log,12867832.68903648,13078182.34,0.016084012708720286,0.03,
monthly,2025-12-01,pounds,chronos2_multivar_log,13035666.0,13078182.34,0.0032509364753205983,0.04,
monthly,2025-12-01,pounds,chronos2_foodbank,13002859.982910156,13078182.34,0.0057593903442887395,0.1,
monthly,2025-12-01,pounds,chronos2_county,12863974.04272461,13078182.34,0.01637905725019817,0.54,
monthly,2025-12-01,pounds,chronos2_county_xlearn,12703241.11694336,13078182.34,0.0286692151331972,0.5,
monthly,2025-12-01,pounds,nhits_county,13289213.0,13078182.34,0.016136084855963295,0.0,
monthly,2025-12-01,pounds,nbeats_county,13011930.0,13078182.34,0.005065867585999695,0.0,
monthly,2025-12-01,pounds,mlp_county,13181758.0,13078182.34,0.007919729004175924,0.0,
monthly,2025-12-01,pounds,zs_ensemble,12927912.577253697,13078182.34,0.01149011069272965,0.56,
monthly,2025-12-01,pounds,dl_ensemble,13102703.394313425,13078182.34,0.0018749588953526075,0.52,
monthly,2025-12-01,individuals,bolt_tiny_state,795069.0,705038.0,0.1276966631585814,0.01,
monthly,2025-12-01,individuals,bolt_small_state,789719.625,705038.0,0.12010930616505777,0.02,
monthly,2025-12-01,individuals,bolt_base_state,814061.625,705038.0,0.1546351047744945,0.05,
monthly,2025-12-01,individuals,bolt_base_state_log,810481.5636267598,705038.0,0.14955727723436163,0.05,
monthly,2025-12-01,individuals,bolt_base_foodbank,813379.654296875,705038.0,0.15366782258101686,0.09,
monthly,2025-12-01,individuals,bolt_base_county,800584.0540161133,705038.0,0.13551901318242887,0.37,
monthly,2025-12-01,individuals,chronos2_state,819606.6875,705038.0,0.1625000177295408,0.04,
monthly,2025-12-01,individuals,chronos2_state_log,817918.6539478581,705038.0,0.16010577294820716,0.04,
monthly,2025-12-01,individuals,chronos2_multivar_log,813611.0,705038.0,0.1539959548279668,0.05,
monthly,2025-12-01,individuals,chronos2_foodbank,811869.1486206055,705038.0,0.15152537681742761,0.08,
monthly,2025-12-01,individuals,chronos2_county,790337.1962127686,705038.0,0.12098524648709508,0.46,
monthly,2025-12-01,individuals,chronos2_county_xlearn,783345.3502044678,705038.0,0.11106826895070587,0.45,
monthly,2025-12-01,individuals,nhits_county,805644.0,705038.0,0.14269585469152024,0.0,
monthly,2025-12-01,individuals,nbeats_county,792167.75,705038.0,0.12358163673447398,0.0,
monthly,2025-12-01,individuals,mlp_county,801769.5,705038.0,0.13720040621923935,0.0,
monthly,2025-12-01,individuals,zs_ensemble,807439.1583868755,705038.0,0.14524204140326558,0.55,
monthly,2025-12-01,individuals,dl_ensemble,801755.1020967189,705038.0,0.13717998476212467,0.58,
monthly,2026-01-01,visits,bolt_tiny_state,246368.640625,238004.0,0.03514495817297192,0.01,
monthly,2026-01-01,visits,bolt_small_state,248032.328125,238004.0,0.04213512430463351,0.03,
monthly,2026-01-01,visits,bolt_base_state,248446.90625,238004.0,0.04387701992403481,0.05,
monthly,2026-01-01,visits,bolt_base_state_log,244350.6768133171,238004.0,0.026666261127195723,0.06,
monthly,2026-01-01,visits,bolt_base_foodbank,242977.39739990234,238004.0,0.020896276532757163,0.1,
monthly,2026-01-01,visits,bolt_base_county,241000.12591552734,238004.0,0.012588552778639572,0.46,
monthly,2026-01-01,visits,chronos2_state,252537.84375,238004.0,0.06106554406648623,0.05,
monthly,2026-01-01,visits,chronos2_state_log,253594.04727550995,238004.0,0.06550329942148014,0.05,
monthly,2026-01-01,visits,chronos2_multivar_log,253495.140625,238004.0,0.065087732243996,0.06,
monthly,2026-01-01,visits,chronos2_foodbank,249740.22549438477,238004.0,0.04931104306811962,0.1,
monthly,2026-01-01,visits,chronos2_county,248484.09758377075,238004.0,0.044033283406038404,0.5,
monthly,2026-01-01,visits,chronos2_county_xlearn,247417.63567352295,238004.0,0.039552426318561595,0.55,
monthly,2026-01-01,visits,nhits_county,255468.546875,238004.0,0.07337921579049089,10.82,
monthly,2026-01-01,visits,nbeats_county,260310.390625,238004.0,0.09372275518478679,9.74,
monthly,2026-01-01,visits,mlp_county,258114.40625,238004.0,0.08449608514982931,2.42,
monthly,2026-01-01,visits,zs_ensemble,250175.0170364269,238004.0,0.05113786758385119,0.5,
monthly,2026-01-01,visits,dl_ensemble,256017.09019660673,238004.0,0.0756839809272396,0.51,
monthly,2026-01-01,pounds,bolt_tiny_state,12813348.0,12403368.22,0.033053907029779284,0.01,
monthly,2026-01-01,pounds,bolt_small_state,12981006.0,12403368.22,0.046571041813350256,0.02,
monthly,2026-01-01,pounds,bolt_base_state,12867353.0,12403368.22,0.03740796626934295,0.05,
monthly,2026-01-01,pounds,bolt_base_state_log,12897687.552282382,12403368.22,0.03985363681175791,0.05,
monthly,2026-01-01,pounds,bolt_base_foodbank,12866809.466796875,12403368.22,0.03736414484975059,0.09,
monthly,2026-01-01,pounds,bolt_base_county,12694160.20703125,12403368.22,0.023444598424672947,0.5,
monthly,2026-01-01,pounds,chronos2_state,12948674.0,12403368.22,0.04396433052118165,0.05,
monthly,2026-01-01,pounds,chronos2_state_log,12950538.771467838,12403368.22,0.04411467447894868,0.04,
monthly,2026-01-01,pounds,chronos2_multivar_log,12908959.0,12403368.22,0.04076237768905,0.05,
monthly,2026-01-01,pounds,chronos2_foodbank,13050079.608886719,12403368.22,0.05213998144825838,0.1,
monthly,2026-01-01,pounds,chronos2_county,12826133.44921875,12403368.22,0.03408471164607163,0.49,
monthly,2026-01-01,pounds,chronos2_county_xlearn,12636911.080810547,12403368.22,0.018828987148342913,0.47,
monthly,2026-01-01,pounds,nhits_county,13386773.0,12403368.22,0.07928530077937168,0.0,
monthly,2026-01-01,pounds,nbeats_county,13437333.0,12403368.22,0.08336161288292376,0.0,
monthly,2026-01-01,pounds,mlp_county,13407444.0,12403368.22,0.08095186421870171,0.0,
monthly,2026-01-01,pounds,zs_ensemble,12881341.740228862,12403368.22,0.03853578413145442,0.61,
monthly,2026-01-01,pounds,dl_ensemble,13278222.935057215,12403368.22,0.07053364050311295,0.61,
monthly,2026-01-01,individuals,bolt_tiny_state,742964.8125,716558.0,0.03685230295384323,0.01,
monthly,2026-01-01,individuals,bolt_small_state,750227.9375,716558.0,0.046988432897267174,0.02,
monthly,2026-01-01,individuals,bolt_base_state,749468.125,716558.0,0.0459280686280803,0.05,
monthly,2026-01-01,individuals,bolt_base_state_log,728441.0596801589,716558.0,0.016583528032844352,0.05,
monthly,2026-01-01,individuals,bolt_base_foodbank,736860.2572631836,716558.0,0.02833302714251129,0.09,
monthly,2026-01-01,individuals,bolt_base_county,728915.2226486206,716558.0,0.017245251115221016,0.5,
monthly,2026-01-01,individuals,chronos2_state,756353.6875,716558.0,0.05553728728169949,0.08,
monthly,2026-01-01,individuals,chronos2_state_log,755167.3593131301,716558.0,0.05388169459154768,0.06,
monthly,2026-01-01,individuals,chronos2_multivar_log,759513.8125,716558.0,0.059947432727008865,0.05,
monthly,2026-01-01,individuals,chronos2_foodbank,753591.75,716558.0,0.051682836560334344,0.08,
monthly,2026-01-01,individuals,chronos2_county,742450.2888793945,716558.0,0.0361342541418761,0.47,
monthly,2026-01-01,individuals,chronos2_county_xlearn,737479.7205963135,716558.0,0.029197525666189605,0.52,
monthly,2026-01-01,individuals,nhits_county,765637.4375,716558.0,0.06849332154549947,0.0,
monthly,2026-01-01,individuals,nbeats_county,783612.0,716558.0,0.09357790995285797,0.0,
monthly,2026-01-01,individuals,mlp_county,775682.9375,716558.0,0.08251242397684488,0.0,
monthly,2026-01-01,individuals,zs_ensemble,749028.591064175,716558.0,0.045314672453834914,0.54,
monthly,2026-01-01,individuals,dl_ensemble,768490.2415160438,716558.0,0.07247458198225942,0.56,
monthly,2026-02-01,visits,bolt_tiny_state,245157.328125,268283.0,0.08619879707249434,0.01,
monthly,2026-02-01,visits,bolt_small_state,243129.03125,268283.0,0.09375908555517865,0.02,
monthly,2026-02-01,visits,bolt_base_state,246984.8125,268283.0,0.07938701855876074,0.05,
monthly,2026-02-01,visits,bolt_base_state_log,240411.23163706233,268283.0,0.10388943154406982,0.06,
monthly,2026-02-01,visits,bolt_base_foodbank,243293.9188079834,268283.0,0.09314448247565665,0.11,
monthly,2026-02-01,visits,bolt_base_county,242470.0263595581,268283.0,0.09621546516343527,0.47,
monthly,2026-02-01,visits,chronos2_state,244469.15625,268283.0,0.08876389391053474,0.04,
monthly,2026-02-01,visits,chronos2_state_log,245113.40995846895,268283.0,0.08636249796495132,0.04,
monthly,2026-02-01,visits,chronos2_multivar_log,243818.078125,268283.0,0.09119072723579202,0.05,
monthly,2026-02-01,visits,chronos2_foodbank,243897.06170654297,268283.0,0.09089632326109753,0.09,
monthly,2026-02-01,visits,chronos2_county,245280.53344345093,268283.0,0.08573956067491817,0.48,
monthly,2026-02-01,visits,chronos2_county_xlearn,241345.23291015625,268283.0,0.10040802842462526,0.48,
monthly,2026-02-01,visits,nhits_county,244287.3125,268283.0,0.08944169962315918,0.11,
monthly,2026-02-01,visits,nbeats_county,248206.5625,268283.0,0.07483305874766566,0.09,
monthly,2026-02-01,visits,mlp_county,248252.234375,268283.0,0.07466282106954225,0.09,
monthly,2026-02-01,visits,zs_ensemble,245792.9186339733,268283.0,0.0838296923995433,0.57,
monthly,2026-02-01,visits,dl_ensemble,246634.75700224334,268283.0,0.0806918179599776,0.6,
monthly,2026-02-01,pounds,bolt_tiny_state,12590768.0,13306607.34,0.053795781427183775,0.02,
monthly,2026-02-01,pounds,bolt_small_state,12611728.0,13306607.34,0.052220624103874735,0.03,
monthly,2026-02-01,pounds,bolt_base_state,12368460.0,13306607.34,0.07050236893816686,0.05,
monthly,2026-02-01,pounds,bolt_base_state_log,12363572.991063522,13306607.34,0.07086963076619035,0.05,
monthly,2026-02-01,pounds,bolt_base_foodbank,12518679.946289062,13306607.34,0.059213244486624905,0.1,
monthly,2026-02-01,pounds,bolt_base_county,12436599.643066406,13306607.34,0.06538163144848563,0.47,
monthly,2026-02-01,pounds,chronos2_state,12273337.0,13306607.34,0.07765092285348818,0.04,
monthly,2026-02-01,pounds,chronos2_state_log,12264668.412830142,13306607.34,0.07830237268952567,0.04,
monthly,2026-02-01,pounds,chronos2_multivar_log,12166416.0,13306607.34,0.08568610396825616,0.05,
monthly,2026-02-01,pounds,chronos2_foodbank,12630659.934082031,13306607.34,0.050797877223449195,0.08,
monthly,2026-02-01,pounds,chronos2_county,12549902.770019531,13306607.34,0.05686682943636545,0.49,
monthly,2026-02-01,pounds,chronos2_county_xlearn,12234948.761230469,13306607.34,0.08053582339865839,0.54,
monthly,2026-02-01,pounds,nhits_county,12733440.0,13306607.34,0.04307388993714756,0.0,
monthly,2026-02-01,pounds,nbeats_county,12804578.0,13306607.34,0.03772782401798891,0.0,
monthly,2026-02-01,pounds,mlp_county,12895619.0,13306607.34,0.030886034997407497,0.0,
monthly,2026-02-01,pounds,zs_ensemble,12394343.727616558,13306607.34,0.06855719035468599,0.63,
monthly,2026-02-01,pounds,dl_ensemble,12706995.181904139,13306607.34,0.04506123482680757,0.57,
monthly,2026-02-01,individuals,bolt_tiny_state,740875.25,853046.0,0.1314943742775888,0.02,
monthly,2026-02-01,individuals,bolt_small_state,730541.1875,853046.0,0.14360868288462758,0.03,
monthly,2026-02-01,individuals,bolt_base_state,731269.0,853046.0,0.14275549032525792,0.06,
monthly,2026-02-01,individuals,bolt_base_state_log,717095.6513863865,853046.0,0.1593704778096533,0.05,
monthly,2026-02-01,individuals,bolt_base_foodbank,725123.1179199219,853046.0,0.1499601218223614,0.09,
monthly,2026-02-01,individuals,bolt_base_county,715935.4197311401,853046.0,0.16073058225331327,0.48,
monthly,2026-02-01,individuals,chronos2_state,734640.6875,853046.0,0.13880296314618434,0.04,
monthly,2026-02-01,individuals,chronos2_state_log,733864.4912792329,853046.0,0.13971287447660163,0.04,
monthly,2026-02-01,individuals,chronos2_multivar_log,730088.625,853046.0,0.14413920820213677,0.05,
monthly,2026-02-01,individuals,chronos2_foodbank,734642.286315918,853046.0,0.1388010889026876,0.09,
monthly,2026-02-01,individuals,chronos2_county,721146.8945007324,853046.0,0.15462132815729468,0.49,
monthly,2026-02-01,individuals,chronos2_county_xlearn,705662.6333236694,853046.0,0.1727730587522016,0.49,
monthly,2026-02-01,individuals,nhits_county,731661.1875,853046.0,0.14229574079240748,0.0,
monthly,2026-02-01,individuals,nbeats_county,743929.5625,853046.0,0.12791389620254945,0.0,
monthly,2026-02-01,individuals,mlp_county,746625.5625,853046.0,0.12475345702341956,0.0,
monthly,2026-02-01,individuals,zs_ensemble,728760.1285933218,853046.0,0.1456965643197181,0.56,
monthly,2026-02-01,individuals,dl_ensemble,737744.1102733305,853046.0,0.13516491458452362,0.57,
monthly,2026-03-01,visits,bolt_tiny_state,256141.46875,279131.0,0.08236108225170258,0.01,
monthly,2026-03-01,visits,bolt_small_state,254462.6875,279131.0,0.08837539542365414,0.02,
monthly,2026-03-01,visits,bolt_base_state,257482.25,279131.0,0.07755767005456216,0.05,
monthly,2026-03-01,visits,bolt_base_state_log,253036.48025820946,279131.0,0.0934848502738519,0.05,
monthly,2026-03-01,visits,bolt_base_foodbank,259426.6905822754,279131.0,0.07059161976894224,0.09,
monthly,2026-03-01,visits,bolt_base_county,257853.3504295349,279131.0,0.07622818522652475,0.43,
monthly,2026-03-01,visits,chronos2_state,258786.515625,279131.0,0.07288507680981327,0.04,
monthly,2026-03-01,visits,chronos2_state_log,257310.86836460978,279131.0,0.07817165286331584,0.04,
monthly,2026-03-01,visits,chronos2_multivar_log,256934.96875,279131.0,0.07951833099870675,0.05,
monthly,2026-03-01,visits,chronos2_foodbank,260504.57035827637,279131.0,0.06673006452785124,0.08,
monthly,2026-03-01,visits,chronos2_county,260668.4591255188,279131.0,0.06614292527337062,0.48,
monthly,2026-03-01,visits,chronos2_county_xlearn,255658.4674987793,279131.0,0.08409145706217047,0.46,
monthly,2026-03-01,visits,nhits_county,260476.21875,279131.0,0.06683163550447635,0.09,
monthly,2026-03-01,visits,nbeats_county,260574.125,279131.0,0.06648088173653233,0.09,
monthly,2026-03-01,visits,mlp_county,262258.03125,279131.0,0.06044820800985917,0.07,
monthly,2026-03-01,visits,zs_ensemble,258487.19249670953,279131.0,0.0739574160637495,0.56,
monthly,2026-03-01,visits,dl_ensemble,260448.89187417738,279131.0,0.06692953532865431,0.55,
monthly,2026-03-01,pounds,bolt_tiny_state,12986161.0,13642661.744,0.048121162594149,0.01,
monthly,2026-03-01,pounds,bolt_small_state,12909792.0,13642661.744,0.05371897051704844,0.03,
monthly,2026-03-01,pounds,bolt_base_state,12994655.0,13642661.744,0.04749855681828308,0.05,
monthly,2026-03-01,pounds,bolt_base_state_log,12886425.494954485,13642661.744,0.05543172316634659,0.05,
monthly,2026-03-01,pounds,bolt_base_foodbank,13021897.180175781,13642661.744,0.04550171920059731,0.09,
monthly,2026-03-01,pounds,bolt_base_county,12901761.158935547,13642661.744,0.054307626984177015,0.43,
monthly,2026-03-01,pounds,chronos2_state,12933234.0,13642661.744,0.05200068412690839,0.04,
monthly,2026-03-01,pounds,chronos2_state_log,12944611.841957057,13642661.744,0.051166694237650856,0.04,
monthly,2026-03-01,pounds,chronos2_multivar_log,12867906.0,13642661.744,0.05678919250055703,0.05,
monthly,2026-03-01,pounds,chronos2_foodbank,12982023.995605469,13642661.744,0.048424402861492855,0.09,
monthly,2026-03-01,pounds,chronos2_county,12875322.615966797,13642661.744,0.05624555841316503,0.53,
monthly,2026-03-01,pounds,chronos2_county_xlearn,12856622.78881836,13642661.744,0.057616246003265426,0.53,
monthly,2026-03-01,pounds,nhits_county,12994167.0,13642661.744,0.04753432696410631,0.0,
monthly,2026-03-01,pounds,nbeats_county,13178707.0,13642661.744,0.03400764108250698,0.0,
monthly,2026-03-01,pounds,mlp_county,13307086.0,13642661.744,0.02459752724922515,0.0,
monthly,2026-03-01,pounds,zs_ensemble,12938196.485974617,13642661.744,0.05163693648969969,0.65,
monthly,2026-03-01,pounds,dl_ensemble,13104539.121493654,13642661.744,0.03944410794638453,0.58,
monthly,2026-03-01,individuals,bolt_tiny_state,795785.1875,865523.0,0.08057303214357103,0.01,
monthly,2026-03-01,individuals,bolt_small_state,779493.6875,865523.0,0.09939575551429602,0.02,
monthly,2026-03-01,individuals,bolt_base_state,793114.75,865523.0,0.08365837765143158,0.05,
monthly,2026-03-01,individuals,bolt_base_state_log,779205.0783236355,865523.0,0.09972920612896996,0.05,
monthly,2026-03-01,individuals,bolt_base_foodbank,808344.8914794922,865523.0,0.06606191692249408,0.09,
monthly,2026-03-01,individuals,bolt_base_county,802191.2437667847,865523.0,0.07317166179664236,0.44,
monthly,2026-03-01,individuals,chronos2_state,791224.125,865523.0,0.0858427505681536,0.04,
monthly,2026-03-01,individuals,chronos2_state_log,785607.8497007668,865523.0,0.09233163104762454,0.04,
monthly,2026-03-01,individuals,chronos2_multivar_log,785347.875,865523.0,0.0926319982253504,0.05,
monthly,2026-03-01,individuals,chronos2_foodbank,803645.1264038086,865523.0,0.07149188825275743,0.08,
monthly,2026-03-01,individuals,chronos2_county,794744.8913421631,865523.0,0.08177495994657213,0.47,
monthly,2026-03-01,individuals,chronos2_county_xlearn,795238.9198379517,865523.0,0.08120417384869993,0.47,
monthly,2026-03-01,individuals,nhits_county,795548.3125,865523.0,0.0808467106015669,0.0,
monthly,2026-03-01,individuals,nbeats_county,796709.6875,865523.0,0.07950489183996268,0.0,
monthly,2026-03-01,individuals,mlp_county,806441.375,865523.0,0.06826118427817629,0.0,
monthly,2026-03-01,individuals,zs_ensemble,791155.8303476432,865523.0,0.08592165621520953,0.58,
monthly,2026-03-01,individuals,dl_ensemble,797463.8013369108,865523.0,0.07863361073372888,0.61,
monthly,2026-04-01,visits,bolt_tiny_state,266692.1875,263173.0,0.013372144938880615,0.01,
monthly,2026-04-01,visits,bolt_small_state,264198.875,263173.0,0.0038981012489882616,0.02,
monthly,2026-04-01,visits,bolt_base_state,268437.53125,263173.0,0.020004070516352446,0.05,
monthly,2026-04-01,visits,bolt_base_state_log,263336.9652538476,263173.0,0.0006230322025724266,0.05,
monthly,2026-04-01,visits,bolt_base_foodbank,274529.464263916,263173.0,0.04315208727307129,0.11,
monthly,2026-04-01,visits,bolt_base_county,269873.6548652649,263173.0,0.02546102702505526,0.49,
monthly,2026-04-01,visits,chronos2_state,271055.0,263173.0,0.029949880876837698,0.04,
monthly,2026-04-01,visits,chronos2_state_log,270698.62764717493,263173.0,0.02859574366357842,0.04,
monthly,2026-04-01,visits,chronos2_multivar_log,270982.75,263173.0,0.029675346635103184,0.05,
monthly,2026-04-01,visits,chronos2_foodbank,274696.676071167,263173.0,0.04378745567047915,0.09,
monthly,2026-04-01,visits,chronos2_county,272989.62352752686,263173.0,0.037301028325576135,0.48,
monthly,2026-04-01,visits,chronos2_county_xlearn,269638.2449645996,263173.0,0.02456652074718768,0.45,
monthly,2026-04-01,visits,nhits_county,275186.96875,263173.0,0.04565046091354352,9.16,
monthly,2026-04-01,visits,nbeats_county,276349.4375,263173.0,0.05006758862041316,9.67,
monthly,2026-04-01,visits,mlp_county,274590.9375,263173.0,0.043385672162417954,2.31,
monthly,2026-04-01,visits,zs_ensemble,270708.5941415673,263173.0,0.028633614168502408,0.54,
monthly,2026-04-01,visits,dl_ensemble,274208.98447289184,263173.0,0.04193433396621926,0.52,
monthly,2026-04-01,pounds,bolt_tiny_state,13305430.0,13074244.029,0.017682549789280966,0.01,
monthly,2026-04-01,pounds,bolt_small_state,13215313.0,13074244.029,0.010789837690584392,0.02,
monthly,2026-04-01,pounds,bolt_base_state,13492218.0,13074244.029,0.03196926492062513,0.05,
monthly,2026-04-01,pounds,bolt_base_state_log,13326890.822639266,13074244.029,0.019324007803347643,0.05,
monthly,2026-04-01,pounds,bolt_base_foodbank,13501707.6875,13074244.029,0.032695095605668856,0.09,
monthly,2026-04-01,pounds,bolt_base_county,13210220.38696289,13074244.029,0.010400322776696003,0.42,
monthly,2026-04-01,pounds,chronos2_state,13248915.0,13074244.029,0.013359928926870435,0.04,
monthly,2026-04-01,pounds,chronos2_state_log,13242513.705820804,13074244.029,0.01287031788970494,0.04,
monthly,2026-04-01,pounds,chronos2_multivar_log,13246910.0,13074244.029,0.013206573979880565,0.05,
monthly,2026-04-01,pounds,chronos2_foodbank,13208140.627929688,13074244.029,0.010241249791016038,0.09,
monthly,2026-04-01,pounds,chronos2_county,13200305.952148438,13074244.029,0.009642004759037759,0.46,
monthly,2026-04-01,pounds,chronos2_county_xlearn,12967128.803222656,13074244.029,0.008192842778500298,0.45,
monthly,2026-04-01,pounds,nhits_county,13396296.0,13074244.029,0.024632550095107453,0.0,
monthly,2026-04-01,pounds,nbeats_county,13540911.0,13074244.029,0.035693610274130316,0.0,
monthly,2026-04-01,pounds,mlp_county,13370912.0,13074244.029,0.022691022925835025,0.0,
monthly,2026-04-01,pounds,zs_ensemble,13311679.219323082,13074244.029,0.018160529189789276,0.55,
monthly,2026-04-01,pounds,dl_ensemble,13404949.554830771,13074244.029,0.025294428121215518,0.54,
monthly,2026-04-01,individuals,bolt_tiny_state,831477.0,801510.0,0.03738817981060749,0.01,
monthly,2026-04-01,individuals,bolt_small_state,819269.0625,801510.0,0.022157006774712773,0.02,
monthly,2026-04-01,individuals,bolt_base_state,825961.4375,801510.0,0.030506715449588828,0.05,
monthly,2026-04-01,individuals,bolt_base_state_log,813709.5698614434,801510.0,0.015220733192902625,0.05,
monthly,2026-04-01,individuals,bolt_base_foodbank,845978.0187988281,801510.0,0.05548030442393492,0.09,
monthly,2026-04-01,individuals,bolt_base_county,829940.9552383423,801510.0,0.03547174113653262,0.41,
monthly,2026-04-01,individuals,chronos2_state,837737.125,801510.0,0.04519859390400627,0.04,
monthly,2026-04-01,individuals,chronos2_state_log,833781.8477384073,801510.0,0.04026381172837179,0.04,
monthly,2026-04-01,individuals,chronos2_multivar_log,832987.875,801510.0,0.039273215555638785,0.05,
monthly,2026-04-01,individuals,chronos2_foodbank,844505.3916625977,801510.0,0.05364298843757109,0.08,
monthly,2026-04-01,individuals,chronos2_county,838166.8173675537,801510.0,0.04573469746797132,0.47,
monthly,2026-04-01,individuals,chronos2_county_xlearn,841198.8278503418,801510.0,0.04951757039879956,0.47,
monthly,2026-04-01,individuals,nhits_county,841276.5625,801510.0,0.049614555651208425,0.0,
monthly,2026-04-01,individuals,nbeats_county,842729.0,801510.0,0.051426682137465596,0.0,
monthly,2026-04-01,individuals,mlp_county,833874.75,801510.0,0.040379720777033334,0.0,
monthly,2026-04-01,individuals,zs_ensemble,832636.7008686537,801510.0,0.03883507488197746,0.56,
monthly,2026-04-01,individuals,dl_ensemble,837629.2533421634,801510.0,0.04506400836192115,0.57,
monthly,2026-05-01,visits,bolt_tiny_state,263207.8125,229370.0,0.14752501416924613,0.02,
monthly,2026-05-01,visits,bolt_small_state,259328.328125,229370.0,0.13061136210053625,0.02,
monthly,2026-05-01,visits,bolt_base_state,263477.5,229370.0,0.14870078911801898,0.05,
monthly,2026-05-01,visits,bolt_base_state_log,258312.53495942426,229370.0,0.1261827395013484,0.05,
monthly,2026-05-01,visits,bolt_base_foodbank,265275.7266693115,229370.0,0.15654064031613335,0.1,
monthly,2026-05-01,visits,bolt_base_county,262313.08266448975,229370.0,0.14362419960975603,0.42,
monthly,2026-05-01,visits,chronos2_state,265180.34375,229370.0,0.15612479291101722,0.04,
monthly,2026-05-01,visits,chronos2_state_log,264882.4637047167,229370.0,0.1548261050037787,0.04,
monthly,2026-05-01,visits,chronos2_multivar_log,265217.90625,229370.0,0.15628855669878372,0.05,
monthly,2026-05-01,visits,chronos2_foodbank,267774.6858215332,229370.0,0.16743552261208183,0.08,
monthly,2026-05-01,visits,chronos2_county,264828.3783760071,229370.0,0.15459030551513742,0.47,
monthly,2026-05-01,visits,chronos2_county_xlearn,262234.8913612366,229370.0,0.1432833036632366,0.48,
monthly,2026-05-01,visits,nhits_county,270084.90625,229370.0,0.17750754784845446,0.09,
monthly,2026-05-01,visits,nbeats_county,267730.84375,229370.0,0.16724438134891217,0.11,
monthly,2026-05-01,visits,mlp_county,266242.21875,229370.0,0.16075432162008974,0.11,
monthly,2026-05-01,visits,zs_ensemble,264396.1140269079,229370.0,0.1527057332123114,0.55,
monthly,2026-05-01,visits,dl_ensemble,267113.52069422696,229370.0,0.1645529960074419,0.55,
monthly,2026-05-01,pounds,bolt_tiny_state,13021090.0,11536291.828,0.12870671045233206,0.01,
monthly,2026-05-01,pounds,bolt_small_state,13034591.0,11536291.828,0.12987701718531808,0.02,
monthly,2026-05-01,pounds,bolt_base_state,13289532.0,11536291.828,0.1519760593906503,0.05,
monthly,2026-05-01,pounds,bolt_base_state_log,13111370.676024789,11536291.828,0.1365325072829624,0.05,
monthly,2026-05-01,pounds,bolt_base_foodbank,13307295.015136719,11536291.828,0.15351581023967142,0.09,
monthly,2026-05-01,pounds,bolt_base_county,13114653.98022461,11536291.828,0.13681711383147666,0.41,
monthly,2026-05-01,pounds,chronos2_state,13266727.0,11536291.828,0.1499992543357842,0.04,
monthly,2026-05-01,pounds,chronos2_state_log,13273718.898318036,11536291.828,0.15060533282463306,0.04,
monthly,2026-05-01,pounds,chronos2_multivar_log,13281468.0,11536291.828,0.15127704794743857,0.05,
monthly,2026-05-01,pounds,chronos2_foodbank,13323982.624023438,11536291.828,0.15496234168456913,0.08,
monthly,2026-05-01,pounds,chronos2_county,13222412.353515625,11536291.828,0.14615792931167038,0.46,
monthly,2026-05-01,pounds,chronos2_county_xlearn,13068163.733154297,11536291.828,0.132787201294289,0.48,
monthly,2026-05-01,pounds,nhits_county,13262927.0,11536291.828,0.14966985906244545,0.0,
monthly,2026-05-01,pounds,nbeats_county,13328347.0,11536291.828,0.15534065874187242,0.0,
monthly,2026-05-01,pounds,mlp_county,13242594.0,11536291.828,0.14790733430118297,0.0,
monthly,2026-05-01,pounds,zs_ensemble,13261887.750611221,11536291.828,0.14957977384231813,0.57,
monthly,2026-05-01,pounds,dl_ensemble,13273938.937652806,11536291.828,0.15062440648695463,0.53,
monthly,2026-05-01,individuals,bolt_tiny_state,805479.625,710185.0,0.13418281856136072,0.01,
monthly,2026-05-01,individuals,bolt_small_state,784763.625,710185.0,0.10501295437104408,0.02,
monthly,2026-05-01,individuals,bolt_base_state,802179.0625,710185.0,0.1295353499440286,0.05,
monthly,2026-05-01,individuals,bolt_base_state_log,781874.4249626895,710185.0,0.10094471857711662,0.05,
monthly,2026-05-01,individuals,bolt_base_foodbank,810038.1088256836,710185.0,0.14060154583057027,0.1,
monthly,2026-05-01,individuals,bolt_base_county,799682.4934082031,710185.0,0.12601997142744925,0.4,
monthly,2026-05-01,individuals,chronos2_state,816062.0,710185.0,0.14908368946119666,0.04,
monthly,2026-05-01,individuals,chronos2_state_log,815564.8028251971,710185.0,0.1483835941694025,0.04,
monthly,2026-05-01,individuals,chronos2_multivar_log,815256.0625,710185.0,0.14794886191626122,0.05,
monthly,2026-05-01,individuals,chronos2_foodbank,817095.3350219727,710185.0,0.15053871177506228,0.09,
monthly,2026-05-01,individuals,chronos2_county,810678.9429626465,710185.0,0.14150389400317742,0.46,
monthly,2026-05-01,individuals,chronos2_county_xlearn,805731.0025405884,710185.0,0.13453677920624685,0.45,
monthly,2026-05-01,individuals,nhits_county,823699.0,710185.0,0.15983722551166246,0.0,
monthly,2026-05-01,individuals,nbeats_county,816733.375,710185.0,0.15002904172856368,0.0,
monthly,2026-05-01,individuals,mlp_county,810479.75,710185.0,0.1412234136175785,0.0,
monthly,2026-05-01,individuals,zs_ensemble,809474.2694292812,710185.0,0.13980761270553632,0.54,
monthly,2026-05-01,individuals,dl_ensemble,815096.5986073203,710185.0,0.1477243233908352,0.58,
monthly,2026-06-01,visits,bolt_tiny_state,244113.09375,239937.0,0.017404959426849498,0.01,
monthly,2026-06-01,visits,bolt_small_state,242036.40625,239937.0,0.00874982287017012,0.02,
monthly,2026-06-01,visits,bolt_base_state,242464.0,239937.0,0.010531931298632502,0.06,
monthly,2026-06-01,visits,bolt_base_state_log,240584.62529288098,239937.0,0.002699147246489675,0.06,
monthly,2026-06-01,visits,bolt_base_foodbank,237995.02938842773,239937.0,0.008093668802945264,0.1,
monthly,2026-06-01,visits,bolt_base_county,235988.82188796997,239937.0,0.016455061587125064,0.46,
monthly,2026-06-01,visits,chronos2_state,250092.171875,239937.0,0.042324326281482305,0.04,
monthly,2026-06-01,visits,chronos2_state_log,251466.07332882626,239937.0,0.048050418771703685,0.04,
monthly,2026-06-01,visits,chronos2_multivar_log,251410.6875,239937.0,0.047819583890771344,0.05,
monthly,2026-06-01,visits,chronos2_foodbank,245932.34098815918,239937.0,0.024987146576639585,0.09,
monthly,2026-06-01,visits,chronos2_county,243410.4992866516,239937.0,0.014476713831762522,0.51,
monthly,2026-06-01,visits,chronos2_county_xlearn,246608.33465194702,239937.0,0.02780452640462716,0.48,
monthly,2026-06-01,visits,nhits_county,242764.9375,239937.0,0.01178616678544775,0.09,
monthly,2026-06-01,visits,nbeats_county,249245.15625,239937.0,0.03879416784405909,0.08,
monthly,2026-06-01,visits,mlp_county,244954.0,239937.0,0.020909655451222697,0.07,
monthly,2026-06-01,visits,zs_ensemble,245780.19087182594,239937.0,0.024353021300699496,0.52,
monthly,2026-06-01,visits,dl_ensemble,245686.07115545648,239937.0,0.023960752845357147,0.53,
monthly,2026-06-01,pounds,bolt_tiny_state,12186720.0,12253807.27,0.005474810279107567,0.01,
monthly,2026-06-01,pounds,bolt_small_state,12268978.0,12253807.27,0.0012380421583046974,0.02,
monthly,2026-06-01,pounds,bolt_base_state,12391756.0,12253807.27,0.011257621974986476,0.05,
monthly,2026-06-01,pounds,bolt_base_state_log,12233921.830957644,12253807.27,0.001622796785048175,0.05,
monthly,2026-06-01,pounds,bolt_base_foodbank,12306736.799316406,12253807.27,0.004319435433425722,0.1,
monthly,2026-06-01,pounds,bolt_base_county,12168373.958496094,12253807.27,0.006971981003248251,0.43,
monthly,2026-06-01,pounds,chronos2_state,12285733.0,12253807.27,0.0026053722974868077,0.05,
monthly,2026-06-01,pounds,chronos2_state_log,12176444.753744835,12253807.27,0.0063133452771503284,0.04,
monthly,2026-06-01,pounds,chronos2_multivar_log,12380775.0,12253807.27,0.010361492326621313,0.05,
monthly,2026-06-01,pounds,chronos2_foodbank,12510548.357910156,12253807.27,0.020951944342940232,0.08,
monthly,2026-06-01,pounds,chronos2_county,12451748.854492188,12253807.27,0.016153476232386277,0.46,
monthly,2026-06-01,pounds,chronos2_county_xlearn,12299675.883300781,12253807.27,0.0037432132144821217,0.61,
monthly,2026-06-01,pounds,nhits_county,12219092.0,12253807.27,0.002833019096439515,0.0,
monthly,2026-06-01,pounds,nbeats_county,12519205.0,12253807.27,0.021658389441928882,0.0,
monthly,2026-06-01,pounds,mlp_county,12307309.0,12253807.27,0.0043661311803870895,0.0,
monthly,2026-06-01,pounds,zs_ensemble,12339983.202745674,12253807.27,0.0070325843100742524,0.67,
monthly,2026-06-01,pounds,dl_ensemble,12346397.300686419,12253807.27,0.007556021458987594,0.59,
monthly,2026-06-01,individuals,bolt_tiny_state,745512.1875,740733.0,0.006451970548092323,0.03,
monthly,2026-06-01,individuals,bolt_small_state,730320.6875,740733.0,0.014056768768233585,0.03,
monthly,2026-06-01,individuals,bolt_base_state,733510.25,740733.0,0.009750814396010443,0.06,
monthly,2026-06-01,individuals,bolt_base_state_log,718757.3400262251,740733.0,0.029667450989459,0.05,
monthly,2026-06-01,individuals,bolt_base_foodbank,731603.2655639648,740733.0,0.012325270287722012,0.11,
monthly,2026-06-01,individuals,bolt_base_county,729491.973526001,740733.0,0.015175544324336876,0.42,
monthly,2026-06-01,individuals,chronos2_state,760600.875,740733.0,0.026821911538975618,0.05,
monthly,2026-06-01,individuals,chronos2_state_log,761334.129011776,740733.0,0.027811814799362233,0.05,
monthly,2026-06-01,individuals,chronos2_multivar_log,758444.125,740733.0,0.02391026861230694,0.06,
monthly,2026-06-01,individuals,chronos2_foodbank,756903.5863647461,740733.0,0.021830519721338204,0.1,
monthly,2026-06-01,individuals,chronos2_county,751938.7727737427,740733.0,0.015127951331644018,0.46,
monthly,2026-06-01,individuals,chronos2_county_xlearn,739862.3875961304,740733.0,0.0011753390275168751,0.47,
monthly,2026-06-01,individuals,nhits_county,748573.75,740733.0,0.010585123114536632,0.0,
monthly,2026-06-01,individuals,nbeats_county,753164.5625,740733.0,0.016782784755100755,0.0,
monthly,2026-06-01,individuals,mlp_county,743413.625,740733.0,0.003618881567312382,0.0,
monthly,2026-06-01,individuals,zs_ensemble,748927.7172618395,740733.0,0.011062983911665158,0.58,
monthly,2026-06-01,individuals,dl_ensemble,748519.9136904599,740733.0,0.010512443337153732,0.57,
monthly,2026-07-01,visits,bolt_tiny_state,245563.78125,239143.0,0.02684912897304126,0.02,
monthly,2026-07-01,visits,bolt_small_state,244635.078125,239143.0,0.02296566541776257,0.03,
monthly,2026-07-01,visits,bolt_base_state,247331.84375,239143.0,0.034242456396382126,0.05,
monthly,2026-07-01,visits,bolt_base_state_log,243452.83087112557,239143.0,0.018021982124191593,0.04,
monthly,2026-07-01,visits,bolt_base_foodbank,241882.1427307129,239143.0,0.011453995018515739,0.12,
monthly,2026-07-01,visits,bolt_base_county,241972.91498947144,239143.0,0.01183356815575376,0.46,
monthly,2026-07-01,visits,chronos2_state,247649.59375,239143.0,0.03557115930635635,0.04,
monthly,2026-07-01,visits,chronos2_state_log,248582.39151006145,239143.0,0.039471744981293355,0.04,
monthly,2026-07-01,visits,chronos2_multivar_log,248239.140625,239143.0,0.03803640760967286,0.05,
monthly,2026-07-01,visits,chronos2_foodbank,244572.7812652588,239143.0,0.0227051649651413,0.09,
monthly,2026-07-01,visits,chronos2_county,243750.06539154053,239143.0,0.019264897536371617,0.48,
monthly,2026-07-01,visits,chronos2_county_xlearn,244598.84798431396,239143.0,0.022814165517343055,0.48,
monthly,2026-07-01,visits,nhits_county,250278.765625,239143.0,0.046565300364217244,9.34,
monthly,2026-07-01,visits,nbeats_county,245734.1875,239143.0,0.027561699485245228,8.93,
monthly,2026-07-01,visits,mlp_county,250586.953125,239143.0,0.04785401673893852,3.6,
monthly,2026-07-01,visits,zs_ensemble,246554.76688386733,239143.0,0.030993032971349033,0.97,
monthly,2026-07-01,visits,dl_ensemble,248288.66828346683,239143.0,0.03824351238993762,0.74,
monthly,2026-07-01,pounds,bolt_tiny_state,12442651.0,12999406.86,0.04282932798366146,0.02,
monthly,2026-07-01,pounds,bolt_small_state,12450479.0,12999406.86,0.042227146662290105,0.03,
monthly,2026-07-01,pounds,bolt_base_state,12566350.0,12999406.86,0.03331358612465185,0.07,
monthly,2026-07-01,pounds,bolt_base_state_log,12370437.15424054,12999406.86,0.04838449265672573,0.11,
monthly,2026-07-01,pounds,bolt_base_foodbank,12518004.956054688,12999406.86,0.037032605343449654,0.19,
monthly,2026-07-01,pounds,bolt_base_county,12411577.971923828,12999406.86,0.045219669974709276,0.71,
monthly,2026-07-01,pounds,chronos2_state,12543707.0,12999406.86,0.035055434829277976,0.05,
monthly,2026-07-01,pounds,chronos2_state_log,12633395.779501945,12999406.86,0.028155983149069197,0.06,
monthly,2026-07-01,pounds,chronos2_multivar_log,12717190.0,12999406.86,0.021709979773646304,0.07,
monthly,2026-07-01,pounds,chronos2_foodbank,12489495.706054688,12999406.86,0.03922572463781715,0.13,
monthly,2026-07-01,pounds,chronos2_county,12523397.19506836,12999406.86,0.036617798800986257,0.6,
monthly,2026-07-01,pounds,chronos2_county_xlearn,12525822.54272461,12999406.86,0.03643122508401819,0.56,
monthly,2026-07-01,pounds,nhits_county,12648458.0,12999406.86,0.026997297936715237,0.0,
monthly,2026-07-01,pounds,nbeats_county,12428010.0,12999406.86,0.04395561014081528,0.0,
monthly,2026-07-01,pounds,mlp_county,12620447.0,12999406.86,0.029152088559215916,0.0,
monthly,2026-07-01,pounds,zs_ensemble,12574380.991523435,12999406.86,0.032695789358235694,0.61,
monthly,2026-07-01,pounds,dl_ensemble,12567823.99788086,12999406.86,0.033200196498745504,0.58,
monthly,2026-07-01,individuals,bolt_tiny_state,759321.9375,739444.0,0.026882275736904937,0.02,
monthly,2026-07-01,individuals,bolt_small_state,740860.25,739444.0,0.001915290407387138,0.03,
monthly,2026-07-01,individuals,bolt_base_state,749309.125,739444.0,0.013341273984236901,0.06,
monthly,2026-07-01,individuals,bolt_base_state_log,730565.7524322298,739444.0,0.012006653063342476,0.06,
monthly,2026-07-01,individuals,bolt_base_foodbank,745592.3998413086,739444.0,0.008314895842428394,0.11,
monthly,2026-07-01,individuals,bolt_base_county,744799.6671676636,739444.0,0.007242829974499099,0.53,
monthly,2026-07-01,individuals,chronos2_state,758434.5625,739444.0,0.02568221866699849,0.06,
monthly,2026-07-01,individuals,chronos2_state_log,758282.0780122917,739444.0,0.025476003608510878,0.05,
monthly,2026-07-01,individuals,chronos2_multivar_log,759709.4375,739444.0,0.02740631812551042,0.06,
monthly,2026-07-01,individuals,chronos2_foodbank,753073.2319335938,739444.0,0.01843172969635809,0.11,
monthly,2026-07-01,individuals,chronos2_county,756226.9677200317,739444.0,0.0226967393339208,0.52,
monthly,2026-07-01,individuals,chronos2_county_xlearn,748202.0849838257,739444.0,0.01184414909557141,0.77,
monthly,2026-07-01,individuals,nhits_county,769138.4375,739444.0,0.04015779085366833,0.0,
monthly,2026-07-01,individuals,nbeats_county,747456.25,739444.0,0.010835506137043538,0.0,
monthly,2026-07-01,individuals,mlp_county,778053.375,739444.0,0.0522140621872651,0.0,
monthly,2026-07-01,individuals,zs_ensemble,754606.0569107746,739444.0,0.020504672308889527,0.68,
monthly,2026-07-01,individuals,dl_ensemble,762313.5298526937,739444.0,0.03092800787171668,0.61,
final,2026-08-01,visits,bolt_tiny_state,243112.796875,,,0.02,
final,2026-08-01,visits,bolt_small_state,241226.6875,,,0.03,
final,2026-08-01,visits,bolt_base_state,243013.203125,,,0.06,
final,2026-08-01,visits,bolt_base_state_log,240271.8734409472,,,0.06,
final,2026-08-01,visits,bolt_base_foodbank,240441.87297058105,,,0.12,
final,2026-08-01,visits,bolt_base_county,241243.15608215332,,,0.53,
final,2026-08-01,visits,chronos2_state,242960.015625,,,0.07,
final,2026-08-01,visits,chronos2_state_log,243630.74167586392,,,0.06,
final,2026-08-01,visits,chronos2_multivar_log,243729.515625,,,0.08,
final,2026-08-01,visits,chronos2_foodbank,242452.0686340332,,,0.11,
final,2026-08-01,visits,chronos2_county,243625.29043579102,,,0.59,
final,2026-08-01,visits,chronos2_county_xlearn,242992.70026779175,,,0.6,
final,2026-08-01,visits,nhits_county,247793.171875,,,11.61,
final,2026-08-01,visits,nbeats_county,243888.640625,,,10.68,
final,2026-08-01,visits,mlp_county,244926.8125,,,2.47,
final,2026-08-01,visits,zs_ensemble,243423.07841221834,,,0.59,
final,2026-08-01,visits,dl_ensemble,245007.9258530546,,,0.64,
final,2026-08-01,pounds,bolt_tiny_state,12819121.0,,,0.02,
final,2026-08-01,pounds,bolt_small_state,12796079.0,,,0.04,
final,2026-08-01,pounds,bolt_base_state,12712250.0,,,0.07,
final,2026-08-01,pounds,bolt_base_state_log,12619933.131564196,,,0.06,
final,2026-08-01,pounds,bolt_base_foodbank,12804151.2109375,,,0.12,
final,2026-08-01,pounds,bolt_base_county,12760413.93725586,,,0.45,
final,2026-08-01,pounds,chronos2_state,12878525.0,,,0.05,
final,2026-08-01,pounds,chronos2_state_log,12905759.003654817,,,0.05,
final,2026-08-01,pounds,chronos2_multivar_log,12909748.0,,,0.06,
final,2026-08-01,pounds,chronos2_foodbank,12841891.4296875,,,0.11,
final,2026-08-01,pounds,chronos2_county,12830966.967041016,,,0.46,
final,2026-08-01,pounds,chronos2_county_xlearn,12905120.885498047,,,0.55,
final,2026-08-01,pounds,nhits_county,12876191.0,,,0.0,
final,2026-08-01,pounds,nbeats_county,12729746.0,,,0.0,
final,2026-08-01,pounds,mlp_county,12742317.0,,,0.0,
final,2026-08-01,pounds,zs_ensemble,12816325.323565276,,,0.57,
final,2026-08-01,pounds,dl_ensemble,12791144.830891319,,,0.61,
final,2026-08-01,individuals,bolt_tiny_state,747759.75,,,0.02,
final,2026-08-01,individuals,bolt_small_state,738396.9375,,,0.03,
final,2026-08-01,individuals,bolt_base_state,740163.875,,,0.06,
final,2026-08-01,individuals,bolt_base_state_log,725664.1106905179,,,0.06,
final,2026-08-01,individuals,bolt_base_foodbank,738037.8880615234,,,0.12,
final,2026-08-01,individuals,bolt_base_county,739415.6361999512,,,0.6,
final,2026-08-01,individuals,chronos2_state,749749.0,,,0.09,
final,2026-08-01,individuals,chronos2_state_log,749272.7360320402,,,0.06,
final,2026-08-01,individuals,chronos2_multivar_log,749090.5,,,0.07,
final,2026-08-01,individuals,chronos2_foodbank,745937.5104370117,,,0.11,
final,2026-08-01,individuals,chronos2_county,750500.793296814,,,0.51,
final,2026-08-01,individuals,chronos2_county_xlearn,753702.6271362305,,,0.53,
final,2026-08-01,individuals,nhits_county,758783.3125,,,0.0,
final,2026-08-01,individuals,nbeats_county,752751.875,,,0.0,
final,2026-08-01,individuals,mlp_county,758858.375,,,0.0,
final,2026-08-01,individuals,zs_ensemble,746645.8014429514,,,0.55,
final,2026-08-01,individuals,dl_ensemble,754259.8409857379,,,0.62,
