protocol,target_month,metric,model,prediction,actual,ape,seconds,error
august,2023-08-01,visits,seasonal_naive,191311.0,237243.0,0.19360739832155216,0.0,
august,2023-08-01,visits,damped_yoy_3m,216798.4388058834,237243.0,0.08617561400807017,0.0,
august,2023-08-01,visits,panel_carry_d05,215832.73786062436,237243.0,0.09024612797585452,0.04,
august,2023-08-01,visits,panel_carry_d1,237355.44491417316,237243.0,0.0004739651503866682,0.03,
august,2023-08-01,visits,panel_same_site_only,237521.1300969846,237243.0,0.0011723426907626067,0.01,
august,2023-08-01,visits,panel_same_site_damped,214416.06504849228,237243.0,0.09621752781539483,0.01,
august,2023-08-01,visits,panel_same_site_6m_damped,206962.2010246971,237243.0,0.1276362167705808,0.01,
august,2023-08-01,visits,site_build_prob,241031.69916744294,237243.0,0.015969698441863134,0.03,
august,2023-08-01,visits,site_build_active_only,241789.99319470965,237243.0,0.0191659741054937,0.02,
august,2023-08-01,visits,sites_x_avg_d05,219863.6306068378,237243.0,0.07325556241137654,0.01,
august,2023-08-01,visits,sites_x_avg_undamped,232022.1450190497,237243.0,0.022006360486717447,0.01,
august,2023-08-01,visits,xmetric_dyoy_seasonal,216798.4388058834,237243.0,0.08617561400807017,0.0,
august,2023-08-01,visits,xmetric_dyoy_flat,216798.4388058834,237243.0,0.08617561400807017,0.0,
august,2023-08-01,visits,xmetric_dyoy_12m_ratio,216798.4388058834,237243.0,0.08617561400807017,0.0,
august,2023-08-01,visits,foodbank_dyoy_3m,216599.47405173493,237243.0,0.08701426785306654,0.03,
august,2023-08-01,visits,foodbank_dyoy_6m,212724.58612436583,237243.0,0.10334725945816814,0.03,
august,2023-08-01,visits,inner_dyoy_best,234193.46484311493,237243.0,0.012854057472233449,0.06,
august,2023-08-01,visits,inner_dyoy_top5,229119.91578899958,237243.0,0.034239510590409084,0.07,
august,2023-08-01,visits,inner_dyoy_24o_top5,229119.91578899958,237243.0,0.034239510590409084,0.06,
august,2023-08-01,visits,ratio_last_month,234193.46484311493,237243.0,0.012854057472233449,0.0,
august,2023-08-01,visits,ratio_last_3m,242285.87761176677,237243.0,0.021256170305411715,0.0,
august,2023-08-01,visits,combo_dyoy_xmetric_fb,216732.11722116722,237243.0,0.08645516528973574,0.03,
august,2023-08-01,pounds,seasonal_naive,10885355.6,13154185.78,0.17247971238551263,0.0,
august,2023-08-01,pounds,damped_yoy_3m,11830912.004118204,13154185.78,0.10059716336785651,0.0,
august,2023-08-01,pounds,panel_carry_d05,11770120.867804646,13154185.78,0.10521859241943543,0.03,
august,2023-08-01,pounds,panel_carry_d1,12612789.341637598,13154185.78,0.041157730886358324,0.04,
august,2023-08-01,pounds,panel_same_site_only,12631109.090269076,13154185.78,0.03976503741692816,0.01,
august,2023-08-01,pounds,panel_same_site_damped,11758232.345134538,13154185.78,0.10612237490122034,0.01,
august,2023-08-01,pounds,panel_same_site_6m_damped,11659793.79431318,13154185.78,0.11360581420090143,0.02,
august,2023-08-01,pounds,site_build_prob,12739443.044105303,13154185.78,0.03152933543977188,0.03,
august,2023-08-01,pounds,site_build_active_only,12809016.437883036,13154185.78,0.026240266626138764,0.02,
august,2023-08-01,pounds,sites_x_avg_d05,12054384.184939314,13154185.78,0.08360848884564609,0.01,
august,2023-08-01,pounds,sites_x_avg_undamped,12233114.771334233,13154185.78,0.07002113426634049,0.01,
august,2023-08-01,pounds,xmetric_dyoy_seasonal,11432438.537737621,13154185.78,0.13088968569078385,0.01,
august,2023-08-01,pounds,xmetric_dyoy_flat,12020821.52704345,13154185.78,0.08615997005909315,0.01,
august,2023-08-01,pounds,xmetric_dyoy_12m_ratio,12690019.056270698,13154185.78,0.03528661762060814,0.01,
august,2023-08-01,pounds,foodbank_dyoy_3m,11831175.434796512,13154185.78,0.1005771369912557,0.03,
august,2023-08-01,pounds,foodbank_dyoy_6m,11843215.53943425,13154185.78,0.09966183103168469,0.03,
august,2023-08-01,pounds,inner_dyoy_best,12802966.438234761,13154185.78,0.02670019624469966,0.06,
august,2023-08-01,pounds,inner_dyoy_top5,12622199.773674592,13154185.78,0.04044233639563266,0.07,
august,2023-08-01,pounds,inner_dyoy_24o_top5,12622199.773674592,13154185.78,0.04044233639563266,0.07,
august,2023-08-01,pounds,ratio_last_month,12849520.796128985,13154185.78,0.023161067432560967,0.0,
august,2023-08-01,pounds,ratio_last_3m,12776468.408236409,13154185.78,0.028714614350200507,0.0,
august,2023-08-01,pounds,combo_dyoy_xmetric_fb,12117368.831728471,13154185.78,0.07882030599324008,0.04,
august,2023-08-01,individuals,seasonal_naive,538474.0,729120.0,0.2614741057713408,0.0,
august,2023-08-01,individuals,damped_yoy_3m,619597.7055699793,729120.0,0.15021161733325206,0.0,
august,2023-08-01,individuals,panel_carry_d05,616484.185773568,729120.0,0.15448186063533031,0.03,
august,2023-08-01,individuals,panel_carry_d1,685653.5244428907,729120.0,0.059614981837158965,0.03,
august,2023-08-01,individuals,panel_same_site_only,684522.8210365684,729120.0,0.06116576004420615,0.01,
august,2023-08-01,individuals,panel_same_site_damped,611498.4105182842,729120.0,0.16131993290777347,0.01,
august,2023-08-01,individuals,panel_same_site_6m_damped,607161.020697944,729120.0,0.16726873395607855,0.01,
august,2023-08-01,individuals,site_build_prob,694603.4136822387,729120.0,0.04734006242835387,0.03,
august,2023-08-01,individuals,site_build_active_only,697606.0610426124,729120.0,0.043221882484896335,0.02,
august,2023-08-01,individuals,sites_x_avg_d05,627260.400214344,729120.0,0.13970210635513491,0.01,
august,2023-08-01,individuals,sites_x_avg_undamped,670211.0307577297,729120.0,0.08079461438757729,0.01,
august,2023-08-01,individuals,xmetric_dyoy_seasonal,627008.5135396299,729120.0,0.1400475730474684,0.01,
august,2023-08-01,individuals,xmetric_dyoy_flat,659557.9016054207,729120.0,0.09540555518238325,0.01,
august,2023-08-01,individuals,xmetric_dyoy_12m_ratio,650164.9719484206,729120.0,0.10828811176703335,0.0,
august,2023-08-01,individuals,foodbank_dyoy_3m,621105.2612517143,729120.0,0.14814398006951623,0.03,
august,2023-08-01,individuals,foodbank_dyoy_6m,625577.7105720445,729120.0,0.14200994270895806,0.03,
august,2023-08-01,individuals,inner_dyoy_best,709642.8077795582,729120.0,0.026713287552723508,0.06,
august,2023-08-01,individuals,inner_dyoy_top5,691436.3229135211,729120.0,0.051683779194753865,0.06,
august,2023-08-01,individuals,inner_dyoy_24o_top5,691436.3229135211,729120.0,0.051683779194753865,0.06,
august,2023-08-01,individuals,ratio_last_month,711627.5941790971,729120.0,0.02399112055752539,0.0,
august,2023-08-01,individuals,ratio_last_3m,700721.4111399587,729120.0,0.03894912889516311,0.0,
august,2023-08-01,individuals,combo_dyoy_xmetric_fb,630289.3129233714,729120.0,0.13554790305660047,0.04,
august,2024-08-01,visits,seasonal_naive,237243.0,241478.0,0.017537829533125215,0.0,
august,2024-08-01,visits,damped_yoy_3m,250309.58176526165,241478.0,0.03657302845502142,0.0,
august,2024-08-01,visits,panel_carry_d05,243194.62274460058,241478.0,0.0071088163087345,0.04,
august,2024-08-01,visits,panel_carry_d1,256583.35592991541,241478.0,0.06255375615963121,0.04,
august,2024-08-01,visits,panel_same_site_only,265589.22782764066,241478.0,0.09984854863648307,0.01,
august,2024-08-01,visits,panel_same_site_damped,251416.11391382033,241478.0,0.04115535955167893,0.01,
august,2024-08-01,visits,panel_same_site_6m_damped,261591.63200028415,241478.0,0.08329384871617362,0.02,
august,2024-08-01,visits,site_build_prob,258769.93680614608,241478.0,0.0716087461638164,0.04,
august,2024-08-01,visits,site_build_active_only,262132.58972503754,241478.0,0.08553404337056603,0.03,
august,2024-08-01,visits,sites_x_avg_d05,247018.97931882952,241478.0,0.022946104070886486,0.01,
august,2024-08-01,visits,sites_x_avg_undamped,264114.32684691466,241478.0,0.09374074179393022,0.01,
august,2024-08-01,visits,xmetric_dyoy_seasonal,250309.58176526165,241478.0,0.03657302845502142,0.0,
august,2024-08-01,visits,xmetric_dyoy_flat,250309.58176526165,241478.0,0.03657302845502142,0.0,
august,2024-08-01,visits,xmetric_dyoy_12m_ratio,250309.58176526165,241478.0,0.03657302845502142,0.0,
august,2024-08-01,visits,foodbank_dyoy_3m,252339.55379186507,241478.0,0.04497947552930315,0.04,
august,2024-08-01,visits,foodbank_dyoy_6m,263440.9672724996,241478.0,0.09095224936640012,0.04,
august,2024-08-01,visits,inner_dyoy_best,264801.86560927366,241478.0,0.09658795256409958,0.45,
august,2024-08-01,visits,inner_dyoy_top5,263267.6166402143,241478.0,0.0902343759688844,0.4,
august,2024-08-01,visits,inner_dyoy_24o_top5,263267.6166402143,241478.0,0.0902343759688844,0.43,
august,2024-08-01,visits,ratio_last_month,263099.9764096256,241478.0,0.08954015028129114,0.0,
august,2024-08-01,visits,ratio_last_3m,266175.3478237188,241478.0,0.10227576766297042,0.0,
august,2024-08-01,visits,combo_dyoy_xmetric_fb,250986.2391074628,241478.0,0.03937517747978214,0.06,
august,2024-08-01,pounds,seasonal_naive,13154185.78,13235462.38,0.00614082059745924,0.0,
august,2024-08-01,pounds,damped_yoy_3m,13908218.059881598,13235462.38,0.05082978293967222,0.0,
august,2024-08-01,pounds,panel_carry_d05,13509016.584051456,13235462.38,0.02066827710264363,0.06,
august,2024-08-01,pounds,panel_carry_d1,14280966.138878819,13235462.38,0.07899261309213279,0.06,
august,2024-08-01,pounds,panel_same_site_only,14801258.992007874,13235462.38,0.11830312890118111,0.02,
august,2024-08-01,pounds,panel_same_site_damped,13977722.386003938,13235462.38,0.05608115415186088,0.02,
august,2024-08-01,pounds,panel_same_site_6m_damped,14248545.328554738,13235462.38,0.07654307189793386,0.02,
august,2024-08-01,pounds,site_build_prob,14076648.604003415,13235462.38,0.06355548448949722,0.05,
august,2024-08-01,pounds,site_build_active_only,14284038.433142811,13235462.38,0.07922473904102545,0.03,
august,2024-08-01,pounds,sites_x_avg_d05,13773306.89272509,13235462.38,0.04063662434172466,0.01,
august,2024-08-01,pounds,sites_x_avg_undamped,14745323.666885452,13235462.38,0.11407695806434326,0.01,
august,2024-08-01,pounds,xmetric_dyoy_seasonal,13934828.80563849,13235462.38,0.05284034705846752,0.01,
august,2024-08-01,pounds,xmetric_dyoy_flat,13935067.358859636,13235462.38,0.052858370850481284,0.01,
august,2024-08-01,pounds,xmetric_dyoy_12m_ratio,13717483.136128047,13235462.38,0.03641888301963858,0.01,
august,2024-08-01,pounds,foodbank_dyoy_3m,13952022.562309131,13235462.38,0.0541394143805598,0.05,
august,2024-08-01,pounds,foodbank_dyoy_6m,14275444.00193771,13235462.38,0.07857539027191196,0.05,
august,2024-08-01,pounds,inner_dyoy_best,15228377.938262314,13235462.38,0.1505739279100511,0.39,
august,2024-08-01,pounds,inner_dyoy_top5,14839344.190605402,13235462.38,0.12118064065740652,0.38,
august,2024-08-01,pounds,inner_dyoy_24o_top5,14839344.190605402,13235462.38,0.12118064065740652,0.43,
august,2024-08-01,pounds,ratio_last_month,15133718.693821477,13235462.38,0.14342198703159137,0.0,
august,2024-08-01,pounds,ratio_last_3m,14451739.907756997,13235462.38,0.0918953560394613,0.01,
august,2024-08-01,pounds,combo_dyoy_xmetric_fb,13859241.252772925,13235462.38,0.047129360113290275,0.07,
august,2024-08-01,individuals,seasonal_naive,729120.0,745923.0,0.022526453802872437,0.0,
august,2024-08-01,individuals,damped_yoy_3m,785737.8417050604,745923.0,0.05337661086340062,0.0,
august,2024-08-01,individuals,panel_carry_d05,764541.882568166,745923.0,0.024960864014336615,0.06,
august,2024-08-01,individuals,panel_carry_d1,819914.6670712945,745923.0,0.0991947789132317,0.05,
august,2024-08-01,individuals,panel_same_site_only,845971.4593337566,745923.0,0.1341270604791065,0.02,
august,2024-08-01,individuals,panel_same_site_damped,787545.7296668782,745923.0,0.05580030333811692,0.02,
august,2024-08-01,individuals,panel_same_site_6m_damped,818537.6841498913,745923.0,0.09734876676264337,0.02,
august,2024-08-01,individuals,site_build_prob,800853.3165474405,745923.0,0.0736407330883222,0.05,
august,2024-08-01,individuals,site_build_active_only,811396.2865006247,745923.0,0.08777485947024655,0.03,
august,2024-08-01,individuals,sites_x_avg_d05,772498.8371351517,745923.0,0.03562812399557558,0.01,
august,2024-08-01,individuals,sites_x_avg_undamped,846801.2527991306,745923.0,0.1352394989819734,0.01,
august,2024-08-01,individuals,xmetric_dyoy_seasonal,800564.8498541615,745923.0,0.07325400859627806,0.01,
august,2024-08-01,individuals,xmetric_dyoy_flat,792478.8690205947,745923.0,0.062413773299113684,0.01,
august,2024-08-01,individuals,xmetric_dyoy_12m_ratio,786968.1087509579,745923.0,0.055025932637762676,0.01,
august,2024-08-01,individuals,foodbank_dyoy_3m,796651.727113768,745923.0,0.0680079942752374,0.05,
august,2024-08-01,individuals,foodbank_dyoy_6m,827203.722537734,745923.0,0.1089666393685862,0.05,
august,2024-08-01,individuals,inner_dyoy_best,832239.7836029731,745923.0,0.11571808833213759,0.31,
august,2024-08-01,individuals,inner_dyoy_top5,831568.9604112959,745923.0,0.11481876870842678,0.37,
august,2024-08-01,individuals,inner_dyoy_24o_top5,840477.1427302003,745923.0,0.12676126454097858,0.45,
august,2024-08-01,individuals,ratio_last_month,822256.6011123792,745923.0,0.10233442474944354,0.0,
august,2024-08-01,individuals,ratio_last_3m,825951.1733657639,745923.0,0.10728744570922721,0.0,
august,2024-08-01,individuals,combo_dyoy_xmetric_fb,789785.8925232622,745923.0,0.05880351259213379,0.06,
august,2025-08-01,visits,seasonal_naive,241478.0,240290.0,0.004944025968621313,0.0,
august,2025-08-01,visits,damped_yoy_3m,248865.81358092456,240290.0,0.03568943185702511,0.0,
august,2025-08-01,visits,panel_carry_d05,250134.41214149244,240290.0,0.04096887985972142,0.08,
august,2025-08-01,visits,panel_carry_d1,261569.1635679207,240290.0,0.0885561761534841,0.08,
august,2025-08-01,visits,panel_same_site_only,264896.0122703561,240290.0,0.10240131620273885,0.02,
august,2025-08-01,visits,panel_same_site_damped,253187.00613517806,240290.0,0.05367267108568008,0.02,
august,2025-08-01,visits,panel_same_site_6m_damped,253176.9271820637,240290.0,0.05363072613119013,0.02,
august,2025-08-01,visits,site_build_prob,270735.82625593303,240290.0,0.12670450811907719,0.07,
august,2025-08-01,visits,site_build_active_only,273462.02454373945,240290.0,0.1380499585656476,0.04,
august,2025-08-01,visits,sites_x_avg_d05,248237.0184885277,240290.0,0.03307261429326114,0.01,
august,2025-08-01,visits,sites_x_avg_undamped,260952.1539608469,240290.0,0.08598840551353315,0.01,
august,2025-08-01,visits,xmetric_dyoy_seasonal,248865.81358092456,240290.0,0.03568943185702511,0.0,
august,2025-08-01,visits,xmetric_dyoy_flat,248865.81358092456,240290.0,0.03568943185702511,0.0,
august,2025-08-01,visits,xmetric_dyoy_12m_ratio,248865.81358092456,240290.0,0.03568943185702511,0.0,
august,2025-08-01,visits,foodbank_dyoy_3m,248817.11638192233,240290.0,0.03548677174215453,0.06,
august,2025-08-01,visits,foodbank_dyoy_6m,248239.26788685293,240290.0,0.03308197547485503,0.06,
august,2025-08-01,visits,inner_dyoy_best,248865.81358092456,240290.0,0.03568943185702511,0.39,
august,2025-08-01,visits,inner_dyoy_top5,247962.70712833543,240290.0,0.03193102970716821,0.38,
august,2025-08-01,visits,inner_dyoy_24o_top5,256990.20779948388,240290.0,0.06950021973233955,0.75,
august,2025-08-01,visits,ratio_last_month,282727.64796466567,240290.0,0.17661012927989383,0.01,
august,2025-08-01,visits,ratio_last_3m,273725.9847847815,240290.0,0.13914846554072802,0.01,
august,2025-08-01,visits,combo_dyoy_xmetric_fb,248849.58118125715,240290.0,0.03562187848540166,0.07,
august,2025-08-01,pounds,seasonal_naive,13235462.38,12821574.42,0.032280587893666945,0.0,
august,2025-08-01,pounds,damped_yoy_3m,12824472.052094165,12821574.42,0.00022599658975153147,0.0,
august,2025-08-01,pounds,panel_carry_d05,12808526.185117992,12821574.42,0.0010176780522097584,0.08,
august,2025-08-01,pounds,panel_carry_d1,12607023.069177615,12821574.42,0.01673361974077947,0.07,
august,2025-08-01,pounds,panel_same_site_only,12821074.146640392,12821574.42,3.9018091165687885e-05,0.02,
august,2025-08-01,pounds,panel_same_site_damped,13028268.263320196,12821574.42,0.016120784901250573,0.02,
august,2025-08-01,pounds,panel_same_site_6m_damped,13195646.978058215,12821574.42,0.02917524367948987,0.03,
august,2025-08-01,pounds,site_build_prob,13021843.284240492,12821574.42,0.015619678027068096,0.06,
august,2025-08-01,pounds,site_build_active_only,13161259.1505878,12821574.42,0.026493215221520483,0.04,
august,2025-08-01,pounds,sites_x_avg_d05,12711279.511304015,12821574.42,0.008602290567680915,0.01,
august,2025-08-01,pounds,sites_x_avg_undamped,12613449.07221587,12821574.42,0.016232433004442992,0.01,
august,2025-08-01,pounds,xmetric_dyoy_seasonal,12055600.00409625,12821574.42,0.059741057596556124,0.01,
august,2025-08-01,pounds,xmetric_dyoy_flat,12245002.553130386,12821574.42,0.04496888197835014,0.01,
august,2025-08-01,pounds,xmetric_dyoy_12m_ratio,12852598.790850235,12821574.42,0.002419700563593974,0.01,
august,2025-08-01,pounds,foodbank_dyoy_3m,12819709.202627156,12821574.42,0.00014547490906691163,0.07,
august,2025-08-01,pounds,foodbank_dyoy_6m,12961107.538196575,12821574.42,0.01088268208145493,0.07,
august,2025-08-01,pounds,inner_dyoy_best,13029967.216047082,12821574.42,0.016253292241709127,0.39,
august,2025-08-01,pounds,inner_dyoy_top5,13112165.281628251,12821574.42,0.022664210502492343,0.39,
august,2025-08-01,pounds,inner_dyoy_24o_top5,12678410.430439124,12821574.42,0.011165866598844443,0.79,
august,2025-08-01,pounds,ratio_last_month,13958768.592230493,12821574.42,0.08869380116505954,0.01,
august,2025-08-01,pounds,ratio_last_3m,13173975.939344084,12821574.42,0.027485042616480992,0.01,
august,2025-08-01,pounds,combo_dyoy_xmetric_fb,12832260.01519052,12821574.42,0.0008334074147595683,0.08,
august,2025-08-01,individuals,seasonal_naive,745923.0,727272.0,0.025645150645150716,0.0,
august,2025-08-01,individuals,damped_yoy_3m,742903.9826757953,727272.0,0.021493997673216247,0.0,
august,2025-08-01,individuals,panel_carry_d05,746671.2657098132,727272.0,0.026674017025010155,0.07,
august,2025-08-01,individuals,panel_carry_d1,754059.6343934997,727272.0,0.03683303412409611,0.07,
august,2025-08-01,individuals,panel_same_site_only,761004.2419902883,727272.0,0.04638187911852554,0.02,
august,2025-08-01,individuals,panel_same_site_damped,753463.6209951442,727272.0,0.03601351488183813,0.02,
august,2025-08-01,individuals,panel_same_site_6m_damped,757355.7891620186,727272.0,0.04136525146302694,0.02,
august,2025-08-01,individuals,site_build_prob,782908.257233881,727272.0,0.07649993019651657,0.06,
august,2025-08-01,individuals,site_build_active_only,791548.5191589701,727272.0,0.08838030222388604,0.03,
august,2025-08-01,individuals,sites_x_avg_d05,740315.7402210055,727272.0,0.01793516073904322,0.01,
august,2025-08-01,individuals,sites_x_avg_undamped,750412.1225472741,727272.0,0.03181770032020226,0.01,
august,2025-08-01,individuals,xmetric_dyoy_seasonal,718554.0196947943,727272.0,0.011987234906892685,0.01,
august,2025-08-01,individuals,xmetric_dyoy_flat,736466.8638166455,727272.0,0.012642950390837848,0.01,
august,2025-08-01,individuals,xmetric_dyoy_12m_ratio,761067.3091506963,727272.0,0.04646859655080382,0.01,
august,2025-08-01,individuals,foodbank_dyoy_3m,742547.188749649,727272.0,0.021003405534172792,0.06,
august,2025-08-01,individuals,foodbank_dyoy_6m,745640.6815553162,727272.0,0.02525696239552211,0.06,
august,2025-08-01,individuals,inner_dyoy_best,745789.2896649871,727272.0,0.025461298750655947,0.38,
august,2025-08-01,individuals,inner_dyoy_top5,747007.9716347895,727272.0,0.02713698813482357,0.4,
august,2025-08-01,individuals,inner_dyoy_24o_top5,758225.7829034586,727272.0,0.04256149405374954,0.79,
august,2025-08-01,individuals,ratio_last_month,841055.7903440887,727272.0,0.15645286817599002,0.01,
august,2025-08-01,individuals,ratio_last_3m,792805.2107190789,727272.0,0.09010825484698826,0.01,
august,2025-08-01,individuals,combo_dyoy_xmetric_fb,748839.4935253803,727272.0,0.029655333252731175,0.07,
monthly,2024-01-01,visits,seasonal_naive,166522.0,242908.0,0.31446473562007016,0.0,
monthly,2024-01-01,visits,damped_yoy_3m,196296.2141664454,242908.0,0.19189069867420838,0.0,
monthly,2024-01-01,visits,panel_carry_d05,196273.65212320225,242908.0,0.19198358175439978,0.05,
monthly,2024-01-01,visits,panel_carry_d1,224029.71761264512,242908.0,0.0777178289202286,0.05,
monthly,2024-01-01,visits,panel_same_site_only,223827.44648750778,242908.0,0.07855053564515047,0.02,
monthly,2024-01-01,visits,panel_same_site_damped,195174.72324375392,242908.0,0.1965076356326102,0.02,
monthly,2024-01-01,visits,panel_same_site_6m_damped,193788.64556652153,242908.0,0.20221381936156269,0.02,
monthly,2024-01-01,visits,site_build_prob,222075.60102521125,242908.0,0.08576250668890595,0.05,
monthly,2024-01-01,visits,site_build_active_only,223868.85499040651,242908.0,0.07838006574338219,0.03,
monthly,2024-01-01,visits,sites_x_avg_d05,194784.5825085516,242908.0,0.19811376114186607,0.01,
monthly,2024-01-01,visits,sites_x_avg_undamped,222935.02899016716,242908.0,0.08222442657233531,0.01,
monthly,2024-01-01,visits,xmetric_dyoy_seasonal,196296.2141664454,242908.0,0.19189069867420838,0.0,
monthly,2024-01-01,visits,xmetric_dyoy_flat,196296.2141664454,242908.0,0.19189069867420838,0.0,
monthly,2024-01-01,visits,xmetric_dyoy_12m_ratio,196296.2141664454,242908.0,0.19189069867420838,0.0,
monthly,2024-01-01,visits,foodbank_dyoy_3m,196603.2160465672,242908.0,0.19062683795277557,0.05,
monthly,2024-01-01,visits,foodbank_dyoy_6m,191131.56283660256,242908.0,0.21315245756993362,0.04,
monthly,2024-01-01,visits,inner_dyoy_best,231268.80848870394,242908.0,0.04791604850929598,0.23,
monthly,2024-01-01,visits,inner_dyoy_top5,219471.17197254457,242908.0,0.09648438103090651,0.25,
monthly,2024-01-01,visits,inner_dyoy_24o_top5,219471.17197254457,242908.0,0.09648438103090651,0.25,
monthly,2024-01-01,visits,ratio_last_month,231268.80848870394,242908.0,0.04791604850929598,0.0,
monthly,2024-01-01,visits,ratio_last_3m,226070.42833289082,242908.0,0.0693166617283465,0.0,
monthly,2024-01-01,visits,combo_dyoy_xmetric_fb,196398.548126486,242908.0,0.191469411767064,0.05,
monthly,2024-01-01,pounds,seasonal_naive,10122638.6,12985532.3,0.2204679510904609,0.0,
monthly,2024-01-01,pounds,damped_yoy_3m,11048600.958713047,12985532.3,0.14916071952529453,0.0,
monthly,2024-01-01,pounds,panel_carry_d05,10840913.7908078,12985532.3,0.16515445494615577,0.05,
monthly,2024-01-01,pounds,panel_carry_d1,11839776.68873601,12985532.3,0.08823324179510073,0.05,
monthly,2024-01-01,pounds,panel_same_site_only,12228775.890247919,12985532.3,0.058276887867899085,0.02,
monthly,2024-01-01,pounds,panel_same_site_damped,11175707.245123958,12985532.3,0.1393724194791801,0.02,
monthly,2024-01-01,pounds,panel_same_site_6m_damped,11150156.678074893,12985532.3,0.14134003747579205,0.02,
monthly,2024-01-01,pounds,site_build_prob,11770613.529980304,12985532.3,0.09355941227143205,0.04,
monthly,2024-01-01,pounds,site_build_active_only,11802788.460695283,12985532.3,0.0910816601106692,0.02,
monthly,2024-01-01,pounds,sites_x_avg_d05,10919804.49714176,12985532.3,0.15907917789848636,0.01,
monthly,2024-01-01,pounds,sites_x_avg_undamped,11798935.079303764,12985532.3,0.09137840431048305,0.01,
monthly,2024-01-01,pounds,xmetric_dyoy_seasonal,10397474.197934061,12985532.3,0.1993031969945459,0.01,
monthly,2024-01-01,pounds,xmetric_dyoy_flat,10924386.826934045,12985532.3,0.15872629827165075,0.01,
monthly,2024-01-01,pounds,xmetric_dyoy_12m_ratio,11070284.22380961,12985532.3,0.14749091773391465,0.01,
monthly,2024-01-01,pounds,foodbank_dyoy_3m,11070444.424797108,12985532.3,0.1474785808513135,0.04,
monthly,2024-01-01,pounds,foodbank_dyoy_6m,11051379.04262391,12985532.3,0.1489467826725972,0.04,
monthly,2024-01-01,pounds,inner_dyoy_best,11986414.01767214,12985532.3,0.07694087999210175,0.23,
monthly,2024-01-01,pounds,inner_dyoy_top5,11896703.67363774,12985532.3,0.08384936413906274,0.23,
monthly,2024-01-01,pounds,inner_dyoy_24o_top5,11896703.67363774,12985532.3,0.08384936413906274,0.2,
monthly,2024-01-01,pounds,ratio_last_month,12269377.839906491,12985532.3,0.055150181259301156,0.0,
monthly,2024-01-01,pounds,ratio_last_3m,11974563.317426093,12985532.3,0.07785348796012836,0.0,
monthly,2024-01-01,pounds,combo_dyoy_xmetric_fb,11063109.869106589,12985532.3,0.14804340603684085,0.05,
monthly,2024-01-01,individuals,seasonal_naive,507518.0,769344.0,0.34032370435071957,0.0,
monthly,2024-01-01,individuals,damped_yoy_3m,617283.8572628958,769344.0,0.1976490916119502,0.0,
monthly,2024-01-01,individuals,panel_carry_d05,615971.8771891001,769344.0,0.19935441468432824,0.05,
monthly,2024-01-01,individuals,panel_carry_d1,724898.6492179506,769344.0,0.05777045220609944,0.05,
monthly,2024-01-01,individuals,panel_same_site_only,734012.5362019233,769344.0,0.04592414290366431,0.01,
monthly,2024-01-01,individuals,panel_same_site_damped,620765.2681009616,769344.0,0.193123923627192,0.01,
monthly,2024-01-01,individuals,panel_same_site_6m_damped,610541.7610538618,769344.0,0.20641252670604848,0.02,
monthly,2024-01-01,individuals,site_build_prob,715633.4818100419,769344.0,0.06981339711489021,0.04,
monthly,2024-01-01,individuals,site_build_active_only,719806.9187819498,769344.0,0.06438872756276803,0.03,
monthly,2024-01-01,individuals,sites_x_avg_d05,612818.0777888614,769344.0,0.2034537504824092,0.01,
monthly,2024-01-01,individuals,sites_x_avg_undamped,717442.8155910295,769344.0,0.06746160938276058,0.01,
monthly,2024-01-01,individuals,xmetric_dyoy_seasonal,631294.8912630692,769344.0,0.17943742816858355,0.01,
monthly,2024-01-01,individuals,xmetric_dyoy_flat,613297.4529176782,769344.0,0.20283065453467086,0.01,
monthly,2024-01-01,individuals,xmetric_dyoy_12m_ratio,605289.461836749,769344.0,0.21323951075624303,0.0,
monthly,2024-01-01,individuals,foodbank_dyoy_3m,618158.7312536016,769344.0,0.19651192281527952,0.04,
monthly,2024-01-01,individuals,foodbank_dyoy_6m,603898.2257306565,769344.0,0.21504785150640482,0.03,
monthly,2024-01-01,individuals,inner_dyoy_best,739053.2122691595,769344.0,0.03937222845806365,0.18,
monthly,2024-01-01,individuals,inner_dyoy_top5,703594.7436902585,769344.0,0.0854614532767416,0.21,
monthly,2024-01-01,individuals,inner_dyoy_24o_top5,703594.7436902585,769344.0,0.0854614532767416,0.21,
monthly,2024-01-01,individuals,ratio_last_month,739053.2122691595,769344.0,0.03937222845806365,0.0,
monthly,2024-01-01,individuals,ratio_last_3m,727049.7145257918,769344.0,0.05497447887318052,0.01,
monthly,2024-01-01,individuals,combo_dyoy_xmetric_fb,613577.3501177488,769344.0,0.20246684172782414,0.05,
monthly,2024-02-01,visits,seasonal_naive,160582.0,239827.0,0.3304256818456638,0.0,
monthly,2024-02-01,visits,damped_yoy_3m,192609.59031509492,239827.0,0.1968811254984013,0.0,
monthly,2024-02-01,visits,panel_carry_d05,193464.26824477696,239827.0,0.1933173986049237,0.04,
monthly,2024-02-01,visits,panel_carry_d1,224177.8302274778,239827.0,0.06525190980382611,0.05,
monthly,2024-02-01,visits,panel_same_site_only,224483.5426736633,239827.0,0.063977189083534,0.02,
monthly,2024-02-01,visits,panel_same_site_damped,192532.77133683162,239827.0,0.197201435464599,0.02,
monthly,2024-02-01,visits,panel_same_site_6m_damped,189004.46883809005,239827.0,0.21191330067886416,0.02,
monthly,2024-02-01,visits,site_build_prob,222451.69491650962,239827.0,0.0724493284054355,0.03,
monthly,2024-02-01,visits,site_build_active_only,223870.44238340628,239827.0,0.06653361638428423,0.02,
monthly,2024-02-01,visits,sites_x_avg_d05,189957.53944741396,239827.0,0.20793930855402454,0.01,
monthly,2024-02-01,visits,sites_x_avg_undamped,222354.78319590315,239827.0,0.07285341852292215,0.01,
monthly,2024-02-01,visits,xmetric_dyoy_seasonal,192609.59031509492,239827.0,0.1968811254984013,0.0,
monthly,2024-02-01,visits,xmetric_dyoy_flat,192609.59031509492,239827.0,0.1968811254984013,0.0,
monthly,2024-02-01,visits,xmetric_dyoy_12m_ratio,192609.59031509492,239827.0,0.1968811254984013,0.0,
monthly,2024-02-01,visits,foodbank_dyoy_3m,192919.3765315226,239827.0,0.19558941849115152,0.04,
monthly,2024-02-01,visits,foodbank_dyoy_6m,187063.87499838427,239827.0,0.22000494106841906,0.05,
monthly,2024-02-01,visits,inner_dyoy_best,234243.2378664681,239827.0,0.023282458328428013,0.23,
monthly,2024-02-01,visits,inner_dyoy_top5,219099.55072596474,239827.0,0.0864266712006374,0.21,
monthly,2024-02-01,visits,inner_dyoy_24o_top5,219099.55072596474,239827.0,0.0864266712006374,0.22,
monthly,2024-02-01,visits,ratio_last_month,278021.7081540592,239827.0,0.15925941680486022,0.0,
monthly,2024-02-01,visits,ratio_last_3m,224637.18063018983,239827.0,0.06333656915113883,0.0,
monthly,2024-02-01,visits,combo_dyoy_xmetric_fb,192712.85238723748,239827.0,0.19645055649598464,0.04,
monthly,2024-02-01,pounds,seasonal_naive,9274713.33,12473176.99,0.2564273450592639,0.0,
monthly,2024-02-01,pounds,damped_yoy_3m,10282635.8881281,12473176.99,0.17562014101364087,0.0,
monthly,2024-02-01,pounds,panel_carry_d05,10253637.109190552,12473176.99,0.17794503217495417,0.06,
monthly,2024-02-01,pounds,panel_carry_d1,11343416.8042899,12473176.99,0.09057517476228005,0.04,
monthly,2024-02-01,pounds,panel_same_site_only,11576852.24531308,12473176.99,0.07186018008126738,0.01,
monthly,2024-02-01,pounds,panel_same_site_damped,10425782.78765654,12473176.99,0.16414376257026564,0.01,
monthly,2024-02-01,pounds,panel_same_site_6m_damped,10296581.969121536,12473176.99,0.17450205530022422,0.02,
monthly,2024-02-01,pounds,site_build_prob,11220567.70393513,12473176.99,0.10042423731092032,0.04,
monthly,2024-02-01,pounds,site_build_active_only,11333192.645223513,12473176.99,0.09139486641538364,0.02,
monthly,2024-02-01,pounds,sites_x_avg_d05,10062876.916241918,12473176.99,0.19323866531281242,0.01,
monthly,2024-02-01,pounds,sites_x_avg_undamped,11125292.778370932,12473176.99,0.10806262211381223,0.01,
monthly,2024-02-01,pounds,xmetric_dyoy_seasonal,9680809.876002245,12473176.99,0.2238697579803809,0.01,
monthly,2024-02-01,pounds,xmetric_dyoy_flat,10523068.02641604,12473176.99,0.15634420686465067,0.01,
monthly,2024-02-01,pounds,xmetric_dyoy_12m_ratio,10753601.613490608,12473176.99,0.13786185972411125,0.0,
monthly,2024-02-01,pounds,foodbank_dyoy_3m,10277577.73530845,12473176.99,0.1760256634257501,0.04,
monthly,2024-02-01,pounds,foodbank_dyoy_6m,10198404.473188559,12473176.99,0.18237314508045332,0.04,
monthly,2024-02-01,pounds,inner_dyoy_best,11132778.54193254,12473176.99,0.10746247320486868,0.25,
monthly,2024-02-01,pounds,inner_dyoy_top5,11246284.12836608,12473176.99,0.09836249919467555,0.31,
monthly,2024-02-01,pounds,inner_dyoy_24o_top5,11246284.12836608,12473176.99,0.09836249919467555,0.27,
monthly,2024-02-01,pounds,ratio_last_month,11611492.833990928,12473176.99,0.06908297354394166,0.01,
monthly,2024-02-01,pounds,ratio_last_3m,11290558.4462562,12473176.99,0.09481293696801785,0.0,
monthly,2024-02-01,pounds,combo_dyoy_xmetric_fb,10437938.412309052,12473176.99,0.16316922138783407,0.05,
monthly,2024-02-01,individuals,seasonal_naive,487084.0,754960.0,0.354821447493907,0.0,
monthly,2024-02-01,individuals,damped_yoy_3m,602512.1919684208,754960.0,0.2019283247212823,0.0,
monthly,2024-02-01,individuals,panel_carry_d05,603566.1928174626,754960.0,0.2005322231410106,0.05,
monthly,2024-02-01,individuals,panel_carry_d1,718839.5728659144,754960.0,0.047844160133100555,0.05,
monthly,2024-02-01,individuals,panel_same_site_only,728834.8078687201,754960.0,0.034604736848680484,0.02,
monthly,2024-02-01,individuals,panel_same_site_damped,607959.4039343601,754960.0,0.19471309217129362,0.01,
monthly,2024-02-01,individuals,panel_same_site_6m_damped,593478.3930667078,754960.0,0.21389425523642613,0.02,
monthly,2024-02-01,individuals,site_build_prob,709220.8872845827,754960.0,0.060584816037163924,0.04,
monthly,2024-02-01,individuals,site_build_active_only,713964.0224448371,754960.0,0.05430218495703465,0.02,
monthly,2024-02-01,individuals,sites_x_avg_d05,594965.5117590621,754960.0,0.2119244572440102,0.01,
monthly,2024-02-01,individuals,sites_x_avg_undamped,712569.2590470664,754960.0,0.05614965157482987,0.01,
monthly,2024-02-01,individuals,xmetric_dyoy_seasonal,615580.2117565963,754960.0,0.1846187721778686,0.01,
monthly,2024-02-01,individuals,xmetric_dyoy_flat,605001.953532902,754960.0,0.19863045256317957,0.01,
monthly,2024-02-01,individuals,xmetric_dyoy_12m_ratio,595900.2956527139,754960.0,0.21068626728208928,0.01,
monthly,2024-02-01,individuals,foodbank_dyoy_3m,602871.697127226,754960.0,0.20145213371936788,0.04,
monthly,2024-02-01,individuals,foodbank_dyoy_6m,586841.7621452456,754960.0,0.22268496060023635,0.03,
monthly,2024-02-01,individuals,inner_dyoy_best,738368.201514035,754960.0,0.02197705638174874,0.21,
monthly,2024-02-01,individuals,inner_dyoy_top5,695592.9131697271,754960.0,0.07863606923581767,0.28,
monthly,2024-02-01,individuals,inner_dyoy_24o_top5,695592.9131697271,754960.0,0.07863606923581767,0.29,
monthly,2024-02-01,individuals,ratio_last_month,738707.1479834253,754960.0,0.021528096874767755,0.01,
monthly,2024-02-01,individuals,ratio_last_3m,717940.3839368416,754960.0,0.0490352019486574,0.0,
monthly,2024-02-01,individuals,combo_dyoy_xmetric_fb,600428.0615827868,754960.0,0.2046889085742465,0.06,
monthly,2024-03-01,visits,seasonal_naive,190705.0,233598.0,0.18361886659988524,0.0,
monthly,2024-03-01,visits,damped_yoy_3m,233358.91941047253,233598.0,0.0010234701903589771,0.0,
monthly,2024-03-01,visits,panel_carry_d05,237103.0918428763,233598.0,0.015004802450690136,0.05,
monthly,2024-03-01,visits,panel_carry_d1,278135.4038948269,233598.0,0.19065832710394304,0.05,
monthly,2024-03-01,visits,panel_same_site_only,276417.24259607715,233598.0,0.1833031215852754,0.02,
monthly,2024-03-01,visits,panel_same_site_damped,233561.12129803858,233598.0,0.00015787250730492364,0.02,
monthly,2024-03-01,visits,panel_same_site_6m_damped,226894.27178928733,233598.0,0.02869771235504015,0.02,
monthly,2024-03-01,visits,site_build_prob,279679.4030899631,233598.0,0.1972679692889625,0.06,
monthly,2024-03-01,visits,site_build_active_only,283386.1857177094,233598.0,0.21313618146435087,0.03,
monthly,2024-03-01,visits,sites_x_avg_d05,228641.006769289,233598.0,0.02122018694813743,0.01,
monthly,2024-03-01,visits,sites_x_avg_undamped,274379.163102629,233598.0,0.17457839152145582,0.01,
monthly,2024-03-01,visits,xmetric_dyoy_seasonal,233358.91941047253,233598.0,0.0010234701903589771,0.0,
monthly,2024-03-01,visits,xmetric_dyoy_flat,233358.91941047253,233598.0,0.0010234701903589771,0.0,
monthly,2024-03-01,visits,xmetric_dyoy_12m_ratio,233358.91941047253,233598.0,0.0010234701903589771,0.0,
monthly,2024-03-01,visits,foodbank_dyoy_3m,233678.2909201998,233598.0,0.000343714073749668,0.05,
monthly,2024-03-01,visits,foodbank_dyoy_6m,225928.45052438165,233598.0,0.0328322565930288,0.06,
monthly,2024-03-01,visits,inner_dyoy_best,284815.2846209413,233598.0,0.2192539517501919,0.28,
monthly,2024-03-01,visits,inner_dyoy_top5,267373.24949956045,233598.0,0.14458706624012385,0.32,
monthly,2024-03-01,visits,inner_dyoy_24o_top5,267373.24949956045,233598.0,0.14458706624012385,0.33,
monthly,2024-03-01,visits,ratio_last_month,247979.8698921367,233598.0,0.06156675096591879,0.01,
monthly,2024-03-01,visits,ratio_last_3m,276012.83882094506,233598.0,0.1815719262191673,0.01,
monthly,2024-03-01,visits,combo_dyoy_xmetric_fb,233465.37658038162,233598.0,0.0005677421023226881,0.06,
monthly,2024-03-01,pounds,seasonal_naive,11291505.7,12216851.57,0.07574339957377418,0.0,
monthly,2024-03-01,pounds,damped_yoy_3m,12863336.861228583,12216851.57,0.052917503951354306,0.0,
monthly,2024-03-01,pounds,panel_carry_d05,12898629.19208499,12216851.57,0.055806327692413005,0.06,
monthly,2024-03-01,pounds,panel_carry_d1,14551985.175804121,12216851.57,0.19114037626014313,0.05,
monthly,2024-03-01,pounds,panel_same_site_only,14763648.899979651,12216851.57,0.20846593047210527,0.01,
monthly,2024-03-01,pounds,panel_same_site_damped,13027577.299989825,12216851.57,0.06636126544916565,0.02,
monthly,2024-03-01,pounds,panel_same_site_6m_damped,12658585.62111171,12216851.57,0.03615776524587089,0.02,
monthly,2024-03-01,pounds,site_build_prob,14347158.205536531,12216851.57,0.17437443872754943,0.05,
monthly,2024-03-01,pounds,site_build_active_only,14563971.556563625,12216851.57,0.1921215112678678,0.03,
monthly,2024-03-01,pounds,sites_x_avg_d05,12464593.25659505,12216851.57,0.020278685156772447,0.01,
monthly,2024-03-01,pounds,sites_x_avg_undamped,14248644.047458638,12216851.57,0.16631064606268575,0.01,
monthly,2024-03-01,pounds,xmetric_dyoy_seasonal,12204414.930910053,12216851.57,0.0010179905206090245,0.01,
monthly,2024-03-01,pounds,xmetric_dyoy_flat,12447872.620637119,12216851.57,0.018910031714260978,0.0,
monthly,2024-03-01,pounds,xmetric_dyoy_12m_ratio,12920235.924614495,12216851.57,0.05757492841623302,0.01,
monthly,2024-03-01,pounds,foodbank_dyoy_3m,12887241.249496546,12216851.57,0.054874177332461915,0.05,
monthly,2024-03-01,pounds,foodbank_dyoy_6m,12558456.478356969,12216851.57,0.027961779383145036,0.06,
monthly,2024-03-01,pounds,inner_dyoy_best,15185477.336979195,12216851.57,0.24299433859612618,0.35,
monthly,2024-03-01,pounds,inner_dyoy_top5,14252570.995002678,12216851.57,0.1666320830156962,0.36,
monthly,2024-03-01,pounds,inner_dyoy_24o_top5,14252570.995002678,12216851.57,0.1666320830156962,0.34,
monthly,2024-03-01,pounds,ratio_last_month,15288544.890800696,12216851.57,0.25143084559884654,0.0,
monthly,2024-03-01,pounds,ratio_last_3m,14435168.022457166,12216851.57,0.18157840747648257,0.0,
monthly,2024-03-01,pounds,combo_dyoy_xmetric_fb,12890271.345113209,12216851.57,0.05512220323334982,0.07,
monthly,2024-03-01,individuals,seasonal_naive,594339.0,739082.0,0.1958415980906043,0.0,
monthly,2024-03-01,individuals,damped_yoy_3m,745362.3936149821,739082.0,0.008497559966258228,0.0,
monthly,2024-03-01,individuals,panel_carry_d05,748947.6346408473,739082.0,0.013348498056842573,0.05,
monthly,2024-03-01,individuals,panel_carry_d1,899145.3936503172,739082.0,0.2165705478557416,0.05,
monthly,2024-03-01,individuals,panel_same_site_only,908019.4670588884,739082.0,0.22857743397740493,0.01,
monthly,2024-03-01,individuals,panel_same_site_damped,751179.2335294442,739082.0,0.016367917943400423,0.02,
monthly,2024-03-01,individuals,panel_same_site_6m_damped,732045.8583002634,739082.0,0.009520109676242394,0.02,
monthly,2024-03-01,individuals,site_build_prob,882749.49836165,739082.0,0.19438641228124887,0.05,
monthly,2024-03-01,individuals,site_build_active_only,894588.0054159447,739082.0,0.21040426558344638,0.03,
monthly,2024-03-01,individuals,sites_x_avg_d05,727203.9187453256,739082.0,0.0160713983761942,0.01,
monthly,2024-03-01,individuals,sites_x_avg_undamped,889549.9386811275,739082.0,0.2035876109567376,0.01,
monthly,2024-03-01,individuals,xmetric_dyoy_seasonal,757861.9153241242,739082.0,0.025409785820956543,0.01,
monthly,2024-03-01,individuals,xmetric_dyoy_flat,730634.2075383227,739082.0,0.011430115280411823,0.01,
monthly,2024-03-01,individuals,xmetric_dyoy_12m_ratio,723980.2142743581,739082.0,0.02043316671985229,0.01,
monthly,2024-03-01,individuals,foodbank_dyoy_3m,746889.5253313896,739082.0,0.010563814747740707,0.05,
monthly,2024-03-01,individuals,foodbank_dyoy_6m,727063.2959748225,739082.0,0.016261665180829055,0.05,
monthly,2024-03-01,individuals,inner_dyoy_best,921200.8019971915,739082.0,0.24641217347627387,0.32,
monthly,2024-03-01,individuals,inner_dyoy_top5,866842.0778056795,739082.0,0.17286319759604418,0.31,
monthly,2024-03-01,individuals,inner_dyoy_24o_top5,866842.0778056795,739082.0,0.17286319759604418,0.33,
monthly,2024-03-01,individuals,ratio_last_month,939017.2444174042,739082.0,0.2705183517084764,0.0,
monthly,2024-03-01,individuals,ratio_last_3m,896385.7872299644,739082.0,0.2128367180231212,0.0,
monthly,2024-03-01,individuals,combo_dyoy_xmetric_fb,738744.04440691,739082.0,0.0004572640019511187,0.07,
monthly,2024-04-01,visits,seasonal_naive,191473.0,238454.0,0.19702332525350796,0.0,
monthly,2024-04-01,visits,damped_yoy_3m,228177.6399850138,238454.0,0.043095775348646614,0.0,
monthly,2024-04-01,visits,panel_carry_d05,227115.0894524391,238454.0,0.04755177328776572,0.06,
monthly,2024-04-01,visits,panel_carry_d1,261384.0396503808,238454.0,0.09616127072886504,0.07,
monthly,2024-04-01,visits,panel_same_site_only,263314.47114768665,238454.0,0.10425688454664894,0.02,
monthly,2024-04-01,visits,panel_same_site_damped,227393.73557384333,238454.0,0.046383220353429455,0.02,
monthly,2024-04-01,visits,panel_same_site_6m_damped,225915.73746691216,238454.0,0.052581472875639856,0.02,
monthly,2024-04-01,visits,site_build_prob,249676.51531503315,238454.0,0.04706364881710168,0.06,
monthly,2024-04-01,visits,site_build_active_only,252825.54845080432,238454.0,0.06026968912580344,0.04,
monthly,2024-04-01,visits,sites_x_avg_d05,220880.40849165223,238454.0,0.07369803613421366,0.01,
monthly,2024-04-01,visits,sites_x_avg_undamped,260798.57029018275,238454.0,0.0937059990194451,0.01,
monthly,2024-04-01,visits,xmetric_dyoy_seasonal,228177.6399850138,238454.0,0.043095775348646614,0.0,
monthly,2024-04-01,visits,xmetric_dyoy_flat,228177.6399850138,238454.0,0.043095775348646614,0.0,
monthly,2024-04-01,visits,xmetric_dyoy_12m_ratio,228177.6399850138,238454.0,0.043095775348646614,0.0,
monthly,2024-04-01,visits,foodbank_dyoy_3m,227984.9955910375,238454.0,0.04390366447601002,0.05,
monthly,2024-04-01,visits,foodbank_dyoy_6m,226902.7324064406,238454.0,0.048442330988615834,0.06,
monthly,2024-04-01,visits,inner_dyoy_best,234538.73707558794,238454.0,0.016419363585480018,0.37,
monthly,2024-04-01,visits,inner_dyoy_top5,246431.7780858098,238454.0,0.033456256073749246,0.39,
monthly,2024-04-01,visits,inner_dyoy_24o_top5,246431.7780858098,238454.0,0.033456256073749246,0.35,
monthly,2024-04-01,visits,ratio_last_month,237270.13876642808,238454.0,0.0049647363163206615,0.01,
monthly,2024-04-01,visits,ratio_last_3m,255380.40093367515,238454.0,0.07098392534272913,0.01,
monthly,2024-04-01,visits,combo_dyoy_xmetric_fb,228113.42518702173,238454.0,0.04336507172443438,0.06,
monthly,2024-04-01,pounds,seasonal_naive,10668544.88,12977668.52,0.17793054557075394,0.0,
monthly,2024-04-01,pounds,damped_yoy_3m,11882958.884443607,12977668.52,0.08435333618433283,0.0,
monthly,2024-04-01,pounds,panel_carry_d05,11831319.054212354,12977668.52,0.08833246619151935,0.05,
monthly,2024-04-01,pounds,panel_carry_d1,13030254.82002147,12977668.52,0.00405206065638275,0.06,
monthly,2024-04-01,pounds,panel_same_site_only,13199650.35490483,12977668.52,0.017104908679300257,0.02,
monthly,2024-04-01,pounds,panel_same_site_damped,11934097.617452417,12977668.52,0.08041281844572667,0.02,
monthly,2024-04-01,pounds,panel_same_site_6m_damped,11853910.147846196,12977668.52,0.08659169945834033,0.02,
monthly,2024-04-01,pounds,site_build_prob,13434206.410953514,12977668.52,0.035178729542208576,0.05,
monthly,2024-04-01,pounds,site_build_active_only,13636068.212383416,12977668.52,0.0507332801241418,0.03,
monthly,2024-04-01,pounds,sites_x_avg_d05,11512579.87835726,12977668.52,0.11289305466423949,0.01,
monthly,2024-04-01,pounds,sites_x_avg_undamped,12906976.31893674,12977668.52,0.005447218886375116,0.01,
monthly,2024-04-01,pounds,xmetric_dyoy_seasonal,11282474.751154171,12977668.52,0.13062390723213113,0.01,
monthly,2024-04-01,pounds,xmetric_dyoy_flat,12001011.487878622,12977668.52,0.07525674050128817,0.01,
monthly,2024-04-01,pounds,xmetric_dyoy_12m_ratio,12509993.988484045,12977668.52,0.036036868316925874,0.01,
monthly,2024-04-01,pounds,foodbank_dyoy_3m,11881630.245056573,12977668.52,0.08445571508120364,0.05,
monthly,2024-04-01,pounds,foodbank_dyoy_6m,11766752.071442038,12977668.52,0.09330770366740437,0.05,
monthly,2024-04-01,pounds,inner_dyoy_best,12852114.438797042,12977668.52,0.009674625377390833,0.36,
monthly,2024-04-01,pounds,inner_dyoy_top5,12224562.673395459,12977668.52,0.05803090481498452,0.39,
monthly,2024-04-01,pounds,inner_dyoy_24o_top5,12224562.673395459,12977668.52,0.05803090481498452,0.37,
monthly,2024-04-01,pounds,ratio_last_month,12096513.96520427,12977668.52,0.06789775478066606,0.0,
monthly,2024-04-01,pounds,ratio_last_3m,13668733.680926299,12977668.52,0.0532503322812794,0.0,
monthly,2024-04-01,pounds,combo_dyoy_xmetric_fb,12091527.705994742,12977668.52,0.06828197319415408,0.04,
monthly,2024-04-01,individuals,seasonal_naive,593014.0,760721.0,0.22045796027715814,0.0,
monthly,2024-04-01,individuals,damped_yoy_3m,718869.9402866438,760721.0,0.05501499197913062,0.0,
monthly,2024-04-01,individuals,panel_carry_d05,722864.0266951345,760721.0,0.04976459609352912,0.04,
monthly,2024-04-01,individuals,panel_carry_d1,843840.323665644,760721.0,0.10926387422674555,0.06,
monthly,2024-04-01,individuals,panel_same_site_only,846632.0299732377,760721.0,0.11293369050313795,0.02,
monthly,2024-04-01,individuals,panel_same_site_damped,719823.0149866189,760721.0,0.05376213488700998,0.02,
monthly,2024-04-01,individuals,panel_same_site_6m_damped,722509.2604326308,760721.0,0.050230951383449685,0.02,
monthly,2024-04-01,individuals,site_build_prob,877913.1358036638,760721.0,0.15405403006314233,0.05,
monthly,2024-04-01,individuals,site_build_active_only,889702.96546775,760721.0,0.16955226090478637,0.03,
monthly,2024-04-01,individuals,sites_x_avg_d05,692920.5577453504,760721.0,0.08912655527407498,0.01,
monthly,2024-04-01,individuals,sites_x_avg_undamped,831973.7913076942,760721.0,0.09366481444273811,0.01,
monthly,2024-04-01,individuals,xmetric_dyoy_seasonal,727672.5263965769,760721.0,0.0434436194129294,0.01,
monthly,2024-04-01,individuals,xmetric_dyoy_flat,720969.264092427,760721.0,0.052255341850130366,0.01,
monthly,2024-04-01,individuals,xmetric_dyoy_12m_ratio,708898.9746200208,760721.0,0.06812224899796271,0.01,
monthly,2024-04-01,individuals,foodbank_dyoy_3m,718415.016365483,760721.0,0.05561300875684638,0.05,
monthly,2024-04-01,individuals,foodbank_dyoy_6m,720007.8246783863,760721.0,0.05351919471345434,0.05,
monthly,2024-04-01,individuals,inner_dyoy_best,737434.3146722662,760721.0,0.030611334941106905,0.32,
monthly,2024-04-01,individuals,inner_dyoy_top5,782469.8846558344,760721.0,0.028589830773482428,0.35,
monthly,2024-04-01,individuals,inner_dyoy_24o_top5,782469.8846558344,760721.0,0.028589830773482428,0.32,
monthly,2024-04-01,individuals,ratio_last_month,771926.7532463971,760721.0,0.014730437632715754,0.01,
monthly,2024-04-01,individuals,ratio_last_3m,895396.9290002484,760721.0,0.1770372173244179,0.01,
monthly,2024-04-01,individuals,combo_dyoy_xmetric_fb,715394.6437573825,760721.0,0.05958341657797994,0.06,
monthly,2024-05-01,visits,seasonal_naive,203291.0,236713.0,0.14119207648080168,0.0,
monthly,2024-05-01,visits,damped_yoy_3m,234962.79842748173,236713.0,0.007393770399252597,0.0,
monthly,2024-05-01,visits,panel_carry_d05,232395.32389370614,236713.0,0.018240130902374863,0.05,
monthly,2024-05-01,visits,panel_carry_d1,261699.02948360448,236713.0,0.1055541076476767,0.04,
monthly,2024-05-01,visits,panel_same_site_only,265224.06609607424,236713.0,0.12044571314661323,0.02,
monthly,2024-05-01,visits,panel_same_site_damped,234257.53304803712,236713.0,0.010373181667094222,0.02,
monthly,2024-05-01,visits,panel_same_site_6m_damped,238835.9710306194,236713.0,0.00896854431577232,0.03,
monthly,2024-05-01,visits,site_build_prob,243994.49184084125,236713.0,0.030760844739584403,0.05,
monthly,2024-05-01,visits,site_build_active_only,245740.48117250353,236713.0,0.03813682042179156,0.04,
monthly,2024-05-01,visits,sites_x_avg_d05,230427.7727536929,236713.0,0.026552099995805434,0.01,
monthly,2024-05-01,visits,sites_x_avg_undamped,266238.2948407192,236713.0,0.1247303478926769,0.01,
monthly,2024-05-01,visits,xmetric_dyoy_seasonal,234962.79842748173,236713.0,0.007393770399252597,0.0,
monthly,2024-05-01,visits,xmetric_dyoy_flat,234962.79842748173,236713.0,0.007393770399252597,0.0,
monthly,2024-05-01,visits,xmetric_dyoy_12m_ratio,234962.79842748173,236713.0,0.007393770399252597,0.0,
monthly,2024-05-01,visits,foodbank_dyoy_3m,234436.40672381554,236713.0,0.00961752534159277,0.05,
monthly,2024-05-01,visits,foodbank_dyoy_6m,238968.85361356067,236713.0,0.009529910117148876,0.06,
monthly,2024-05-01,visits,inner_dyoy_best,253171.73760269073,236713.0,0.06953034942183467,0.37,
monthly,2024-05-01,visits,inner_dyoy_top5,257296.87832238976,236713.0,0.08695710975903204,0.37,
monthly,2024-05-01,visits,inner_dyoy_24o_top5,257296.87832238976,236713.0,0.08695710975903204,0.4,
monthly,2024-05-01,visits,ratio_last_month,246421.57792409114,236713.0,0.04101413071563931,0.01,
monthly,2024-05-01,visits,ratio_last_3m,249515.23200116094,236713.0,0.05408334988429431,0.01,
monthly,2024-05-01,visits,combo_dyoy_xmetric_fb,234787.33452625968,236713.0,0.008135022046699247,0.05,
monthly,2024-05-01,pounds,seasonal_naive,11622829.91,13259350.76,0.12342390510830714,0.0,
monthly,2024-05-01,pounds,damped_yoy_3m,12819715.666408252,13259350.76,0.03315660785730268,0.0,
monthly,2024-05-01,pounds,panel_carry_d05,12725144.005236344,13259350.76,0.04028905822261053,0.04,
monthly,2024-05-01,pounds,panel_carry_d1,13885684.964322643,13259350.76,0.047237169878040275,0.07,
monthly,2024-05-01,pounds,panel_same_site_only,14091780.917525852,13259350.76,0.06278061215765374,0.02,
monthly,2024-05-01,pounds,panel_same_site_damped,12857305.413762925,13259350.76,0.030321646475326758,0.02,
monthly,2024-05-01,pounds,panel_same_site_6m_damped,12961779.076031089,13259350.76,0.0224424022982036,0.03,
monthly,2024-05-01,pounds,site_build_prob,13735624.582354158,13259350.76,0.035919844868343986,0.06,
monthly,2024-05-01,pounds,site_build_active_only,13886812.317453196,13259350.76,0.04732219313075903,0.04,
monthly,2024-05-01,pounds,sites_x_avg_d05,12597330.886830673,13259350.76,0.04992852856464647,0.01,
monthly,2024-05-01,pounds,sites_x_avg_undamped,14013499.400241345,13259350.76,0.05687673958489836,0.01,
monthly,2024-05-01,pounds,xmetric_dyoy_seasonal,12351660.038097115,13259350.76,0.06845664907222682,0.01,
monthly,2024-05-01,pounds,xmetric_dyoy_flat,12432600.92829748,13259350.76,0.062352210652470874,0.01,
monthly,2024-05-01,pounds,xmetric_dyoy_12m_ratio,12859027.249614432,13259350.76,0.03019178824299895,0.01,
monthly,2024-05-01,pounds,foodbank_dyoy_3m,12813002.418924099,13259350.76,0.03366291073786343,0.05,
monthly,2024-05-01,pounds,foodbank_dyoy_6m,12851445.584101625,13259350.76,0.03076358588603889,0.06,
monthly,2024-05-01,pounds,inner_dyoy_best,14083230.75296758,13259350.76,0.062135771794574524,0.42,
monthly,2024-05-01,pounds,inner_dyoy_top5,13824924.478430426,13259350.76,0.04265470675507088,0.38,
monthly,2024-05-01,pounds,inner_dyoy_24o_top5,13824924.478430426,13259350.76,0.04265470675507088,0.39,
monthly,2024-05-01,pounds,ratio_last_month,13746227.951066954,13259350.76,0.03671953475548251,0.0,
monthly,2024-05-01,pounds,ratio_last_3m,14059723.120011393,13259350.76,0.060362861990642,0.01,
monthly,2024-05-01,pounds,combo_dyoy_xmetric_fb,12830581.778315594,13259350.76,0.03233710227938835,0.07,
monthly,2024-05-01,individuals,seasonal_naive,616373.0,762730.0,0.19188572627273082,0.0,
monthly,2024-05-01,individuals,damped_yoy_3m,723184.2080651587,762730.0,0.051847694380503295,0.0,
monthly,2024-05-01,individuals,panel_carry_d05,721146.984315403,762730.0,0.05451865756505836,0.06,
monthly,2024-05-01,individuals,panel_carry_d1,821251.9793399373,762730.0,0.07672699295941854,0.06,
monthly,2024-05-01,individuals,panel_same_site_only,827648.3858085872,762730.0,0.08511319314644394,0.02,
monthly,2024-05-01,individuals,panel_same_site_damped,722010.6929042937,762730.0,0.05338626656314338,0.02,
monthly,2024-05-01,individuals,panel_same_site_6m_damped,744329.5411936683,762730.0,0.024124472364180916,0.02,
monthly,2024-05-01,individuals,site_build_prob,832588.2162837215,762730.0,0.09158970577231984,0.06,
monthly,2024-05-01,individuals,site_build_active_only,842883.9971893408,762730.0,0.10508829754872728,0.04,
monthly,2024-05-01,individuals,sites_x_avg_d05,706183.5024613517,762730.0,0.07413697840474132,0.01,
monthly,2024-05-01,individuals,sites_x_avg_undamped,828883.4733021498,762730.0,0.08673249157912988,0.01,
monthly,2024-05-01,individuals,xmetric_dyoy_seasonal,731405.6313631423,762730.0,0.0410687512446839,0.01,
monthly,2024-05-01,individuals,xmetric_dyoy_flat,744207.125467592,762730.0,0.02428496916655698,0.01,
monthly,2024-05-01,individuals,xmetric_dyoy_12m_ratio,731852.2332102543,762730.0,0.04048322052331188,0.01,
monthly,2024-05-01,individuals,foodbank_dyoy_3m,721559.4592631999,762730.0,0.05397786993667497,0.06,
monthly,2024-05-01,individuals,foodbank_dyoy_6m,740933.8280495461,762730.0,0.028576523737697368,0.06,
monthly,2024-05-01,individuals,inner_dyoy_best,790686.0292219071,762730.0,0.03665258901827273,0.4,
monthly,2024-05-01,individuals,inner_dyoy_top5,802299.1476857176,762730.0,0.05187831563688006,0.4,
monthly,2024-05-01,individuals,inner_dyoy_24o_top5,802299.1476857176,762730.0,0.05187831563688006,0.41,
monthly,2024-05-01,individuals,ratio_last_month,783307.4687520827,762730.0,0.026978706425711207,0.01,
monthly,2024-05-01,individuals,ratio_last_3m,850633.7766613729,762730.0,0.115248877927147,0.01,
monthly,2024-05-01,individuals,combo_dyoy_xmetric_fb,725531.9668462044,762730.0,0.048769594946829975,0.06,
monthly,2024-06-01,visits,seasonal_naive,217703.0,229388.0,0.050939892234990514,0.0,
monthly,2024-06-01,visits,damped_yoy_3m,240626.4247142035,229388.0,0.0489930803451073,0.0,
monthly,2024-06-01,visits,panel_carry_d05,238411.36579467184,229388.0,0.03933669500877057,0.06,
monthly,2024-06-01,visits,panel_carry_d1,259370.76092409756,229388.0,0.13070762604886732,0.07,
monthly,2024-06-01,visits,panel_same_site_only,262140.19421264975,229388.0,0.14278076539596563,0.02,
monthly,2024-06-01,visits,panel_same_site_damped,239921.5971063249,229388.0,0.0459204365804875,0.02,
monthly,2024-06-01,visits,panel_same_site_6m_damped,252061.08986099812,229388.0,0.09884165632464703,0.03,
monthly,2024-06-01,visits,site_build_prob,264956.9492113728,229388.0,0.15506020023441858,0.06,
monthly,2024-06-01,visits,site_build_active_only,268620.34236048197,229388.0,0.17103049139659432,0.04,
monthly,2024-06-01,visits,sites_x_avg_d05,238932.9142461393,229388.0,0.04161034686269249,0.01,
monthly,2024-06-01,visits,sites_x_avg_undamped,265868.75389550434,229388.0,0.15903514523647422,0.01,
monthly,2024-06-01,visits,xmetric_dyoy_seasonal,240626.4247142035,229388.0,0.0489930803451073,0.0,
monthly,2024-06-01,visits,xmetric_dyoy_flat,240626.4247142035,229388.0,0.0489930803451073,0.01,
monthly,2024-06-01,visits,xmetric_dyoy_12m_ratio,240626.4247142035,229388.0,0.0489930803451073,0.0,
monthly,2024-06-01,visits,foodbank_dyoy_3m,240934.9917920666,229388.0,0.05033825567190342,0.06,
monthly,2024-06-01,visits,foodbank_dyoy_6m,252530.6107242945,229388.0,0.10088849776053888,0.06,
monthly,2024-06-01,visits,inner_dyoy_best,253494.400829353,229388.0,0.10509006935564624,0.42,
monthly,2024-06-01,visits,inner_dyoy_top5,260122.0834611819,229388.0,0.13398296101444673,0.4,
monthly,2024-06-01,visits,inner_dyoy_24o_top5,260122.0834611819,229388.0,0.13398296101444673,0.38,
monthly,2024-06-01,visits,ratio_last_month,266460.75349276507,229388.0,0.1616159236436303,0.0,
monthly,2024-06-01,visits,ratio_last_3m,272945.36545441864,229388.0,0.1898851093100713,0.01,
monthly,2024-06-01,visits,combo_dyoy_xmetric_fb,240729.28040682452,229388.0,0.04944147212070593,0.06,
monthly,2024-06-01,pounds,seasonal_naive,11989118.2,12496300.72,0.040586612899629504,0.0,
monthly,2024-06-01,pounds,damped_yoy_3m,12858592.145132402,12496300.72,0.028991893941265667,0.0,
monthly,2024-06-01,pounds,panel_carry_d05,12655955.061961649,12496300.72,0.012776128355020067,0.06,
monthly,2024-06-01,pounds,panel_carry_d1,13462314.698660366,12496300.72,0.07730399582288272,0.06,
monthly,2024-06-01,pounds,panel_same_site_only,13714718.95940354,12496300.72,0.09750231422115929,0.02,
monthly,2024-06-01,pounds,panel_same_site_damped,12851918.57970177,12496300.72,0.028457850660764894,0.02,
monthly,2024-06-01,pounds,panel_same_site_6m_damped,13306811.540254472,12496300.72,0.06486006046231507,0.02,
monthly,2024-06-01,pounds,site_build_prob,13419450.465468207,12496300.72,0.07387384203956704,0.06,
monthly,2024-06-01,pounds,site_build_active_only,13629682.467000306,12496300.72,0.09069738096061952,0.03,
monthly,2024-06-01,pounds,sites_x_avg_d05,12717484.441696791,12496300.72,0.017699935897252494,0.01,
monthly,2024-06-01,pounds,sites_x_avg_undamped,13782218.72908497,12496300.72,0.10290389435226155,0.01,
monthly,2024-06-01,pounds,xmetric_dyoy_seasonal,12534006.25614116,12496300.72,0.0030173358489054003,0.01,
monthly,2024-06-01,pounds,xmetric_dyoy_flat,13055127.523307767,12496300.72,0.044719378624858086,0.01,
monthly,2024-06-01,pounds,xmetric_dyoy_12m_ratio,13152201.941417238,12496300.72,0.05248763102887599,0.01,
monthly,2024-06-01,pounds,foodbank_dyoy_3m,12986884.75321671,12496300.72,0.03925834086495228,0.05,
monthly,2024-06-01,pounds,foodbank_dyoy_6m,13336337.328000113,12496300.72,0.06722282272350055,0.05,
monthly,2024-06-01,pounds,inner_dyoy_best,14473910.559628783,12496300.72,0.15825562171880758,0.35,
monthly,2024-06-01,pounds,inner_dyoy_top5,13805046.302097628,12496300.72,0.1047306408050035,0.36,
monthly,2024-06-01,pounds,inner_dyoy_24o_top5,13805046.302097628,12496300.72,0.1047306408050035,0.39,
monthly,2024-06-01,pounds,ratio_last_month,13690860.047183452,12496300.72,0.09559303620723458,0.0,
monthly,2024-06-01,pounds,ratio_last_3m,13692219.881563717,12496300.72,0.0957018551617983,0.0,
monthly,2024-06-01,pounds,combo_dyoy_xmetric_fb,12999226.279922118,12496300.72,0.04024595527836472,0.05,
monthly,2024-06-01,individuals,seasonal_naive,663658.0,725005.0,0.0846159681657368,0.0,
monthly,2024-06-01,individuals,damped_yoy_3m,748064.094940695,725005.0,0.031805428846276795,0.0,
monthly,2024-06-01,individuals,panel_carry_d05,741257.3386169369,725005.0,0.02241686418291855,0.06,
monthly,2024-06-01,individuals,panel_carry_d1,818614.6956574179,725005.0,0.12911593114174091,0.06,
monthly,2024-06-01,individuals,panel_same_site_only,826953.4080922516,725005.0,0.14061752414431838,0.02,
monthly,2024-06-01,individuals,panel_same_site_damped,745305.7040461259,725005.0,0.028000777989291015,0.02,
monthly,2024-06-01,individuals,panel_same_site_6m_damped,786902.2272282452,725005.0,0.08537489703966905,0.02,
monthly,2024-06-01,individuals,site_build_prob,811384.5594900599,725005.0,0.11914339830768039,0.05,
monthly,2024-06-01,individuals,site_build_active_only,822842.7582173257,725005.0,0.13494770135009504,0.03,
monthly,2024-06-01,individuals,sites_x_avg_d05,736450.9424432935,725005.0,0.015787397939729386,0.01,
monthly,2024-06-01,individuals,sites_x_avg_undamped,836896.3015532536,725005.0,0.15433176537162296,0.01,
monthly,2024-06-01,individuals,xmetric_dyoy_seasonal,760062.3787369232,725005.0,0.04835467167388252,0.01,
monthly,2024-06-01,individuals,xmetric_dyoy_flat,768132.2110825181,725005.0,0.05948539814555498,0.01,
monthly,2024-06-01,individuals,xmetric_dyoy_12m_ratio,753175.4334330055,725005.0,0.038855502283440035,0.01,
monthly,2024-06-01,individuals,foodbank_dyoy_3m,748254.6969990676,725005.0,0.03206832642404889,0.06,
monthly,2024-06-01,individuals,foodbank_dyoy_6m,785529.115413688,725005.0,0.08348096277086081,0.06,
monthly,2024-06-01,individuals,inner_dyoy_best,821242.7642677404,725005.0,0.13274082836358425,0.38,
monthly,2024-06-01,individuals,inner_dyoy_top5,826735.9077673376,725005.0,0.1403175257651157,0.36,
monthly,2024-06-01,individuals,inner_dyoy_24o_top5,826735.9077673376,725005.0,0.1403175257651157,0.3,
monthly,2024-06-01,individuals,ratio_last_month,810622.4497362142,725005.0,0.11809221968981487,0.0,
monthly,2024-06-01,individuals,ratio_last_3m,828383.1457029801,725005.0,0.14258956242092147,0.0,
monthly,2024-06-01,individuals,combo_dyoy_xmetric_fb,749831.4084575893,725005.0,0.03424308585125524,0.05,
monthly,2024-07-01,visits,seasonal_naive,210833.0,235324.0,0.104073532661352,0.0,
monthly,2024-07-01,visits,damped_yoy_3m,226682.98808425595,235324.0,0.03671963724798166,0.0,
monthly,2024-07-01,visits,panel_carry_d05,220289.1257293349,235324.0,0.06389010160742259,0.05,
monthly,2024-07-01,visits,panel_carry_d1,235385.14919816412,235324.0,0.00025985109110893134,0.07,
monthly,2024-07-01,visits,panel_same_site_only,242821.81695416695,235324.0,0.031861675622405494,0.02,
monthly,2024-07-01,visits,panel_same_site_damped,226827.4084770835,235324.0,0.03610592851947325,0.02,
monthly,2024-07-01,visits,panel_same_site_6m_damped,237660.62909706662,235324.0,0.00992941262712943,0.02,
monthly,2024-07-01,visits,site_build_prob,242704.49707926478,235324.0,0.03136312946943276,0.05,
monthly,2024-07-01,visits,site_build_active_only,245875.6866379983,235324.0,0.044838973661837755,0.03,
monthly,2024-07-01,visits,sites_x_avg_d05,223587.29905900746,235324.0,0.04987464491931348,0.01,
monthly,2024-07-01,visits,sites_x_avg_undamped,242960.9374633723,235324.0,0.03245286270576875,0.01,
monthly,2024-07-01,visits,xmetric_dyoy_seasonal,226682.98808425595,235324.0,0.03671963724798166,0.0,
monthly,2024-07-01,visits,xmetric_dyoy_flat,226682.98808425595,235324.0,0.03671963724798166,0.0,
monthly,2024-07-01,visits,xmetric_dyoy_12m_ratio,226682.98808425595,235324.0,0.03671963724798166,0.0,
monthly,2024-07-01,visits,foodbank_dyoy_3m,227135.48395604242,235324.0,0.034796773996522146,0.05,
monthly,2024-07-01,visits,foodbank_dyoy_6m,238199.13396174187,235324.0,0.012217767680907432,0.05,
monthly,2024-07-01,visits,inner_dyoy_best,222149.2593303721,235324.0,0.055985537682632924,0.36,
monthly,2024-07-01,visits,inner_dyoy_top5,234019.96183724847,235324.0,0.0055414584264738,0.36,
monthly,2024-07-01,visits,inner_dyoy_24o_top5,234019.96183724847,235324.0,0.0055414584264738,0.38,
monthly,2024-07-01,visits,ratio_last_month,222770.45401449708,235324.0,0.053345795522356076,0.0,
monthly,2024-07-01,visits,ratio_last_3m,248802.72604996717,235324.0,0.057277311493800775,0.0,
monthly,2024-07-01,visits,combo_dyoy_xmetric_fb,226833.8200415181,235324.0,0.03607868283082849,0.05,
monthly,2024-07-01,pounds,seasonal_naive,11420959.16,13293611.25,0.1408685762493619,0.0,
monthly,2024-07-01,pounds,damped_yoy_3m,12162715.637110613,13293611.25,0.08507060960500001,0.0,
monthly,2024-07-01,pounds,panel_carry_d05,11748143.043340305,13293611.25,0.11625646166384584,0.06,
monthly,2024-07-01,pounds,panel_carry_d1,12450183.858121548,13293611.25,0.06344607014730119,0.06,
monthly,2024-07-01,pounds,panel_same_site_only,12923148.133422399,13293611.25,0.027867756143207578,0.02,
monthly,2024-07-01,pounds,panel_same_site_damped,12172053.6467112,13293611.25,0.08436816619628462,0.02,
monthly,2024-07-01,pounds,panel_same_site_6m_damped,12457469.388571523,13293611.25,0.06289802264440947,0.02,
monthly,2024-07-01,pounds,site_build_prob,12412949.703152424,13293611.25,0.06624697610647945,0.05,
monthly,2024-07-01,pounds,site_build_active_only,12598176.093926,13293611.25,0.05231348675658021,0.03,
monthly,2024-07-01,pounds,sites_x_avg_d05,12007185.704820834,13293611.25,0.09677020946277226,0.01,
monthly,2024-07-01,pounds,sites_x_avg_undamped,12928427.05166833,13293611.25,0.02747065424616435,0.01,
monthly,2024-07-01,pounds,xmetric_dyoy_seasonal,12061140.48783691,13293611.25,0.0927115092344144,0.01,
monthly,2024-07-01,pounds,xmetric_dyoy_flat,12462028.821062475,13293611.25,0.06255504341888474,0.01,
monthly,2024-07-01,pounds,xmetric_dyoy_12m_ratio,12379329.16383247,13293611.25,0.06877605106494511,0.01,
monthly,2024-07-01,pounds,foodbank_dyoy_3m,12174189.77438157,13293611.25,0.08420747790548111,0.05,
monthly,2024-07-01,pounds,foodbank_dyoy_6m,12447136.367084296,13293611.25,0.06367531493112555,0.05,
monthly,2024-07-01,pounds,inner_dyoy_best,13431913.655217102,13293611.25,0.010403674563381093,0.38,
monthly,2024-07-01,pounds,inner_dyoy_top5,12740652.239979494,13293611.25,0.0415958462769479,0.42,
monthly,2024-07-01,pounds,inner_dyoy_24o_top5,12740652.239979494,13293611.25,0.0415958462769479,0.43,
monthly,2024-07-01,pounds,ratio_last_month,11848251.906644579,13293611.25,0.10872586208321844,0.0,
monthly,2024-07-01,pounds,ratio_last_3m,12737375.829553934,13293611.25,0.041842311316728664,0.01,
monthly,2024-07-01,pounds,combo_dyoy_xmetric_fb,12238744.858441552,13293611.25,0.07935137952514204,0.06,
monthly,2024-07-01,individuals,seasonal_naive,642153.0,732973.0,0.1239063376140731,0.0,
monthly,2024-07-01,individuals,damped_yoy_3m,706505.7784658137,732973.0,0.03610940857874201,0.0,
monthly,2024-07-01,individuals,panel_carry_d05,686852.9746887594,732973.0,0.06292186112072418,0.05,
monthly,2024-07-01,individuals,panel_carry_d1,746087.4388192894,732973.0,0.017892117198436308,0.06,
monthly,2024-07-01,individuals,panel_same_site_only,766997.623770504,732973.0,0.04642002334397577,0.02,
monthly,2024-07-01,individuals,panel_same_site_damped,704575.3118852519,732973.0,0.03874315713504872,0.02,
monthly,2024-07-01,individuals,panel_same_site_6m_damped,738895.7157556738,732973.0,0.008080400991133052,0.02,
monthly,2024-07-01,individuals,site_build_prob,737284.0634291783,732973.0,0.005881612868657182,0.06,
monthly,2024-07-01,individuals,site_build_active_only,747356.5749777604,732973.0,0.019623608206251086,0.03,
monthly,2024-07-01,individuals,sites_x_avg_d05,690998.7286969603,732973.0,0.057265781008358774,0.01,
monthly,2024-07-01,individuals,sites_x_avg_undamped,770242.2325418497,732973.0,0.050846664941068376,0.01,
monthly,2024-07-01,individuals,xmetric_dyoy_seasonal,720481.4942532561,732973.0,0.017042245412510204,0.01,
monthly,2024-07-01,individuals,xmetric_dyoy_flat,723416.5177395289,732973.0,0.013037973104699785,0.01,
monthly,2024-07-01,individuals,xmetric_dyoy_12m_ratio,711556.7447193988,732973.0,0.029218341303978712,0.01,
monthly,2024-07-01,individuals,foodbank_dyoy_3m,707369.6321260346,732973.0,0.034930847212605975,0.06,
monthly,2024-07-01,individuals,foodbank_dyoy_6m,739771.7093171267,732973.0,0.009275524906274368,0.06,
monthly,2024-07-01,individuals,inner_dyoy_best,701512.1278806253,732973.0,0.04292227970112772,0.4,
monthly,2024-07-01,individuals,inner_dyoy_top5,746922.5435693994,732973.0,0.01903145623290281,0.39,
monthly,2024-07-01,individuals,inner_dyoy_24o_top5,746922.5435693994,732973.0,0.01903145623290281,0.44,
monthly,2024-07-01,individuals,ratio_last_month,697883.3588759288,732973.0,0.04787303369165197,0.0,
monthly,2024-07-01,individuals,ratio_last_3m,758176.9165723075,732973.0,0.034385873111707266,0.01,
monthly,2024-07-01,individuals,combo_dyoy_xmetric_fb,708477.385103749,732973.0,0.03341953236510897,0.06,
monthly,2024-08-01,visits,seasonal_naive,237243.0,241478.0,0.017537829533125215,0.0,
monthly,2024-08-01,visits,damped_yoy_3m,250309.58176526165,241478.0,0.03657302845502142,0.0,
monthly,2024-08-01,visits,panel_carry_d05,243194.62274460058,241478.0,0.0071088163087345,0.06,
monthly,2024-08-01,visits,panel_carry_d1,256583.35592991541,241478.0,0.06255375615963121,0.06,
monthly,2024-08-01,visits,panel_same_site_only,265589.22782764066,241478.0,0.09984854863648307,0.02,
monthly,2024-08-01,visits,panel_same_site_damped,251416.11391382033,241478.0,0.04115535955167893,0.02,
monthly,2024-08-01,visits,panel_same_site_6m_damped,261591.63200028415,241478.0,0.08329384871617362,0.02,
monthly,2024-08-01,visits,site_build_prob,258769.93680614608,241478.0,0.0716087461638164,0.06,
monthly,2024-08-01,visits,site_build_active_only,262132.58972503754,241478.0,0.08553404337056603,0.03,
monthly,2024-08-01,visits,sites_x_avg_d05,247018.97931882952,241478.0,0.022946104070886486,0.01,
monthly,2024-08-01,visits,sites_x_avg_undamped,264114.32684691466,241478.0,0.09374074179393022,0.01,
monthly,2024-08-01,visits,xmetric_dyoy_seasonal,250309.58176526165,241478.0,0.03657302845502142,0.0,
monthly,2024-08-01,visits,xmetric_dyoy_flat,250309.58176526165,241478.0,0.03657302845502142,0.0,
monthly,2024-08-01,visits,xmetric_dyoy_12m_ratio,250309.58176526165,241478.0,0.03657302845502142,0.0,
monthly,2024-08-01,visits,foodbank_dyoy_3m,252339.55379186507,241478.0,0.04497947552930315,0.05,
monthly,2024-08-01,visits,foodbank_dyoy_6m,263440.9672724996,241478.0,0.09095224936640012,0.05,
monthly,2024-08-01,visits,inner_dyoy_best,264801.86560927366,241478.0,0.09658795256409958,0.41,
monthly,2024-08-01,visits,inner_dyoy_top5,263267.6166402143,241478.0,0.0902343759688844,0.42,
monthly,2024-08-01,visits,inner_dyoy_24o_top5,263267.6166402143,241478.0,0.0902343759688844,0.46,
monthly,2024-08-01,visits,ratio_last_month,263099.9764096256,241478.0,0.08954015028129114,0.0,
monthly,2024-08-01,visits,ratio_last_3m,266175.3478237188,241478.0,0.10227576766297042,0.0,
monthly,2024-08-01,visits,combo_dyoy_xmetric_fb,250986.2391074628,241478.0,0.03937517747978214,0.05,
monthly,2024-08-01,pounds,seasonal_naive,13154185.78,13235462.38,0.00614082059745924,0.0,
monthly,2024-08-01,pounds,damped_yoy_3m,13908218.059881598,13235462.38,0.05082978293967222,0.0,
monthly,2024-08-01,pounds,panel_carry_d05,13509016.584051456,13235462.38,0.02066827710264363,0.05,
monthly,2024-08-01,pounds,panel_carry_d1,14280966.138878819,13235462.38,0.07899261309213279,0.05,
monthly,2024-08-01,pounds,panel_same_site_only,14801258.992007874,13235462.38,0.11830312890118111,0.02,
monthly,2024-08-01,pounds,panel_same_site_damped,13977722.386003938,13235462.38,0.05608115415186088,0.02,
monthly,2024-08-01,pounds,panel_same_site_6m_damped,14248545.328554738,13235462.38,0.07654307189793386,0.02,
monthly,2024-08-01,pounds,site_build_prob,14076648.604003415,13235462.38,0.06355548448949722,0.04,
monthly,2024-08-01,pounds,site_build_active_only,14284038.433142811,13235462.38,0.07922473904102545,0.03,
monthly,2024-08-01,pounds,sites_x_avg_d05,13773306.89272509,13235462.38,0.04063662434172466,0.01,
monthly,2024-08-01,pounds,sites_x_avg_undamped,14745323.666885452,13235462.38,0.11407695806434326,0.01,
monthly,2024-08-01,pounds,xmetric_dyoy_seasonal,13934828.80563849,13235462.38,0.05284034705846752,0.01,
monthly,2024-08-01,pounds,xmetric_dyoy_flat,13935067.358859636,13235462.38,0.052858370850481284,0.01,
monthly,2024-08-01,pounds,xmetric_dyoy_12m_ratio,13717483.136128047,13235462.38,0.03641888301963858,0.01,
monthly,2024-08-01,pounds,foodbank_dyoy_3m,13952022.562309131,13235462.38,0.0541394143805598,0.05,
monthly,2024-08-01,pounds,foodbank_dyoy_6m,14275444.00193771,13235462.38,0.07857539027191196,0.04,
monthly,2024-08-01,pounds,inner_dyoy_best,15228377.938262314,13235462.38,0.1505739279100511,0.35,
monthly,2024-08-01,pounds,inner_dyoy_top5,14839344.190605402,13235462.38,0.12118064065740652,0.35,
monthly,2024-08-01,pounds,inner_dyoy_24o_top5,14839344.190605402,13235462.38,0.12118064065740652,0.41,
monthly,2024-08-01,pounds,ratio_last_month,15133718.693821477,13235462.38,0.14342198703159137,0.0,
monthly,2024-08-01,pounds,ratio_last_3m,14451739.907756997,13235462.38,0.0918953560394613,0.01,
monthly,2024-08-01,pounds,combo_dyoy_xmetric_fb,13859241.252772925,13235462.38,0.047129360113290275,0.05,
monthly,2024-08-01,individuals,seasonal_naive,729120.0,745923.0,0.022526453802872437,0.0,
monthly,2024-08-01,individuals,damped_yoy_3m,785737.8417050604,745923.0,0.05337661086340062,0.0,
monthly,2024-08-01,individuals,panel_carry_d05,764541.882568166,745923.0,0.024960864014336615,0.05,
monthly,2024-08-01,individuals,panel_carry_d1,819914.6670712945,745923.0,0.0991947789132317,0.05,
monthly,2024-08-01,individuals,panel_same_site_only,845971.4593337566,745923.0,0.1341270604791065,0.02,
monthly,2024-08-01,individuals,panel_same_site_damped,787545.7296668782,745923.0,0.05580030333811692,0.01,
monthly,2024-08-01,individuals,panel_same_site_6m_damped,818537.6841498913,745923.0,0.09734876676264337,0.02,
monthly,2024-08-01,individuals,site_build_prob,800853.3165474405,745923.0,0.0736407330883222,0.05,
monthly,2024-08-01,individuals,site_build_active_only,811396.2865006247,745923.0,0.08777485947024655,0.03,
monthly,2024-08-01,individuals,sites_x_avg_d05,772498.8371351517,745923.0,0.03562812399557558,0.01,
monthly,2024-08-01,individuals,sites_x_avg_undamped,846801.2527991306,745923.0,0.1352394989819734,0.01,
monthly,2024-08-01,individuals,xmetric_dyoy_seasonal,800564.8498541615,745923.0,0.07325400859627806,0.01,
monthly,2024-08-01,individuals,xmetric_dyoy_flat,792478.8690205947,745923.0,0.062413773299113684,0.01,
monthly,2024-08-01,individuals,xmetric_dyoy_12m_ratio,786968.1087509579,745923.0,0.055025932637762676,0.01,
monthly,2024-08-01,individuals,foodbank_dyoy_3m,796651.727113768,745923.0,0.0680079942752374,0.06,
monthly,2024-08-01,individuals,foodbank_dyoy_6m,827203.722537734,745923.0,0.1089666393685862,0.06,
monthly,2024-08-01,individuals,inner_dyoy_best,832239.7836029731,745923.0,0.11571808833213759,0.45,
monthly,2024-08-01,individuals,inner_dyoy_top5,831568.9604112959,745923.0,0.11481876870842678,0.42,
monthly,2024-08-01,individuals,inner_dyoy_24o_top5,840477.1427302003,745923.0,0.12676126454097858,0.47,
monthly,2024-08-01,individuals,ratio_last_month,822256.6011123792,745923.0,0.10233442474944354,0.0,
monthly,2024-08-01,individuals,ratio_last_3m,825951.1733657639,745923.0,0.10728744570922721,0.0,
monthly,2024-08-01,individuals,combo_dyoy_xmetric_fb,789785.8925232622,745923.0,0.05880351259213379,0.06,
monthly,2024-09-01,visits,seasonal_naive,213650.0,236829.0,0.09787230448973727,0.0,
monthly,2024-09-01,visits,damped_yoy_3m,220133.99104657857,236829.0,0.07049393846793017,0.0,
monthly,2024-09-01,visits,panel_carry_d05,212666.4992073937,236829.0,0.1020250931794936,0.06,
monthly,2024-09-01,visits,panel_carry_d1,220842.87562045056,236829.0,0.06750070464153224,0.07,
monthly,2024-09-01,visits,panel_same_site_only,231155.02190119392,236829.0,0.023958122099937418,0.02,
monthly,2024-09-01,visits,panel_same_site_damped,222402.51095059694,236829.0,0.0609152132948374,0.01,
monthly,2024-09-01,visits,panel_same_site_6m_damped,228537.06870904582,236829.0,0.03501231390984283,0.02,
monthly,2024-09-01,visits,site_build_prob,224571.55991052743,236829.0,0.0517564997929838,0.06,
monthly,2024-09-01,visits,site_build_active_only,226107.27792140582,236829.0,0.045271998271302016,0.04,
monthly,2024-09-01,visits,sites_x_avg_d05,214295.85046006713,236829.0,0.09514522942685599,0.01,
monthly,2024-09-01,visits,sites_x_avg_undamped,225034.2824237936,236829.0,0.049802674403077285,0.01,
monthly,2024-09-01,visits,xmetric_dyoy_seasonal,220133.99104657857,236829.0,0.07049393846793017,0.01,
monthly,2024-09-01,visits,xmetric_dyoy_flat,220133.99104657857,236829.0,0.07049393846793017,0.0,
monthly,2024-09-01,visits,xmetric_dyoy_12m_ratio,220133.99104657857,236829.0,0.07049393846793017,0.0,
monthly,2024-09-01,visits,foodbank_dyoy_3m,220281.08069982284,236829.0,0.06987285889894046,0.06,
monthly,2024-09-01,visits,foodbank_dyoy_6m,227980.60372156082,236829.0,0.03736196275979364,0.06,
monthly,2024-09-01,visits,inner_dyoy_best,217463.84382257855,236829.0,0.08176851727373524,0.33,
monthly,2024-09-01,visits,inner_dyoy_top5,220820.43727982318,236829.0,0.06759544954451024,0.35,
monthly,2024-09-01,visits,inner_dyoy_24o_top5,220820.43727982318,236829.0,0.06759544954451024,0.4,
monthly,2024-09-01,visits,ratio_last_month,223140.2200227413,236829.0,0.057800269296660045,0.0,
monthly,2024-09-01,visits,ratio_last_3m,231758.74326257067,236829.0,0.021408935296899134,0.0,
monthly,2024-09-01,visits,combo_dyoy_xmetric_fb,220183.02093099328,236829.0,0.07028691194493375,0.05,
monthly,2024-09-01,pounds,seasonal_naive,12029961.51,12209702.0,0.01472112013872251,0.0,
monthly,2024-09-01,pounds,damped_yoy_3m,12434825.037739746,12209702.0,0.018438045231550015,0.0,
monthly,2024-09-01,pounds,panel_carry_d05,12033772.854113998,12209702.0,0.014408963125062568,0.05,
monthly,2024-09-01,pounds,panel_carry_d1,12545145.32275227,12209702.0,0.02747350613080246,0.05,
monthly,2024-09-01,pounds,panel_same_site_only,13132729.579460172,12209702.0,0.07559787941263196,0.02,
monthly,2024-09-01,pounds,panel_same_site_damped,12581345.544730086,12209702.0,0.030438379636954727,0.02,
monthly,2024-09-01,pounds,panel_same_site_6m_damped,12732654.838918114,12209702.0,0.04283092567845759,0.02,
monthly,2024-09-01,pounds,site_build_prob,12532109.997280624,12209702.0,0.026405885850500077,0.05,
monthly,2024-09-01,pounds,site_build_active_only,12625666.690067451,12209702.0,0.03406837366443938,0.03,
monthly,2024-09-01,pounds,sites_x_avg_d05,12130560.434937164,12209702.0,0.00648185885804875,0.01,
monthly,2024-09-01,pounds,sites_x_avg_undamped,12758368.828440066,12209702.0,0.044936954926505734,0.01,
monthly,2024-09-01,pounds,xmetric_dyoy_seasonal,12472319.546787933,12209702.0,0.021508923541945002,0.01,
monthly,2024-09-01,pounds,xmetric_dyoy_flat,12165014.242275134,12209702.0,0.0036600203448754476,0.01,
monthly,2024-09-01,pounds,xmetric_dyoy_12m_ratio,12051948.576289149,12209702.0,0.01292033365849965,0.01,
monthly,2024-09-01,pounds,foodbank_dyoy_3m,12426918.30693405,12209702.0,0.017790467526074716,0.04,
monthly,2024-09-01,pounds,foodbank_dyoy_6m,12653435.076861948,12209702.0,0.03634266232394112,0.05,
monthly,2024-09-01,pounds,inner_dyoy_best,12839688.565479493,12209702.0,0.05159721060182254,0.31,
monthly,2024-09-01,pounds,inner_dyoy_top5,12764614.908712639,12209702.0,0.04544852189780224,0.31,
monthly,2024-09-01,pounds,inner_dyoy_24o_top5,12768331.422931064,12209702.0,0.04575291214569077,0.38,
monthly,2024-09-01,pounds,ratio_last_month,12326613.604252724,12209702.0,0.009575303660377843,0.0,
monthly,2024-09-01,pounds,ratio_last_3m,12955521.818571841,12209702.0,0.06108419505831031,0.0,
monthly,2024-09-01,pounds,combo_dyoy_xmetric_fb,12304563.973654315,12209702.0,0.007769393033041583,0.05,
monthly,2024-09-01,individuals,seasonal_naive,664311.0,729144.0,0.08891659260722162,0.0,
monthly,2024-09-01,individuals,damped_yoy_3m,691891.4510496916,729144.0,0.05109079818294926,0.0,
monthly,2024-09-01,individuals,panel_carry_d05,669908.6434006415,729144.0,0.08123958586967528,0.05,
monthly,2024-09-01,individuals,panel_carry_d1,701480.7350863302,729144.0,0.03793937125405922,0.05,
monthly,2024-09-01,individuals,panel_same_site_only,731702.1839493025,729144.0,0.0035084756225143288,0.02,
monthly,2024-09-01,individuals,panel_same_site_damped,698006.5919746513,729144.0,0.04270405849235359,0.02,
monthly,2024-09-01,individuals,panel_same_site_6m_damped,720677.6347196258,729144.0,0.011611376189578748,0.02,
monthly,2024-09-01,individuals,site_build_prob,709370.3226473503,729144.0,0.027119029098024217,0.05,
monthly,2024-09-01,individuals,site_build_active_only,715051.6439660934,729144.0,0.01932726050534128,0.04,
monthly,2024-09-01,individuals,sites_x_avg_d05,670140.9031875667,729144.0,0.08092104825992308,0.01,
monthly,2024-09-01,individuals,sites_x_avg_undamped,714765.8713357633,729144.0,0.019719189438899276,0.01,
monthly,2024-09-01,individuals,xmetric_dyoy_seasonal,698886.3804722446,729144.0,0.041497453901774395,0.01,
monthly,2024-09-01,individuals,xmetric_dyoy_flat,687001.4061393471,729144.0,0.05779735396664154,0.01,
monthly,2024-09-01,individuals,xmetric_dyoy_12m_ratio,692370.765469879,729144.0,0.05043343225771724,0.01,
monthly,2024-09-01,individuals,foodbank_dyoy_3m,691843.6161096753,729144.0,0.05115640242575503,0.05,
monthly,2024-09-01,individuals,foodbank_dyoy_6m,719164.5146111192,729144.0,0.013686576847482534,0.05,
monthly,2024-09-01,individuals,inner_dyoy_best,679620.4384093154,729144.0,0.06792013867039237,0.41,
monthly,2024-09-01,individuals,inner_dyoy_top5,694491.7093879827,729144.0,0.04752461874748648,0.43,
monthly,2024-09-01,individuals,inner_dyoy_24o_top5,705271.9110835338,729144.0,0.0327398825423596,0.49,
monthly,2024-09-01,individuals,ratio_last_month,697222.2485245506,729144.0,0.043779762948676026,0.01,
monthly,2024-09-01,individuals,ratio_last_3m,730953.7470679812,729144.0,0.002482015991328357,0.01,
monthly,2024-09-01,individuals,combo_dyoy_xmetric_fb,692035.2775430819,729144.0,0.050893544288807324,0.07,
monthly,2024-10-01,visits,seasonal_naive,228490.0,256920.0,0.11065701385645332,0.0,
monthly,2024-10-01,visits,damped_yoy_3m,237451.24185085675,256920.0,0.0757775110896125,0.0,
monthly,2024-10-01,visits,panel_carry_d05,232394.48366999658,256920.0,0.0954597397244411,0.07,
monthly,2024-10-01,visits,panel_carry_d1,244212.11763780515,256920.0,0.04946240994159601,0.07,
monthly,2024-10-01,visits,panel_same_site_only,253577.93039443155,256920.0,0.013008211137974679,0.02,
monthly,2024-10-01,visits,panel_same_site_damped,241033.9651972158,256920.0,0.061832612497213946,0.02,
monthly,2024-10-01,visits,panel_same_site_6m_damped,243345.28286851934,256920.0,0.052836358132806516,0.02,
monthly,2024-10-01,visits,site_build_prob,229679.332861722,256920.0,0.10602781853603449,0.06,
monthly,2024-10-01,visits,site_build_active_only,233258.88204975217,256920.0,0.09209527460006162,0.04,
monthly,2024-10-01,visits,sites_x_avg_d05,232411.15192211297,256920.0,0.09539486251707552,0.01,
monthly,2024-10-01,visits,sites_x_avg_undamped,247366.02617822998,256920.0,0.0371865710017516,0.01,
monthly,2024-10-01,visits,xmetric_dyoy_seasonal,237451.24185085675,256920.0,0.0757775110896125,0.0,
monthly,2024-10-01,visits,xmetric_dyoy_flat,237451.24185085675,256920.0,0.0757775110896125,0.0,
monthly,2024-10-01,visits,xmetric_dyoy_12m_ratio,237451.24185085675,256920.0,0.0757775110896125,0.0,
monthly,2024-10-01,visits,foodbank_dyoy_3m,237717.15475167794,256920.0,0.07474250836183272,0.05,
monthly,2024-10-01,visits,foodbank_dyoy_6m,242263.93233225803,256920.0,0.05704525793142601,0.07,
monthly,2024-10-01,visits,inner_dyoy_best,253278.99934472266,256920.0,0.014171729158015456,0.44,
monthly,2024-10-01,visits,inner_dyoy_top5,245231.26743642395,256920.0,0.045495611721843576,0.43,
monthly,2024-10-01,visits,inner_dyoy_24o_top5,245231.26743642398,256920.0,0.045495611721843465,0.6,
monthly,2024-10-01,visits,ratio_last_month,238485.28711719808,256920.0,0.07175273580414887,0.01,
monthly,2024-10-01,visits,ratio_last_3m,235345.09378516884,256920.0,0.08397519155702615,0.01,
monthly,2024-10-01,visits,combo_dyoy_xmetric_fb,237539.8794844638,256920.0,0.07543251018035257,0.08,
monthly,2024-10-01,pounds,seasonal_naive,12900779.33,13871543.45,0.06998241569145636,0.0,
monthly,2024-10-01,pounds,damped_yoy_3m,13276765.058821755,13871543.45,0.04287759277272385,0.01,
monthly,2024-10-01,pounds,panel_carry_d05,13029047.962782865,13871543.45,0.060735525953107494,0.08,
monthly,2024-10-01,pounds,panel_carry_d1,13569551.887321645,13871543.45,0.021770581173384373,0.08,
monthly,2024-10-01,pounds,panel_same_site_only,14055245.058628993,13871543.45,0.0132430546961948,0.02,
monthly,2024-10-01,pounds,panel_same_site_damped,13478012.194314497,13871543.45,0.028369680497630778,0.02,
monthly,2024-10-01,pounds,panel_same_site_6m_damped,13609663.591399683,13871543.45,0.018878927175210336,0.02,
monthly,2024-10-01,pounds,site_build_prob,13394884.219957294,13871543.45,0.034362378762019086,0.1,
monthly,2024-10-01,pounds,site_build_active_only,13619010.0026204,13871543.45,0.018205144098769943,0.04,
monthly,2024-10-01,pounds,sites_x_avg_d05,13013335.361353114,13871543.45,0.06186824788029521,0.01,
monthly,2024-10-01,pounds,sites_x_avg_undamped,13695805.33901145,13871543.45,0.012668965902893126,0.01,
monthly,2024-10-01,pounds,xmetric_dyoy_seasonal,13156243.468291743,13871543.45,0.0515659979934141,0.01,
monthly,2024-10-01,pounds,xmetric_dyoy_flat,12889813.336479506,13871543.45,0.07077295450640675,0.01,
monthly,2024-10-01,pounds,xmetric_dyoy_12m_ratio,12908474.123249115,13871543.45,0.06942769780610702,0.01,
monthly,2024-10-01,pounds,foodbank_dyoy_3m,13302137.88002256,13871543.45,0.04104846530091355,0.05,
monthly,2024-10-01,pounds,foodbank_dyoy_6m,13542220.251255538,13871543.45,0.023740919669934857,0.05,
monthly,2024-10-01,pounds,inner_dyoy_best,13652750.787643505,13871543.45,0.015772769853991564,0.44,
monthly,2024-10-01,pounds,inner_dyoy_top5,13658713.292367438,13871543.45,0.015342932702457235,0.41,
monthly,2024-10-01,pounds,inner_dyoy_24o_top5,13622066.434502656,13871543.45,0.017984805829040162,0.62,
monthly,2024-10-01,pounds,ratio_last_month,13036071.785313683,13871543.45,0.06022917836776964,0.01,
monthly,2024-10-01,pounds,ratio_last_3m,13707424.528335286,13871543.45,0.011831338182104911,0.01,
monthly,2024-10-01,pounds,combo_dyoy_xmetric_fb,13162459.02069781,13871543.45,0.05111791862658155,0.07,
monthly,2024-10-01,individuals,seasonal_naive,712506.0,808443.0,0.11866884863867955,0.0,
monthly,2024-10-01,individuals,damped_yoy_3m,742687.9857927748,808443.0,0.08133537454987572,0.0,
monthly,2024-10-01,individuals,panel_carry_d05,719735.0963705954,808443.0,0.10972684979572411,0.06,
monthly,2024-10-01,individuals,panel_carry_d1,758441.6738655354,808443.0,0.06184891963250916,0.06,
monthly,2024-10-01,individuals,panel_same_site_only,795489.2039977206,808443.0,0.016023140780833556,0.02,
monthly,2024-10-01,individuals,panel_same_site_damped,753997.6019988604,808443.0,0.06734599470975644,0.02,
monthly,2024-10-01,individuals,panel_same_site_6m_damped,767387.6684634518,808443.0,0.05078321110647033,0.02,
monthly,2024-10-01,individuals,site_build_prob,735723.3309356117,808443.0,0.08995027363016106,0.06,
monthly,2024-10-01,individuals,site_build_active_only,747474.088646064,808443.0,0.0754152257536227,0.04,
monthly,2024-10-01,individuals,sites_x_avg_d05,725072.4881314057,808443.0,0.10312478661896307,0.01,
monthly,2024-10-01,individuals,sites_x_avg_undamped,777301.3380918372,808443.0,0.03852054122326842,0.01,
monthly,2024-10-01,individuals,xmetric_dyoy_seasonal,744763.137749052,808443.0,0.07876852449826144,0.01,
monthly,2024-10-01,individuals,xmetric_dyoy_flat,734695.998431074,808443.0,0.0912210280365171,0.01,
monthly,2024-10-01,individuals,xmetric_dyoy_12m_ratio,746159.0291429504,808443.0,0.07704188280070401,0.01,
monthly,2024-10-01,individuals,foodbank_dyoy_3m,743133.4456011921,808443.0,0.08078436500632447,0.06,
monthly,2024-10-01,individuals,foodbank_dyoy_6m,764400.9787813167,808443.0,0.0544775837241257,0.06,
monthly,2024-10-01,individuals,inner_dyoy_best,782042.5596806316,808443.0,0.032655908109005094,0.4,
monthly,2024-10-01,individuals,inner_dyoy_top5,764007.5831017185,808443.0,0.054964192773369946,0.4,
monthly,2024-10-01,individuals,inner_dyoy_24o_top5,772951.8297201246,808443.0,0.04390064640286995,0.53,
monthly,2024-10-01,individuals,ratio_last_month,752211.9611574638,808443.0,0.0695547352658582,0.01,
monthly,2024-10-01,individuals,ratio_last_3m,752843.8691621813,808443.0,0.06877309944896393,0.01,
monthly,2024-10-01,individuals,combo_dyoy_xmetric_fb,743993.4868456392,808443.0,0.07972054078563462,0.07,
monthly,2024-11-01,visits,seasonal_naive,240853.0,245399.0,0.018524932864437127,0.0,
monthly,2024-11-01,visits,damped_yoy_3m,250751.83094808084,245399.0,0.02181276593662096,0.0,
monthly,2024-11-01,visits,panel_carry_d05,247352.66687390918,245399.0,0.007961185147083771,0.06,
monthly,2024-11-01,visits,panel_carry_d1,260741.75732747986,245399.0,0.062521678276928,0.06,
monthly,2024-11-01,visits,panel_same_site_only,269330.8452578337,245399.0,0.0975221792176566,0.02,
monthly,2024-11-01,visits,panel_same_site_damped,255091.92262891683,245399.0,0.03949862317660968,0.02,
monthly,2024-11-01,visits,panel_same_site_6m_damped,255164.46812636204,245399.0,0.03979424580524804,0.02,
monthly,2024-11-01,visits,site_build_prob,246304.48712567065,245399.0,0.0036898566239904618,0.06,
monthly,2024-11-01,visits,site_build_active_only,249966.30842443104,245399.0,0.01861176461367431,0.03,
monthly,2024-11-01,visits,sites_x_avg_d05,242263.61563427484,245399.0,0.01277667947190153,0.01,
monthly,2024-11-01,visits,sites_x_avg_undamped,258198.83232885457,245399.0,0.05215926849275898,0.01,
monthly,2024-11-01,visits,xmetric_dyoy_seasonal,250751.83094808084,245399.0,0.02181276593662096,0.0,
monthly,2024-11-01,visits,xmetric_dyoy_flat,250751.83094808084,245399.0,0.02181276593662096,0.0,
monthly,2024-11-01,visits,xmetric_dyoy_12m_ratio,250751.83094808084,245399.0,0.02181276593662096,0.0,
monthly,2024-11-01,visits,foodbank_dyoy_3m,250809.26912712812,245399.0,0.02204682629973287,0.05,
monthly,2024-11-01,visits,foodbank_dyoy_6m,252450.4861859958,245399.0,0.028734779628261764,0.06,
monthly,2024-11-01,visits,inner_dyoy_best,270821.2734036501,245399.0,0.103595668293881,0.44,
monthly,2024-11-01,visits,inner_dyoy_top5,260250.8435445503,245399.0,0.06052120646192649,0.36,
monthly,2024-11-01,visits,inner_dyoy_24o_top5,261727.39808456553,245399.0,0.06653816064680584,0.6,
monthly,2024-11-01,visits,ratio_last_month,269066.0853538831,245399.0,0.09644328360703636,0.01,
monthly,2024-11-01,visits,ratio_last_3m,250752.27285203716,245399.0,0.021814566693577175,0.01,
monthly,2024-11-01,visits,combo_dyoy_xmetric_fb,250770.97700776326,245399.0,0.021890786057658262,0.07,
monthly,2024-11-01,pounds,seasonal_naive,13438380.85,13130956.42,0.02341218873682016,0.0,
monthly,2024-11-01,pounds,damped_yoy_3m,13655699.701484421,13130956.42,0.039962304701977036,0.0,
monthly,2024-11-01,pounds,panel_carry_d05,13524382.412770262,13130956.42,0.029961716434533825,0.06,
monthly,2024-11-01,pounds,panel_carry_d1,13933088.881121194,13130956.42,0.061087131467396416,0.07,
monthly,2024-11-01,pounds,panel_same_site_only,14308973.715215983,13130956.42,0.08971298491416224,0.02,
monthly,2024-11-01,pounds,panel_same_site_damped,13873677.282607991,13130956.42,0.05656258682549131,0.02,
monthly,2024-11-01,pounds,panel_same_site_6m_damped,14069059.783540681,13130956.42,0.07144211994427452,0.02,
monthly,2024-11-01,pounds,site_build_prob,13795492.561683986,13130956.42,0.05060835787039997,0.06,
monthly,2024-11-01,pounds,site_build_active_only,14014720.930471905,13130956.42,0.06730389487286903,0.04,
monthly,2024-11-01,pounds,sites_x_avg_d05,13230297.69152267,13130956.42,0.007565425422580985,0.01,
monthly,2024-11-01,pounds,sites_x_avg_undamped,13761370.007233545,13130956.42,0.04800972351666255,0.01,
monthly,2024-11-01,pounds,xmetric_dyoy_seasonal,13346157.564408856,13130956.42,0.016388840045274966,0.01,
monthly,2024-11-01,pounds,xmetric_dyoy_flat,13409105.58946182,13130956.42,0.021182704485879444,0.01,
monthly,2024-11-01,pounds,xmetric_dyoy_12m_ratio,13581016.699209673,13130956.42,0.03427475233442845,0.01,
monthly,2024-11-01,pounds,foodbank_dyoy_3m,13684628.255444778,13130956.42,0.04216538519627333,0.05,
monthly,2024-11-01,pounds,foodbank_dyoy_6m,13944678.794762706,13130956.42,0.0619697719446628,0.04,
monthly,2024-11-01,pounds,inner_dyoy_best,13764359.127226632,13130956.42,0.048237362684555585,0.41,
monthly,2024-11-01,pounds,inner_dyoy_top5,13971563.44041648,13130956.42,0.06401719673184925,0.44,
monthly,2024-11-01,pounds,inner_dyoy_24o_top5,14130343.234269839,13130956.42,0.07610921720428943,0.62,
monthly,2024-11-01,pounds,ratio_last_month,14520692.087369457,13130956.42,0.10583659125185463,0.01,
monthly,2024-11-01,pounds,ratio_last_3m,13987043.158869725,13130956.42,0.06519606885343121,0.01,
monthly,2024-11-01,pounds,combo_dyoy_xmetric_fb,13640448.218712958,13130956.42,0.03880081407755953,0.06,
monthly,2024-11-01,individuals,seasonal_naive,765313.0,769640.0,0.005622109037991763,0.0,
monthly,2024-11-01,individuals,damped_yoy_3m,797578.6673369147,769640.0,0.036300955429700466,0.0,
monthly,2024-11-01,individuals,panel_carry_d05,778551.2156116507,769640.0,0.011578420575399928,0.07,
monthly,2024-11-01,individuals,panel_carry_d1,821948.9702974502,769640.0,0.06796550373869636,0.07,
monthly,2024-11-01,individuals,panel_same_site_only,857756.7796393754,769640.0,0.11449090437006304,0.02,
monthly,2024-11-01,individuals,panel_same_site_damped,811534.8898196876,769640.0,0.05443439766603553,0.02,
monthly,2024-11-01,individuals,panel_same_site_6m_damped,818794.2170952038,769640.0,0.06386650524297566,0.03,
monthly,2024-11-01,individuals,site_build_prob,788597.0538249474,769640.0,0.02463106624518918,0.06,
monthly,2024-11-01,individuals,site_build_active_only,800684.0557107963,769640.0,0.04033581377110895,0.04,
monthly,2024-11-01,individuals,sites_x_avg_d05,768404.1136230483,769640.0,0.0016057980054983156,0.01,
monthly,2024-11-01,individuals,sites_x_avg_undamped,822616.3313718336,769640.0,0.068832611833888,0.01,
monthly,2024-11-01,individuals,xmetric_dyoy_seasonal,798329.0155781452,769640.0,0.037275889478386226,0.01,
monthly,2024-11-01,individuals,xmetric_dyoy_flat,778799.3551491608,769640.0,0.011900830452108657,0.01,
monthly,2024-11-01,individuals,xmetric_dyoy_12m_ratio,788534.3532529983,769640.0,0.02454959884231367,0.01,
monthly,2024-11-01,individuals,foodbank_dyoy_3m,797375.2845936032,769640.0,0.03603669844810975,0.06,
monthly,2024-11-01,individuals,foodbank_dyoy_6m,809811.0494468518,769640.0,0.05219459675543359,0.06,
monthly,2024-11-01,individuals,inner_dyoy_best,868360.3192941534,769640.0,0.12826817641254795,0.42,
monthly,2024-11-01,individuals,inner_dyoy_top5,830418.6623561769,769640.0,0.0789702488906201,0.39,
monthly,2024-11-01,individuals,inner_dyoy_24o_top5,837533.7616961377,769640.0,0.08821495984634087,0.54,
monthly,2024-11-01,individuals,ratio_last_month,851696.0162891885,769640.0,0.10661610140999489,0.0,
monthly,2024-11-01,individuals,ratio_last_3m,799984.5349774363,769640.0,0.039426920349041605,0.01,
monthly,2024-11-01,individuals,combo_dyoy_xmetric_fb,794496.1017278386,769640.0,0.03229575090670789,0.06,
monthly,2024-12-01,visits,seasonal_naive,220936.0,225715.0,0.021172717807855013,0.0,
monthly,2024-12-01,visits,damped_yoy_3m,230018.5682547259,225715.0,0.01906638129821192,0.0,
monthly,2024-12-01,visits,panel_carry_d05,224462.8357833869,225715.0,0.005547545429471223,0.06,
monthly,2024-12-01,visits,panel_carry_d1,236323.24150677785,225715.0,0.04699838959208669,0.07,
monthly,2024-12-01,visits,panel_same_site_only,246193.10754354656,225715.0,0.09072550580841576,0.02,
monthly,2024-12-01,visits,panel_same_site_damped,233564.5537717733,225715.0,0.03477639400028032,0.02,
monthly,2024-12-01,visits,panel_same_site_6m_damped,231794.74941498754,225715.0,0.02693551343502887,0.02,
monthly,2024-12-01,visits,site_build_prob,222198.3622388305,225715.0,0.015579991410271776,0.06,
monthly,2024-12-01,visits,site_build_active_only,225352.0402129431,225715.0,0.0016080446007438187,0.03,
monthly,2024-12-01,visits,sites_x_avg_d05,230295.13786991133,225715.0,0.020291685842373397,0.01,
monthly,2024-12-01,visits,sites_x_avg_undamped,246170.22087013815,225715.0,0.09062410947494914,0.01,
monthly,2024-12-01,visits,xmetric_dyoy_seasonal,230018.5682547259,225715.0,0.01906638129821192,0.0,
monthly,2024-12-01,visits,xmetric_dyoy_flat,230018.5682547259,225715.0,0.01906638129821192,0.0,
monthly,2024-12-01,visits,xmetric_dyoy_12m_ratio,230018.5682547259,225715.0,0.01906638129821192,0.0,
monthly,2024-12-01,visits,foodbank_dyoy_3m,230178.51941547688,225715.0,0.019775023438747485,0.05,
monthly,2024-12-01,visits,foodbank_dyoy_6m,228973.57424169627,225715.0,0.014436675638288543,0.05,
monthly,2024-12-01,visits,inner_dyoy_best,225106.07492536944,225715.0,0.00269776078076589,0.37,
monthly,2024-12-01,visits,inner_dyoy_top5,227353.81784377922,225715.0,0.00726056240736872,0.39,
monthly,2024-12-01,visits,inner_dyoy_24o_top5,231126.02736969508,225715.0,0.0239728302048825,0.57,
monthly,2024-12-01,visits,ratio_last_month,222120.20797164072,225715.0,0.015926243397024087,0.01,
monthly,2024-12-01,visits,ratio_last_3m,230343.44244558128,225715.0,0.02050569277886405,0.01,
monthly,2024-12-01,visits,combo_dyoy_xmetric_fb,230071.88530830955,225715.0,0.01930259534505696,0.06,
monthly,2024-12-01,pounds,seasonal_naive,12076633.25,13409452.06,0.09939398001024657,0.0,
monthly,2024-12-01,pounds,damped_yoy_3m,12209312.468154447,13409452.06,0.08949952514655946,0.0,
monthly,2024-12-01,pounds,panel_carry_d05,12174164.616877358,13409452.06,0.09212065023950289,0.07,
monthly,2024-12-01,pounds,panel_carry_d1,12450706.339433989,13409452.06,0.07149775518612889,0.08,
monthly,2024-12-01,pounds,panel_same_site_only,12664436.34950318,13409452.06,0.05555899727768743,0.02,
monthly,2024-12-01,pounds,panel_same_site_damped,12370534.79975159,13409452.06,0.07747648864396717,0.02,
monthly,2024-12-01,pounds,panel_same_site_6m_damped,12497313.461229531,13409452.06,0.06802206344369222,0.03,
monthly,2024-12-01,pounds,site_build_prob,11948388.129461119,13409452.06,0.10895776531370671,0.07,
monthly,2024-12-01,pounds,site_build_active_only,12128992.91837446,13409452.06,0.09548929634829095,0.03,
monthly,2024-12-01,pounds,sites_x_avg_d05,12703899.138967516,13409452.06,0.052616088851022313,0.01,
monthly,2024-12-01,pounds,sites_x_avg_undamped,13185249.771893805,13409452.06,0.016719720321383136,0.01,
monthly,2024-12-01,pounds,xmetric_dyoy_seasonal,11873165.04864994,13409452.06,0.11456747109993848,0.01,
monthly,2024-12-01,pounds,xmetric_dyoy_flat,12202609.669853242,13409452.06,0.08999938138760599,0.01,
monthly,2024-12-01,pounds,xmetric_dyoy_12m_ratio,12413516.720571686,13409452.06,0.0742711435912553,0.01,
monthly,2024-12-01,pounds,foodbank_dyoy_3m,12216821.2351407,13409452.06,0.08893956438510142,0.06,
monthly,2024-12-01,pounds,foodbank_dyoy_6m,12355186.761001999,13409452.06,0.07862105731693869,0.06,
monthly,2024-12-01,pounds,inner_dyoy_best,12275652.077231668,13409452.06,0.08455229771471606,0.4,
monthly,2024-12-01,pounds,inner_dyoy_top5,12329174.484668111,13409452.06,0.08056090364455126,0.45,
monthly,2024-12-01,pounds,inner_dyoy_24o_top5,12300636.160722148,13409452.06,0.08268912811026918,0.58,
monthly,2024-12-01,pounds,ratio_last_month,11568654.806123272,13409452.06,0.13727609790766715,0.01,
monthly,2024-12-01,pounds,ratio_last_3m,12120965.333501525,13409452.06,0.09608794757110117,0.0,
monthly,2024-12-01,pounds,combo_dyoy_xmetric_fb,12279883.47462228,13409452.06,0.08423674437430528,0.08,
monthly,2024-12-01,individuals,seasonal_naive,678852.0,710647.0,0.04474091919054046,0.0,
monthly,2024-12-01,individuals,damped_yoy_3m,705012.0436584147,710647.0,0.007929332483758156,0.0,
monthly,2024-12-01,individuals,panel_carry_d05,694468.4006013476,710647.0,0.022766013785539663,0.08,
monthly,2024-12-01,individuals,panel_carry_d1,730358.1266166753,710647.0,0.027736874449164395,0.07,
monthly,2024-12-01,individuals,panel_same_site_only,754705.9341865724,710647.0,0.06199833980383018,0.02,
monthly,2024-12-01,individuals,panel_same_site_damped,716778.9670932862,710647.0,0.008628710306644916,0.02,
monthly,2024-12-01,individuals,panel_same_site_6m_damped,715070.1990988698,710647.0,0.00622418598667096,0.03,
monthly,2024-12-01,individuals,site_build_prob,698167.1222424292,710647.0,0.01756128958198766,0.06,
monthly,2024-12-01,individuals,site_build_active_only,708823.7733282526,710647.0,0.0025655869535049503,0.03,
monthly,2024-12-01,individuals,sites_x_avg_d05,702535.023036171,710647.0,0.011414917622714293,0.01,
monthly,2024-12-01,individuals,sites_x_avg_undamped,751462.7113867435,710647.0,0.05743457917467243,0.01,
monthly,2024-12-01,individuals,xmetric_dyoy_seasonal,703397.5627539025,710647.0,0.010201178990550175,0.01,
monthly,2024-12-01,individuals,xmetric_dyoy_flat,717995.6533449951,710647.0,0.010340792749417238,0.01,
monthly,2024-12-01,individuals,xmetric_dyoy_12m_ratio,722532.5004092989,710647.0,0.0167249005614587,0.01,
monthly,2024-12-01,individuals,foodbank_dyoy_3m,705691.2288402916,710647.0,0.006973604559941005,0.05,
monthly,2024-12-01,individuals,foodbank_dyoy_6m,706666.6257221127,710647.0,0.005601056893066891,0.06,
monthly,2024-12-01,individuals,inner_dyoy_best,718092.0654876222,710647.0,0.010476460869633053,0.41,
monthly,2024-12-01,individuals,inner_dyoy_top5,703739.3947711814,710647.0,0.009720163778667357,0.38,
monthly,2024-12-01,individuals,inner_dyoy_24o_top5,706651.2239347554,710647.0,0.005622729801497139,0.58,
monthly,2024-12-01,individuals,ratio_last_month,681073.4263497588,710647.0,0.041614998234343115,0.01,
monthly,2024-12-01,individuals,ratio_last_3m,711360.6464649863,710647.0,0.0010042207523373037,0.0,
monthly,2024-12-01,individuals,combo_dyoy_xmetric_fb,711078.5909693352,710647.0,0.0006073211725865502,0.07,
monthly,2025-01-01,visits,seasonal_naive,242908.0,247974.0,0.02042956116367034,0.0,
monthly,2025-01-01,visits,damped_yoy_3m,249550.95997705276,247974.0,0.006359376293695096,0.0,
monthly,2025-01-01,visits,panel_carry_d05,245242.0975728367,247974.0,0.011016890589994444,0.06,
monthly,2025-01-01,visits,panel_carry_d1,254999.36981266015,247974.0,0.028331074276578105,0.06,
monthly,2025-01-01,visits,panel_same_site_only,263354.02833322407,247974.0,0.06202274566375543,0.02,
monthly,2025-01-01,visits,panel_same_site_damped,253131.01416661203,247974.0,0.02079659225004238,0.02,
monthly,2025-01-01,visits,panel_same_site_6m_damped,254654.90651155156,247974.0,0.02694196372019464,0.02,
monthly,2025-01-01,visits,site_build_prob,243513.8703090401,247974.0,0.017986279573503294,0.06,
monthly,2025-01-01,visits,site_build_active_only,246806.43876196246,247974.0,0.004708401840666898,0.03,
monthly,2025-01-01,visits,sites_x_avg_d05,256481.6561582505,247974.0,0.03430866203009386,0.01,
monthly,2025-01-01,visits,sites_x_avg_undamped,269539.5840787091,247974.0,0.08696711783779376,0.01,
monthly,2025-01-01,visits,xmetric_dyoy_seasonal,249550.95997705276,247974.0,0.006359376293695096,0.0,
monthly,2025-01-01,visits,xmetric_dyoy_flat,249550.95997705276,247974.0,0.006359376293695096,0.0,
monthly,2025-01-01,visits,xmetric_dyoy_12m_ratio,249550.95997705276,247974.0,0.006359376293695096,0.0,
monthly,2025-01-01,visits,foodbank_dyoy_3m,249920.18977807555,247974.0,0.00784836223989438,0.06,
monthly,2025-01-01,visits,foodbank_dyoy_6m,251366.7611818757,247974.0,0.013681923031752197,0.06,
monthly,2025-01-01,visits,inner_dyoy_best,249550.95997705276,247974.0,0.006359376293695096,0.34,
monthly,2025-01-01,visits,inner_dyoy_top5,249679.35091973958,247974.0,0.006877135989013183,0.34,
monthly,2025-01-01,visits,inner_dyoy_24o_top5,250725.65837682,247974.0,0.011096560029761227,0.64,
monthly,2025-01-01,visits,ratio_last_month,242216.79203033412,247974.0,0.02321698230324909,0.01,
monthly,2025-01-01,visits,ratio_last_3m,247314.6663109466,247974.0,0.0026588823386862748,0.01,
monthly,2025-01-01,visits,combo_dyoy_xmetric_fb,249674.03657739368,247974.0,0.0068557049424282646,0.07,
monthly,2025-01-01,pounds,seasonal_naive,12985532.3,12757764.66,0.017853256120496708,0.0,
monthly,2025-01-01,pounds,damped_yoy_3m,13322908.914710592,12757764.66,0.04429806237784861,0.0,
monthly,2025-01-01,pounds,panel_carry_d05,13034752.280736335,12757764.66,0.02171129724667109,0.07,
monthly,2025-01-01,pounds,panel_carry_d1,13493784.192308186,12757764.66,0.057691888189148166,0.07,
monthly,2025-01-01,pounds,panel_same_site_only,13943697.134119118,12757764.66,0.0929577011118119,0.02,
monthly,2025-01-01,pounds,panel_same_site_damped,13464614.71705956,12757764.66,0.05540547861615441,0.02,
monthly,2025-01-01,pounds,panel_same_site_6m_damped,13514277.879000623,12757764.66,0.059298257897212325,0.02,
monthly,2025-01-01,pounds,site_build_prob,12957913.618564148,12757764.66,0.01568840340750932,0.06,
monthly,2025-01-01,pounds,site_build_active_only,13095503.025516102,12757764.66,0.026473161601344497,0.03,
monthly,2025-01-01,pounds,sites_x_avg_d05,13627328.516646143,12757764.66,0.0681595780938431,0.01,
monthly,2025-01-01,pounds,sites_x_avg_undamped,14186589.570368553,12757764.66,0.11199649377828802,0.01,
monthly,2025-01-01,pounds,xmetric_dyoy_seasonal,13306082.236605672,12757764.66,0.042979126141496904,0.01,
monthly,2025-01-01,pounds,xmetric_dyoy_flat,13852157.177656552,12757764.66,0.08578246635069631,0.01,
monthly,2025-01-01,pounds,xmetric_dyoy_12m_ratio,13561338.293078037,12757764.66,0.06298702433330794,0.01,
monthly,2025-01-01,pounds,foodbank_dyoy_3m,13325069.22473578,12757764.66,0.04446739533567934,0.06,
monthly,2025-01-01,pounds,foodbank_dyoy_6m,13361824.045434289,12757764.66,0.047348371876479556,0.06,
monthly,2025-01-01,pounds,inner_dyoy_best,13491597.222065888,12757764.66,0.057520465506524676,0.42,
monthly,2025-01-01,pounds,inner_dyoy_top5,13467881.488713432,12757764.66,0.05566154006115931,0.41,
monthly,2025-01-01,pounds,inner_dyoy_24o_top5,13758515.867429784,12757764.66,0.07844251983793704,0.6,
monthly,2025-01-01,pounds,ratio_last_month,14021064.471784139,12757764.66,0.0990220344591417,0.01,
monthly,2025-01-01,pounds,ratio_last_3m,13128535.091922829,12757764.66,0.029062335119358407,0.01,
monthly,2025-01-01,pounds,combo_dyoy_xmetric_fb,13403105.477508135,12757764.66,0.050584160682278556,0.07,
monthly,2025-01-01,individuals,seasonal_naive,769344.0,778384.0,0.011613805011408296,0.0,
monthly,2025-01-01,individuals,damped_yoy_3m,792898.5429265754,778384.0,0.018647021170239197,0.0,
monthly,2025-01-01,individuals,panel_carry_d05,782354.7495928727,778384.0,0.005101273398313344,0.08,
monthly,2025-01-01,individuals,panel_carry_d1,815859.2746128121,778384.0,0.0481449703652852,0.08,
monthly,2025-01-01,individuals,panel_same_site_only,839133.7027870038,778384.0,0.07804592949881273,0.02,
monthly,2025-01-01,individuals,panel_same_site_damped,804238.8513935019,778384.0,0.033216062243702105,0.02,
monthly,2025-01-01,individuals,panel_same_site_6m_damped,809043.8823186576,778384.0,0.03938914766831991,0.02,
monthly,2025-01-01,individuals,site_build_prob,785842.8095633164,778384.0,0.009582429190883257,0.06,
monthly,2025-01-01,individuals,site_build_active_only,795852.7394386813,778384.0,0.022442315667692725,0.03,
monthly,2025-01-01,individuals,sites_x_avg_d05,823557.9161383598,778384.0,0.05803551478236946,0.01,
monthly,2025-01-01,individuals,sites_x_avg_undamped,870149.1741026219,778384.0,0.11789190695417928,0.01,
monthly,2025-01-01,individuals,xmetric_dyoy_seasonal,795282.9301623547,778384.0,0.021710274314932887,0.01,
monthly,2025-01-01,individuals,xmetric_dyoy_flat,784516.6140980778,778384.0,0.007878648710762048,0.01,
monthly,2025-01-01,individuals,xmetric_dyoy_12m_ratio,785350.6197652227,778384.0,0.008950106586495421,0.01,
monthly,2025-01-01,individuals,foodbank_dyoy_3m,794856.0979512958,778384.0,0.021161917448580425,0.06,
monthly,2025-01-01,individuals,foodbank_dyoy_6m,798865.7865241098,778384.0,0.026313216258440297,0.07,
monthly,2025-01-01,individuals,inner_dyoy_best,804675.8143898628,778384.0,0.03377743426106239,0.43,
monthly,2025-01-01,individuals,inner_dyoy_top5,799321.2579476887,778384.0,0.026898366291815634,0.39,
monthly,2025-01-01,individuals,inner_dyoy_24o_top5,806826.328483553,778384.0,0.03654022755292119,0.61,
monthly,2025-01-01,individuals,ratio_last_month,789522.5717147783,778384.0,0.01430986725675032,0.0,
monthly,2025-01-01,individuals,ratio_last_3m,794011.0443935619,778384.0,0.02007626620480618,0.0,
monthly,2025-01-01,individuals,combo_dyoy_xmetric_fb,791035.0868810313,778384.0,0.016253015068438348,0.06,
monthly,2025-02-01,visits,seasonal_naive,239827.0,241336.0,0.006252693340405124,0.0,
monthly,2025-02-01,visits,damped_yoy_3m,242275.81868164614,241336.0,0.0038942332749616337,0.0,
monthly,2025-02-01,visits,panel_carry_d05,235387.01678088508,241336.0,0.024650210574116205,0.06,
monthly,2025-02-01,visits,panel_carry_d1,240574.64990304888,241336.0,0.003154730736198208,0.06,
monthly,2025-02-01,visits,panel_same_site_only,250798.34318720625,241336.0,0.03920817112741681,0.02,
monthly,2025-02-01,visits,panel_same_site_damped,245312.67159360313,241336.0,0.01647773889350579,0.02,
monthly,2025-02-01,visits,panel_same_site_6m_damped,249563.06520184616,241336.0,0.034089672497456425,0.03,
monthly,2025-02-01,visits,site_build_prob,234184.20201195445,241336.0,0.02963419460024841,0.07,
monthly,2025-02-01,visits,site_build_active_only,236142.32573607544,241336.0,0.021520511916682805,0.04,
monthly,2025-02-01,visits,sites_x_avg_d05,244751.23776139083,241336.0,0.014151381316466871,0.01,
monthly,2025-02-01,visits,sites_x_avg_undamped,251703.61082933552,241336.0,0.042959238693504265,0.01,
monthly,2025-02-01,visits,xmetric_dyoy_seasonal,242275.81868164614,241336.0,0.0038942332749616337,0.0,
monthly,2025-02-01,visits,xmetric_dyoy_flat,242275.81868164614,241336.0,0.0038942332749616337,0.0,
monthly,2025-02-01,visits,xmetric_dyoy_12m_ratio,242275.81868164614,241336.0,0.0038942332749616337,0.0,
monthly,2025-02-01,visits,foodbank_dyoy_3m,242232.03865442355,241336.0,0.0037128263268784156,0.06,
monthly,2025-02-01,visits,foodbank_dyoy_6m,246057.21079844862,241336.0,0.019562812006698627,0.06,
monthly,2025-02-01,visits,inner_dyoy_best,242275.81868164614,241336.0,0.0038942332749616337,0.38,
monthly,2025-02-01,visits,inner_dyoy_top5,243518.8449823999,241336.0,0.009044837829415897,0.39,
monthly,2025-02-01,visits,inner_dyoy_24o_top5,243781.5471420833,241336.0,0.010133370661995267,0.62,
monthly,2025-02-01,visits,ratio_last_month,270822.9324320173,241336.0,0.1221820716014903,0.01,
monthly,2025-02-01,visits,ratio_last_3m,236974.62790461854,241336.0,0.018071784132418944,0.01,
monthly,2025-02-01,visits,combo_dyoy_xmetric_fb,242261.22533923862,241336.0,0.0038337642922672277,0.06,
monthly,2025-02-01,pounds,seasonal_naive,12473176.99,11767658.75,0.05995400232013015,0.0,
monthly,2025-02-01,pounds,damped_yoy_3m,12602382.162786543,11767658.75,0.07093368617496187,0.0,
monthly,2025-02-01,pounds,panel_carry_d05,12164885.096796293,11767658.75,0.03375576699114369,0.06,
monthly,2025-02-01,pounds,panel_carry_d1,12409413.67883848,11767658.75,0.05453548088641513,0.06,
monthly,2025-02-01,pounds,panel_same_site_only,12989119.256380554,11767658.75,0.10379809037040211,0.02,
monthly,2025-02-01,pounds,panel_same_site_damped,12731148.123190278,11767658.75,0.08187604634526635,0.02,
monthly,2025-02-01,pounds,panel_same_site_6m_damped,12803276.57102437,11767658.75,0.08800542597518546,0.02,
monthly,2025-02-01,pounds,site_build_prob,11908416.44103237,11767658.75,0.01196140150073366,0.06,
monthly,2025-02-01,pounds,site_build_active_only,11968927.542979842,11767658.75,0.01710355451799983,0.04,
monthly,2025-02-01,pounds,sites_x_avg_d05,12630647.486433275,11767658.75,0.07333563581058766,0.01,
monthly,2025-02-01,pounds,sites_x_avg_undamped,12901908.369441984,11767658.75,0.09638702511168451,0.01,
monthly,2025-02-01,pounds,xmetric_dyoy_seasonal,12604189.664254531,11767658.75,0.07108728524733365,0.01,
monthly,2025-02-01,pounds,xmetric_dyoy_flat,13240378.187630132,11767658.75,0.12514974039590765,0.01,
monthly,2025-02-01,pounds,xmetric_dyoy_12m_ratio,13123482.893753182,11767658.75,0.11521613368956518,0.01,
monthly,2025-02-01,pounds,foodbank_dyoy_3m,12610225.470430149,11767658.75,0.07160020003385537,0.05,
monthly,2025-02-01,pounds,foodbank_dyoy_6m,12652667.784982242,11767658.75,0.07520689151376359,0.06,
monthly,2025-02-01,pounds,inner_dyoy_best,12602382.162786543,11767658.75,0.07093368617496187,0.41,
monthly,2025-02-01,pounds,inner_dyoy_top5,12633330.531100485,11767658.75,0.07356363738033145,0.41,
monthly,2025-02-01,pounds,inner_dyoy_24o_top5,12705144.257907871,11767658.75,0.07966627243570179,0.67,
monthly,2025-02-01,pounds,ratio_last_month,11690016.03565666,11767658.75,0.006597974668779316,0.0,
monthly,2025-02-01,pounds,ratio_last_3m,12128027.741797835,11767658.75,0.030623677951048256,0.01,
monthly,2025-02-01,pounds,combo_dyoy_xmetric_fb,12778696.842323294,11767658.75,0.08591667329946095,0.06,
monthly,2025-02-01,individuals,seasonal_naive,754960.0,722068.0,0.04555249644077852,0.0,
monthly,2025-02-01,individuals,damped_yoy_3m,762661.6862185787,722068.0,0.056218647299947744,0.0,
monthly,2025-02-01,individuals,panel_carry_d05,744348.7233930053,722068.0,0.03085682150850788,0.05,
monthly,2025-02-01,individuals,panel_carry_d1,760397.1392769135,722068.0,0.05308245106681575,0.05,
monthly,2025-02-01,individuals,panel_same_site_only,788668.7430880166,722068.0,0.09223610946339766,0.02,
monthly,2025-02-01,individuals,panel_same_site_damped,771814.3715440084,722068.0,0.0688943029520881,0.02,
monthly,2025-02-01,individuals,panel_same_site_6m_damped,785733.9324347895,722068.0,0.08817165756520096,0.03,
monthly,2025-02-01,individuals,site_build_prob,744349.0344629859,722068.0,0.030857252312782135,0.07,
monthly,2025-02-01,individuals,site_build_active_only,749355.7202821983,722068.0,0.037791067160154235,0.03,
monthly,2025-02-01,individuals,sites_x_avg_d05,776723.6649659267,722068.0,0.07569323798579441,0.01,
monthly,2025-02-01,individuals,sites_x_avg_undamped,799019.3665773782,722068.0,0.10657080299553257,0.01,
monthly,2025-02-01,individuals,xmetric_dyoy_seasonal,762654.7892785294,722068.0,0.05620909565100418,0.01,
monthly,2025-02-01,individuals,xmetric_dyoy_flat,760993.5997506457,722068.0,0.05390849580738344,0.01,
monthly,2025-02-01,individuals,xmetric_dyoy_12m_ratio,761872.1388323148,722068.0,0.055125194347782625,0.01,
monthly,2025-02-01,individuals,foodbank_dyoy_3m,762693.2250740669,722068.0,0.056262325811512026,0.07,
monthly,2025-02-01,individuals,foodbank_dyoy_6m,775042.1478124065,722068.0,0.07336448618745961,0.06,
monthly,2025-02-01,individuals,inner_dyoy_best,762661.6862185787,722068.0,0.056218647299947744,0.41,
monthly,2025-02-01,individuals,inner_dyoy_top5,764921.5887393379,722068.0,0.0593484114229379,0.42,
monthly,2025-02-01,individuals,inner_dyoy_24o_top5,769295.5241952995,722068.0,0.06540592325833505,0.62,
monthly,2025-02-01,individuals,ratio_last_month,752868.4324965428,722068.0,0.042655861354530034,0.01,
monthly,2025-02-01,individuals,ratio_last_3m,751475.9106665051,722068.0,0.040727342392274934,0.0,
monthly,2025-02-01,individuals,combo_dyoy_xmetric_fb,762409.0167083201,722068.0,0.05586872248641428,0.06,
monthly,2025-03-01,visits,seasonal_naive,233598.0,244459.0,0.04442871810814897,0.0,
monthly,2025-03-01,visits,damped_yoy_3m,235482.59641792826,244459.0,0.03671946454035946,0.0,
monthly,2025-03-01,visits,panel_carry_d05,224741.45365911035,244459.0,0.08065788676583663,0.05,
monthly,2025-03-01,visits,panel_carry_d1,229598.35410251847,244459.0,0.06078993163467716,0.05,
monthly,2025-03-01,visits,panel_same_site_only,243971.61136278624,244459.0,0.001993743888397459,0.02,
monthly,2025-03-01,visits,panel_same_site_damped,238784.80568139316,244459.0,0.023211230998273047,0.02,
monthly,2025-03-01,visits,panel_same_site_6m_damped,242787.5514445487,244459.0,0.006837336958145479,0.02,
monthly,2025-03-01,visits,site_build_prob,257632.21859044486,244459.0,0.053887230948522546,0.06,
monthly,2025-03-01,visits,site_build_active_only,261349.93437428738,244459.0,0.06909516268285221,0.04,
monthly,2025-03-01,visits,sites_x_avg_d05,228159.56849639077,244459.0,0.06667552229048324,0.01,
monthly,2025-03-01,visits,sites_x_avg_undamped,233317.3349309258,244459.0,0.04557682502617699,0.01,
monthly,2025-03-01,visits,xmetric_dyoy_seasonal,235482.59641792826,244459.0,0.03671946454035946,0.0,
monthly,2025-03-01,visits,xmetric_dyoy_flat,235482.59641792826,244459.0,0.03671946454035946,0.0,
monthly,2025-03-01,visits,xmetric_dyoy_12m_ratio,235482.59641792826,244459.0,0.03671946454035946,0.0,
monthly,2025-03-01,visits,foodbank_dyoy_3m,235494.9439602338,244459.0,0.036668954874912396,0.06,
monthly,2025-03-01,visits,foodbank_dyoy_6m,239376.388735578,244459.0,0.020791262601998706,0.05,
monthly,2025-03-01,visits,inner_dyoy_best,235482.59641792826,244459.0,0.03671946454035946,0.34,
monthly,2025-03-01,visits,inner_dyoy_top5,236016.24879170358,244459.0,0.034536471180428685,0.34,
monthly,2025-03-01,visits,inner_dyoy_24o_top5,235808.56919492065,244459.0,0.03538601894419657,0.57,
monthly,2025-03-01,visits,ratio_last_month,244716.04766293676,244459.0,0.0010514960092971037,0.01,
monthly,2025-03-01,visits,ratio_last_3m,258916.80204807807,244459.0,0.05914203219385694,0.0,
monthly,2025-03-01,visits,combo_dyoy_xmetric_fb,235486.71226536343,244459.0,0.03670262798521051,0.06,
monthly,2025-03-01,pounds,seasonal_naive,12216851.57,12452621.8,0.018933380760026042,0.0,
monthly,2025-03-01,pounds,damped_yoy_3m,12281870.751561161,12452621.8,0.013712056077928914,0.0,
monthly,2025-03-01,pounds,panel_carry_d05,11785721.65636753,12452621.8,0.05355499864554403,0.06,
monthly,2025-03-01,pounds,panel_carry_d1,11998691.573545532,12452621.8,0.036452582736791084,0.06,
monthly,2025-03-01,pounds,panel_same_site_only,12668172.188434828,12452621.8,0.017309639038007862,0.02,
monthly,2025-03-01,pounds,panel_same_site_damped,12442511.879217414,12452621.8,0.0008118708610090897,0.02,
monthly,2025-03-01,pounds,panel_same_site_6m_damped,12478476.010934798,12452621.8,0.0020762062278962823,0.02,
monthly,2025-03-01,pounds,site_build_prob,13154283.055406623,12452621.8,0.05634646797083498,0.05,
monthly,2025-03-01,pounds,site_build_active_only,13344952.769963877,12452621.8,0.07165808006502505,0.03,
monthly,2025-03-01,pounds,sites_x_avg_d05,11799814.100704087,12452621.8,0.052423313723051757,0.01,
monthly,2025-03-01,pounds,sites_x_avg_undamped,11959753.194262384,12452621.8,0.039579504914990404,0.01,
monthly,2025-03-01,pounds,xmetric_dyoy_seasonal,12248860.781483795,12452621.8,0.0163629010652363,0.01,
monthly,2025-03-01,pounds,xmetric_dyoy_flat,12493273.620455755,12452621.8,0.0032645189991840073,0.01,
monthly,2025-03-01,pounds,xmetric_dyoy_12m_ratio,12690896.992492223,12452621.8,0.019134540205197892,0.01,
monthly,2025-03-01,pounds,foodbank_dyoy_3m,12287645.884561513,12452621.8,0.013248287636784095,0.06,
monthly,2025-03-01,pounds,foodbank_dyoy_6m,12323960.161209231,12452621.8,0.010332092378391278,0.05,
monthly,2025-03-01,pounds,inner_dyoy_best,12281870.751561161,12452621.8,0.013712056077928914,0.33,
monthly,2025-03-01,pounds,inner_dyoy_top5,12285862.934830166,12452621.8,0.013391466299075616,0.4,
monthly,2025-03-01,pounds,inner_dyoy_24o_top5,12345368.497156471,12452621.8,0.00861290935885728,0.7,
monthly,2025-03-01,pounds,ratio_last_month,13457798.24971331,12452621.8,0.08072006569036794,0.01,
monthly,2025-03-01,pounds,ratio_last_3m,13467854.238794204,12452621.8,0.08152760559982664,0.01,
monthly,2025-03-01,pounds,combo_dyoy_xmetric_fb,12420137.876204966,12452621.8,0.0026086011698384093,0.09,
monthly,2025-03-01,individuals,seasonal_naive,739082.0,760491.0,0.02815154945949394,0.0,
monthly,2025-03-01,individuals,damped_yoy_3m,740414.2997386476,760491.0,0.026399655303418923,0.0,
monthly,2025-03-01,individuals,panel_carry_d05,716386.035298648,760491.0,0.05799538022323991,0.05,
monthly,2025-03-01,individuals,panel_carry_d1,726524.2550100548,760491.0,0.04466423006971176,0.07,
monthly,2025-03-01,individuals,panel_same_site_only,760403.1222720493,760491.0,0.00011555393548468018,0.02,
monthly,2025-03-01,individuals,panel_same_site_damped,749742.5611360245,760491.0,0.014133551697489422,0.03,
monthly,2025-03-01,individuals,panel_same_site_6m_damped,764744.962546719,760491.0,0.005593705312382458,0.03,
monthly,2025-03-01,individuals,site_build_prob,805854.9616311877,760491.0,0.059650885587321456,0.06,
monthly,2025-03-01,individuals,site_build_active_only,816075.7802543427,760491.0,0.07309064835000378,0.05,
monthly,2025-03-01,individuals,sites_x_avg_d05,721242.5371471901,760491.0,0.05160937190947679,0.01,
monthly,2025-03-01,individuals,sites_x_avg_undamped,731848.8419919747,760491.0,0.03766271791253972,0.01,
monthly,2025-03-01,individuals,xmetric_dyoy_seasonal,735857.441132856,760491.0,0.03239165074556316,0.01,
monthly,2025-03-01,individuals,xmetric_dyoy_flat,728191.7883389879,760491.0,0.0424715238720933,0.01,
monthly,2025-03-01,individuals,xmetric_dyoy_12m_ratio,737420.7818514702,760491.0,0.03033595157408797,0.01,
monthly,2025-03-01,individuals,foodbank_dyoy_3m,740435.115704834,760491.0,0.026372283557814624,0.07,
monthly,2025-03-01,individuals,foodbank_dyoy_6m,754327.2302992791,760491.0,0.00810498704221474,0.06,
monthly,2025-03-01,individuals,inner_dyoy_best,740414.2997386476,760491.0,0.026399655303418923,0.46,
monthly,2025-03-01,individuals,inner_dyoy_top5,740942.937005628,760491.0,0.025704529040280533,0.5,
monthly,2025-03-01,individuals,inner_dyoy_24o_top5,733159.3396178696,760491.0,0.03593949222558901,0.81,
monthly,2025-03-01,individuals,ratio_last_month,834364.7649588378,760491.0,0.0971395650426341,0.01,
monthly,2025-03-01,individuals,ratio_last_3m,820682.0553960742,760491.0,0.07914762356960736,0.01,
monthly,2025-03-01,individuals,combo_dyoy_xmetric_fb,739423.3990983173,760491.0,0.02770263014510721,0.09,
monthly,2025-04-01,visits,seasonal_naive,238454.0,263231.0,0.09412645167172562,0.0,
monthly,2025-04-01,visits,damped_yoy_3m,241356.06087392315,263231.0,0.08310168303154586,0.01,
monthly,2025-04-01,visits,panel_carry_d05,234666.71908962762,263231.0,0.10851412223625778,0.1,
monthly,2025-04-01,visits,panel_carry_d1,242165.56348947278,263231.0,0.0800264273984721,0.09,
monthly,2025-04-01,visits,panel_same_site_only,254277.44135883226,263231.0,0.03401407372675613,0.02,
monthly,2025-04-01,visits,panel_same_site_damped,246365.72067941612,263231.0,0.06407026269924088,0.02,
monthly,2025-04-01,visits,panel_same_site_6m_damped,247408.32227044104,263231.0,0.06010947695962465,0.02,
monthly,2025-04-01,visits,site_build_prob,250185.4594939984,263231.0,0.049559286353057175,0.08,
monthly,2025-04-01,visits,site_build_active_only,252171.11237352152,263231.0,0.04201590096333063,0.04,
monthly,2025-04-01,visits,sites_x_avg_d05,236231.58418890103,263231.0,0.10256928633443241,0.01,
monthly,2025-04-01,visits,sites_x_avg_undamped,243321.17953540318,263231.0,0.0756363059996612,0.01,
monthly,2025-04-01,visits,xmetric_dyoy_seasonal,241356.06087392315,263231.0,0.08310168303154586,0.0,
monthly,2025-04-01,visits,xmetric_dyoy_flat,241356.06087392315,263231.0,0.08310168303154586,0.0,
monthly,2025-04-01,visits,xmetric_dyoy_12m_ratio,241356.06087392315,263231.0,0.08310168303154586,0.0,
monthly,2025-04-01,visits,foodbank_dyoy_3m,241260.63147024257,263231.0,0.08346421405441395,0.06,
monthly,2025-04-01,visits,foodbank_dyoy_6m,243018.7244158191,263231.0,0.07678531625903062,0.07,
monthly,2025-04-01,visits,inner_dyoy_best,241356.06087392315,263231.0,0.08310168303154586,0.47,
monthly,2025-04-01,visits,inner_dyoy_top5,241598.6634872264,263231.0,0.08218004913089105,0.48,
monthly,2025-04-01,visits,inner_dyoy_24o_top5,244946.22667712922,263231.0,0.06946284184944318,0.88,
monthly,2025-04-01,visits,ratio_last_month,248714.84072552633,263231.0,0.055146085660403465,0.01,
monthly,2025-04-01,visits,ratio_last_3m,255817.0552668492,263231.0,0.02816516570294081,0.01,
monthly,2025-04-01,visits,combo_dyoy_xmetric_fb,241324.2510726963,263231.0,0.08322252670583519,0.08,
monthly,2025-04-01,pounds,seasonal_naive,12977668.52,12772997.24,0.01602374729707523,0.0,
monthly,2025-04-01,pounds,damped_yoy_3m,12857535.910337605,12772997.24,0.006618546042808315,0.01,
monthly,2025-04-01,pounds,panel_carry_d05,12532932.116112584,12772997.24,0.01879473700468881,0.09,
monthly,2025-04-01,pounds,panel_carry_d1,12658625.977873387,12772997.24,0.008954144432791966,0.09,
monthly,2025-04-01,pounds,panel_same_site_only,13241464.64079501,12772997.24,0.03667638785107963,0.02,
monthly,2025-04-01,pounds,panel_same_site_damped,13109566.580397502,12772997.24,0.026350067574077096,0.03,
monthly,2025-04-01,pounds,panel_same_site_6m_damped,13284027.293690171,12772997.24,0.040008624764266365,0.03,
monthly,2025-04-01,pounds,site_build_prob,13015425.781927947,12772997.24,0.018979769381673117,0.08,
monthly,2025-04-01,pounds,site_build_active_only,13200143.995424686,12772997.24,0.03344138790596696,0.05,
monthly,2025-04-01,pounds,sites_x_avg_d05,12530447.509410974,12772997.24,0.018989257261362025,0.01,
monthly,2025-04-01,pounds,sites_x_avg_undamped,12649819.095329225,12772997.24,0.009643636677931,0.01,
monthly,2025-04-01,pounds,xmetric_dyoy_seasonal,12586068.640890883,12772997.24,0.014634669967964142,0.01,
monthly,2025-04-01,pounds,xmetric_dyoy_flat,12163058.579339605,12772997.24,0.04775219544793352,0.01,
monthly,2025-04-01,pounds,xmetric_dyoy_12m_ratio,12978141.475422043,12772997.24,0.01606077505282877,0.01,
monthly,2025-04-01,pounds,foodbank_dyoy_3m,12873651.571409909,12772997.24,0.007880243729694092,0.07,
monthly,2025-04-01,pounds,foodbank_dyoy_6m,13100924.614033664,12772997.24,0.02567348664311342,0.07,
monthly,2025-04-01,pounds,inner_dyoy_best,12797469.605506409,12772997.24,0.001915945415675191,0.45,
monthly,2025-04-01,pounds,inner_dyoy_top5,12938812.222319731,12772997.24,0.012981681527375999,0.45,
monthly,2025-04-01,pounds,inner_dyoy_24o_top5,12947070.130243907,12772997.24,0.013628194461577037,0.91,
monthly,2025-04-01,pounds,ratio_last_month,12629348.412378777,12772997.24,0.011246289725278524,0.01,
monthly,2025-04-01,pounds,ratio_last_3m,13189583.939449625,12772997.24,0.032614639432085646,0.0,
monthly,2025-04-01,pounds,combo_dyoy_xmetric_fb,12903109.652389854,12772997.24,0.0101865216084438,0.07,
monthly,2025-04-01,individuals,seasonal_naive,760721.0,786971.0,0.03335573991926,0.0,
monthly,2025-04-01,individuals,damped_yoy_3m,760310.4554877074,786971.0,0.033877416718395725,0.0,
monthly,2025-04-01,individuals,panel_carry_d05,739647.21481859,786971.0,0.06013409030499217,0.08,
monthly,2025-04-01,individuals,panel_carry_d1,750597.513625088,786971.0,0.04621960196107855,0.08,
monthly,2025-04-01,individuals,panel_same_site_only,783689.2387571868,786971.0,0.004170117123519446,0.02,
monthly,2025-04-01,individuals,panel_same_site_damped,772205.1193785935,786971.0,0.01876292852138961,0.02,
monthly,2025-04-01,individuals,panel_same_site_6m_damped,783396.3174460822,786971.0,0.004542330726186594,0.02,
monthly,2025-04-01,individuals,site_build_prob,832733.5471566988,786971.0,0.05815023318101775,0.07,
monthly,2025-04-01,individuals,site_build_active_only,843502.740359295,786971.0,0.0718345915660108,0.05,
monthly,2025-04-01,individuals,sites_x_avg_d05,745011.2258783778,786971.0,0.053318069054161144,0.01,
monthly,2025-04-01,individuals,sites_x_avg_undamped,755241.1379084606,786971.0,0.04031897247997629,0.01,
monthly,2025-04-01,individuals,xmetric_dyoy_seasonal,750871.4463988468,786971.0,0.045871516995102946,0.01,
monthly,2025-04-01,individuals,xmetric_dyoy_flat,743684.0427170818,786971.0,0.05500451386762428,0.01,
monthly,2025-04-01,individuals,xmetric_dyoy_12m_ratio,754757.5610201426,786971.0,0.04093345114350766,0.01,
monthly,2025-04-01,individuals,foodbank_dyoy_3m,760773.4703287804,786971.0,0.03328906614248761,0.07,
monthly,2025-04-01,individuals,foodbank_dyoy_6m,772086.2566312468,786971.0,0.018913966802783344,0.08,
monthly,2025-04-01,individuals,inner_dyoy_best,760310.4554877074,786971.0,0.033877416718395725,0.45,
monthly,2025-04-01,individuals,inner_dyoy_top5,763820.8387313054,786971.0,0.02941679079495252,0.46,
monthly,2025-04-01,individuals,inner_dyoy_24o_top5,771492.3203195819,786971.0,0.01966867861765953,0.84,
monthly,2025-04-01,individuals,ratio_last_month,790443.7175745099,786971.0,0.004412764351557907,0.0,
monthly,2025-04-01,individuals,ratio_last_3m,849586.9547648549,786971.0,0.07956577150219624,0.01,
monthly,2025-04-01,individuals,combo_dyoy_xmetric_fb,758613.8289455435,786971.0,0.036033311334796925,0.09,
monthly,2025-05-01,visits,seasonal_naive,236713.0,247081.0,0.04196194770136108,0.0,
monthly,2025-05-01,visits,damped_yoy_3m,242889.0339966483,247081.0,0.01696595854538263,0.0,
monthly,2025-05-01,visits,panel_carry_d05,237108.4668762102,247081.0,0.040361392109428906,0.09,
monthly,2025-05-01,visits,panel_carry_d1,248002.58458541965,247081.0,0.0037298885200385268,0.08,
monthly,2025-05-01,visits,panel_same_site_only,259629.4503524025,247081.0,0.0507867879456636,0.03,
monthly,2025-05-01,visits,panel_same_site_damped,248171.22517620126,247081.0,0.004412420122151373,0.03,
monthly,2025-05-01,visits,panel_same_site_6m_damped,245159.8776509449,247081.0,0.007775273489483592,0.03,
monthly,2025-05-01,visits,site_build_prob,255909.11948386216,247081.0,0.035729657415431104,0.07,
monthly,2025-05-01,visits,site_build_active_only,259245.14390345223,247081.0,0.04923140145722349,0.04,
monthly,2025-05-01,visits,sites_x_avg_d05,234316.69776376273,247081.0,0.051660395725439345,0.02,
monthly,2025-05-01,visits,sites_x_avg_undamped,245233.47234508378,247081.0,0.0074774169398545975,0.01,
monthly,2025-05-01,visits,xmetric_dyoy_seasonal,242889.0339966483,247081.0,0.01696595854538263,0.0,
monthly,2025-05-01,visits,xmetric_dyoy_flat,242889.0339966483,247081.0,0.01696595854538263,0.0,
monthly,2025-05-01,visits,xmetric_dyoy_12m_ratio,242889.0339966483,247081.0,0.01696595854538263,0.0,
monthly,2025-05-01,visits,foodbank_dyoy_3m,242898.70987126074,247081.0,0.01692679780614159,0.07,
monthly,2025-05-01,visits,foodbank_dyoy_6m,240985.13222553796,247081.0,0.024671535951619306,0.09,
monthly,2025-05-01,visits,inner_dyoy_best,242889.0339966483,247081.0,0.01696595854538263,0.47,
monthly,2025-05-01,visits,inner_dyoy_top5,242317.23718205915,247081.0,0.019280166495768025,0.5,
monthly,2025-05-01,visits,inner_dyoy_24o_top5,250880.064968183,247081.0,0.015375787568380428,0.85,
monthly,2025-05-01,visits,ratio_last_month,268454.00854402786,247081.0,0.0865020319005827,0.0,
monthly,2025-05-01,visits,ratio_last_3m,258045.25013745463,247081.0,0.044375124503521546,0.01,
monthly,2025-05-01,visits,combo_dyoy_xmetric_fb,242892.25928818577,247081.0,0.01695290496563573,0.07,
monthly,2025-05-01,pounds,seasonal_naive,13259350.76,12164935.65,0.08996472661160348,0.0,
monthly,2025-05-01,pounds,damped_yoy_3m,13140650.087824209,12164935.65,0.08020711871371122,0.0,
monthly,2025-05-01,pounds,panel_carry_d05,12775512.074383333,12164935.65,0.05019150466145983,0.08,
monthly,2025-05-01,pounds,panel_carry_d1,12904110.304478073,12164935.65,0.06076272622766177,0.08,
monthly,2025-05-01,pounds,panel_same_site_only,13529859.70293541,12164935.65,0.11220150210456814,0.02,
monthly,2025-05-01,pounds,panel_same_site_damped,13394605.231467707,12164935.65,0.10108311435808592,0.02,
monthly,2025-05-01,pounds,panel_same_site_6m_damped,13464756.368733512,12164935.65,0.10684978171121773,0.03,
monthly,2025-05-01,pounds,site_build_prob,13341370.182933837,12164935.65,0.0967070083049586,0.08,
monthly,2025-05-01,pounds,site_build_active_only,13519357.307105916,12164935.65,0.11133816865738333,0.05,
monthly,2025-05-01,pounds,sites_x_avg_d05,12690614.147046462,12164935.65,0.04321259989948745,0.02,
monthly,2025-05-01,pounds,sites_x_avg_undamped,12856995.543374239,12164935.65,0.05688972907754253,0.01,
monthly,2025-05-01,pounds,xmetric_dyoy_seasonal,12699045.834902827,12164935.65,0.04390571395277587,0.01,
monthly,2025-05-01,pounds,xmetric_dyoy_flat,11995927.38674327,12164935.65,0.013893066771523022,0.01,
monthly,2025-05-01,pounds,xmetric_dyoy_12m_ratio,12932054.322488826,12164935.65,0.0630598216513234,0.01,
monthly,2025-05-01,pounds,foodbank_dyoy_3m,13137134.474040126,12164935.65,0.0799181230391568,0.07,
monthly,2025-05-01,pounds,foodbank_dyoy_6m,13277273.167018257,12164935.65,0.09143801077305791,0.08,
monthly,2025-05-01,pounds,inner_dyoy_best,13140650.087824209,12164935.65,0.08020711871371122,0.47,
monthly,2025-05-01,pounds,inner_dyoy_top5,13191347.545488352,12164935.65,0.08437462597579382,0.5,
monthly,2025-05-01,pounds,inner_dyoy_24o_top5,13160026.928894047,12164935.65,0.08179996241032694,0.82,
monthly,2025-05-01,pounds,ratio_last_month,13369702.814704815,12164935.65,0.09903604913066788,0.01,
monthly,2025-05-01,pounds,ratio_last_3m,13545977.505932357,12164935.65,0.11352644154203606,0.01,
monthly,2025-05-01,pounds,combo_dyoy_xmetric_fb,13069946.294784388,12164935.65,0.07439502113473062,0.09,
monthly,2025-05-01,individuals,seasonal_naive,762730.0,730685.0,0.04385610762503678,0.0,
monthly,2025-05-01,individuals,damped_yoy_3m,765227.6536137057,730685.0,0.04727434340886383,0.0,
monthly,2025-05-01,individuals,panel_carry_d05,743559.3151414049,730685.0,0.017619514758623556,0.07,
monthly,2025-05-01,individuals,panel_carry_d1,758433.0917468272,730685.0,0.03797545008701042,0.08,
monthly,2025-05-01,individuals,panel_same_site_only,794002.4052431172,730685.0,0.08665485844531817,0.02,
monthly,2025-05-01,individuals,panel_same_site_damped,778366.2026215586,730685.0,0.06525548303517725,0.03,
monthly,2025-05-01,individuals,panel_same_site_6m_damped,779055.4033104817,730685.0,0.06619870848653209,0.02,
monthly,2025-05-01,individuals,site_build_prob,813332.946957682,730685.0,0.11311022801574144,0.08,
monthly,2025-05-01,individuals,site_build_active_only,823023.396994029,730685.0,0.12637237249160593,0.05,
monthly,2025-05-01,individuals,sites_x_avg_d05,742249.5390592664,730685.0,0.015826982980718718,0.01,
monthly,2025-05-01,individuals,sites_x_avg_undamped,757939.7791494606,730685.0,0.03730031292480418,0.01,
monthly,2025-05-01,individuals,xmetric_dyoy_seasonal,748688.1229457066,730685.0,0.024638692385510197,0.01,
monthly,2025-05-01,individuals,xmetric_dyoy_flat,735947.6831597477,730685.0,0.007202396600105132,0.01,
monthly,2025-05-01,individuals,xmetric_dyoy_12m_ratio,755267.5587510223,730685.0,0.03364316874032225,0.01,
monthly,2025-05-01,individuals,foodbank_dyoy_3m,765821.9439344257,730685.0,0.0480876765424576,0.06,
monthly,2025-05-01,individuals,foodbank_dyoy_6m,768518.5604906984,730685.0,0.05177820879133743,0.07,
monthly,2025-05-01,individuals,inner_dyoy_best,767844.913121896,730685.0,0.05085626928415943,0.46,
monthly,2025-05-01,individuals,inner_dyoy_top5,765763.0661047923,730685.0,0.04800709759306998,0.5,
monthly,2025-05-01,individuals,inner_dyoy_24o_top5,775224.5948787674,730685.0,0.060955945282532564,0.85,
monthly,2025-05-01,individuals,ratio_last_month,803241.0107483955,730685.0,0.09929861807536144,0.01,
monthly,2025-05-01,individuals,ratio_last_3m,826711.6273702338,730685.0,0.1314200063915829,0.01,
monthly,2025-05-01,individuals,combo_dyoy_xmetric_fb,762105.7187663846,730685.0,0.043001729563881375,0.09,
monthly,2025-06-01,visits,seasonal_naive,229388.0,237261.0,0.03318286612633348,0.0,
monthly,2025-06-01,visits,damped_yoy_3m,236832.79787235544,237261.0,0.0018047724979856072,0.01,
monthly,2025-06-01,visits,panel_carry_d05,232001.21841913514,237261.0,0.022168757532273986,0.09,
monthly,2025-06-01,visits,panel_carry_d1,243852.96393184242,237261.0,0.027783596679784806,0.09,
monthly,2025-06-01,visits,panel_same_site_only,254208.02747008915,237261.0,0.07142778404410821,0.02,
monthly,2025-06-01,visits,panel_same_site_damped,241798.01373504454,237261.0,0.0191224589588872,0.02,
monthly,2025-06-01,visits,panel_same_site_6m_damped,238152.0012470663,237261.0,0.0037553632795372938,0.02,
monthly,2025-06-01,visits,site_build_prob,271837.6018680311,237261.0,0.1457323448355654,0.07,
monthly,2025-06-01,visits,site_build_active_only,274939.95458766166,237261.0,0.15880804088182066,0.04,
monthly,2025-06-01,visits,sites_x_avg_d05,230651.7450409859,237261.0,0.02785647434266103,0.01,
monthly,2025-06-01,visits,sites_x_avg_undamped,242771.30078156033,237261.0,0.023224637768366252,0.01,
monthly,2025-06-01,visits,xmetric_dyoy_seasonal,236832.79787235544,237261.0,0.0018047724979856072,0.01,
monthly,2025-06-01,visits,xmetric_dyoy_flat,236832.79787235544,237261.0,0.0018047724979856072,0.0,
monthly,2025-06-01,visits,xmetric_dyoy_12m_ratio,236832.79787235544,237261.0,0.0018047724979856072,0.01,
monthly,2025-06-01,visits,foodbank_dyoy_3m,236744.65160750126,237261.0,0.0021762885282399225,0.06,
monthly,2025-06-01,visits,foodbank_dyoy_6m,233872.11535210797,237261.0,0.014283361563392383,0.06,
monthly,2025-06-01,visits,inner_dyoy_best,231716.90121747108,237261.0,0.02336708849127722,0.46,
monthly,2025-06-01,visits,inner_dyoy_top5,233521.1383876779,237261.0,0.01576264793759652,0.48,
monthly,2025-06-01,visits,inner_dyoy_24o_top5,239604.82615354034,237261.0,0.009878682773571512,0.98,
monthly,2025-06-01,visits,ratio_last_month,265232.85623728845,237261.0,0.11789487626406547,0.01,
monthly,2025-06-01,visits,ratio_last_3m,275200.71439136815,237261.0,0.15990708288074384,0.01,
monthly,2025-06-01,visits,combo_dyoy_xmetric_fb,236803.41578407073,237261.0,0.0019286111747369716,0.07,
monthly,2025-06-01,pounds,seasonal_naive,12496300.72,11662638.6,0.07148143302665666,0.0,
monthly,2025-06-01,pounds,damped_yoy_3m,12323528.536054887,11662638.6,0.056667273909601246,0.0,
monthly,2025-06-01,pounds,panel_carry_d05,12018447.111904694,11662638.6,0.030508405868350685,0.08,
monthly,2025-06-01,pounds,panel_carry_d1,12060845.77171379,11662638.6,0.034143831886704445,0.09,
monthly,2025-06-01,pounds,panel_same_site_only,12584953.645376354,11662638.6,0.07908287969896932,0.03,
monthly,2025-06-01,pounds,panel_same_site_damped,12540627.182688177,11662638.6,0.07528215636281277,0.02,
monthly,2025-06-01,pounds,panel_same_site_6m_damped,12632531.251722604,11662638.6,0.08316236873897509,0.03,
monthly,2025-06-01,pounds,site_build_prob,12769915.9729343,11662638.6,0.09494226914776394,0.09,
monthly,2025-06-01,pounds,site_build_active_only,12945416.2937399,11662638.6,0.10999034933140273,0.05,
monthly,2025-06-01,pounds,sites_x_avg_d05,11979043.248656908,11662638.6,0.02712976535660716,0.01,
monthly,2025-06-01,pounds,sites_x_avg_undamped,12076357.94387119,11662638.6,0.0354739058681961,0.01,
monthly,2025-06-01,pounds,xmetric_dyoy_seasonal,11780440.258397136,11662638.6,0.010100772427016347,0.01,
monthly,2025-06-01,pounds,xmetric_dyoy_flat,11732445.577840194,11662638.6,0.005985521821811002,0.0,
monthly,2025-06-01,pounds,xmetric_dyoy_12m_ratio,12475843.80363502,11662638.6,0.06972737744227286,0.01,
monthly,2025-06-01,pounds,foodbank_dyoy_3m,12321136.062063806,11662638.6,0.056462133883133925,0.07,
monthly,2025-06-01,pounds,foodbank_dyoy_6m,12445349.08349434,11662638.6,0.0671126415161607,0.07,
monthly,2025-06-01,pounds,inner_dyoy_best,12409914.628027443,11662638.6,0.06407435346812873,0.42,
monthly,2025-06-01,pounds,inner_dyoy_top5,12439011.161987284,11662638.6,0.06656920347229867,0.43,
monthly,2025-06-01,pounds,inner_dyoy_24o_top5,12302600.43464512,11662638.6,0.054872817086617065,0.95,
monthly,2025-06-01,pounds,ratio_last_month,12195508.056588387,11662638.6,0.045690300013959684,0.01,
monthly,2025-06-01,pounds,ratio_last_3m,12925989.63512038,11662638.6,0.10832463205370879,0.01,
monthly,2025-06-01,pounds,combo_dyoy_xmetric_fb,12373502.80058457,11662638.6,0.060952261745002456,0.09,
monthly,2025-06-01,individuals,seasonal_naive,725005.0,698375.0,0.03813137640952213,0.0,
monthly,2025-06-01,individuals,damped_yoy_3m,727506.671372307,698375.0,0.04171350831903631,0.0,
monthly,2025-06-01,individuals,panel_carry_d05,709773.3579977863,698375.0,0.016321257201054262,0.1,
monthly,2025-06-01,individuals,panel_carry_d1,724007.700055954,698375.0,0.03670334713578538,0.09,
monthly,2025-06-01,individuals,panel_same_site_only,754810.5690346928,698375.0,0.08080983573967115,0.02,
monthly,2025-06-01,individuals,panel_same_site_damped,739907.7845173463,698375.0,0.05947060607459642,0.03,
monthly,2025-06-01,individuals,panel_same_site_6m_damped,737717.4187484009,698375.0,0.05633423124882886,0.03,
monthly,2025-06-01,individuals,site_build_prob,788932.7865396361,698375.0,0.12966928446699288,0.07,
monthly,2025-06-01,individuals,site_build_active_only,798442.2857384549,698375.0,0.14328589330725605,0.06,
monthly,2025-06-01,individuals,sites_x_avg_d05,712328.0310258254,698375.0,0.019979281941400195,0.02,
monthly,2025-06-01,individuals,sites_x_avg_undamped,727056.7493368741,698375.0,0.04106926699391322,0.01,
monthly,2025-06-01,individuals,xmetric_dyoy_seasonal,707760.029139356,698375.0,0.013438380725764754,0.01,
monthly,2025-06-01,individuals,xmetric_dyoy_flat,714839.2399476303,698375.0,0.02357507062485098,0.01,
monthly,2025-06-01,individuals,xmetric_dyoy_12m_ratio,731212.9584154977,698375.0,0.04702052395274414,0.01,
monthly,2025-06-01,individuals,foodbank_dyoy_3m,727806.5726022477,698375.0,0.04214293553212478,0.08,
monthly,2025-06-01,individuals,foodbank_dyoy_6m,726866.6694111495,698375.0,0.040797092409020186,0.08,
monthly,2025-06-01,individuals,inner_dyoy_best,725961.1202529442,698375.0,0.03950044067004721,0.4,
monthly,2025-06-01,individuals,inner_dyoy_top5,727079.6749751507,698375.0,0.04110209411154564,0.49,
monthly,2025-06-01,individuals,inner_dyoy_24o_top5,716668.828609897,698375.0,0.026194850345297338,0.88,
monthly,2025-06-01,individuals,ratio_last_month,749225.198867232,698375.0,0.07281216948950342,0.0,
monthly,2025-06-01,individuals,ratio_last_3m,799402.7228483318,698375.0,0.14466113885567466,0.0,
monthly,2025-06-01,individuals,combo_dyoy_xmetric_fb,728842.0674633508,698375.0,0.04362565593463508,0.1,
monthly,2025-07-01,visits,seasonal_naive,235324.0,260002.0,0.09491465450265768,0.0,
monthly,2025-07-01,visits,damped_yoy_3m,242508.08628992768,260002.0,0.0672837659328479,0.0,
monthly,2025-07-01,visits,panel_carry_d05,238351.52476633046,260002.0,0.08327041804935942,0.08,
monthly,2025-07-01,visits,panel_carry_d1,249468.0224912189,260002.0,0.040514986456954505,0.05,
monthly,2025-07-01,visits,panel_same_site_only,258578.35054917165,260002.0,0.005475532691396001,0.02,
monthly,2025-07-01,visits,panel_same_site_damped,246951.17527458587,260002.0,0.050195093597026674,0.01,
monthly,2025-07-01,visits,panel_same_site_6m_damped,245037.94795580092,260002.0,0.057553603603814896,0.02,
monthly,2025-07-01,visits,site_build_prob,253975.3019431574,260002.0,0.02317942960762842,0.06,
monthly,2025-07-01,visits,site_build_active_only,256528.8015394977,260002.0,0.01335835286075604,0.05,
monthly,2025-07-01,visits,sites_x_avg_d05,242655.61636941216,260002.0,0.06671634691497697,0.01,
monthly,2025-07-01,visits,sites_x_avg_undamped,255128.2080735671,260002.0,0.018745209369285254,0.01,
monthly,2025-07-01,visits,xmetric_dyoy_seasonal,242508.08628992768,260002.0,0.0672837659328479,0.01,
monthly,2025-07-01,visits,xmetric_dyoy_flat,242508.08628992768,260002.0,0.0672837659328479,0.0,
monthly,2025-07-01,visits,xmetric_dyoy_12m_ratio,242508.08628992768,260002.0,0.0672837659328479,0.0,
monthly,2025-07-01,visits,foodbank_dyoy_3m,242559.84072082996,260002.0,0.06708471196056198,0.07,
monthly,2025-07-01,visits,foodbank_dyoy_6m,240350.58036016294,260002.0,0.07558180183166685,0.08,
monthly,2025-07-01,visits,inner_dyoy_best,240330.121909679,260002.0,0.07566048757440713,0.44,
monthly,2025-07-01,visits,inner_dyoy_top5,241136.28834686032,260002.0,0.07255987128229657,0.43,
monthly,2025-07-01,visits,inner_dyoy_24o_top5,244616.53455057167,260002.0,0.05917441192540185,0.89,
monthly,2025-07-01,visits,ratio_last_month,234744.4634474735,260002.0,0.09714362409722421,0.01,
monthly,2025-07-01,visits,ratio_last_3m,259226.6368108022,260002.0,0.0029821431727362624,0.01,
monthly,2025-07-01,visits,combo_dyoy_xmetric_fb,242525.3377668951,260002.0,0.06721741460875263,0.09,
monthly,2025-07-01,pounds,seasonal_naive,13293611.25,12796556.84,0.038842824379624386,0.0,
monthly,2025-07-01,pounds,damped_yoy_3m,12927622.359995777,12796556.84,0.010242248882612381,0.0,
monthly,2025-07-01,pounds,panel_carry_d05,12664772.375013338,12796556.84,0.010298431572993483,0.08,
monthly,2025-07-01,pounds,panel_carry_d1,12522450.742907515,12796556.84,0.021420300829334993,0.08,
monthly,2025-07-01,pounds,panel_same_site_only,12996515.580454612,12796556.84,0.015625979937788692,0.02,
monthly,2025-07-01,pounds,panel_same_site_damped,13145063.415227307,12796556.84,0.02723440215870654,0.02,
monthly,2025-07-01,pounds,panel_same_site_6m_damped,13284307.12369157,12796556.84,0.03811574392940931,0.03,
monthly,2025-07-01,pounds,site_build_prob,11983743.081502223,12796556.84,0.06351816106947217,0.08,
monthly,2025-07-01,pounds,site_build_active_only,12140715.987715306,12796556.84,0.051251353038548664,0.04,
monthly,2025-07-01,pounds,sites_x_avg_d05,12864284.91103842,12796556.84,0.005292679264058853,0.01,
monthly,2025-07-01,pounds,sites_x_avg_undamped,12807328.635102049,12796556.84,0.0008417729266343432,0.01,
monthly,2025-07-01,pounds,xmetric_dyoy_seasonal,12200213.014322277,12796556.84,0.04660189714577334,0.01,
monthly,2025-07-01,pounds,xmetric_dyoy_flat,11873000.428262642,12796556.84,0.07217225877905442,0.01,
monthly,2025-07-01,pounds,xmetric_dyoy_12m_ratio,12671232.397598825,12796556.84,0.009793606512138453,0.01,
monthly,2025-07-01,pounds,foodbank_dyoy_3m,12934983.44286042,12796556.84,0.01081748821899664,0.06,
monthly,2025-07-01,pounds,foodbank_dyoy_6m,13050038.69178208,12796556.84,0.019808598121467735,0.08,
monthly,2025-07-01,pounds,inner_dyoy_best,13110616.80499789,12796556.84,0.024542536631118494,0.47,
monthly,2025-07-01,pounds,inner_dyoy_top5,12903001.902887667,12796556.84,0.008318258123539701,0.44,
monthly,2025-07-01,pounds,inner_dyoy_24o_top5,12791878.049239423,12796556.84,0.0003656288811965114,0.84,
monthly,2025-07-01,pounds,ratio_last_month,11507468.047860207,12796556.84,0.10073715986712195,0.01,
monthly,2025-07-01,pounds,ratio_last_3m,12211228.284459539,12796556.84,0.04574109761391576,0.01,
monthly,2025-07-01,pounds,combo_dyoy_xmetric_fb,12844612.733485008,12796556.84,0.0037553768631568563,0.08,
monthly,2025-07-01,individuals,seasonal_naive,732973.0,773672.0,0.052604979888117964,0.0,
monthly,2025-07-01,individuals,damped_yoy_3m,727687.8955716724,773672.0,0.05943617505651966,0.0,
monthly,2025-07-01,individuals,panel_carry_d05,717346.9484464078,773672.0,0.07280223602972857,0.07,
monthly,2025-07-01,individuals,panel_carry_d1,723741.99618466,773672.0,0.06453639761467389,0.08,
monthly,2025-07-01,individuals,panel_same_site_only,746277.1770150311,773672.0,0.03540883343971202,0.02,
monthly,2025-07-01,individuals,panel_same_site_damped,739625.0885075156,773672.0,0.044006906663914935,0.02,
monthly,2025-07-01,individuals,panel_same_site_6m_damped,741834.2613672942,773672.0,0.04115146810625914,0.02,
monthly,2025-07-01,individuals,site_build_prob,724448.9576985679,773672.0,0.06362262341332259,0.08,
monthly,2025-07-01,individuals,site_build_active_only,732584.0688254986,773672.0,0.05310768797953325,0.04,
monthly,2025-07-01,individuals,sites_x_avg_d05,726828.2704505781,773672.0,0.06054727268069926,0.01,
monthly,2025-07-01,individuals,sites_x_avg_undamped,734571.4503748403,773672.0,0.050538922986950174,0.01,
monthly,2025-07-01,individuals,xmetric_dyoy_seasonal,701617.9826568126,773672.0,0.09313251267098632,0.01,
monthly,2025-07-01,individuals,xmetric_dyoy_flat,718866.8357058839,773672.0,0.0708377248939035,0.0,
monthly,2025-07-01,individuals,xmetric_dyoy_12m_ratio,744509.1593334265,773672.0,0.03769406242771289,0.01,
monthly,2025-07-01,individuals,foodbank_dyoy_3m,728557.0115177961,773672.0,0.05831281018597534,0.06,
monthly,2025-07-01,individuals,foodbank_dyoy_6m,731128.0267546435,773672.0,0.054989676820870415,0.06,
monthly,2025-07-01,individuals,inner_dyoy_best,730140.7529306213,773672.0,0.05626576516841597,0.43,
monthly,2025-07-01,individuals,inner_dyoy_top5,728952.2632221899,773672.0,0.05780193257324828,0.45,
monthly,2025-07-01,individuals,inner_dyoy_24o_top5,719000.8179768384,773672.0,0.07066454779694953,0.91,
monthly,2025-07-01,individuals,ratio_last_month,683516.4816725189,773672.0,0.11652937979852074,0.01,
monthly,2025-07-01,individuals,ratio_last_3m,738963.0916178767,773672.0,0.04486256240645048,0.01,
monthly,2025-07-01,individuals,combo_dyoy_xmetric_fb,733584.6888076317,773672.0,0.051814349223402556,0.08,
monthly,2025-08-01,visits,seasonal_naive,241478.0,240290.0,0.004944025968621313,0.0,
monthly,2025-08-01,visits,damped_yoy_3m,248865.81358092456,240290.0,0.03568943185702511,0.0,
monthly,2025-08-01,visits,panel_carry_d05,250134.41214149244,240290.0,0.04096887985972142,0.09,
monthly,2025-08-01,visits,panel_carry_d1,261569.1635679207,240290.0,0.0885561761534841,0.08,
monthly,2025-08-01,visits,panel_same_site_only,264896.0122703561,240290.0,0.10240131620273885,0.03,
monthly,2025-08-01,visits,panel_same_site_damped,253187.00613517806,240290.0,0.05367267108568008,0.02,
monthly,2025-08-01,visits,panel_same_site_6m_damped,253176.9271820637,240290.0,0.05363072613119013,0.03,
monthly,2025-08-01,visits,site_build_prob,270735.82625593303,240290.0,0.12670450811907719,0.06,
monthly,2025-08-01,visits,site_build_active_only,273462.02454373945,240290.0,0.1380499585656476,0.03,
monthly,2025-08-01,visits,sites_x_avg_d05,248237.0184885277,240290.0,0.03307261429326114,0.01,
monthly,2025-08-01,visits,sites_x_avg_undamped,260952.1539608469,240290.0,0.08598840551353315,0.01,
monthly,2025-08-01,visits,xmetric_dyoy_seasonal,248865.81358092456,240290.0,0.03568943185702511,0.0,
monthly,2025-08-01,visits,xmetric_dyoy_flat,248865.81358092456,240290.0,0.03568943185702511,0.0,
monthly,2025-08-01,visits,xmetric_dyoy_12m_ratio,248865.81358092456,240290.0,0.03568943185702511,0.0,
monthly,2025-08-01,visits,foodbank_dyoy_3m,248817.11638192233,240290.0,0.03548677174215453,0.08,
monthly,2025-08-01,visits,foodbank_dyoy_6m,248239.26788685293,240290.0,0.03308197547485503,0.08,
monthly,2025-08-01,visits,inner_dyoy_best,248865.81358092456,240290.0,0.03568943185702511,0.44,
monthly,2025-08-01,visits,inner_dyoy_top5,247962.70712833543,240290.0,0.03193102970716821,0.45,
monthly,2025-08-01,visits,inner_dyoy_24o_top5,256990.20779948388,240290.0,0.06950021973233955,0.87,
monthly,2025-08-01,visits,ratio_last_month,282727.64796466567,240290.0,0.17661012927989383,0.01,
monthly,2025-08-01,visits,ratio_last_3m,273725.9847847815,240290.0,0.13914846554072802,0.01,
monthly,2025-08-01,visits,combo_dyoy_xmetric_fb,248849.58118125715,240290.0,0.03562187848540166,0.08,
monthly,2025-08-01,pounds,seasonal_naive,13235462.38,12821574.42,0.032280587893666945,0.0,
monthly,2025-08-01,pounds,damped_yoy_3m,12824472.052094165,12821574.42,0.00022599658975153147,0.0,
monthly,2025-08-01,pounds,panel_carry_d05,12808526.185117992,12821574.42,0.0010176780522097584,0.07,
monthly,2025-08-01,pounds,panel_carry_d1,12607023.069177615,12821574.42,0.01673361974077947,0.09,
monthly,2025-08-01,pounds,panel_same_site_only,12821074.146640392,12821574.42,3.9018091165687885e-05,0.03,
monthly,2025-08-01,pounds,panel_same_site_damped,13028268.263320196,12821574.42,0.016120784901250573,0.02,
monthly,2025-08-01,pounds,panel_same_site_6m_damped,13195646.978058215,12821574.42,0.02917524367948987,0.03,
monthly,2025-08-01,pounds,site_build_prob,13021843.284240492,12821574.42,0.015619678027068096,0.08,
monthly,2025-08-01,pounds,site_build_active_only,13161259.1505878,12821574.42,0.026493215221520483,0.05,
monthly,2025-08-01,pounds,sites_x_avg_d05,12711279.511304015,12821574.42,0.008602290567680915,0.01,
monthly,2025-08-01,pounds,sites_x_avg_undamped,12613449.07221587,12821574.42,0.016232433004442992,0.01,
monthly,2025-08-01,pounds,xmetric_dyoy_seasonal,12055600.00409625,12821574.42,0.059741057596556124,0.01,
monthly,2025-08-01,pounds,xmetric_dyoy_flat,12245002.553130386,12821574.42,0.04496888197835014,0.01,
monthly,2025-08-01,pounds,xmetric_dyoy_12m_ratio,12852598.790850235,12821574.42,0.002419700563593974,0.01,
monthly,2025-08-01,pounds,foodbank_dyoy_3m,12819709.202627156,12821574.42,0.00014547490906691163,0.07,
monthly,2025-08-01,pounds,foodbank_dyoy_6m,12961107.538196575,12821574.42,0.01088268208145493,0.05,
monthly,2025-08-01,pounds,inner_dyoy_best,13029967.216047082,12821574.42,0.016253292241709127,0.44,
monthly,2025-08-01,pounds,inner_dyoy_top5,13112165.281628251,12821574.42,0.022664210502492343,0.46,
monthly,2025-08-01,pounds,inner_dyoy_24o_top5,12678410.430439124,12821574.42,0.011165866598844443,0.85,
monthly,2025-08-01,pounds,ratio_last_month,13958768.592230493,12821574.42,0.08869380116505954,0.01,
monthly,2025-08-01,pounds,ratio_last_3m,13173975.939344084,12821574.42,0.027485042616480992,0.01,
monthly,2025-08-01,pounds,combo_dyoy_xmetric_fb,12832260.01519052,12821574.42,0.0008334074147595683,0.06,
monthly,2025-08-01,individuals,seasonal_naive,745923.0,727272.0,0.025645150645150716,0.0,
monthly,2025-08-01,individuals,damped_yoy_3m,742903.9826757953,727272.0,0.021493997673216247,0.0,
monthly,2025-08-01,individuals,panel_carry_d05,746671.2657098132,727272.0,0.026674017025010155,0.07,
monthly,2025-08-01,individuals,panel_carry_d1,754059.6343934997,727272.0,0.03683303412409611,0.07,
monthly,2025-08-01,individuals,panel_same_site_only,761004.2419902883,727272.0,0.04638187911852554,0.02,
monthly,2025-08-01,individuals,panel_same_site_damped,753463.6209951442,727272.0,0.03601351488183813,0.02,
monthly,2025-08-01,individuals,panel_same_site_6m_damped,757355.7891620186,727272.0,0.04136525146302694,0.03,
monthly,2025-08-01,individuals,site_build_prob,782908.257233881,727272.0,0.07649993019651657,0.07,
monthly,2025-08-01,individuals,site_build_active_only,791548.5191589701,727272.0,0.08838030222388604,0.04,
monthly,2025-08-01,individuals,sites_x_avg_d05,740315.7402210055,727272.0,0.01793516073904322,0.01,
monthly,2025-08-01,individuals,sites_x_avg_undamped,750412.1225472741,727272.0,0.03181770032020226,0.01,
monthly,2025-08-01,individuals,xmetric_dyoy_seasonal,718554.0196947943,727272.0,0.011987234906892685,0.01,
monthly,2025-08-01,individuals,xmetric_dyoy_flat,736466.8638166455,727272.0,0.012642950390837848,0.01,
monthly,2025-08-01,individuals,xmetric_dyoy_12m_ratio,761067.3091506963,727272.0,0.04646859655080382,0.01,
monthly,2025-08-01,individuals,foodbank_dyoy_3m,742547.188749649,727272.0,0.021003405534172792,0.05,
monthly,2025-08-01,individuals,foodbank_dyoy_6m,745640.6815553162,727272.0,0.02525696239552211,0.05,
monthly,2025-08-01,individuals,inner_dyoy_best,745789.2896649871,727272.0,0.025461298750655947,0.3,
monthly,2025-08-01,individuals,inner_dyoy_top5,747007.9716347895,727272.0,0.02713698813482357,0.36,
monthly,2025-08-01,individuals,inner_dyoy_24o_top5,758225.7829034586,727272.0,0.04256149405374954,0.8,
monthly,2025-08-01,individuals,ratio_last_month,841055.7903440887,727272.0,0.15645286817599002,0.01,
monthly,2025-08-01,individuals,ratio_last_3m,792805.2107190789,727272.0,0.09010825484698826,0.01,
monthly,2025-08-01,individuals,combo_dyoy_xmetric_fb,748839.4935253803,727272.0,0.029655333252731175,0.09,
monthly,2025-09-01,visits,seasonal_naive,236829.0,253913.0,0.06728288823337125,0.0,
monthly,2025-09-01,visits,damped_yoy_3m,242087.97274600322,253913.0,0.046571176954298465,0.0,
monthly,2025-09-01,visits,panel_carry_d05,239417.08128584395,253913.0,0.0570901006020017,0.08,
monthly,2025-09-01,visits,panel_carry_d1,248029.69630500383,253913.0,0.023170549341688607,0.08,
monthly,2025-09-01,visits,panel_same_site_only,254626.60054783418,253913.0,0.0028104135977053968,0.02,
monthly,2025-09-01,visits,panel_same_site_damped,245727.8002739171,253913.0,0.03223623731783287,0.02,
monthly,2025-09-01,visits,panel_same_site_6m_damped,247680.42303307186,253913.0,0.024546112120797825,0.03,
monthly,2025-09-01,visits,site_build_prob,240570.46775153917,253913.0,0.05254765312709797,0.07,
monthly,2025-09-01,visits,site_build_active_only,242105.72568039506,253913.0,0.0465012595637283,0.04,
monthly,2025-09-01,visits,sites_x_avg_d05,239944.23817847474,253913.0,0.05501396864880981,0.01,
monthly,2025-09-01,visits,sites_x_avg_undamped,249568.51864024755,253913.0,0.01711011787404526,0.01,
monthly,2025-09-01,visits,xmetric_dyoy_seasonal,242087.97274600322,253913.0,0.046571176954298465,0.0,
monthly,2025-09-01,visits,xmetric_dyoy_flat,242087.97274600322,253913.0,0.046571176954298465,0.0,
monthly,2025-09-01,visits,xmetric_dyoy_12m_ratio,242087.97274600322,253913.0,0.046571176954298465,0.0,
monthly,2025-09-01,visits,foodbank_dyoy_3m,242341.19884053888,253913.0,0.045573882233131524,0.07,
monthly,2025-09-01,visits,foodbank_dyoy_6m,243608.95528307138,253913.0,0.04058100497780193,0.07,
monthly,2025-09-01,visits,inner_dyoy_best,246541.26447183834,253913.0,0.02903252503086362,0.44,
monthly,2025-09-01,visits,inner_dyoy_top5,244355.6375304262,253913.0,0.03764030384255157,0.46,
monthly,2025-09-01,visits,inner_dyoy_24o_top5,241154.28056586283,253913.0,0.05024838993725078,0.86,
monthly,2025-09-01,visits,ratio_last_month,226582.9148666808,253913.0,0.10763562768869339,0.01,
monthly,2025-09-01,visits,ratio_last_3m,243816.6556573904,253913.0,0.03976300678818967,0.01,
monthly,2025-09-01,visits,combo_dyoy_xmetric_fb,242172.38144418178,253913.0,0.04623874538057615,0.08,
monthly,2025-09-01,pounds,seasonal_naive,12209702.0,12348815.25,0.011265311463785954,0.0,
monthly,2025-09-01,pounds,damped_yoy_3m,11936788.526579827,12348815.25,0.0333656885360053,0.0,
monthly,2025-09-01,pounds,panel_carry_d05,11738093.79444931,12348815.25,0.04945587436419774,0.08,
monthly,2025-09-01,pounds,panel_carry_d1,11631352.693550168,12348815.25,0.058099707698666236,0.09,
monthly,2025-09-01,pounds,panel_same_site_only,11988570.111818144,12348815.25,0.029172445363279342,0.02,
monthly,2025-09-01,pounds,panel_same_site_damped,12099136.055909071,12348815.25,0.02021887841353276,0.02,
monthly,2025-09-01,pounds,panel_same_site_6m_damped,12175262.846116949,12348815.25,0.014054174458804969,0.03,
monthly,2025-09-01,pounds,site_build_prob,11913500.747535678,12348815.25,0.035251519571023016,0.07,
monthly,2025-09-01,pounds,site_build_active_only,12030729.82592235,12348815.25,0.025758375814849965,0.04,
monthly,2025-09-01,pounds,sites_x_avg_d05,11737097.47842414,12348815.25,0.049536555466392684,0.01,
monthly,2025-09-01,pounds,sites_x_avg_undamped,11760405.222954726,12348815.25,0.04764910763769614,0.01,
monthly,2025-09-01,pounds,xmetric_dyoy_seasonal,11415883.306605684,12348815.25,0.07554829548480901,0.01,
monthly,2025-09-01,pounds,xmetric_dyoy_flat,12236715.18903414,12348815.25,0.009077798857332509,0.01,
monthly,2025-09-01,pounds,xmetric_dyoy_12m_ratio,12473594.624086866,12348815.25,0.010104562386004323,0.01,
monthly,2025-09-01,pounds,foodbank_dyoy_3m,11936355.229749702,12348815.25,0.03340077666562369,0.08,
monthly,2025-09-01,pounds,foodbank_dyoy_6m,11989610.18053951,12348815.25,0.029088221192757002,0.07,
monthly,2025-09-01,pounds,inner_dyoy_best,11936788.526579827,12348815.25,0.0333656885360053,0.43,
monthly,2025-09-01,pounds,inner_dyoy_top5,11914663.972908938,12348815.25,0.03515732224523005,0.45,
monthly,2025-09-01,pounds,inner_dyoy_24o_top5,11809207.998225626,12348815.25,0.04369708679335649,0.91,
monthly,2025-09-01,pounds,ratio_last_month,11903394.497201899,12348815.25,0.03606991794602332,0.01,
monthly,2025-09-01,pounds,ratio_last_3m,12138860.665748296,12348815.25,0.017002002216504386,0.01,
monthly,2025-09-01,pounds,combo_dyoy_xmetric_fb,12115579.460138798,12348815.25,0.01888730093854163,0.09,
monthly,2025-09-01,individuals,seasonal_naive,729144.0,759212.0,0.03960422121884266,0.0,
monthly,2025-09-01,individuals,damped_yoy_3m,728386.0399537003,759212.0,0.04060257220157182,0.0,
monthly,2025-09-01,individuals,panel_carry_d05,720488.8062408081,759212.0,0.05100445430155465,0.09,
monthly,2025-09-01,individuals,panel_carry_d1,726747.0895314403,759212.0,0.04276132420003864,0.08,
monthly,2025-09-01,individuals,panel_same_site_only,742003.1531323384,759212.0,0.022666721373821197,0.03,
monthly,2025-09-01,individuals,panel_same_site_damped,735573.5765661692,759212.0,0.031135471296332096,0.02,
monthly,2025-09-01,individuals,panel_same_site_6m_damped,739890.7465836868,759212.0,0.025449088550119292,0.03,
monthly,2025-09-01,individuals,site_build_prob,719619.6652086227,759212.0,0.052149247893048756,0.08,
monthly,2025-09-01,individuals,site_build_active_only,724024.119081615,759212.0,0.046347898766596174,0.05,
monthly,2025-09-01,individuals,sites_x_avg_d05,721719.067039145,759212.0,0.04938400994828185,0.01,
monthly,2025-09-01,individuals,sites_x_avg_undamped,732714.6140782901,759212.0,0.03490116847693392,0.01,
monthly,2025-09-01,individuals,xmetric_dyoy_seasonal,712157.5988232372,759212.0,0.06197794710405369,0.01,
monthly,2025-09-01,individuals,xmetric_dyoy_flat,721885.3128273725,759212.0,0.04916503845121989,0.01,
monthly,2025-09-01,individuals,xmetric_dyoy_12m_ratio,739105.8088722689,759212.0,0.0264829733035451,0.01,
monthly,2025-09-01,individuals,foodbank_dyoy_3m,729524.8077245111,759212.0,0.0391026383612072,0.08,
monthly,2025-09-01,individuals,foodbank_dyoy_6m,731201.1500652145,759212.0,0.0368946354045846,0.08,
monthly,2025-09-01,individuals,inner_dyoy_best,730044.4853321465,759212.0,0.03841814232105589,0.41,
monthly,2025-09-01,individuals,inner_dyoy_top5,729456.903185398,759212.0,0.03919207917498935,0.45,
monthly,2025-09-01,individuals,inner_dyoy_24o_top5,722080.8252368483,759212.0,0.04890751827309325,0.8,
monthly,2025-09-01,individuals,ratio_last_month,690163.4857869126,759212.0,0.09094760648288935,0.0,
monthly,2025-09-01,individuals,ratio_last_3m,728832.0695941137,759212.0,0.04001508196114689,0.0,
monthly,2025-09-01,individuals,combo_dyoy_xmetric_fb,732338.8855168269,759212.0,0.035396061288774594,0.06,
monthly,2025-10-01,visits,seasonal_naive,256920.0,280606.0,0.08441016941904311,0.0,
monthly,2025-10-01,visits,damped_yoy_3m,264223.6850136835,280606.0,0.05838191266871162,0.0,
monthly,2025-10-01,visits,panel_carry_d05,265329.868574985,280606.0,0.054439788974629866,0.07,
monthly,2025-10-01,visits,panel_carry_d1,273900.8562457957,280606.0,0.0238952258832823,0.07,
monthly,2025-10-01,visits,panel_same_site_only,274672.51948455925,280606.0,0.02114523750540176,0.02,
monthly,2025-10-01,visits,panel_same_site_damped,265796.25974227965,280606.0,0.052777703462222325,0.02,
monthly,2025-10-01,visits,panel_same_site_6m_damped,267682.07693944656,280606.0,0.046057187161192004,0.02,
monthly,2025-10-01,visits,site_build_prob,258124.8775839394,280606.0,0.08011632828970372,0.08,
monthly,2025-10-01,visits,site_build_active_only,260761.678769255,280606.0,0.07071951858030479,0.05,
monthly,2025-10-01,visits,sites_x_avg_d05,261809.66137846676,280606.0,0.0669848065313402,0.01,
monthly,2025-10-01,visits,sites_x_avg_undamped,272142.54309591657,280606.0,0.030161354012684827,0.01,
monthly,2025-10-01,visits,xmetric_dyoy_seasonal,264223.6850136835,280606.0,0.05838191266871162,0.0,
monthly,2025-10-01,visits,xmetric_dyoy_flat,264223.6850136835,280606.0,0.05838191266871162,0.0,
monthly,2025-10-01,visits,xmetric_dyoy_12m_ratio,264223.6850136835,280606.0,0.05838191266871162,0.0,
monthly,2025-10-01,visits,foodbank_dyoy_3m,264356.58961177594,280606.0,0.05790827846954116,0.08,
monthly,2025-10-01,visits,foodbank_dyoy_6m,264771.84674078267,280606.0,0.05642842013077887,0.08,
monthly,2025-10-01,visits,inner_dyoy_best,264223.6850136835,280606.0,0.05838191266871162,0.42,
monthly,2025-10-01,visits,inner_dyoy_top5,267386.46730781987,280606.0,0.0471106558383646,0.44,
monthly,2025-10-01,visits,inner_dyoy_24o_top5,269979.9691097589,280606.0,0.03786815282011469,0.85,
monthly,2025-10-01,visits,ratio_last_month,262276.94155639474,280606.0,0.06531955283780555,0.01,
monthly,2025-10-01,visits,ratio_last_3m,256326.32808668463,280606.0,0.08652584732085333,0.01,
monthly,2025-10-01,visits,combo_dyoy_xmetric_fb,264267.98654638097,280606.0,0.058224034602321506,0.08,
monthly,2025-10-01,pounds,seasonal_naive,13871543.45,13379601.15,0.03676808407700549,0.0,
monthly,2025-10-01,pounds,damped_yoy_3m,13733355.536211573,13379601.15,0.026439830473688808,0.0,
monthly,2025-10-01,pounds,panel_carry_d05,13593329.872057337,13379601.15,0.01597422222540157,0.08,
monthly,2025-10-01,pounds,panel_carry_d1,13580627.869322266,13379601.15,0.01502486636698186,0.08,
monthly,2025-10-01,pounds,panel_same_site_only,13845153.660606533,13379601.15,0.03479569423536466,0.02,
monthly,2025-10-01,pounds,panel_same_site_damped,13858348.555303264,13379601.15,0.035781889156184965,0.02,
monthly,2025-10-01,pounds,panel_same_site_6m_damped,13787826.132579094,13379601.15,0.030510997899148462,0.03,
monthly,2025-10-01,pounds,site_build_prob,13380837.5850239,13379601.15,9.241194935771802e-05,0.08,
monthly,2025-10-01,pounds,site_build_active_only,13549543.49353061,13379601.15,0.012701600116877154,0.03,
monthly,2025-10-01,pounds,sites_x_avg_d05,13499354.032653555,13379601.15,0.008950407512974046,0.01,
monthly,2025-10-01,pounds,sites_x_avg_undamped,13653932.088091923,13379601.15,0.020503670850601008,0.01,
monthly,2025-10-01,pounds,xmetric_dyoy_seasonal,13229477.703162337,13379601.15,0.01122032302417797,0.01,
monthly,2025-10-01,pounds,xmetric_dyoy_flat,13301113.776214173,13379601.15,0.005866196824994785,0.0,
monthly,2025-10-01,pounds,xmetric_dyoy_12m_ratio,13548060.476772323,13379601.15,0.0125907584900109,0.0,
monthly,2025-10-01,pounds,foodbank_dyoy_3m,13732905.033597903,13379601.15,0.02640615961843551,0.05,
monthly,2025-10-01,pounds,foodbank_dyoy_6m,13613535.32635498,13379601.15,0.017484390882233525,0.06,
monthly,2025-10-01,pounds,inner_dyoy_best,13733355.536211573,13379601.15,0.026439830473688808,0.34,
monthly,2025-10-01,pounds,inner_dyoy_top5,13655344.916121593,13379601.15,0.02060926652672257,0.42,
monthly,2025-10-01,pounds,inner_dyoy_24o_top5,13565149.547380466,13379601.15,0.01386800662443255,0.77,
monthly,2025-10-01,pounds,ratio_last_month,13466263.998404719,13379601.15,0.006477237059097085,0.01,
monthly,2025-10-01,pounds,ratio_last_3m,13487934.938567618,13379601.15,0.008096937072568755,0.01,
monthly,2025-10-01,pounds,combo_dyoy_xmetric_fb,13671440.3488606,13379601.15,0.02181224952737848,0.08,
monthly,2025-10-01,individuals,seasonal_naive,808443.0,833627.0,0.030210153941750972,0.0,
monthly,2025-10-01,individuals,damped_yoy_3m,817983.7726735022,833627.0,0.018765259914203525,0.0,
monthly,2025-10-01,individuals,panel_carry_d05,824347.5419060915,833627.0,0.011131426997816218,0.07,
monthly,2025-10-01,individuals,panel_carry_d1,835129.3521314284,833627.0,0.001802187466850791,0.08,
monthly,2025-10-01,individuals,panel_same_site_only,830560.8002896344,833627.0,0.0036781434746783193,0.02,
monthly,2025-10-01,individuals,panel_same_site_damped,819501.9001448172,833627.0,0.01694414870821459,0.02,
monthly,2025-10-01,individuals,panel_same_site_6m_damped,817638.2741352647,833627.0,0.01917971210713587,0.03,
monthly,2025-10-01,individuals,site_build_prob,795019.6904563499,833627.0,0.046312450944667294,0.07,
monthly,2025-10-01,individuals,site_build_active_only,802246.1885357857,833627.0,0.03764370811431772,0.04,
monthly,2025-10-01,individuals,sites_x_avg_d05,809507.3592321359,833627.0,0.028933372800861834,0.01,
monthly,2025-10-01,individuals,sites_x_avg_undamped,827591.5710958511,833627.0,0.007239963321904019,0.01,
monthly,2025-10-01,individuals,xmetric_dyoy_seasonal,805265.3579225579,833627.0,0.03402198114677446,0.01,
monthly,2025-10-01,individuals,xmetric_dyoy_flat,791809.5836354663,833627.0,0.05016322211796609,0.01,
monthly,2025-10-01,individuals,xmetric_dyoy_12m_ratio,804717.6674494827,833627.0,0.03467897818870702,0.01,
monthly,2025-10-01,individuals,foodbank_dyoy_3m,818244.4769535704,833627.0,0.018452524985910546,0.07,
monthly,2025-10-01,individuals,foodbank_dyoy_6m,810899.9504678368,833627.0,0.0272628520095477,0.07,
monthly,2025-10-01,individuals,inner_dyoy_best,810229.0501964997,833627.0,0.02806764872478973,0.41,
monthly,2025-10-01,individuals,inner_dyoy_top5,812376.8619199505,833627.0,0.02549118260331007,0.48,
monthly,2025-10-01,individuals,inner_dyoy_24o_top5,828698.024904029,833627.0,0.005912686484448093,0.88,
monthly,2025-10-01,individuals,ratio_last_month,802747.843967063,833627.0,0.037041933662101845,0.01,
monthly,2025-10-01,individuals,ratio_last_3m,789583.5934445992,833627.0,0.05283346935188138,0.01,
monthly,2025-10-01,individuals,combo_dyoy_xmetric_fb,813648.6390255183,833627.0,0.023965587696273882,0.07,
monthly,2025-11-01,visits,seasonal_naive,245399.0,268225.0,0.08510019573119587,0.0,
monthly,2025-11-01,visits,damped_yoy_3m,252004.7035568607,268225.0,0.06047272417984639,0.0,
monthly,2025-11-01,visits,panel_carry_d05,256729.22102964603,268225.0,0.04285871552000742,0.1,
monthly,2025-11-01,visits,panel_carry_d1,262620.18317542854,268225.0,0.020895952370478033,0.1,
monthly,2025-11-01,visits,panel_same_site_only,257428.11883430806,268225.0,0.04025307546161594,0.03,
monthly,2025-11-01,visits,panel_same_site_damped,251413.559417154,268225.0,0.06267663559640602,0.03,
monthly,2025-11-01,visits,panel_same_site_6m_damped,254262.86550951976,268225.0,0.05205381485872029,0.03,
monthly,2025-11-01,visits,site_build_prob,264172.88698966644,268225.0,0.015107141431013327,0.08,
monthly,2025-11-01,visits,site_build_active_only,266112.9951072341,268225.0,0.007874004633296239,0.05,
monthly,2025-11-01,visits,sites_x_avg_d05,251010.9216958133,268225.0,0.06417775488558741,0.01,
monthly,2025-11-01,visits,sites_x_avg_undamped,260103.68027105925,268225.0,0.030278011851769038,0.01,
monthly,2025-11-01,visits,xmetric_dyoy_seasonal,252004.7035568607,268225.0,0.06047272417984639,0.0,
monthly,2025-11-01,visits,xmetric_dyoy_flat,252004.7035568607,268225.0,0.06047272417984639,0.01,
monthly,2025-11-01,visits,xmetric_dyoy_12m_ratio,252004.7035568607,268225.0,0.06047272417984639,0.0,
monthly,2025-11-01,visits,foodbank_dyoy_3m,252169.27626784416,268225.0,0.059859162017544376,0.08,
monthly,2025-11-01,visits,foodbank_dyoy_6m,252754.36137549003,268225.0,0.05767783996461917,0.07,
monthly,2025-11-01,visits,inner_dyoy_best,252004.7035568607,268225.0,0.06047272417984639,0.48,
monthly,2025-11-01,visits,inner_dyoy_top5,251476.26002586057,268225.0,0.06244287435600493,0.47,
monthly,2025-11-01,visits,inner_dyoy_24o_top5,259262.48229778052,268225.0,0.03341417728481488,0.85,
monthly,2025-11-01,visits,ratio_last_month,285255.52401217434,268225.0,0.06349342534131552,0.01,
monthly,2025-11-01,visits,ratio_last_3m,262371.3897628116,268225.0,0.02182350726885418,0.01,
monthly,2025-11-01,visits,combo_dyoy_xmetric_fb,252059.56112718853,268225.0,0.06026820345907902,0.09,
monthly,2025-11-01,pounds,seasonal_naive,13130956.42,13156865.21,0.001969222119894365,0.0,
monthly,2025-11-01,pounds,damped_yoy_3m,13002922.713715203,13156865.21,0.011700545215572511,0.0,
monthly,2025-11-01,pounds,panel_carry_d05,12960616.898900818,13156865.21,0.01491603873466929,0.08,
monthly,2025-11-01,pounds,panel_carry_d1,12886639.634018827,13156865.21,0.020538750809409034,0.07,
monthly,2025-11-01,pounds,panel_same_site_only,12978667.040953383,13156865.21,0.01354412059425647,0.02,
monthly,2025-11-01,pounds,panel_same_site_damped,13054811.730476692,13156865.21,0.007756671357075362,0.03,
monthly,2025-11-01,pounds,panel_same_site_6m_damped,12990819.55034938,13156865.21,0.012620457609037072,0.03,
monthly,2025-11-01,pounds,site_build_prob,13401975.907664562,13156865.21,0.0186298706988548,0.08,
monthly,2025-11-01,pounds,site_build_active_only,13551813.57148517,13156865.21,0.03001842423565937,0.04,
monthly,2025-11-01,pounds,sites_x_avg_d05,12798687.360164016,13156865.21,0.02722364667563426,0.01,
monthly,2025-11-01,pounds,sites_x_avg_undamped,12909657.335602295,13156865.21,0.018789268602509734,0.01,
monthly,2025-11-01,pounds,xmetric_dyoy_seasonal,12546024.824972467,13156865.21,0.046427501937411186,0.01,
monthly,2025-11-01,pounds,xmetric_dyoy_flat,12538288.802419437,13156865.21,0.047015485657663225,0.0,
monthly,2025-11-01,pounds,xmetric_dyoy_12m_ratio,12777577.893979445,13156865.21,0.028828091643917975,0.01,
monthly,2025-11-01,pounds,foodbank_dyoy_3m,12999573.705596669,13156865.21,0.011955089749173808,0.07,
monthly,2025-11-01,pounds,foodbank_dyoy_6m,12860106.452201318,13156865.21,0.022555430420699962,0.07,
monthly,2025-11-01,pounds,inner_dyoy_best,13002922.713715203,13156865.21,0.011700545215572511,0.47,
monthly,2025-11-01,pounds,inner_dyoy_top5,13054136.196229124,13156865.21,0.007808015977301075,0.43,
monthly,2025-11-01,pounds,inner_dyoy_24o_top5,12828537.578567397,13156865.21,0.02495485255735963,0.86,
monthly,2025-11-01,pounds,ratio_last_month,13558911.660969745,13156865.21,0.0305579212489131,0.01,
monthly,2025-11-01,pounds,ratio_last_3m,13434483.77423622,13156865.21,0.021100661882985206,0.01,
monthly,2025-11-01,pounds,combo_dyoy_xmetric_fb,12926691.437763773,13156865.21,0.017494575536221357,0.09,
monthly,2025-11-01,individuals,seasonal_naive,769640.0,812890.0,0.05320523072002359,0.0,
monthly,2025-11-01,individuals,damped_yoy_3m,775808.0469189975,812890.0,0.04561743050228506,0.0,
monthly,2025-11-01,individuals,panel_carry_d05,778837.5379450801,812890.0,0.04189061503391589,0.08,
monthly,2025-11-01,individuals,panel_carry_d1,782605.8823144763,812890.0,0.03725487788695114,0.08,
monthly,2025-11-01,individuals,panel_same_site_only,777356.4436447222,812890.0,0.0437126257615148,0.02,
monthly,2025-11-01,individuals,panel_same_site_damped,773498.2218223612,812890.0,0.04845892824076903,0.02,
monthly,2025-11-01,individuals,panel_same_site_6m_damped,775414.9815791305,812890.0,0.046100971128774426,0.03,
monthly,2025-11-01,individuals,site_build_prob,801361.4486237067,812890.0,0.01418217886342965,0.08,
monthly,2025-11-01,individuals,site_build_active_only,804982.5485919925,812890.0,0.009727578649026958,0.05,
monthly,2025-11-01,individuals,sites_x_avg_d05,769688.9648876112,812890.0,0.053144995156034325,0.02,
monthly,2025-11-01,individuals,sites_x_avg_undamped,783810.1098033518,812890.0,0.03577346282602589,0.01,
monthly,2025-11-01,individuals,xmetric_dyoy_seasonal,762002.0242632383,812890.0,0.06260130612599701,0.01,
monthly,2025-11-01,individuals,xmetric_dyoy_flat,754610.3423863322,812890.0,0.07169439606055894,0.01,
monthly,2025-11-01,individuals,xmetric_dyoy_12m_ratio,763542.6160768698,812890.0,0.060706102822190244,0.01,
monthly,2025-11-01,individuals,foodbank_dyoy_3m,775996.4671118343,812890.0,0.0453856399859337,0.08,
monthly,2025-11-01,individuals,foodbank_dyoy_6m,771697.9370034393,812890.0,0.05067360035990198,0.08,
monthly,2025-11-01,individuals,inner_dyoy_best,772724.0234594988,812890.0,0.049411330611154325,0.43,
monthly,2025-11-01,individuals,inner_dyoy_top5,770415.9282622953,812890.0,0.05225070026412515,0.43,
monthly,2025-11-01,individuals,inner_dyoy_24o_top5,783582.5757113384,812890.0,0.03605337042977719,0.84,
monthly,2025-11-01,individuals,ratio_last_month,850023.347027234,812890.0,0.045680654242559404,0.01,
monthly,2025-11-01,individuals,ratio_last_3m,802530.0332823986,812890.0,0.012744610854606875,0.01,
monthly,2025-11-01,individuals,combo_dyoy_xmetric_fb,771782.3767025672,812890.0,0.050569724436802965,0.1,
monthly,2025-12-01,visits,seasonal_naive,225715.0,233979.0,0.0353194090067912,0.0,
monthly,2025-12-01,visits,damped_yoy_3m,235425.2144225514,233979.0,0.006180958216555288,0.0,
monthly,2025-12-01,visits,panel_carry_d05,233802.0890919386,233979.0,0.000756097376522713,0.09,
monthly,2025-12-01,visits,panel_carry_d1,241723.52674527557,233979.0,0.033099238586691726,0.1,
monthly,2025-12-01,visits,panel_same_site_only,242167.61030324938,233979.0,0.03499720189952682,0.03,
monthly,2025-12-01,visits,panel_same_site_damped,233941.3051516247,233979.0,0.00016110355363219142,0.02,
monthly,2025-12-01,visits,panel_same_site_6m_damped,234064.81035619584,233979.0,0.00036674383682222533,0.03,
monthly,2025-12-01,visits,site_build_prob,243560.02893705518,233979.0,0.04094824294938948,0.07,
monthly,2025-12-01,visits,site_build_active_only,243870.25724091296,233979.0,0.0422741239210056,0.04,
monthly,2025-12-01,visits,sites_x_avg_d05,232870.28311079543,233979.0,0.004738531616959585,0.01,
monthly,2025-12-01,visits,sites_x_avg_undamped,243993.83274761064,233979.0,0.04280227177486284,0.01,
monthly,2025-12-01,visits,xmetric_dyoy_seasonal,235425.2144225514,233979.0,0.006180958216555288,0.0,
monthly,2025-12-01,visits,xmetric_dyoy_flat,235425.2144225514,233979.0,0.006180958216555288,0.0,
monthly,2025-12-01,visits,xmetric_dyoy_12m_ratio,235425.2144225514,233979.0,0.006180958216555288,0.0,
monthly,2025-12-01,visits,foodbank_dyoy_3m,235362.34454998688,233979.0,0.005912259433482836,0.08,
monthly,2025-12-01,visits,foodbank_dyoy_6m,233235.36841351286,233979.0,0.003178197985661768,0.08,
monthly,2025-12-01,visits,inner_dyoy_best,240544.5213195806,233979.0,0.028060301649210473,0.45,
monthly,2025-12-01,visits,inner_dyoy_top5,239959.45481988988,233979.0,0.02555979305788081,0.47,
monthly,2025-12-01,visits,inner_dyoy_24o_top5,240017.8912914879,233979.0,0.025809543982527883,0.88,
monthly,2025-12-01,visits,ratio_last_month,244090.63259071507,233979.0,0.04321598344601463,0.0,
monthly,2025-12-01,visits,ratio_last_3m,248486.5433738446,233979.0,0.062003613032984184,0.01,
monthly,2025-12-01,visits,combo_dyoy_xmetric_fb,235404.25779836322,233979.0,0.006091391955531211,0.08,
monthly,2025-12-01,pounds,seasonal_naive,13409452.06,13078182.34,0.025329951165063758,0.0,
monthly,2025-12-01,pounds,damped_yoy_3m,13353553.368459465,13078182.34,0.021055756931698033,0.0,
monthly,2025-12-01,pounds,panel_carry_d05,13119599.055023128,13078182.34,0.003166855603202068,0.07,
monthly,2025-12-01,pounds,panel_carry_d1,13070738.496250778,13078182.34,0.0005691803001135476,0.08,
monthly,2025-12-01,pounds,panel_same_site_only,13308040.868308645,13078182.34,0.017575724388366742,0.02,
monthly,2025-12-01,pounds,panel_same_site_damped,13358746.464154324,13078182.34,0.02145283777671536,0.02,
monthly,2025-12-01,pounds,panel_same_site_6m_damped,13323720.5531885,13078182.34,0.018774643662637702,0.03,
monthly,2025-12-01,pounds,site_build_prob,12349013.600696795,13078182.34,0.05575459344017719,0.08,
monthly,2025-12-01,pounds,site_build_active_only,12498377.747511657,13078182.34,0.04433372906225608,0.05,
monthly,2025-12-01,pounds,sites_x_avg_d05,13113709.891774371,13078182.34,0.0027165511881348525,0.01,
monthly,2025-12-01,pounds,sites_x_avg_undamped,13230277.919663347,13078182.34,0.0116297185426264,0.01,
monthly,2025-12-01,pounds,xmetric_dyoy_seasonal,12770912.872038836,13078182.34,0.02349481449125934,0.01,
monthly,2025-12-01,pounds,xmetric_dyoy_flat,11404103.62570825,13078182.34,0.12800545754523784,0.01,
monthly,2025-12-01,pounds,xmetric_dyoy_12m_ratio,11848442.7377934,13078182.34,0.0940298560026499,0.01,
monthly,2025-12-01,pounds,foodbank_dyoy_3m,13386829.095149513,13078182.34,0.023600126311552394,0.08,
monthly,2025-12-01,pounds,foodbank_dyoy_6m,13262694.09659757,13078182.34,0.014108363976027105,0.09,
monthly,2025-12-01,pounds,inner_dyoy_best,13353553.368459465,13078182.34,0.021055756931698033,0.5,
monthly,2025-12-01,pounds,inner_dyoy_top5,13287151.11072658,13078182.34,0.015978426152344127,0.48,
monthly,2025-12-01,pounds,inner_dyoy_24o_top5,13270381.503264418,13078182.34,0.014696167882334077,0.87,
monthly,2025-12-01,pounds,ratio_last_month,12206290.788571566,13078182.34,0.06666763994884273,0.01,
monthly,2025-12-01,pounds,ratio_last_3m,12445825.113309333,13078182.34,0.048352072960214376,0.01,
monthly,2025-12-01,pounds,combo_dyoy_xmetric_fb,12862941.733800793,13078182.34,0.016457990919799825,0.09,
monthly,2025-12-01,individuals,seasonal_naive,710647.0,705038.0,0.007955599556336068,0.0,
monthly,2025-12-01,individuals,damped_yoy_3m,725816.758067585,705038.0,0.029471827146316798,0.0,
monthly,2025-12-01,individuals,panel_carry_d05,721774.8981713944,705038.0,0.023739001545156846,0.09,
monthly,2025-12-01,individuals,panel_carry_d1,733868.4728031105,705038.0,0.0408920835516815,0.09,
monthly,2025-12-01,individuals,panel_same_site_only,735579.8597056217,705038.0,0.043319451867306125,0.02,
monthly,2025-12-01,individuals,panel_same_site_damped,723113.4298528109,705038.0,0.025637525711821096,0.02,
monthly,2025-12-01,individuals,panel_same_site_6m_damped,720101.075839932,705038.0,0.021364913437193378,0.02,
monthly,2025-12-01,individuals,site_build_prob,732233.0835914875,705038.0,0.03857250756907793,0.08,
monthly,2025-12-01,individuals,site_build_active_only,736912.5302014328,705038.0,0.04520966274361493,0.05,
monthly,2025-12-01,individuals,sites_x_avg_d05,715429.5164520214,705038.0,0.014738945208657483,0.01,
monthly,2025-12-01,individuals,sites_x_avg_undamped,736070.264424266,705038.0,0.04401502390547174,0.01,
monthly,2025-12-01,individuals,xmetric_dyoy_seasonal,711634.8308655621,705038.0,0.009356702568602104,0.01,
monthly,2025-12-01,individuals,xmetric_dyoy_flat,705541.5744839577,705038.0,0.0007142515495019985,0.01,
monthly,2025-12-01,individuals,xmetric_dyoy_12m_ratio,711282.3806346591,705038.0,0.008856800108163032,0.01,
monthly,2025-12-01,individuals,foodbank_dyoy_3m,725367.3815585716,705038.0,0.028834448013541847,0.07,
monthly,2025-12-01,individuals,foodbank_dyoy_6m,717973.2739817211,705038.0,0.018346917445188904,0.08,
monthly,2025-12-01,individuals,inner_dyoy_best,725816.758067585,705038.0,0.029471827146316798,0.45,
monthly,2025-12-01,individuals,inner_dyoy_top5,721968.1656062842,705038.0,0.024013124975227118,0.49,
monthly,2025-12-01,individuals,inner_dyoy_24o_top5,733688.6283204623,705038.0,0.04063699874398585,0.85,
monthly,2025-12-01,individuals,ratio_last_month,729758.2397488483,705038.0,0.035062279974764854,0.01,
monthly,2025-12-01,individuals,ratio_last_3m,741482.59215964,705038.0,0.05169167074631442,0.01,
monthly,2025-12-01,individuals,combo_dyoy_xmetric_fb,720822.1734202718,705038.0,0.0223876917560073,0.08,
monthly,2026-01-01,visits,seasonal_naive,247974.0,238004.0,0.041890052268029,0.0,
monthly,2026-01-01,visits,damped_yoy_3m,257302.564204419,238004.0,0.08108504144644213,0.0,
monthly,2026-01-01,visits,panel_carry_d05,257103.01874362386,238004.0,0.0802466292315418,0.08,
monthly,2026-01-01,visits,panel_carry_d1,265342.9949054013,238004.0,0.11486779594209051,0.08,
monthly,2026-01-01,visits,panel_same_site_only,265079.49886917515,238004.0,0.11376068834631003,0.03,
monthly,2026-01-01,visits,panel_same_site_damped,256526.74943458757,238004.0,0.07782537030716963,0.02,
monthly,2026-01-01,visits,panel_same_site_6m_damped,256533.88964677308,238004.0,0.0778553706944971,0.02,
monthly,2026-01-01,visits,site_build_prob,262274.1210745354,238004.0,0.10197358479074059,0.08,
monthly,2026-01-01,visits,site_build_active_only,264986.172978067,238004.0,0.11336856934365391,0.04,
monthly,2026-01-01,visits,sites_x_avg_d05,259174.60737255673,238004.0,0.08895063684877869,0.01,
monthly,2026-01-01,visits,sites_x_avg_undamped,271624.9037299946,238004.0,0.14126192723649433,0.01,
monthly,2026-01-01,visits,xmetric_dyoy_seasonal,257302.564204419,238004.0,0.08108504144644213,0.0,
monthly,2026-01-01,visits,xmetric_dyoy_flat,257302.564204419,238004.0,0.08108504144644213,0.0,
monthly,2026-01-01,visits,xmetric_dyoy_12m_ratio,257302.564204419,238004.0,0.08108504144644213,0.0,
monthly,2026-01-01,visits,foodbank_dyoy_3m,257232.7092689794,238004.0,0.08079153824716978,0.09,
monthly,2026-01-01,visits,foodbank_dyoy_6m,256165.79018086335,238004.0,0.07630876027656397,0.08,
monthly,2026-01-01,visits,inner_dyoy_best,264374.70397769246,238004.0,0.11079941504215252,0.44,
monthly,2026-01-01,visits,inner_dyoy_top5,262109.9541761695,238004.0,0.10128381949954401,0.46,
monthly,2026-01-01,visits,inner_dyoy_24o_top5,257455.98800315754,238004.0,0.08172966842220108,0.84,
monthly,2026-01-01,visits,ratio_last_month,253074.29592026985,238004.0,0.06331950690017751,0.01,
monthly,2026-01-01,visits,ratio_last_3m,266158.50120999117,238004.0,0.11829423543298079,0.01,
monthly,2026-01-01,visits,combo_dyoy_xmetric_fb,257279.27922593916,238004.0,0.08098720704668483,0.08,
monthly,2026-01-01,pounds,seasonal_naive,12757764.66,12403368.22,0.02857259687159397,0.0,
monthly,2026-01-01,pounds,damped_yoy_3m,12631913.191743566,12403368.22,0.018426041030938922,0.0,
monthly,2026-01-01,pounds,panel_carry_d05,12611386.596018186,12403368.22,0.01677111993520941,0.09,
monthly,2026-01-01,pounds,panel_carry_d1,12496866.826603545,12403368.22,0.007538162613988986,0.09,
monthly,2026-01-01,pounds,panel_same_site_only,12522421.140633743,12403368.22,0.009598434757566388,0.03,
monthly,2026-01-01,pounds,panel_same_site_damped,12640092.900316872,12403368.22,0.01908551581458018,0.02,
monthly,2026-01-01,pounds,panel_same_site_6m_damped,12691525.495921219,12403368.22,0.02323217942176181,0.03,
monthly,2026-01-01,pounds,site_build_prob,12572863.680154115,12403368.22,0.013665276814148752,0.09,
monthly,2026-01-01,pounds,site_build_active_only,12742130.084179796,12403368.22,0.027312086376146905,0.05,
monthly,2026-01-01,pounds,sites_x_avg_d05,12817719.872978058,12403368.22,0.03340638168831678,0.01,
monthly,2026-01-01,pounds,sites_x_avg_undamped,12886899.789253294,12403368.22,0.038983892171613244,0.02,
monthly,2026-01-01,pounds,xmetric_dyoy_seasonal,12068514.913299646,12403368.22,0.026996965724230826,0.01,
monthly,2026-01-01,pounds,xmetric_dyoy_flat,13020976.597855488,12403368.22,0.04979360177823433,0.01,
monthly,2026-01-01,pounds,xmetric_dyoy_12m_ratio,12885788.569783615,12403368.22,0.03889430203367894,0.01,
monthly,2026-01-01,pounds,foodbank_dyoy_3m,12635724.619007142,12403368.22,0.018733330728057718,0.08,
monthly,2026-01-01,pounds,foodbank_dyoy_6m,12634319.17437992,12403368.22,0.018620019198294813,0.08,
monthly,2026-01-01,pounds,inner_dyoy_best,12631913.191743566,12403368.22,0.018426041030938922,0.43,
monthly,2026-01-01,pounds,inner_dyoy_top5,12682253.779046139,12403368.22,0.022484663367200897,0.44,
monthly,2026-01-01,pounds,inner_dyoy_24o_top5,12581268.909545586,12403368.22,0.014342933821695825,0.92,
monthly,2026-01-01,pounds,ratio_last_month,13263988.35718138,12403368.22,0.06938600240809256,0.0,
monthly,2026-01-01,pounds,ratio_last_3m,12748365.294708045,12403368.22,0.027814789385333993,0.01,
monthly,2026-01-01,pounds,combo_dyoy_xmetric_fb,12717808.793511441,12403368.22,0.025351224597558675,0.1,
monthly,2026-01-01,individuals,seasonal_naive,778384.0,716558.0,0.08628191995623524,0.0,
monthly,2026-01-01,individuals,damped_yoy_3m,789067.2118248986,716558.0,0.10119098778451785,0.0,
monthly,2026-01-01,individuals,panel_carry_d05,786445.7565858434,716558.0,0.0975325885494871,0.08,
monthly,2026-01-01,individuals,panel_carry_d1,795781.0338922971,716558.0,0.11056053228391427,0.1,
monthly,2026-01-01,individuals,panel_same_site_only,797648.2956160614,716558.0,0.11316640888254881,0.03,
monthly,2026-01-01,individuals,panel_same_site_damped,788016.1478080308,716558.0,0.09972416441939225,0.02,
monthly,2026-01-01,individuals,panel_same_site_6m_damped,788514.6532000625,716558.0,0.10041985882519278,0.03,
monthly,2026-01-01,individuals,site_build_prob,803797.1087397981,716558.0,0.12174744925016268,0.08,
monthly,2026-01-01,individuals,site_build_active_only,812605.4986768207,716558.0,0.1340400898138332,0.04,
monthly,2026-01-01,individuals,sites_x_avg_d05,793432.7887396476,716558.0,0.10728341423813226,0.01,
monthly,2026-01-01,individuals,sites_x_avg_undamped,815719.769181727,716558.0,0.1383862425396507,0.02,
monthly,2026-01-01,individuals,xmetric_dyoy_seasonal,771769.7328015444,716558.0,0.07705131029385526,0.01,
monthly,2026-01-01,individuals,xmetric_dyoy_flat,772934.8518385337,716558.0,0.0786773043334017,0.0,
monthly,2026-01-01,individuals,xmetric_dyoy_12m_ratio,774773.1483539687,716558.0,0.08124275823306526,0.01,
monthly,2026-01-01,individuals,foodbank_dyoy_3m,788105.8572327432,716558.0,0.0998493593438956,0.07,
monthly,2026-01-01,individuals,foodbank_dyoy_6m,787530.503797659,716558.0,0.09904641884907983,0.07,
monthly,2026-01-01,individuals,inner_dyoy_best,778384.0,716558.0,0.08628191995623524,0.42,
monthly,2026-01-01,individuals,inner_dyoy_top5,780447.1267356313,716558.0,0.08916113801762204,0.39,
monthly,2026-01-01,individuals,inner_dyoy_24o_top5,787778.0884125044,716558.0,0.09939193814388281,0.77,
monthly,2026-01-01,individuals,ratio_last_month,779607.4696369589,716558.0,0.08798934578493145,0.01,
monthly,2026-01-01,individuals,ratio_last_3m,810454.4252515304,716558.0,0.13103813683125498,0.0,
monthly,2026-01-01,individuals,combo_dyoy_xmetric_fb,783982.0724705368,716558.0,0.09409436845382624,0.07,
monthly,2026-02-01,visits,seasonal_naive,241336.0,268283.0,0.10044244324090601,0.0,
monthly,2026-02-01,visits,damped_yoy_3m,244880.08383953007,268283.0,0.08723219943294924,0.0,
monthly,2026-02-01,visits,panel_carry_d05,243492.7285264778,268283.0,0.09240343768901571,0.07,
monthly,2026-02-01,visits,panel_carry_d1,246690.8606453485,268283.0,0.08048269683375953,0.1,
monthly,2026-02-01,visits,panel_same_site_only,247989.55645295442,268283.0,0.07564192866132247,0.03,
monthly,2026-02-01,visits,panel_same_site_damped,244662.7782264772,268283.0,0.08804218595111424,0.02,
monthly,2026-02-01,visits,panel_same_site_6m_damped,245977.63029878435,268283.0,0.08314119680045196,0.03,
monthly,2026-02-01,visits,site_build_prob,242822.2186242942,268283.0,0.0949027011614817,0.09,
monthly,2026-02-01,visits,site_build_active_only,245359.49898846165,268283.0,0.08544522392972476,0.04,
monthly,2026-02-01,visits,sites_x_avg_d05,251737.6085863755,268283.0,0.06167141195537729,0.01,
monthly,2026-02-01,visits,sites_x_avg_undamped,257511.8307420725,268283.0,0.040148534413017245,0.01,
monthly,2026-02-01,visits,xmetric_dyoy_seasonal,244880.08383953007,268283.0,0.08723219943294924,0.0,
monthly,2026-02-01,visits,xmetric_dyoy_flat,244880.08383953007,268283.0,0.08723219943294924,0.0,
monthly,2026-02-01,visits,xmetric_dyoy_12m_ratio,244880.08383953007,268283.0,0.08723219943294924,0.01,
monthly,2026-02-01,visits,foodbank_dyoy_3m,244663.62523052923,268283.0,0.0880390288220676,0.07,
monthly,2026-02-01,visits,foodbank_dyoy_6m,246277.8151909878,268283.0,0.08202228545607504,0.07,
monthly,2026-02-01,visits,inner_dyoy_best,251409.1807565761,268283.0,0.06289559623018937,0.45,
monthly,2026-02-01,visits,inner_dyoy_top5,247640.97326022433,268283.0,0.07694124018210502,0.46,
monthly,2026-02-01,visits,inner_dyoy_24o_top5,241689.58156703901,268283.0,0.09912450074347234,0.92,
monthly,2026-02-01,visits,ratio_last_month,232044.08532619162,268283.0,0.13507719338835622,0.01,
monthly,2026-02-01,visits,ratio_last_3m,245431.18905801227,268283.0,0.08517800584452884,0.01,
monthly,2026-02-01,visits,combo_dyoy_xmetric_fb,244807.9309698631,268283.0,0.0875011425626554,0.09,
monthly,2026-02-01,pounds,seasonal_naive,11767658.75,13306607.34,0.1156529647774216,0.0,
monthly,2026-02-01,pounds,damped_yoy_3m,11668878.08199924,13306607.34,0.12307639476801147,0.0,
monthly,2026-02-01,pounds,panel_carry_d05,11546074.92611502,13306607.34,0.13230512999303556,0.09,
monthly,2026-02-01,pounds,panel_carry_d1,11441736.885447608,13306607.34,0.14014620007209078,0.09,
monthly,2026-02-01,pounds,panel_same_site_only,11552904.402685292,13306607.34,0.131791890487595,0.03,
monthly,2026-02-01,pounds,panel_same_site_damped,11660281.576342646,13306607.34,0.12372242763250829,0.03,
monthly,2026-02-01,pounds,panel_same_site_6m_damped,11679826.95837562,13306607.34,0.12225357974862883,0.03,
monthly,2026-02-01,pounds,site_build_prob,11612280.714613691,13306607.34,0.12732972290338196,0.09,
monthly,2026-02-01,pounds,site_build_active_only,11782270.227578677,13306607.34,0.11455490294953896,0.05,
monthly,2026-02-01,pounds,sites_x_avg_d05,11995946.404125186,13306607.34,0.09849700245793935,0.02,
monthly,2026-02-01,pounds,sites_x_avg_undamped,11999594.463903822,13306607.34,0.09822284844667084,0.01,
monthly,2026-02-01,pounds,xmetric_dyoy_seasonal,11405035.392658768,13306607.34,0.1429043405846251,0.01,
monthly,2026-02-01,pounds,xmetric_dyoy_flat,12782594.20755277,13306607.34,0.0393799199944852,0.01,
monthly,2026-02-01,pounds,xmetric_dyoy_12m_ratio,12275462.144924274,13306607.34,0.07749121686157201,0.01,
monthly,2026-02-01,pounds,foodbank_dyoy_3m,11675374.960268266,13306607.34,0.12258815023632719,0.09,
monthly,2026-02-01,pounds,foodbank_dyoy_6m,11674435.327378614,13306607.34,0.122658764245266,0.08,
monthly,2026-02-01,pounds,inner_dyoy_best,11619487.74799886,13306607.34,0.12678810976330657,0.4,
monthly,2026-02-01,pounds,inner_dyoy_top5,11614038.117765157,13306607.34,0.12719765293944885,0.41,
monthly,2026-02-01,pounds,inner_dyoy_24o_top5,11655009.031590402,13306607.34,0.12411866272215388,0.83,
monthly,2026-02-01,pounds,ratio_last_month,11573048.70670086,13306607.34,0.1302780332360164,0.01,
monthly,2026-02-01,pounds,ratio_last_3m,11806310.038710842,13306607.34,0.11274829586195323,0.0,
monthly,2026-02-01,pounds,combo_dyoy_xmetric_fb,11873238.395730594,13306607.34,0.10771858728863681,0.07,
monthly,2026-02-01,individuals,seasonal_naive,722068.0,853046.0,0.1535415440667912,0.0,
monthly,2026-02-01,individuals,damped_yoy_3m,718202.1836460467,853046.0,0.15807332354170034,0.0,
monthly,2026-02-01,individuals,panel_carry_d05,712712.1642426858,853046.0,0.1645091070790019,0.1,
monthly,2026-02-01,individuals,panel_carry_d1,708016.0265284138,853046.0,0.17001424714679658,0.08,
monthly,2026-02-01,individuals,panel_same_site_only,712350.685802887,853046.0,0.16493285731028928,0.02,
monthly,2026-02-01,individuals,panel_same_site_damped,717209.3429014435,853046.0,0.1592372006885403,0.02,
monthly,2026-02-01,individuals,panel_same_site_6m_damped,721485.1777473296,853046.0,0.15422476894876758,0.03,
monthly,2026-02-01,individuals,site_build_prob,727933.9706484529,853046.0,0.14666504426671845,0.08,
monthly,2026-02-01,individuals,site_build_active_only,736035.6136893749,853046.0,0.13716773340549648,0.03,
monthly,2026-02-01,individuals,sites_x_avg_d05,736695.2658857624,853046.0,0.13639444310651194,0.01,
monthly,2026-02-01,individuals,sites_x_avg_undamped,741271.7684015614,853046.0,0.131029547759955,0.01,
monthly,2026-02-01,individuals,xmetric_dyoy_seasonal,704145.4587385458,853046.0,0.1745515965861797,0.01,
monthly,2026-02-01,individuals,xmetric_dyoy_flat,739226.16213045,853046.0,0.13342755006125107,0.01,
monthly,2026-02-01,individuals,xmetric_dyoy_12m_ratio,734778.4672409556,853046.0,0.13864144812711676,0.01,
monthly,2026-02-01,individuals,foodbank_dyoy_3m,718260.1062373528,853046.0,0.1580054226415072,0.05,
monthly,2026-02-01,individuals,foodbank_dyoy_6m,722628.6298856485,853046.0,0.1528843346248051,0.08,
monthly,2026-02-01,individuals,inner_dyoy_best,722068.0,853046.0,0.1535415440667912,0.46,
monthly,2026-02-01,individuals,inner_dyoy_top5,721780.1065970638,853046.0,0.1538790327871371,0.43,
monthly,2026-02-01,individuals,inner_dyoy_24o_top5,705994.2444267113,853046.0,0.17238432109556656,0.85,
monthly,2026-02-01,individuals,ratio_last_month,685194.5063237061,853046.0,0.19676722436573624,0.01,
monthly,2026-02-01,individuals,ratio_last_3m,733731.715168066,853046.0,0.13986852389195192,0.01,
monthly,2026-02-01,individuals,combo_dyoy_xmetric_fb,723746.9190414516,853046.0,0.1515733981034415,0.1,
monthly,2026-03-01,visits,seasonal_naive,244459.0,279131.0,0.12421407869423318,0.0,
monthly,2026-03-01,visits,damped_yoy_3m,248773.80690815003,279131.0,0.10875607901612494,0.0,
monthly,2026-03-01,visits,panel_carry_d05,252400.8010446457,279131.0,0.0957622011003948,0.08,
monthly,2026-03-01,visits,panel_carry_d1,256367.36704356925,279131.0,0.08155179093841514,0.1,
monthly,2026-03-01,visits,panel_same_site_only,252684.3596743792,279131.0,0.09474633890761253,0.02,
monthly,2026-03-01,visits,panel_same_site_damped,248571.67983718961,279131.0,0.1094802088009228,0.02,
monthly,2026-03-01,visits,panel_same_site_6m_damped,251022.0439962781,279131.0,0.10070166339002795,0.03,
monthly,2026-03-01,visits,site_build_prob,264060.837510033,279131.0,0.05398956937770083,0.09,
monthly,2026-03-01,visits,site_build_active_only,266251.9465787029,279131.0,0.04613981758134034,0.04,
monthly,2026-03-01,visits,sites_x_avg_d05,248057.6544456451,279131.0,0.11132172906038706,0.02,
monthly,2026-03-01,visits,sites_x_avg_undamped,252712.2872930181,279131.0,0.09464628689390253,0.01,
monthly,2026-03-01,visits,xmetric_dyoy_seasonal,248773.80690815003,279131.0,0.10875607901612494,0.0,
monthly,2026-03-01,visits,xmetric_dyoy_flat,248773.80690815003,279131.0,0.10875607901612494,0.0,
monthly,2026-03-01,visits,xmetric_dyoy_12m_ratio,248773.80690815003,279131.0,0.10875607901612494,0.01,
monthly,2026-03-01,visits,foodbank_dyoy_3m,249293.83794869136,279131.0,0.10689304323528603,0.08,
monthly,2026-03-01,visits,foodbank_dyoy_6m,252086.02349909896,279131.0,0.09688990653456997,0.09,
monthly,2026-03-01,visits,inner_dyoy_best,259393.26448091114,279131.0,0.07071137035688924,0.44,
monthly,2026-03-01,visits,inner_dyoy_top5,254199.78385211504,279131.0,0.08931726016775265,0.48,
monthly,2026-03-01,visits,inner_dyoy_24o_top5,251270.88126333285,279131.0,0.09981019212006959,0.9,
monthly,2026-03-01,visits,ratio_last_month,283892.9551753895,279131.0,0.017059929478952407,0.01,
monthly,2026-03-01,visits,ratio_last_3m,263067.3971137816,279131.0,0.05754861655000132,0.01,
monthly,2026-03-01,visits,combo_dyoy_xmetric_fb,248947.1505883305,279131.0,0.10813506708917864,0.09,
monthly,2026-03-01,pounds,seasonal_naive,12452621.8,13642661.744,0.08722930805811235,0.0,
monthly,2026-03-01,pounds,damped_yoy_3m,12592672.390093252,13642661.744,0.07696367275018978,0.0,
monthly,2026-03-01,pounds,panel_carry_d05,12532873.136432184,13642661.744,0.0813469268968644,0.09,
monthly,2026-03-01,pounds,panel_carry_d1,12665142.872734461,13642661.744,0.07165162411913129,0.1,
monthly,2026-03-01,pounds,panel_same_site_only,12724453.637772826,13642661.744,0.06730417593406945,0.03,
monthly,2026-03-01,pounds,panel_same_site_damped,12588537.718886415,13642661.744,0.07726674199609085,0.03,
monthly,2026-03-01,pounds,panel_same_site_6m_damped,12495597.314817734,13642661.744,0.08407922520594213,0.03,
monthly,2026-03-01,pounds,site_build_prob,13233030.615162168,13642661.744,0.030025748385793416,0.08,
monthly,2026-03-01,pounds,site_build_active_only,13398819.392855296,13642661.744,0.01787351733263831,0.05,
monthly,2026-03-01,pounds,sites_x_avg_d05,12571225.772382937,13642661.744,0.07853569865779875,0.01,
monthly,2026-03-01,pounds,sites_x_avg_undamped,12716609.576593831,13642661.744,0.067879141532879,0.01,
monthly,2026-03-01,pounds,xmetric_dyoy_seasonal,12515647.860740999,13642661.744,0.08260953063317422,0.01,
monthly,2026-03-01,pounds,xmetric_dyoy_flat,13035149.12712111,13642661.744,0.04453035839183461,0.01,
monthly,2026-03-01,pounds,xmetric_dyoy_12m_ratio,12486068.062931497,13642661.744,0.08477771440585413,0.01,
monthly,2026-03-01,pounds,foodbank_dyoy_3m,12605220.489598308,13642661.744,0.07604390359219726,0.08,
monthly,2026-03-01,pounds,foodbank_dyoy_6m,12514768.199329989,13642661.744,0.0826740093564261,0.08,
monthly,2026-03-01,pounds,inner_dyoy_best,12662697.68513988,13642661.744,0.07183085509622833,0.44,
monthly,2026-03-01,pounds,inner_dyoy_top5,12608404.11750012,13642661.744,0.07581054532519971,0.4,
monthly,2026-03-01,pounds,inner_dyoy_24o_top5,12549396.491091464,13642661.744,0.08013577360659485,0.83,
monthly,2026-03-01,pounds,ratio_last_month,14438146.941241788,13642661.744,0.058308650626160974,0.01,
monthly,2026-03-01,pounds,ratio_last_3m,13424768.591746833,13642661.744,0.015971454569633114,0.01,
monthly,2026-03-01,pounds,combo_dyoy_xmetric_fb,12561320.314207686,13642661.744,0.07926176358274695,0.08,
monthly,2026-03-01,individuals,seasonal_naive,760491.0,865523.0,0.12135090575293783,0.0,
monthly,2026-03-01,individuals,damped_yoy_3m,771418.570319782,865523.0,0.10872551010223641,0.0,
monthly,2026-03-01,individuals,panel_carry_d05,770459.2414468896,865523.0,0.10983389066854421,0.09,
monthly,2026-03-01,individuals,panel_carry_d1,779436.1713396679,865523.0,0.09946220800641015,0.09,
monthly,2026-03-01,individuals,panel_same_site_only,779005.6561004014,865523.0,0.09995961274235188,0.02,
monthly,2026-03-01,individuals,panel_same_site_damped,769748.3280502007,865523.0,0.11065525924764485,0.03,
monthly,2026-03-01,individuals,panel_same_site_6m_damped,771836.4262780969,865523.0,0.10824273152984165,0.03,
monthly,2026-03-01,individuals,site_build_prob,814014.9333012307,865523.0,0.05951091617296056,0.08,
monthly,2026-03-01,individuals,site_build_active_only,821054.5821017777,865523.0,0.051377511514104635,0.05,
monthly,2026-03-01,individuals,sites_x_avg_d05,765684.9335680223,865523.0,0.11534998657687623,0.01,
monthly,2026-03-01,individuals,sites_x_avg_undamped,780106.8093201988,865523.0,0.09868737246705306,0.01,
monthly,2026-03-01,individuals,xmetric_dyoy_seasonal,769008.2330928963,865523.0,0.11151034334974774,0.01,
monthly,2026-03-01,individuals,xmetric_dyoy_flat,764416.2364517191,865523.0,0.11681580217773635,0.01,
monthly,2026-03-01,individuals,xmetric_dyoy_12m_ratio,750569.7803056639,865523.0,0.13281359327751663,0.01,
monthly,2026-03-01,individuals,foodbank_dyoy_3m,773866.5232033766,865523.0,0.10589721682338127,0.07,
monthly,2026-03-01,individuals,foodbank_dyoy_6m,775377.1411045854,865523.0,0.10415189301198768,0.07,
monthly,2026-03-01,individuals,inner_dyoy_best,774128.1041061446,865523.0,0.10559499388676596,0.42,
monthly,2026-03-01,individuals,inner_dyoy_top5,768673.2624636868,865523.0,0.1118973586332348,0.44,
monthly,2026-03-01,individuals,inner_dyoy_24o_top5,771138.6734237126,865523.0,0.10904889480266544,0.81,
monthly,2026-03-01,individuals,ratio_last_month,924809.6380684475,865523.0,0.06849805039085899,0.0,
monthly,2026-03-01,individuals,ratio_last_3m,823626.6991998813,865523.0,0.048405762527533924,0.01,
monthly,2026-03-01,individuals,combo_dyoy_xmetric_fb,765284.9579429409,865523.0,0.11581210673437814,0.09,
monthly,2026-04-01,visits,seasonal_naive,263231.0,263173.0,0.00022038734976614904,0.0,
monthly,2026-04-01,visits,damped_yoy_3m,272495.23569202295,263173.0,0.03542246238034652,0.0,
monthly,2026-04-01,visits,panel_carry_d05,273952.6668871423,263173.0,0.040960383045153925,0.08,
monthly,2026-04-01,visits,panel_carry_d1,280831.12838705303,263173.0,0.06709703650090626,0.06,
monthly,2026-04-01,visits,panel_same_site_only,277438.7046130101,263173.0,0.054206566072545925,0.02,
monthly,2026-04-01,visits,panel_same_site_damped,270334.852306505,263173.0,0.027213476711155815,0.02,
monthly,2026-04-01,visits,panel_same_site_6m_damped,271317.61808558303,263173.0,0.03094777232308421,0.02,
monthly,2026-04-01,visits,site_build_prob,275092.0759960784,263173.0,0.04528988914546095,0.08,
monthly,2026-04-01,visits,site_build_active_only,277989.75246721023,263173.0,0.0563004277308472,0.04,
monthly,2026-04-01,visits,sites_x_avg_d05,274260.5636676079,263173.0,0.04213032365633218,0.01,
monthly,2026-04-01,visits,sites_x_avg_undamped,280531.7940018825,263173.0,0.0659596311243269,0.01,
monthly,2026-04-01,visits,xmetric_dyoy_seasonal,272495.23569202295,263173.0,0.03542246238034652,0.0,
monthly,2026-04-01,visits,xmetric_dyoy_flat,272495.23569202295,263173.0,0.03542246238034652,0.0,
monthly,2026-04-01,visits,xmetric_dyoy_12m_ratio,272495.23569202295,263173.0,0.03542246238034652,0.0,
monthly,2026-04-01,visits,foodbank_dyoy_3m,272663.1602613747,263173.0,0.03606053911827867,0.06,
monthly,2026-04-01,visits,foodbank_dyoy_6m,272895.1810506778,263173.0,0.036942167512160395,0.06,
monthly,2026-04-01,visits,inner_dyoy_best,282395.2507061485,263173.0,0.07304036016669069,0.38,
monthly,2026-04-01,visits,inner_dyoy_top5,278339.87780218286,263173.0,0.05763082763878846,0.42,
monthly,2026-04-01,visits,inner_dyoy_24o_top5,279113.15840224974,263173.0,0.06056912526075897,0.74,
monthly,2026-04-01,visits,ratio_last_month,288584.70031348517,263173.0,0.09655891870930966,0.01,
monthly,2026-04-01,visits,ratio_last_3m,277879.59964450746,263173.0,0.0558818710297313,0.0,
monthly,2026-04-01,visits,combo_dyoy_xmetric_fb,272551.2105484736,263173.0,0.03563515462632405,0.08,
monthly,2026-04-01,pounds,seasonal_naive,12772997.24,13074244.029,0.02304123958003257,0.0,
monthly,2026-04-01,pounds,damped_yoy_3m,13183114.352607477,13074244.029,0.008327083643688615,0.0,
monthly,2026-04-01,pounds,panel_carry_d05,13175066.480021449,13074244.029,0.007711531985927111,0.08,
monthly,2026-04-01,pounds,panel_carry_d1,13510964.756608538,13074244.029,0.03340313418044283,0.09,
monthly,2026-04-01,pounds,panel_same_site_only,13461597.572353357,13074244.029,0.029627222996157165,0.02,
monthly,2026-04-01,pounds,panel_same_site_damped,13117297.406176679,13074244.029,0.0032929917080621873,0.02,
monthly,2026-04-01,pounds,panel_same_site_6m_damped,12876760.573911363,13074244.029,0.015104770467080031,0.03,
monthly,2026-04-01,pounds,site_build_prob,13516082.47249182,13074244.029,0.033794569117095996,0.08,
monthly,2026-04-01,pounds,site_build_active_only,13702322.686584476,13074244.029,0.04803938615428427,0.04,
monthly,2026-04-01,pounds,sites_x_avg_d05,13315570.982854774,13074244.029,0.018458195618766826,0.01,
monthly,2026-04-01,pounds,sites_x_avg_undamped,13562601.767155677,13074244.029,0.03735265588377046,0.01,
monthly,2026-04-01,pounds,xmetric_dyoy_seasonal,13146286.773377685,13074244.029,0.0055102799227157995,0.01,
monthly,2026-04-01,pounds,xmetric_dyoy_flat,13653119.965745853,13074244.029,0.04427605416128455,0.01,
monthly,2026-04-01,pounds,xmetric_dyoy_12m_ratio,13627824.376889987,13074244.029,0.04234128922957914,0.01,
monthly,2026-04-01,pounds,foodbank_dyoy_3m,13182919.22642291,13074244.029,0.008312159172022326,0.07,
monthly,2026-04-01,pounds,foodbank_dyoy_6m,12906917.086915273,13074244.029,0.012798211637596646,0.07,
monthly,2026-04-01,pounds,inner_dyoy_best,13688489.806404877,13074244.029,0.046981360914055026,0.39,
monthly,2026-04-01,pounds,inner_dyoy_top5,13447266.830148354,13074244.029,0.028531118152678836,0.37,
monthly,2026-04-01,pounds,inner_dyoy_24o_top5,13209147.053280808,13074244.029,0.010318227499928945,0.73,
monthly,2026-04-01,pounds,ratio_last_month,13791970.788086299,13074244.029,0.05489623396154375,0.01,
monthly,2026-04-01,pounds,ratio_last_3m,13609655.981132774,13074244.029,0.04095165662696654,0.01,
monthly,2026-04-01,pounds,combo_dyoy_xmetric_fb,13331285.985306792,13074244.029,0.019660177348430175,0.09,
monthly,2026-04-01,individuals,seasonal_naive,786971.0,801510.0,0.018139511671719677,0.0,
monthly,2026-04-01,individuals,damped_yoy_3m,817285.2884769763,801510.0,0.019681960895030937,0.0,
monthly,2026-04-01,individuals,panel_carry_d05,819902.9276184671,801510.0,0.022947845464769134,0.07,
monthly,2026-04-01,individuals,panel_carry_d1,845269.2684824765,801510.0,0.05459603558592718,0.08,
monthly,2026-04-01,individuals,panel_same_site_only,839234.5393284183,801510.0,0.04706683550850066,0.02,
monthly,2026-04-01,individuals,panel_same_site_damped,813102.7696642091,801510.0,0.014463661918390436,0.02,
monthly,2026-04-01,individuals,panel_same_site_6m_damped,804864.2135807041,801510.0,0.004184868037459433,0.03,
monthly,2026-04-01,individuals,site_build_prob,851693.0335283413,801510.0,0.0626106143757923,0.08,
monthly,2026-04-01,individuals,site_build_active_only,861437.9292821916,801510.0,0.07476878552007027,0.03,
monthly,2026-04-01,individuals,sites_x_avg_d05,820305.5380065364,801510.0,0.023450160330546588,0.01,
monthly,2026-04-01,individuals,sites_x_avg_undamped,844594.432334912,801510.0,0.0537540795934075,0.01,
monthly,2026-04-01,individuals,xmetric_dyoy_seasonal,819730.5501745212,801510.0,0.022732779596662755,0.01,
monthly,2026-04-01,individuals,xmetric_dyoy_flat,844850.1381493788,801510.0,0.0540731096921796,0.01,
monthly,2026-04-01,individuals,xmetric_dyoy_12m_ratio,822176.7877129011,801510.0,0.02578481580130143,0.01,
monthly,2026-04-01,individuals,foodbank_dyoy_3m,817597.646790012,801510.0,0.020071673204341778,0.07,
monthly,2026-04-01,individuals,foodbank_dyoy_6m,807695.3544289987,801510.0,0.007717126959112974,0.07,
monthly,2026-04-01,individuals,inner_dyoy_best,868487.879955187,801510.0,0.0835646217204864,0.4,
monthly,2026-04-01,individuals,inner_dyoy_top5,819577.7519820747,801510.0,0.022542141685162553,0.39,
monthly,2026-04-01,individuals,inner_dyoy_24o_top5,811308.9999704586,801510.0,0.012225674003391696,0.8,
monthly,2026-04-01,individuals,ratio_last_month,883372.5236642527,801510.0,0.10213537406177431,0.01,
monthly,2026-04-01,individuals,ratio_last_3m,858288.1373354326,801510.0,0.07083896312638971,0.01,
monthly,2026-04-01,individuals,combo_dyoy_xmetric_fb,819019.9076599631,801510.0,0.02184614996689138,0.07,
monthly,2026-05-01,visits,seasonal_naive,247081.0,229370.0,0.07721585211666748,0.0,
monthly,2026-05-01,visits,damped_yoy_3m,257234.55504415068,229370.0,0.12148299709705146,0.0,
monthly,2026-05-01,visits,panel_carry_d05,259530.13927595114,229370.0,0.13149121191067326,0.09,
monthly,2026-05-01,visits,panel_carry_d1,267057.71265618876,229370.0,0.16430968590569273,0.09,
monthly,2026-05-01,visits,panel_same_site_only,262625.27413732297,229370.0,0.14498528202172456,0.02,
monthly,2026-05-01,visits,panel_same_site_damped,254853.13706866145,229370.0,0.1111005670691958,0.02,
monthly,2026-05-01,visits,panel_same_site_6m_damped,252722.2746706037,229370.0,0.101810501245166,0.03,
monthly,2026-05-01,visits,site_build_prob,278100.4096612562,229370.0,0.212453283608389,0.09,
monthly,2026-05-01,visits,site_build_active_only,279486.5567386593,229370.0,0.21849656336338352,0.04,
monthly,2026-05-01,visits,sites_x_avg_d05,257810.60254574884,229370.0,0.12399443059575721,0.01,
monthly,2026-05-01,visits,sites_x_avg_undamped,263757.9921882719,229370.0,0.14992367000162132,0.01,
monthly,2026-05-01,visits,xmetric_dyoy_seasonal,257234.55504415068,229370.0,0.12148299709705146,0.0,
monthly,2026-05-01,visits,xmetric_dyoy_flat,257234.55504415068,229370.0,0.12148299709705146,0.0,
monthly,2026-05-01,visits,xmetric_dyoy_12m_ratio,257234.55504415068,229370.0,0.12148299709705146,0.0,
monthly,2026-05-01,visits,foodbank_dyoy_3m,257211.20027673806,229370.0,0.1213811757280292,0.06,
monthly,2026-05-01,visits,foodbank_dyoy_6m,254077.49570266186,229370.0,0.10771895061543302,0.07,
monthly,2026-05-01,visits,inner_dyoy_best,260996.06665081866,229370.0,0.13788231525839767,0.45,
monthly,2026-05-01,visits,inner_dyoy_top5,258419.55751494374,229370.0,0.12664933302063797,0.46,
monthly,2026-05-01,visits,inner_dyoy_24o_top5,252208.88235801365,229370.0,0.09957222983831215,0.78,
monthly,2026-05-01,visits,ratio_last_month,262564.8371354162,229370.0,0.14472179071114888,0.01,
monthly,2026-05-01,visits,ratio_last_3m,280176.3590504492,229370.0,0.22150394145027352,0.01,
monthly,2026-05-01,visits,combo_dyoy_xmetric_fb,257226.7701216798,229370.0,0.12144905664071048,0.07,
monthly,2026-05-01,pounds,seasonal_naive,12164935.65,11536291.828,0.054492711468533184,0.0,
monthly,2026-05-01,pounds,damped_yoy_3m,12663169.652376192,11536291.828,0.0976811128894226,0.01,
monthly,2026-05-01,pounds,panel_carry_d05,12650752.246969432,11536291.828,0.09660473535044423,0.09,
monthly,2026-05-01,pounds,panel_carry_d1,13074043.866709806,11536291.828,0.1332969087152851,0.09,
monthly,2026-05-01,pounds,panel_same_site_only,13034269.298701316,11536291.828,0.12984913116236707,0.02,
monthly,2026-05-01,pounds,panel_same_site_damped,12599602.474350657,11536291.828,0.09217092131545002,0.02,
monthly,2026-05-01,pounds,panel_same_site_6m_damped,12319258.99840506,11536291.828,0.06786991713443857,0.02,
monthly,2026-05-01,pounds,site_build_prob,13938574.880282866,11536291.828,0.20823702174837755,0.09,
monthly,2026-05-01,pounds,site_build_active_only,14065135.451652471,11536291.828,0.21920766753790466,0.04,
monthly,2026-05-01,pounds,sites_x_avg_d05,12692667.92051244,11536291.828,0.10023811028304364,0.02,
monthly,2026-05-01,pounds,sites_x_avg_undamped,12994156.752612859,11536291.828,0.12637205666680873,0.01,
monthly,2026-05-01,pounds,xmetric_dyoy_seasonal,12661624.377271859,11536291.828,0.09754716385906081,0.01,
monthly,2026-05-01,pounds,xmetric_dyoy_flat,12701203.679464739,11536291.828,0.10097801519179272,0.01,
monthly,2026-05-01,pounds,xmetric_dyoy_12m_ratio,12890103.7006121,11536291.828,0.11735242942851287,0.01,
monthly,2026-05-01,pounds,foodbank_dyoy_3m,12662190.2295838,11536291.828,0.09759621361615567,0.08,
monthly,2026-05-01,pounds,foodbank_dyoy_6m,12354624.383804098,11536291.828,0.07093549365818785,0.07,
monthly,2026-05-01,pounds,inner_dyoy_best,12380115.047644306,11536291.828,0.07314510002219632,0.38,
monthly,2026-05-01,pounds,inner_dyoy_top5,12426250.390773365,11536291.828,0.07714424843287393,0.39,
monthly,2026-05-01,pounds,inner_dyoy_24o_top5,12520573.18735602,11536291.828,0.08532042826509012,0.72,
monthly,2026-05-01,pounds,ratio_last_month,13351193.046197124,11536291.828,0.15732102180287555,0.01,
monthly,2026-05-01,pounds,ratio_last_3m,14047750.18500932,11536291.828,0.21770066104896046,0.01,
monthly,2026-05-01,pounds,combo_dyoy_xmetric_fb,12738487.860857362,11536291.828,0.10420991864469697,0.06,
monthly,2026-05-01,individuals,seasonal_naive,730685.0,710185.0,0.02886571808754046,0.0,
monthly,2026-05-01,individuals,damped_yoy_3m,771017.667130419,710185.0,0.08565749365365227,0.0,
monthly,2026-05-01,individuals,panel_carry_d05,775023.1744865078,710185.0,0.09129758370918539,0.06,
monthly,2026-05-01,individuals,panel_carry_d1,809736.8663050557,710185.0,0.14017737111464723,0.07,
monthly,2026-05-01,individuals,panel_same_site_only,802336.2502959268,710185.0,0.129756683534469,0.02,
monthly,2026-05-01,individuals,panel_same_site_damped,766510.6251479634,710185.0,0.07931120081100484,0.02,
monthly,2026-05-01,individuals,panel_same_site_6m_damped,746218.13898706,710185.0,0.050737679600470376,0.02,
monthly,2026-05-01,individuals,site_build_prob,858233.8100918076,710185.0,0.20846513245394882,0.06,
monthly,2026-05-01,individuals,site_build_active_only,862859.1591512581,710185.0,0.21497801157622032,0.03,
monthly,2026-05-01,individuals,sites_x_avg_d05,768958.7099125779,710185.0,0.08275830933148098,0.01,
monthly,2026-05-01,individuals,sites_x_avg_undamped,799442.6010618294,710185.0,0.1256821828985819,0.01,
monthly,2026-05-01,individuals,xmetric_dyoy_seasonal,780540.848093757,710185.0,0.09906693057971805,0.01,
monthly,2026-05-01,individuals,xmetric_dyoy_flat,799730.8126593545,710185.0,0.12608800898266592,0.01,
monthly,2026-05-01,individuals,xmetric_dyoy_12m_ratio,777364.9321887679,710185.0,0.09459497481468615,0.01,
monthly,2026-05-01,individuals,foodbank_dyoy_3m,770257.5976955827,710185.0,0.08458725218863061,0.06,
monthly,2026-05-01,individuals,foodbank_dyoy_6m,749152.2541615886,710185.0,0.054869159671900425,0.06,
monthly,2026-05-01,individuals,inner_dyoy_best,750851.3335652095,710185.0,0.057261605870596366,0.34,
monthly,2026-05-01,individuals,inner_dyoy_top5,737219.5645160781,710185.0,0.038066932582465185,0.32,
monthly,2026-05-01,individuals,inner_dyoy_24o_top5,760363.623161953,710185.0,0.0706557068397009,0.59,
monthly,2026-05-01,individuals,ratio_last_month,793630.8591190483,710185.0,0.1174987631660036,0.01,
monthly,2026-05-01,individuals,ratio_last_3m,863830.1213453836,710185.0,0.2163452077210637,0.0,
monthly,2026-05-01,individuals,combo_dyoy_xmetric_fb,772880.0656715898,710185.0,0.08827990688565635,0.07,
monthly,2026-06-01,visits,seasonal_naive,237261.0,239937.0,0.011152927643506394,0.0,
monthly,2026-06-01,visits,damped_yoy_3m,239917.71487312045,239937.0,8.037579397734973e-05,0.0,
monthly,2026-06-01,visits,panel_carry_d05,240777.4422920476,239937.0,0.0035027623586507683,0.06,
monthly,2026-06-01,visits,panel_carry_d1,241513.3423179552,239937.0,0.006569817568591763,0.06,
monthly,2026-06-01,visits,panel_same_site_only,238797.7974707903,239937.0,0.004747923534968335,0.02,
monthly,2026-06-01,visits,panel_same_site_damped,238029.39873539517,239937.0,0.007950425589237309,0.02,
monthly,2026-06-01,visits,panel_same_site_6m_damped,239597.18071467875,239937.0,0.001416285463772815,0.02,
monthly,2026-06-01,visits,site_build_prob,255597.06194524525,239937.0,0.06526739079527233,0.06,
monthly,2026-06-01,visits,site_build_active_only,255018.31930651498,239937.0,0.06285532996792909,0.03,
monthly,2026-06-01,visits,sites_x_avg_d05,242623.83808957264,239937.0,0.011198098207332086,0.01,
monthly,2026-06-01,visits,sites_x_avg_undamped,242851.1566986258,239937.0,0.012145507773398068,0.01,
monthly,2026-06-01,visits,xmetric_dyoy_seasonal,239917.71487312045,239937.0,8.037579397734973e-05,0.0,
monthly,2026-06-01,visits,xmetric_dyoy_flat,239917.71487312045,239937.0,8.037579397734973e-05,0.0,
monthly,2026-06-01,visits,xmetric_dyoy_12m_ratio,239917.71487312045,239937.0,8.037579397734973e-05,0.0,
monthly,2026-06-01,visits,foodbank_dyoy_3m,240177.4220273415,239937.0,0.0010020214778940773,0.06,
monthly,2026-06-01,visits,foodbank_dyoy_6m,241167.08392990593,239937.0,0.005126695465501152,0.06,
monthly,2026-06-01,visits,inner_dyoy_best,242363.30378093288,239937.0,0.010112253553778316,0.3,
monthly,2026-06-01,visits,inner_dyoy_top5,241193.87882857933,239937.0,0.005238370191255726,0.41,
monthly,2026-06-01,visits,inner_dyoy_24o_top5,238228.1205629691,239937.0,0.007122200565277126,0.74,
monthly,2026-06-01,visits,ratio_last_month,229385.65455709567,239937.0,0.04397548290969855,0.01,
monthly,2026-06-01,visits,ratio_last_3m,259754.92004585953,239937.0,0.08259634839920293,0.01,
monthly,2026-06-01,visits,combo_dyoy_xmetric_fb,240004.28392452747,239937.0,0.00028042329664645926,0.07,
monthly,2026-06-01,pounds,seasonal_naive,11662638.6,12253807.27,0.04824367292337872,0.0,
monthly,2026-06-01,pounds,damped_yoy_3m,11797173.813441694,12253807.27,0.03726461878311438,0.0,
monthly,2026-06-01,pounds,panel_carry_d05,11678219.717942286,12253807.27,0.04697214011737216,0.07,
monthly,2026-06-01,pounds,panel_carry_d1,11764788.553418025,12253807.27,0.039907492080375584,0.09,
monthly,2026-06-01,pounds,panel_same_site_only,11842567.872944895,12253807.27,0.03356013261787694,0.03,
monthly,2026-06-01,pounds,panel_same_site_damped,11752603.236472448,12253807.27,0.040901902770627774,0.02,
monthly,2026-06-01,pounds,panel_same_site_6m_damped,11771409.065514512,12253807.27,0.03936721003165311,0.03,
monthly,2026-06-01,pounds,site_build_prob,12476013.601106893,12253807.27,0.01813365643924425,0.07,
monthly,2026-06-01,pounds,site_build_active_only,12552758.404455716,12253807.27,0.024396591840285753,0.04,
monthly,2026-06-01,pounds,sites_x_avg_d05,11978939.346954647,12253807.27,0.022431226229442047,0.01,
monthly,2026-06-01,pounds,sites_x_avg_undamped,12000090.165492808,12253807.27,0.02070516525327981,0.01,
monthly,2026-06-01,pounds,xmetric_dyoy_seasonal,11801030.995952316,12253807.27,0.036949844572484736,0.01,
monthly,2026-06-01,pounds,xmetric_dyoy_flat,11893130.719736384,12253807.27,0.029433835730926727,0.01,
monthly,2026-06-01,pounds,xmetric_dyoy_12m_ratio,12042698.84092176,12253807.27,0.017227986733158396,0.01,
monthly,2026-06-01,pounds,foodbank_dyoy_3m,11794998.065013915,12253807.27,0.03744217571540798,0.07,
monthly,2026-06-01,pounds,foodbank_dyoy_6m,11794104.753741411,12253807.27,0.03751507642722929,0.08,
monthly,2026-06-01,pounds,inner_dyoy_best,11361295.217879077,12253807.27,0.07283548961194997,0.43,
monthly,2026-06-01,pounds,inner_dyoy_top5,11574819.440844946,12253807.27,0.05541035648711112,0.43,
monthly,2026-06-01,pounds,inner_dyoy_24o_top5,11686148.66440863,12253807.27,0.046325080285955056,0.89,
monthly,2026-06-01,pounds,ratio_last_month,11277401.749357956,12253807.27,0.07968180820278592,0.01,
monthly,2026-06-01,pounds,ratio_last_3m,12673074.267751459,12253807.27,0.03421524335362425,0.01,
monthly,2026-06-01,pounds,combo_dyoy_xmetric_fb,11878290.239792457,12253807.27,0.03064492707722688,0.1,
monthly,2026-06-01,individuals,seasonal_naive,698375.0,740733.0,0.05718389757172959,0.0,
monthly,2026-06-01,individuals,damped_yoy_3m,713560.3040266936,740733.0,0.03668352290677801,0.01,
monthly,2026-06-01,individuals,panel_carry_d05,712694.9398088265,740733.0,0.03785177680915186,0.1,
monthly,2026-06-01,individuals,panel_carry_d1,722822.2857483292,740733.0,0.0241797169177973,0.09,
monthly,2026-06-01,individuals,panel_same_site_only,719423.0085804255,740733.0,0.028768789050271137,0.02,
monthly,2026-06-01,individuals,panel_same_site_damped,708899.0042902128,740733.0,0.04297634331100042,0.03,
monthly,2026-06-01,individuals,panel_same_site_6m_damped,707901.7168324013,740733.0,0.0443226954484256,0.03,
monthly,2026-06-01,individuals,site_build_prob,779634.8124782547,740733.0,0.052517995658698524,0.08,
monthly,2026-06-01,individuals,site_build_active_only,785568.1734159968,740733.0,0.060528116630414575,0.04,
monthly,2026-06-01,individuals,sites_x_avg_d05,719741.2499656569,740733.0,0.028339158690571464,0.02,
monthly,2026-06-01,individuals,sites_x_avg_undamped,730594.3278883032,740733.0,0.013687350383602137,0.01,
monthly,2026-06-01,individuals,xmetric_dyoy_seasonal,720764.2668309757,740733.0,0.026958071490029933,0.01,
monthly,2026-06-01,individuals,xmetric_dyoy_flat,739090.2250370618,740733.0,0.002217769375656542,0.01,
monthly,2026-06-01,individuals,xmetric_dyoy_12m_ratio,727629.0190279154,740733.0,0.017690559178657583,0.01,
monthly,2026-06-01,individuals,foodbank_dyoy_3m,713896.75725525,740733.0,0.03622930630166332,0.08,
monthly,2026-06-01,individuals,foodbank_dyoy_6m,712027.7517186524,740733.0,0.038752490143341256,0.08,
monthly,2026-06-01,individuals,inner_dyoy_best,693476.6212526602,740733.0,0.06379677798523875,0.4,
monthly,2026-06-01,individuals,inner_dyoy_top5,698660.1864595755,740733.0,0.05679889182799258,0.41,
monthly,2026-06-01,individuals,inner_dyoy_24o_top5,705745.5020856708,740733.0,0.047233615775629234,0.9,
monthly,2026-06-01,individuals,ratio_last_month,706169.0552483192,740733.0,0.04666181303071526,0.01,
monthly,2026-06-01,individuals,ratio_last_3m,788389.0964633167,740733.0,0.06433640254088413,0.01,
monthly,2026-06-01,individuals,combo_dyoy_xmetric_fb,718362.026769953,740733.0,0.030201129462366416,0.1,
monthly,2026-07-01,visits,seasonal_naive,260002.0,239143.0,0.08722396223180273,0.0,
monthly,2026-07-01,visits,damped_yoy_3m,257377.36656219527,239143.0,0.07624879909591864,0.01,
monthly,2026-07-01,visits,panel_carry_d05,252670.95378986816,239143.0,0.05656847070526072,0.09,
monthly,2026-07-01,visits,panel_carry_d1,249665.57193558876,239143.0,0.04400117057822617,0.09,
monthly,2026-07-01,visits,panel_same_site_only,253587.19165941206,239143.0,0.06039980956754776,0.02,
monthly,2026-07-01,visits,panel_same_site_damped,256794.59582970603,239143.0,0.07381188589967524,0.02,
monthly,2026-07-01,visits,panel_same_site_6m_damped,261901.8317649773,239143.0,0.09516829581036168,0.03,
monthly,2026-07-01,visits,site_build_prob,244372.92727930515,239143.0,0.021869455845687114,0.1,
monthly,2026-07-01,visits,site_build_active_only,246327.62631406804,239143.0,0.030043222314966478,0.05,
monthly,2026-07-01,visits,sites_x_avg_d05,261820.51205480302,239143.0,0.094828249435706,0.01,
monthly,2026-07-01,visits,sites_x_avg_undamped,257760.05839115244,239143.0,0.07784906265770886,0.01,
monthly,2026-07-01,visits,xmetric_dyoy_seasonal,257377.36656219527,239143.0,0.07624879909591864,0.0,
monthly,2026-07-01,visits,xmetric_dyoy_flat,257377.36656219527,239143.0,0.07624879909591864,0.0,
monthly,2026-07-01,visits,xmetric_dyoy_12m_ratio,257377.36656219527,239143.0,0.07624879909591864,0.0,
monthly,2026-07-01,visits,foodbank_dyoy_3m,257513.37145315748,239143.0,0.07681751693822303,0.07,
monthly,2026-07-01,visits,foodbank_dyoy_6m,263559.96880006924,239143.0,0.10210195907916697,0.08,
monthly,2026-07-01,visits,inner_dyoy_best,263210.115719395,239143.0,0.10063901397655384,0.42,
monthly,2026-07-01,visits,inner_dyoy_top5,262685.189031834,239143.0,0.09844398134937671,0.44,
monthly,2026-07-01,visits,inner_dyoy_24o_top5,259389.65465313563,239143.0,0.08466337987369754,0.83,
monthly,2026-07-01,visits,ratio_last_month,247148.61292282175,239143.0,0.03347625865202719,0.01,
monthly,2026-07-01,visits,ratio_last_3m,250516.51505341034,239143.0,0.04755947300740715,0.01,
monthly,2026-07-01,visits,combo_dyoy_xmetric_fb,257422.70152584932,239143.0,0.0764383717100201,0.09,
monthly,2026-07-01,pounds,seasonal_naive,12796556.84,12999406.86,0.01560455966834784,0.0,
monthly,2026-07-01,pounds,damped_yoy_3m,12842667.714888558,12999406.86,0.012057407449391988,0.0,
monthly,2026-07-01,pounds,panel_carry_d05,12599292.805310769,12999406.86,0.03077940855289385,0.08,
monthly,2026-07-01,pounds,panel_carry_d1,12659077.590379804,12999406.86,0.02618036909571697,0.1,
monthly,2026-07-01,pounds,panel_same_site_only,12922182.403464166,12999406.86,0.005940613857810528,0.03,
monthly,2026-07-01,pounds,panel_same_site_damped,12859369.621732084,12999406.86,0.010772586763079128,0.02,
monthly,2026-07-01,pounds,panel_same_site_6m_damped,13002224.765986236,12999406.86,0.00021677188940882886,0.03,
monthly,2026-07-01,pounds,site_build_prob,12327562.64591775,12999406.86,0.051682682242184086,0.09,
monthly,2026-07-01,pounds,site_build_active_only,12458326.519339325,12999406.86,0.041623463784768,0.05,
monthly,2026-07-01,pounds,sites_x_avg_d05,13145373.001460236,12999406.86,0.011228677049057056,0.01,
monthly,2026-07-01,pounds,sites_x_avg_undamped,13100448.952458933,12999406.86,0.007772823294718734,0.02,
monthly,2026-07-01,pounds,xmetric_dyoy_seasonal,13021567.427189408,12999406.86,0.001704736795153261,0.01,
monthly,2026-07-01,pounds,xmetric_dyoy_flat,12953319.618381968,12999406.86,0.0035453341921195536,0.01,
monthly,2026-07-01,pounds,xmetric_dyoy_12m_ratio,12957577.639525961,12999406.86,0.0032177791590437543,0.01,
monthly,2026-07-01,pounds,foodbank_dyoy_3m,12848930.37939201,12999406.86,0.011575642044947099,0.09,
monthly,2026-07-01,pounds,foodbank_dyoy_6m,13032120.002210379,12999406.86,0.002516510373334002,0.09,
monthly,2026-07-01,pounds,inner_dyoy_best,13140698.653503977,12999406.86,0.010869095415325436,0.43,
monthly,2026-07-01,pounds,inner_dyoy_top5,13044696.401409578,12999406.86,0.0034839698378037465,0.42,
monthly,2026-07-01,pounds,inner_dyoy_24o_top5,12893051.727633933,12999406.86,0.008181537320239407,0.78,
monthly,2026-07-01,pounds,ratio_last_month,12717984.450878585,12999406.86,0.021648865379186644,0.01,
monthly,2026-07-01,pounds,ratio_last_3m,12607580.243017191,12999406.86,0.030141884256925877,0.0,
monthly,2026-07-01,pounds,combo_dyoy_xmetric_fb,12883058.57793551,12999406.86,0.008950276217794317,0.1,
monthly,2026-07-01,individuals,seasonal_naive,773672.0,739444.0,0.04628883323145505,0.0,
monthly,2026-07-01,individuals,damped_yoy_3m,780025.5527670868,739444.0,0.05488117121389413,0.0,
monthly,2026-07-01,individuals,panel_carry_d05,766650.8513989666,739444.0,0.03679366037044951,0.1,
monthly,2026-07-01,individuals,panel_carry_d1,770368.3727542872,739444.0,0.04182111526266663,0.1,
monthly,2026-07-01,individuals,panel_same_site_only,781539.9204651825,739444.0,0.056929152802893235,0.02,
monthly,2026-07-01,individuals,panel_same_site_damped,777605.9602325913,739444.0,0.05160899301717414,0.02,
monthly,2026-07-01,individuals,panel_same_site_6m_damped,788666.2352314115,739444.0,0.06656654896302028,0.03,
monthly,2026-07-01,individuals,site_build_prob,750046.9759396871,739444.0,0.014339119581316728,0.08,
monthly,2026-07-01,individuals,site_build_active_only,754639.3006956154,739444.0,0.020549630121571516,0.04,
monthly,2026-07-01,individuals,sites_x_avg_d05,789394.1785262679,739444.0,0.06755099578368062,0.01,
monthly,2026-07-01,individuals,sites_x_avg_undamped,794487.4575586818,739444.0,0.07443898058363008,0.01,
monthly,2026-07-01,individuals,xmetric_dyoy_seasonal,794480.910252273,739444.0,0.07443012621952838,0.01,
monthly,2026-07-01,individuals,xmetric_dyoy_flat,791453.673835398,739444.0,0.07033619021237314,0.01,
monthly,2026-07-01,individuals,xmetric_dyoy_12m_ratio,783466.0411086533,739444.0,0.0595339756744977,0.01,
monthly,2026-07-01,individuals,foodbank_dyoy_3m,779687.4840804692,739444.0,0.05442397812473865,0.08,
monthly,2026-07-01,individuals,foodbank_dyoy_6m,791729.5666891015,739444.0,0.07070929872864151,0.08,
monthly,2026-07-01,individuals,inner_dyoy_best,782769.6976542637,739444.0,0.05859226344965096,0.42,
monthly,2026-07-01,individuals,inner_dyoy_top5,779130.6185925582,739444.0,0.053670891362372464,0.37,
monthly,2026-07-01,individuals,inner_dyoy_24o_top5,783382.9309647282,739444.0,0.05942158022071742,0.87,
monthly,2026-07-01,individuals,ratio_last_month,762067.0892268291,739444.0,0.03059472958983922,0.01,
monthly,2026-07-01,individuals,ratio_last_3m,764289.0831499981,739444.0,0.03359968185555373,0.01,
monthly,2026-07-01,individuals,combo_dyoy_xmetric_fb,781059.6926520698,739444.0,0.05627970833771023,0.08,
final,2026-08-01,visits,seasonal_naive,240290.0,,,0.0,
final,2026-08-01,visits,damped_yoy_3m,234496.3284852165,,,0.0,
final,2026-08-01,visits,panel_carry_d05,230837.7968623764,,,0.1,
final,2026-08-01,visits,panel_carry_d1,225701.29752191945,,,0.1,
final,2026-08-01,visits,panel_same_site_only,229228.83584452528,,,0.02,
final,2026-08-01,visits,panel_same_site_damped,234759.41792226266,,,0.03,
final,2026-08-01,visits,panel_same_site_6m_damped,241407.6135505167,,,0.02,
final,2026-08-01,visits,site_build_prob,245025.28831158948,,,0.08,
final,2026-08-01,visits,site_build_active_only,248173.04112467042,,,0.04,
final,2026-08-01,visits,sites_x_avg_d05,235073.48133394413,,,0.01,
final,2026-08-01,visits,sites_x_avg_undamped,228814.4897828557,,,0.02,
final,2026-08-01,visits,xmetric_dyoy_seasonal,234496.3284852165,,,0.0,
final,2026-08-01,visits,xmetric_dyoy_flat,234496.3284852165,,,0.0,
final,2026-08-01,visits,xmetric_dyoy_12m_ratio,234496.3284852165,,,0.0,
final,2026-08-01,visits,foodbank_dyoy_3m,234397.39527326805,,,0.09,
final,2026-08-01,visits,foodbank_dyoy_6m,242489.35891079233,,,0.08,
final,2026-08-01,visits,inner_dyoy_best,242354.96830323362,,,0.43,
final,2026-08-01,visits,inner_dyoy_top5,239171.389036535,,,0.4,
final,2026-08-01,visits,inner_dyoy_24o_top5,239790.8795275051,,,0.78,
final,2026-08-01,visits,ratio_last_month,245169.51500536743,,,0.01,
final,2026-08-01,visits,ratio_last_3m,246204.36650090187,,,0.01,
final,2026-08-01,visits,combo_dyoy_xmetric_fb,234463.35074790035,,,0.09,
final,2026-08-01,pounds,seasonal_naive,12821574.42,,,0.0,
final,2026-08-01,pounds,damped_yoy_3m,12850522.085298175,,,0.0,
final,2026-08-01,pounds,panel_carry_d05,12770355.245629132,,,0.09,
final,2026-08-01,pounds,panel_carry_d1,12837627.282755824,,,0.09,
final,2026-08-01,pounds,panel_same_site_only,12962157.522859875,,,0.02,
final,2026-08-01,pounds,panel_same_site_damped,12891865.971429938,,,0.03,
final,2026-08-01,pounds,panel_same_site_6m_damped,13088763.946739044,,,0.02,
final,2026-08-01,pounds,site_build_prob,12965590.297291925,,,0.09,
final,2026-08-01,pounds,site_build_active_only,13163185.13816211,,,0.05,
final,2026-08-01,pounds,sites_x_avg_d05,13089848.728879826,,,0.01,
final,2026-08-01,pounds,sites_x_avg_undamped,13066295.71983014,,,0.01,
final,2026-08-01,pounds,xmetric_dyoy_seasonal,13205742.379030189,,,0.01,
final,2026-08-01,pounds,xmetric_dyoy_flat,12177294.197100708,,,0.01,
final,2026-08-01,pounds,xmetric_dyoy_12m_ratio,11902480.608121512,,,0.01,
final,2026-08-01,pounds,foodbank_dyoy_3m,12866317.07445247,,,0.08,
final,2026-08-01,pounds,foodbank_dyoy_6m,13126131.92383676,,,0.08,
final,2026-08-01,pounds,inner_dyoy_best,13238996.954675235,,,0.41,
final,2026-08-01,pounds,inner_dyoy_top5,13110018.439619739,,,0.4,
final,2026-08-01,pounds,inner_dyoy_24o_top5,12858086.888567802,,,0.8,
final,2026-08-01,pounds,ratio_last_month,13646514.03672816,,,0.01,
final,2026-08-01,pounds,ratio_last_3m,13054253.008619478,,,0.01,
final,2026-08-01,pounds,combo_dyoy_xmetric_fb,12539773.255957386,,,0.09,
final,2026-08-01,individuals,seasonal_naive,727272.0,,,0.0,
final,2026-08-01,individuals,damped_yoy_3m,725229.9098501315,,,0.0,
final,2026-08-01,individuals,panel_carry_d05,718943.537279199,,,0.08,
final,2026-08-01,individuals,panel_carry_d1,716713.0662367241,,,0.08,
final,2026-08-01,individuals,panel_same_site_only,722542.8511821083,,,0.02,
final,2026-08-01,individuals,panel_same_site_damped,724907.4255910541,,,0.02,
final,2026-08-01,individuals,panel_same_site_6m_damped,744383.813774541,,,0.02,
final,2026-08-01,individuals,site_build_prob,759314.75386036,,,0.07,
final,2026-08-01,individuals,site_build_active_only,770036.4823768088,,,0.04,
final,2026-08-01,individuals,sites_x_avg_d05,726970.9438145055,,,0.01,
final,2026-08-01,individuals,sites_x_avg_undamped,726146.2936765272,,,0.01,
final,2026-08-01,individuals,xmetric_dyoy_seasonal,741508.1694781735,,,0.01,
final,2026-08-01,individuals,xmetric_dyoy_flat,725007.900421393,,,0.01,
final,2026-08-01,individuals,xmetric_dyoy_12m_ratio,716077.3652268592,,,0.01,
final,2026-08-01,individuals,foodbank_dyoy_3m,724959.1026107053,,,0.07,
final,2026-08-01,individuals,foodbank_dyoy_6m,746573.6040064128,,,0.08,
final,2026-08-01,individuals,inner_dyoy_best,727272.0,,,0.39,
final,2026-08-01,individuals,inner_dyoy_top5,729004.4051378513,,,0.39,
final,2026-08-01,individuals,inner_dyoy_24o_top5,732877.6334435275,,,0.82,
final,2026-08-01,individuals,ratio_last_month,762397.4208398046,,,0.01,
final,2026-08-01,individuals,ratio_last_3m,763254.2189641759,,,0.01,
final,2026-08-01,individuals,combo_dyoy_xmetric_fb,722088.7925625653,,,0.1,
