protocol,target_month,metric,model,prediction,actual,ape,seconds,error
august,2023-08-01,visits,bu_damped50_county,215556.75071559587,237243.0,0.0914094379366478,0.0,
august,2023-08-01,visits,bu_yoyfull_county,239802.5014311917,237243.0,0.010788522448256455,0.0,
august,2023-08-01,visits,mmf_select_county,227899.187718949,237243.0,0.039384986200018623,0.0,
august,2023-08-01,visits,bu_damped_tuned_county,239802.5014311917,237243.0,0.010788522448256455,0.0,
august,2023-08-01,visits,bu_damped50_food_bank,216599.47405173493,237243.0,0.08701426785306654,0.0,
august,2023-08-01,visits,bu_yoyfull_food_bank,241887.94810346983,237243.0,0.019578862615418968,0.0,
august,2023-08-01,visits,mmf_select_food_bank,224199.12543853425,237243.0,0.054981072408735954,0.0,
august,2023-08-01,visits,bu_damped_tuned_food_bank,229243.7110776024,237243.0,0.033717702618823675,0.0,
august,2023-08-01,visits,bu_damped50_site,205737.43153106855,237243.0,0.1327987273341319,0.0,
august,2023-08-01,visits,bu_yoyfull_site,234429.8630621371,237243.0,0.011857618297959949,0.0,
august,2023-08-01,visits,mmf_select_site,217077.9525304175,237243.0,0.08499743920614089,0.0,
august,2023-08-01,visits,bu_damped_tuned_site,234429.8630621371,237243.0,0.011857618297959949,0.0,
august,2023-08-01,visits,bu_seasonal_level_county,239844.16956734806,237243.0,0.010964157287456588,0.0,
august,2023-08-01,visits,ets_food_bank,216599.47405173493,237243.0,0.08701426785306654,0.0,
august,2023-08-01,visits,ets_site_group,217151.69692731995,237243.0,0.0846866001217319,0.0,
august,2023-08-01,visits,global_lgbm_county,223088.7708023332,237243.0,0.059661314338744664,1.34,
august,2023-08-01,visits,global_ridge_county,227644.52017844783,237243.0,0.04045843216260192,0.05,
august,2023-08-01,visits,global_lgbm_county_w18,223088.7708023332,237243.0,0.059661314338744664,0.06,
august,2023-08-01,visits,global_ridge_county_w18,227644.52017844783,237243.0,0.04045843216260192,0.0,
august,2023-08-01,visits,global_lgbm_site_churn,215864.53671697818,237243.0,0.09011209301442746,0.08,
august,2023-08-01,visits,global_ridge_site_churn,230717.77654057613,237243.0,0.02750438773503905,0.01,
august,2023-08-01,visits,global_lgbm_food_bank,228768.73318885124,237243.0,0.03571977597294229,0.0,
august,2023-08-01,visits,ratio_via_visits_county,215556.75071559587,237243.0,0.0914094379366478,0.0,
august,2023-08-01,visits,ens_county_damped_lgbm_ridge,222096.68056545896,237243.0,0.0638430614793315,0.0,
august,2023-08-01,visits,ens_site_damped_lgbm,210800.98412402335,237243.0,0.11145541017427973,0.0,
august,2023-08-01,visits,seasonal_naive,191311.0,237243.0,0.19360739832155216,0.0,
august,2023-08-01,visits,damped_yoy_3m,216798.4388058834,237243.0,0.08617561400807017,0.0,
august,2023-08-01,pounds,bu_damped50_county,11880868.612748865,13154185.78,0.09679939059300213,0.0,
august,2023-08-01,pounds,bu_yoyfull_county,12876381.625497732,13154185.78,0.021119068800491525,0.0,
august,2023-08-01,pounds,mmf_select_county,12537511.020734666,13154185.78,0.04688049641224801,0.0,
august,2023-08-01,pounds,bu_damped_tuned_county,12876381.625497732,13154185.78,0.021119068800491525,0.0,
august,2023-08-01,pounds,bu_damped50_food_bank,11831175.434796512,13154185.78,0.1005771369912557,0.0,
august,2023-08-01,pounds,bu_yoyfull_food_bank,12776995.269593026,13154185.78,0.02867456159699855,0.0,
august,2023-08-01,pounds,mmf_select_food_bank,12717391.669467948,13154185.78,0.03320571245056958,0.0,
august,2023-08-01,pounds,bu_damped_tuned_food_bank,12776995.269593026,13154185.78,0.02867456159699855,0.0,
august,2023-08-01,pounds,bu_damped50_site,11870613.688200515,13154185.78,0.09757898461119996,0.0,
august,2023-08-01,pounds,bu_yoyfull_site,13010858.186401034,13154185.78,0.010895968476960727,0.0,
august,2023-08-01,pounds,mmf_select_site,11936243.44552572,13154185.78,0.09258971667604643,0.0,
august,2023-08-01,pounds,bu_damped_tuned_site,12440735.937300771,13154185.78,0.05423747654408051,0.0,
august,2023-08-01,pounds,bu_seasonal_level_county,12824806.248975946,13154185.78,0.025039902623608334,0.0,
august,2023-08-01,pounds,ets_food_bank,11831175.434796512,13154185.78,0.1005771369912557,0.0,
august,2023-08-01,pounds,ets_site_group,11846173.918463843,13154185.78,0.09943693083040495,0.0,
august,2023-08-01,pounds,global_lgbm_county,11737533.510832572,13154185.78,0.10769592986297527,0.06,
august,2023-08-01,pounds,global_ridge_county,12042592.995347999,13154185.78,0.08450487192769451,0.0,
august,2023-08-01,pounds,global_lgbm_county_w18,11737533.510832572,13154185.78,0.10769592986297527,0.05,
august,2023-08-01,pounds,global_ridge_county_w18,12042592.995347999,13154185.78,0.08450487192769451,0.0,
august,2023-08-01,pounds,global_lgbm_site_churn,11292104.915456139,13154185.78,0.14155804818987894,0.11,
august,2023-08-01,pounds,global_ridge_site_churn,11622349.383104732,13154185.78,0.11645239184810019,0.01,
august,2023-08-01,pounds,global_lgbm_food_bank,12755083.567801984,13154185.78,0.030340320478430605,0.01,
august,2023-08-01,pounds,ratio_via_visits_county,11815934.462003944,13154185.78,0.10173577752191787,0.0,
august,2023-08-01,pounds,ens_county_damped_lgbm_ridge,11886998.37297648,13154185.78,0.09633339746122394,0.0,
august,2023-08-01,pounds,ens_site_damped_lgbm,11581359.301828327,13154185.78,0.11956851640053945,0.0,
august,2023-08-01,pounds,seasonal_naive,10885355.6,13154185.78,0.17247971238551263,0.0,
august,2023-08-01,pounds,damped_yoy_3m,11830912.004118204,13154185.78,0.10059716336785651,0.0,
august,2023-08-01,individuals,bu_damped50_county,619846.7513443131,729120.0,0.1498700469822345,0.0,
august,2023-08-01,individuals,bu_yoyfull_county,701219.5026886258,729120.0,0.038265988193128986,0.0,
august,2023-08-01,individuals,mmf_select_county,687908.1926349276,729120.0,0.05652266755139401,0.0,
august,2023-08-01,individuals,bu_damped_tuned_county,701219.5026886258,729120.0,0.038265988193128986,0.0,
august,2023-08-01,individuals,bu_damped50_food_bank,621105.2612517143,729120.0,0.14814398006951623,0.0,
august,2023-08-01,individuals,bu_yoyfull_food_bank,703736.5225034287,729120.0,0.03481385436769158,0.0,
august,2023-08-01,individuals,mmf_select_food_bank,708070.3678515572,729120.0,0.02886991462097155,0.0,
august,2023-08-01,individuals,bu_damped_tuned_food_bank,703736.5225034287,729120.0,0.03481385436769158,0.0,
august,2023-08-01,individuals,bu_damped50_site,604190.2677643204,729120.0,0.1713431701718231,0.0,
august,2023-08-01,individuals,bu_yoyfull_site,691649.5355286405,729120.0,0.051391354607416506,0.0,
august,2023-08-01,individuals,mmf_select_site,649994.4559361957,729120.0,0.10852197726547663,0.0,
august,2023-08-01,individuals,bu_damped_tuned_site,691649.5355286405,729120.0,0.051391354607416506,0.0,
august,2023-08-01,individuals,bu_seasonal_level_county,701494.85157991,729120.0,0.037888342687198207,0.0,
august,2023-08-01,individuals,ets_food_bank,621105.2612517143,729120.0,0.14814398006951623,0.0,
august,2023-08-01,individuals,ets_site_group,621074.5895288334,729120.0,0.14818604683888337,0.0,
august,2023-08-01,individuals,global_lgbm_county,681523.8244585401,729120.0,0.0652789328799922,0.04,
august,2023-08-01,individuals,global_ridge_county,684993.618625726,729120.0,0.06052005345385403,0.0,
august,2023-08-01,individuals,global_lgbm_county_w18,681523.8244585401,729120.0,0.0652789328799922,0.06,
august,2023-08-01,individuals,global_ridge_county_w18,684993.618625726,729120.0,0.06052005345385403,0.0,
august,2023-08-01,individuals,global_lgbm_site_churn,648646.3879586745,729120.0,0.11037087453550243,0.11,
august,2023-08-01,individuals,global_ridge_site_churn,679583.4821331247,729120.0,0.06794014410093707,0.01,
august,2023-08-01,individuals,global_lgbm_food_bank,703789.4659333958,729120.0,0.03474124158794745,0.0,
august,2023-08-01,individuals,ratio_via_visits_county,615067.3796642373,729120.0,0.1564250333768964,0.0,
august,2023-08-01,individuals,ens_county_damped_lgbm_ridge,662121.3981428598,729120.0,0.09188967777202683,0.0,
august,2023-08-01,individuals,ens_site_damped_lgbm,626418.3278614974,729120.0,0.1408570223536627,0.0,
august,2023-08-01,individuals,seasonal_naive,538474.0,729120.0,0.2614741057713408,0.0,
august,2023-08-01,individuals,damped_yoy_3m,619597.7055699793,729120.0,0.15021161733325206,0.0,
august,2024-08-01,visits,bu_damped50_county,251316.3642004664,241478.0,0.0407422796298893,0.01,
august,2024-08-01,visits,bu_yoyfull_county,265389.7284009327,241478.0,0.09902238879290315,0.0,
august,2024-08-01,visits,mmf_select_county,238396.07479962497,241478.0,0.01276275768548285,0.0,
august,2024-08-01,visits,bu_damped_tuned_county,258353.04630069953,241478.0,0.06988233421139611,0.0,
august,2024-08-01,visits,bu_damped50_food_bank,250595.26807757936,241478.0,0.03775610232642035,0.02,
august,2024-08-01,visits,bu_yoyfull_food_bank,263947.53615515877,241478.0,0.09305003418596636,0.0,
august,2024-08-01,visits,mmf_select_food_bank,234408.53095814597,241478.0,0.02927583068376427,0.0,
august,2024-08-01,visits,bu_damped_tuned_food_bank,257271.40211636905,241478.0,0.06540306825619324,0.0,
august,2024-08-01,visits,bu_damped50_site,253257.69861046906,241478.0,0.04878166379740212,0.02,
august,2024-08-01,visits,bu_yoyfull_site,272103.7305542715,241478.0,0.12682617279533326,0.0,
august,2024-08-01,visits,mmf_select_site,244567.70784654218,241478.0,0.012794986899602456,0.0,
august,2024-08-01,visits,bu_damped_tuned_site,262680.71458237024,241478.0,0.08780391829636747,0.0,
august,2024-08-01,visits,bu_seasonal_level_county,265416.0220055838,241478.0,0.09913127492187201,0.0,
august,2024-08-01,visits,ets_food_bank,271185.47113323817,241478.0,0.12302350993977984,0.41,
august,2024-08-01,visits,ets_site_group,257949.54458635568,241478.0,0.06821136743867218,0.08,
august,2024-08-01,visits,global_lgbm_county,243536.9346238618,241478.0,0.008526385939347625,0.07,
august,2024-08-01,visits,global_ridge_county,265760.44629141176,241478.0,0.10055759237450923,0.0,
august,2024-08-01,visits,global_lgbm_county_w18,243536.9346238618,241478.0,0.008526385939347625,0.12,
august,2024-08-01,visits,global_ridge_county_w18,265760.44629141176,241478.0,0.10055759237450923,0.01,
august,2024-08-01,visits,global_lgbm_site_churn,248658.1830304361,241478.0,0.02973431546739702,0.18,
august,2024-08-01,visits,global_ridge_site_churn,266160.0717143372,241478.0,0.10221250678876426,0.01,
august,2024-08-01,visits,global_lgbm_food_bank,241804.59939981438,241478.0,0.001352501676402662,0.01,
august,2024-08-01,visits,ratio_via_visits_county,251316.3642004664,241478.0,0.0407422796298893,0.0,
august,2024-08-01,visits,ens_county_damped_lgbm_ridge,253537.91503858,241478.0,0.04994208598124872,0.0,
august,2024-08-01,visits,ens_site_damped_lgbm,250957.94082045258,241478.0,0.03925798963239946,0.0,
august,2024-08-01,visits,seasonal_naive,237243.0,241478.0,0.017537829533125215,0.0,
august,2024-08-01,visits,damped_yoy_3m,250309.58176526165,241478.0,0.03657302845502142,0.0,
august,2024-08-01,pounds,bu_damped50_county,13994938.290803704,13235462.38,0.057381894866879835,0.01,
august,2024-08-01,pounds,bu_yoyfull_county,14835690.801607411,13235462.38,0.12090461033121924,0.0,
august,2024-08-01,pounds,mmf_select_county,13167673.625513064,13235462.38,0.005121751892051218,0.0,
august,2024-08-01,pounds,bu_damped_tuned_county,14835690.801607411,13235462.38,0.12090461033121924,0.0,
august,2024-08-01,pounds,bu_damped50_food_bank,13912296.484792193,13235462.38,0.051137926682104595,0.02,
august,2024-08-01,pounds,bu_yoyfull_food_bank,14670407.18958439,13235462.38,0.10841667396166854,0.0,
august,2024-08-01,pounds,mmf_select_food_bank,13212477.943611851,13235462.38,0.0017365797830291019,0.0,
august,2024-08-01,pounds,bu_damped_tuned_food_bank,14670407.18958439,13235462.38,0.10841667396166854,0.0,
august,2024-08-01,pounds,bu_damped50_site,14069665.512312211,13235462.38,0.06302787982479319,0.02,
august,2024-08-01,pounds,bu_yoyfull_site,15141695.877957758,13235462.38,0.14402469994839406,0.0,
august,2024-08-01,pounds,mmf_select_site,13375646.491205225,13235462.38,0.010591553750102012,0.0,
august,2024-08-01,pounds,bu_damped_tuned_site,14605680.695134984,13235462.38,0.10352628988659363,0.0,
august,2024-08-01,pounds,bu_seasonal_level_county,14823816.749950316,13235462.38,0.12000747116704158,0.0,
august,2024-08-01,pounds,ets_food_bank,14849560.25479259,13235462.38,0.1219525112497497,0.34,
august,2024-08-01,pounds,ets_site_group,14509017.267141858,13235462.38,0.09622292373149843,0.11,
august,2024-08-01,pounds,global_lgbm_county,13562162.37832354,13235462.38,0.02468368606579352,0.07,
august,2024-08-01,pounds,global_ridge_county,15461260.827576505,13235462.38,0.16816930029886157,0.0,
august,2024-08-01,pounds,global_lgbm_county_w18,13562162.37832354,13235462.38,0.02468368606579352,0.08,
august,2024-08-01,pounds,global_ridge_county_w18,15461260.827576505,13235462.38,0.16816930029886157,0.01,
august,2024-08-01,pounds,global_lgbm_site_churn,13011189.946450748,13235462.38,0.01694481289056815,0.22,
august,2024-08-01,pounds,global_ridge_site_churn,15185912.713971954,13235462.38,0.14736548508643432,0.01,
august,2024-08-01,pounds,global_lgbm_food_bank,14144558.661833853,13235462.38,0.06868640140654092,0.02,
august,2024-08-01,pounds,ratio_via_visits_county,13962687.455981262,13235462.38,0.054945196102870186,0.0,
august,2024-08-01,pounds,ens_county_damped_lgbm_ridge,14339453.832234584,13235462.38,0.08341162707717831,0.0,
august,2024-08-01,pounds,ens_site_damped_lgbm,13540427.72938148,13235462.38,0.023041533467112574,0.0,
august,2024-08-01,pounds,seasonal_naive,13154185.78,13235462.38,0.00614082059745924,0.0,
august,2024-08-01,pounds,damped_yoy_3m,13908218.059881598,13235462.38,0.05082978293967222,0.0,
august,2024-08-01,individuals,bu_damped50_county,788911.0542786287,745923.0,0.05763068611455702,0.01,
august,2024-08-01,individuals,bu_yoyfull_county,848702.1085572576,745923.0,0.1377878260319867,0.0,
august,2024-08-01,individuals,mmf_select_county,758948.155994148,745923.0,0.017461796987286782,0.0,
august,2024-08-01,individuals,bu_damped_tuned_county,848702.1085572576,745923.0,0.1377878260319867,0.0,
august,2024-08-01,individuals,bu_damped50_food_bank,786384.3036903447,745923.0,0.054243271343482835,0.02,
august,2024-08-01,individuals,bu_yoyfull_food_bank,843648.6073806892,745923.0,0.13101299648983766,0.0,
august,2024-08-01,individuals,mmf_select_food_bank,742356.0158363488,745923.0,0.0047819736938682356,0.0,
august,2024-08-01,individuals,bu_damped_tuned_food_bank,843648.6073806892,745923.0,0.13101299648983766,0.0,
august,2024-08-01,individuals,bu_damped50_site,792943.213078392,745923.0,0.06303628267045247,0.02,
august,2024-08-01,individuals,bu_yoyfull_site,860851.7594901174,745923.0,0.1540759025933205,0.0,
august,2024-08-01,individuals,mmf_select_site,782071.6923941114,745923.0,0.04846169429567326,0.0,
august,2024-08-01,individuals,bu_damped_tuned_site,826897.4862842547,745923.0,0.10855609263188648,0.01,
august,2024-08-01,individuals,bu_seasonal_level_county,848795.2219001558,745923.0,0.13791265573008982,0.0,
august,2024-08-01,individuals,ets_food_bank,799522.3234986042,745923.0,0.07185637592433025,0.26,
august,2024-08-01,individuals,ets_site_group,784923.9153893188,745923.0,0.052285444193728825,0.15,
august,2024-08-01,individuals,global_lgbm_county,779921.0577139282,745923.0,0.04557850839017985,0.07,
august,2024-08-01,individuals,global_ridge_county,853437.1217792832,745923.0,0.1441356839503316,0.0,
august,2024-08-01,individuals,global_lgbm_county_w18,779921.0577139282,745923.0,0.04557850839017985,0.07,
august,2024-08-01,individuals,global_ridge_county_w18,853437.1217792832,745923.0,0.1441356839503316,0.01,
august,2024-08-01,individuals,global_lgbm_site_churn,771847.0960276031,745923.0,0.03475438621359461,0.21,
august,2024-08-01,individuals,global_ridge_site_churn,872907.3832687119,745923.0,0.170237924381889,0.01,
august,2024-08-01,individuals,global_lgbm_food_bank,826104.4552911865,745923.0,0.1074929386695227,0.02,
august,2024-08-01,individuals,ratio_via_visits_county,788078.2878561089,745923.0,0.056514262003060534,0.0,
august,2024-08-01,individuals,ens_county_damped_lgbm_ridge,807423.0779239467,745923.0,0.08244829281835608,0.0,
august,2024-08-01,individuals,ens_site_damped_lgbm,782395.1545529976,745923.0,0.04889533444202354,0.0,
august,2024-08-01,individuals,seasonal_naive,729120.0,745923.0,0.022526453802872437,0.0,
august,2024-08-01,individuals,damped_yoy_3m,785737.8417050604,745923.0,0.05337661086340062,0.0,
august,2025-08-01,visits,bu_damped50_county,250799.41307448814,240290.0,0.04373637302629385,0.01,
august,2025-08-01,visits,bu_yoyfull_county,260120.8261489764,240290.0,0.08252872008396683,0.0,
august,2025-08-01,visits,mmf_select_county,256633.5166625994,240290.0,0.06801580033542565,0.0,
august,2025-08-01,visits,bu_damped_tuned_county,250799.41307448814,240290.0,0.04373637302629385,0.0,
august,2025-08-01,visits,bu_damped50_food_bank,248817.11638192233,240290.0,0.03548677174215453,0.03,
august,2025-08-01,visits,bu_yoyfull_food_bank,256156.23276384478,240290.0,0.06602951751568842,0.0,
august,2025-08-01,visits,mmf_select_food_bank,252542.63156443124,240290.0,0.05099101737247169,0.0,
august,2025-08-01,visits,bu_damped_tuned_food_bank,248817.11638192233,240290.0,0.03548677174215453,0.0,
august,2025-08-01,visits,bu_damped50_site,252890.46339796076,240290.0,0.05243856755570664,0.02,
august,2025-08-01,visits,bu_yoyfull_site,262779.2601292548,240290.0,0.09359216001188053,0.0,
august,2025-08-01,visits,mmf_select_site,253930.92102465392,240290.0,0.056768575573906244,0.0,
august,2025-08-01,visits,bu_damped_tuned_site,252890.46339796076,240290.0,0.05243856755570664,0.0,
august,2025-08-01,visits,bu_seasonal_level_county,260121.82669544485,240290.0,0.08253288399619141,0.0,
august,2025-08-01,visits,ets_food_bank,273572.13909146766,240290.0,0.13850821545410819,0.34,
august,2025-08-01,visits,ets_site_group,269628.91675467073,240290.0,0.12209795145312219,0.15,
august,2025-08-01,visits,global_lgbm_county,260181.6374712466,240290.0,0.08278179479481707,0.11,
august,2025-08-01,visits,global_ridge_county,271791.16689164506,240290.0,0.13109645383347224,0.01,
august,2025-08-01,visits,global_lgbm_county_w18,263411.1058668616,240290.0,0.09622167325673803,0.08,
august,2025-08-01,visits,global_ridge_county_w18,259713.15627774305,240290.0,0.08083214564793817,0.01,
august,2025-08-01,visits,global_lgbm_site_churn,243033.79787628163,240290.0,0.011418693563117976,0.23,
august,2025-08-01,visits,global_ridge_site_churn,256085.88120281376,240290.0,0.06573673978448435,0.02,
august,2025-08-01,visits,global_lgbm_food_bank,254793.55391332632,240290.0,0.06035854140133301,0.02,
august,2025-08-01,visits,ratio_via_visits_county,250799.41307448814,240290.0,0.04373637302629385,0.0,
august,2025-08-01,visits,ens_county_damped_lgbm_ridge,260924.0724791266,240290.0,0.08587154055152779,0.0,
august,2025-08-01,visits,ens_site_damped_lgbm,247962.1306371212,240290.0,0.03192863055941242,0.0,
august,2025-08-01,visits,seasonal_naive,241478.0,240290.0,0.004944025968621313,0.0,
august,2025-08-01,visits,damped_yoy_3m,248865.81358092456,240290.0,0.03568943185702511,0.0,
august,2025-08-01,pounds,bu_damped50_county,12878489.19753752,12821574.42,0.004438985078832447,0.01,
august,2025-08-01,pounds,bu_yoyfull_county,12521516.015075045,12821574.42,0.023402617736001496,0.0,
august,2025-08-01,pounds,mmf_select_county,12585622.682702668,12821574.42,0.018402711677068084,0.0,
august,2025-08-01,pounds,bu_damped_tuned_county,13056975.788768763,12821574.42,0.01835978648624992,0.0,
august,2025-08-01,pounds,bu_damped50_food_bank,12819709.202627156,12821574.42,0.00014547490906691163,0.03,
august,2025-08-01,pounds,bu_yoyfull_food_bank,12403956.025254313,12821574.42,0.03257153771180055,0.0,
august,2025-08-01,pounds,mmf_select_food_bank,12608129.480187517,12821574.42,0.016647326827471054,0.0,
august,2025-08-01,pounds,bu_damped_tuned_food_bank,13027585.791313577,12821574.42,0.01606755649229985,0.0,
august,2025-08-01,pounds,bu_damped50_site,13096797.586052032,12821574.42,0.021465629495759808,0.02,
august,2025-08-01,pounds,bu_yoyfull_site,12945458.758770734,12821574.42,0.00966217834975791,0.0,
august,2025-08-01,pounds,mmf_select_site,12517655.962978888,12821574.42,0.023703676870372337,0.0,
august,2025-08-01,pounds,bu_damped_tuned_site,13248136.413333334,12821574.42,0.03326908064176215,0.0,
august,2025-08-01,pounds,bu_seasonal_level_county,12528510.526423363,12821574.42,0.02285709102304123,0.0,
august,2025-08-01,pounds,ets_food_bank,13762507.169299047,12821574.42,0.07338667767909324,0.38,
august,2025-08-01,pounds,ets_site_group,13459581.080162527,12821574.42,0.04976039909477259,0.16,
august,2025-08-01,pounds,global_lgbm_county,12876636.003750283,12821574.42,0.004294447931791678,0.11,
august,2025-08-01,pounds,global_ridge_county,12941234.44294813,12821574.42,0.009332708997225492,0.01,
august,2025-08-01,pounds,global_lgbm_county_w18,12743079.722198509,12821574.42,0.006122079491193366,0.08,
august,2025-08-01,pounds,global_ridge_county_w18,12026015.8004914,12821574.42,0.06204843441595065,0.01,
august,2025-08-01,pounds,global_lgbm_site_churn,12367833.284039935,12821574.42,0.03538887823731596,0.27,
august,2025-08-01,pounds,global_ridge_site_churn,12613250.797554718,12821574.42,0.016247897147508183,0.02,
august,2025-08-01,pounds,global_lgbm_food_bank,12950018.087236002,12821574.42,0.010017776524827271,0.02,
august,2025-08-01,pounds,ratio_via_visits_county,12947819.421670757,12821574.42,0.009846294810240463,0.0,
august,2025-08-01,pounds,ens_county_damped_lgbm_ridge,12898786.548078647,12821574.42,0.00602204733595002,0.0,
august,2025-08-01,pounds,ens_site_damped_lgbm,12732315.435045984,12821574.42,0.0069616243707780745,0.0,
august,2025-08-01,pounds,seasonal_naive,13235462.38,12821574.42,0.032280587893666945,0.0,
august,2025-08-01,pounds,damped_yoy_3m,12824472.052094165,12821574.42,0.00022599658975153147,0.0,
august,2025-08-01,individuals,bu_damped50_county,748620.7914843388,727272.0,0.029354617645583447,0.01,
august,2025-08-01,individuals,bu_yoyfull_county,751318.5829686777,727272.0,0.03306408464601662,0.0,
august,2025-08-01,individuals,mmf_select_county,737080.7624294688,727272.0,0.013487061827581526,0.0,
august,2025-08-01,individuals,bu_damped_tuned_county,747271.8957421693,727272.0,0.02749988414536708,0.0,
august,2025-08-01,individuals,bu_damped50_food_bank,742547.188749649,727272.0,0.021003405534172792,0.03,
august,2025-08-01,individuals,bu_yoyfull_food_bank,739171.3774992978,727272.0,0.016361660423194868,0.0,
august,2025-08-01,individuals,mmf_select_food_bank,754291.222261263,727272.0,0.03715146776070455,0.0,
august,2025-08-01,individuals,bu_damped_tuned_food_bank,744235.0943748245,727272.0,0.023324278089661865,0.0,
august,2025-08-01,individuals,bu_damped50_site,755318.8331459739,727272.0,0.038564434140148096,0.01,
august,2025-08-01,individuals,bu_yoyfull_site,759356.6662919477,727272.0,0.04411646026788829,0.0,
august,2025-08-01,individuals,mmf_select_site,754711.5746770191,727272.0,0.03772945291035423,0.0,
august,2025-08-01,individuals,bu_damped_tuned_site,753299.9165729869,727272.0,0.035788421076278,0.0,
august,2025-08-01,individuals,bu_seasonal_level_county,751555.2574446701,727272.0,0.033389512375933794,0.0,
august,2025-08-01,individuals,ets_food_bank,803377.4240234244,727272.0,0.10464506267727125,0.43,
august,2025-08-01,individuals,ets_site_group,804059.1422990526,727272.0,0.10558242624362357,0.26,
august,2025-08-01,individuals,global_lgbm_county,783421.6229992266,727272.0,0.07720580882974537,0.11,
august,2025-08-01,individuals,global_ridge_county,793092.0926404664,727272.0,0.09050271788335928,0.01,
august,2025-08-01,individuals,global_lgbm_county_w18,787922.6139226017,727272.0,0.0833946775382548,0.08,
august,2025-08-01,individuals,global_ridge_county_w18,757293.2523457555,727272.0,0.04127926325467701,0.01,
august,2025-08-01,individuals,global_lgbm_site_churn,744133.8907949477,727272.0,0.023185123028176102,0.25,
august,2025-08-01,individuals,global_ridge_site_churn,759057.0436803165,727272.0,0.0437044787649139,0.02,
august,2025-08-01,individuals,global_lgbm_food_bank,745051.9779371684,727272.0,0.02444749411110081,0.03,
august,2025-08-01,individuals,ratio_via_visits_county,749426.8387792712,727272.0,0.030462933784431767,0.0,
august,2025-08-01,individuals,ens_county_damped_lgbm_ridge,775044.8357080106,727272.0,0.06568771478622937,0.0,
august,2025-08-01,individuals,ens_site_damped_lgbm,749726.3619704607,727272.0,0.0308747785841621,0.0,
august,2025-08-01,individuals,seasonal_naive,745923.0,727272.0,0.025645150645150716,0.0,
august,2025-08-01,individuals,damped_yoy_3m,742903.9826757953,727272.0,0.021493997673216247,0.0,
monthly,2024-01-01,visits,bu_damped50_county,198354.88729220594,242908.0,0.18341558412153602,0.02,
monthly,2024-01-01,visits,bu_yoyfull_county,230171.44125107853,242908.0,0.052433673443943674,0.0,
monthly,2024-01-01,visits,mmf_select_county,228415.81963302684,242908.0,0.05966119010890192,0.0,
monthly,2024-01-01,visits,bu_damped_tuned_county,230171.44125107853,242908.0,0.052433673443943674,0.0,
monthly,2024-01-01,visits,bu_damped50_food_bank,196310.3855380926,242908.0,0.19183235818461064,0.02,
monthly,2024-01-01,visits,bu_yoyfull_food_bank,226098.7710761852,242908.0,0.06919998074915112,0.0,
monthly,2024-01-01,visits,mmf_select_food_bank,229983.95490085668,242908.0,0.053205514429921275,0.0,
monthly,2024-01-01,visits,bu_damped_tuned_food_bank,226098.7710761852,242908.0,0.06919998074915112,0.0,
monthly,2024-01-01,visits,bu_damped50_site,207367.19540184343,242908.0,0.14631384968035865,0.02,
monthly,2024-01-01,visits,bu_yoyfull_site,240762.0574703535,242908.0,0.008834383921676126,0.0,
monthly,2024-01-01,visits,mmf_select_site,228554.91200179042,242908.0,0.05908857673773438,0.0,
monthly,2024-01-01,visits,bu_damped_tuned_site,240762.0574703535,242908.0,0.008834383921676126,0.0,
monthly,2024-01-01,visits,bu_seasonal_level_county,230027.47996105786,242908.0,0.05302633111689259,0.0,
monthly,2024-01-01,visits,ets_food_bank,206377.6455427844,242908.0,0.15038761365296993,0.38,
monthly,2024-01-01,visits,ets_site_group,204444.93402844164,242908.0,0.15834417133877177,0.15,
monthly,2024-01-01,visits,global_lgbm_county,228287.39412437475,242908.0,0.06018989031083888,0.08,
monthly,2024-01-01,visits,global_ridge_county,216816.04192846126,242908.0,0.10741498045160613,0.0,
monthly,2024-01-01,visits,global_lgbm_county_w18,228287.39412437475,242908.0,0.06018989031083888,0.08,
monthly,2024-01-01,visits,global_ridge_county_w18,216816.04192846126,242908.0,0.10741498045160613,0.01,
monthly,2024-01-01,visits,global_lgbm_site_churn,218570.1033760589,242908.0,0.1001938866729013,0.15,
monthly,2024-01-01,visits,global_ridge_site_churn,210848.7744699367,242908.0,0.13198093735102712,0.01,
monthly,2024-01-01,visits,global_lgbm_food_bank,205984.3769395278,242908.0,0.15200661592237474,0.01,
monthly,2024-01-01,visits,ratio_via_visits_county,198354.88729220594,242908.0,0.18341558412153602,0.0,
monthly,2024-01-01,visits,ens_county_damped_lgbm_ridge,214486.10778168065,242908.0,0.11700681829466031,0.0,
monthly,2024-01-01,visits,ens_site_damped_lgbm,212968.64938895116,242908.0,0.12325386817662998,0.0,
monthly,2024-01-01,visits,seasonal_naive,166522.0,242908.0,0.31446473562007016,0.0,
monthly,2024-01-01,visits,damped_yoy_3m,196296.2141664454,242908.0,0.19189069867420838,0.0,
monthly,2024-01-01,pounds,bu_damped50_county,11104472.677569117,12985532.3,0.1448581066200023,0.01,
monthly,2024-01-01,pounds,bu_yoyfull_county,12085451.288471567,12985532.3,0.06931414059386953,0.0,
monthly,2024-01-01,pounds,mmf_select_county,12703301.000642091,12985532.3,0.021734288039767846,0.0,
monthly,2024-01-01,pounds,bu_damped_tuned_county,12085451.288471567,12985532.3,0.06931414059386953,0.0,
monthly,2024-01-01,pounds,bu_damped50_food_bank,11057445.080364795,12985532.3,0.14847964450677198,0.02,
monthly,2024-01-01,pounds,bu_yoyfull_food_bank,11992251.560729591,12985532.3,0.07649133792308305,0.0,
monthly,2024-01-01,pounds,mmf_select_food_bank,12628056.63757229,12985532.3,0.02752876464122389,0.0,
monthly,2024-01-01,pounds,bu_damped_tuned_food_bank,11992251.560729591,12985532.3,0.07649133792308305,0.0,
monthly,2024-01-01,pounds,bu_damped50_site,11674349.726477379,12985532.3,0.1009725703368064,0.01,
monthly,2024-01-01,pounds,bu_yoyfull_site,13092538.96628809,12985532.3,0.008240452822106503,0.0,
monthly,2024-01-01,pounds,mmf_select_site,12823424.891154453,12985532.3,0.012483693783238103,0.0,
monthly,2024-01-01,pounds,bu_damped_tuned_site,12383444.346382735,12985532.3,0.04636605875734989,0.0,
monthly,2024-01-01,pounds,bu_seasonal_level_county,12089719.236622686,12985532.3,0.06898547111367281,0.0,
monthly,2024-01-01,pounds,ets_food_bank,12013150.146616178,12985532.3,0.07488196332035024,0.32,
monthly,2024-01-01,pounds,ets_site_group,11994480.623378359,12985532.3,0.07631968052797045,0.12,
monthly,2024-01-01,pounds,global_lgbm_county,12390238.169513755,12985532.3,0.04584287472653281,0.07,
monthly,2024-01-01,pounds,global_ridge_county,11976010.331963528,12985532.3,0.07774205513596644,0.01,
monthly,2024-01-01,pounds,global_lgbm_county_w18,12390238.169513755,12985532.3,0.04584287472653281,0.08,
monthly,2024-01-01,pounds,global_ridge_county_w18,11976010.331963528,12985532.3,0.07774205513596644,0.0,
monthly,2024-01-01,pounds,global_lgbm_site_churn,12422101.202727554,12985532.3,0.043389141411819265,0.17,
monthly,2024-01-01,pounds,global_ridge_site_churn,11629643.918072108,12985532.3,0.10441531010075666,0.01,
monthly,2024-01-01,pounds,global_lgbm_food_bank,11887274.486066433,12985532.3,0.08457549437026679,0.0,
monthly,2024-01-01,pounds,ratio_via_visits_county,11282116.857565237,12985532.3,0.13117794504540747,0.0,
monthly,2024-01-01,pounds,ens_county_damped_lgbm_ridge,11823573.7263488,12985532.3,0.08948101216083382,0.0,
monthly,2024-01-01,pounds,ens_site_damped_lgbm,12048225.464602467,12985532.3,0.07218085587431278,0.0,
monthly,2024-01-01,pounds,seasonal_naive,10122638.6,12985532.3,0.2204679510904609,0.0,
monthly,2024-01-01,pounds,damped_yoy_3m,11048600.958713047,12985532.3,0.14916071952529453,0.0,
monthly,2024-01-01,individuals,bu_damped50_county,624372.750039071,769344.0,0.1884348873337922,0.01,
monthly,2024-01-01,individuals,bu_yoyfull_county,741092.8334114751,769344.0,0.036721111217511204,0.0,
monthly,2024-01-01,individuals,mmf_select_county,723044.8996868412,769344.0,0.06017997191524049,0.0,
monthly,2024-01-01,individuals,bu_damped_tuned_county,741092.8334114751,769344.0,0.036721111217511204,0.0,
monthly,2024-01-01,individuals,bu_damped50_food_bank,616968.5697151402,769344.0,0.1980589050994872,0.01,
monthly,2024-01-01,individuals,bu_yoyfull_food_bank,726419.1394302803,769344.0,0.05579410584825473,0.0,
monthly,2024-01-01,individuals,mmf_select_food_bank,729643.8088493687,769344.0,0.05160265258536012,0.0,
monthly,2024-01-01,individuals,bu_damped_tuned_food_bank,726419.1394302803,769344.0,0.05579410584825473,0.0,
monthly,2024-01-01,individuals,bu_damped50_site,649155.7186715016,769344.0,0.15622176988252123,0.01,
monthly,2024-01-01,individuals,bu_yoyfull_site,774363.7706763366,769344.0,0.006524741437297976,0.0,
monthly,2024-01-01,individuals,mmf_select_site,711669.2449685974,769344.0,0.07496614652405498,0.0,
monthly,2024-01-01,individuals,bu_damped_tuned_site,774363.7706763366,769344.0,0.006524741437297976,0.0,
monthly,2024-01-01,individuals,bu_seasonal_level_county,741208.0308687655,769344.0,0.03657137656397458,0.0,
monthly,2024-01-01,individuals,ets_food_bank,716800.8386493233,769344.0,0.06829605657635163,0.33,
monthly,2024-01-01,individuals,ets_site_group,734755.8405995658,769344.0,0.04495798940452411,0.13,
monthly,2024-01-01,individuals,global_lgbm_county,696825.7605762625,769344.0,0.09425983620296974,0.06,
monthly,2024-01-01,individuals,global_ridge_county,675177.9835373036,769344.0,0.12239780444469106,0.0,
monthly,2024-01-01,individuals,global_lgbm_county_w18,696825.7605762625,769344.0,0.09425983620296974,0.09,
monthly,2024-01-01,individuals,global_ridge_county_w18,675177.9835373036,769344.0,0.12239780444469106,0.0,
monthly,2024-01-01,individuals,global_lgbm_site_churn,653951.32258686,769344.0,0.14998840234425692,0.16,
monthly,2024-01-01,individuals,global_ridge_site_churn,649691.8583328769,769344.0,0.155524890903319,0.01,
monthly,2024-01-01,individuals,global_lgbm_food_bank,681242.7449546547,769344.0,0.11451477498407125,0.01,
monthly,2024-01-01,individuals,ratio_via_visits_county,621226.2209120562,769344.0,0.19252477316771666,0.0,
monthly,2024-01-01,individuals,ens_county_damped_lgbm_ridge,665458.8313842124,769344.0,0.13503084266048426,0.0,
monthly,2024-01-01,individuals,ens_site_damped_lgbm,651553.5206291808,769344.0,0.15310508611338902,0.0,
monthly,2024-01-01,individuals,seasonal_naive,507518.0,769344.0,0.34032370435071957,0.0,
monthly,2024-01-01,individuals,damped_yoy_3m,617283.8572628958,769344.0,0.1976490916119502,0.0,
monthly,2024-02-01,visits,bu_damped50_county,193976.38647093845,239827.0,0.19118203342018014,0.01,
monthly,2024-02-01,visits,bu_yoyfull_county,227370.77294187684,239827.0,0.05193838499469683,0.0,
monthly,2024-02-01,visits,mmf_select_county,232725.01759448307,239827.0,0.02961293935010212,0.0,
monthly,2024-02-01,visits,bu_damped_tuned_county,227370.77294187684,239827.0,0.05193838499469683,0.0,
monthly,2024-02-01,visits,bu_damped50_food_bank,193088.70986485592,239827.0,0.1948833539807615,0.02,
monthly,2024-02-01,visits,bu_yoyfull_food_bank,225426.08639637846,239827.0,0.060047090626249466,0.0,
monthly,2024-02-01,visits,mmf_select_food_bank,231862.7416216872,239827.0,0.03320834759352698,0.0,
monthly,2024-02-01,visits,bu_damped_tuned_food_bank,225426.08639637846,239827.0,0.060047090626249466,0.0,
monthly,2024-02-01,visits,bu_damped50_site,201188.6078074564,239827.0,0.16110943385250032,0.02,
monthly,2024-02-01,visits,bu_yoyfull_site,234699.88228157943,239827.0,0.021378400757298244,0.0,
monthly,2024-02-01,visits,mmf_select_site,231052.13323593963,239827.0,0.036588318930147024,0.0,
monthly,2024-02-01,visits,bu_damped_tuned_site,234699.88228157943,239827.0,0.021378400757298244,0.0,
monthly,2024-02-01,visits,bu_seasonal_level_county,227418.87865036385,239827.0,0.05173779995428429,0.0,
monthly,2024-02-01,visits,ets_food_bank,256790.22394811755,239827.0,0.07073108510767168,0.36,
monthly,2024-02-01,visits,ets_site_group,464727.5029605891,239827.0,0.9377613986773343,0.13,
monthly,2024-02-01,visits,global_lgbm_county,245137.88100144468,239827.0,0.02214463342928319,0.08,
monthly,2024-02-01,visits,global_ridge_county,227071.24108593425,239827.0,0.0531873346790217,0.01,
monthly,2024-02-01,visits,global_lgbm_county_w18,245137.88100144468,239827.0,0.02214463342928319,0.09,
monthly,2024-02-01,visits,global_ridge_county_w18,227071.24108593425,239827.0,0.0531873346790217,0.01,
monthly,2024-02-01,visits,global_lgbm_site_churn,238476.17966474866,239827.0,0.0056324781415408864,0.15,
monthly,2024-02-01,visits,global_ridge_site_churn,215285.40346429055,239827.0,0.10233041540656163,0.01,
monthly,2024-02-01,visits,global_lgbm_food_bank,202618.4105793615,239827.0,0.155147624832227,0.01,
monthly,2024-02-01,visits,ratio_via_visits_county,193976.38647093845,239827.0,0.19118203342018014,0.0,
monthly,2024-02-01,visits,ens_county_damped_lgbm_ridge,222061.83618610576,239827.0,0.0740749115566397,0.0,
monthly,2024-02-01,visits,ens_site_damped_lgbm,219832.39373610253,239827.0,0.0833709559970206,0.0,
monthly,2024-02-01,visits,seasonal_naive,160582.0,239827.0,0.3304256818456638,0.0,
monthly,2024-02-01,visits,damped_yoy_3m,192609.59031509492,239827.0,0.1968811254984013,0.0,
monthly,2024-02-01,pounds,bu_damped50_county,10277813.62655356,12473176.99,0.17600675154425438,0.01,
monthly,2024-02-01,pounds,bu_yoyfull_county,11280913.923107117,12473176.99,0.09558615802924497,0.0,
monthly,2024-02-01,pounds,mmf_select_county,12372959.837425556,12473176.99,0.00803461320678689,0.0,
monthly,2024-02-01,pounds,bu_damped_tuned_county,11280913.923107117,12473176.99,0.09558615802924497,0.0,
monthly,2024-02-01,pounds,bu_damped50_food_bank,10286763.401975118,12473176.99,0.17528922982314565,0.02,
monthly,2024-02-01,pounds,bu_yoyfull_food_bank,11289627.80728357,12473176.99,0.09488754818963174,0.0,
monthly,2024-02-01,pounds,mmf_select_food_bank,12064599.64759877,12473176.99,0.03275647757814992,0.0,
monthly,2024-02-01,pounds,bu_damped_tuned_food_bank,11289627.80728357,12473176.99,0.09488754818963174,0.0,
monthly,2024-02-01,pounds,bu_damped50_site,10696799.12750309,12473176.99,0.14241583069983443,0.02,
monthly,2024-02-01,pounds,bu_yoyfull_site,11957691.071672847,12473176.99,0.04132755582161851,0.0,
monthly,2024-02-01,pounds,mmf_select_site,12433208.31263925,12473176.99,0.003204370257296474,0.0,
monthly,2024-02-01,pounds,bu_damped_tuned_site,11327245.09958797,12473176.99,0.09187169326072642,0.0,
monthly,2024-02-01,pounds,bu_seasonal_level_county,11286758.143989934,12473176.99,0.09511761493974169,0.0,
monthly,2024-02-01,pounds,ets_food_bank,11158851.845550196,12473176.99,0.10537212335746737,0.34,
monthly,2024-02-01,pounds,ets_site_group,10750530.839477267,12473176.99,0.13810804993016723,0.18,
monthly,2024-02-01,pounds,global_lgbm_county,11774263.716095634,12473176.99,0.056033300454623514,0.08,
monthly,2024-02-01,pounds,global_ridge_county,11136286.80628895,12473176.99,0.10718120850709179,0.01,
monthly,2024-02-01,pounds,global_lgbm_county_w18,11774263.716095634,12473176.99,0.056033300454623514,0.08,
monthly,2024-02-01,pounds,global_ridge_county_w18,11136286.80628895,12473176.99,0.10718120850709179,0.01,
monthly,2024-02-01,pounds,global_lgbm_site_churn,11663067.458069269,12473176.99,0.06494813090363527,0.15,
monthly,2024-02-01,pounds,global_ridge_site_churn,10566618.57022476,12473176.99,0.15285267108001166,0.01,
monthly,2024-02-01,pounds,global_lgbm_food_bank,10967083.002783008,12473176.99,0.1207466220053206,0.01,
monthly,2024-02-01,pounds,ratio_via_visits_county,10476487.664812094,12473176.99,0.16007864931193494,0.0,
monthly,2024-02-01,pounds,ens_county_damped_lgbm_ridge,11062788.049646048,12473176.99,0.1130737535019899,0.0,
monthly,2024-02-01,pounds,ens_site_damped_lgbm,11179933.29278618,12473176.99,0.10368198080173485,0.0,
monthly,2024-02-01,pounds,seasonal_naive,9274713.33,12473176.99,0.2564273450592639,0.0,
monthly,2024-02-01,pounds,damped_yoy_3m,10282635.8881281,12473176.99,0.17562014101364087,0.0,
monthly,2024-02-01,individuals,bu_damped50_county,606482.184352628,754960.0,0.19666977806423125,0.01,
monthly,2024-02-01,individuals,bu_yoyfull_county,725880.368705256,754960.0,0.038518108634555404,0.0,
monthly,2024-02-01,individuals,mmf_select_county,719631.0858962388,754960.0,0.04679574295825106,0.0,
monthly,2024-02-01,individuals,bu_damped_tuned_county,725880.368705256,754960.0,0.038518108634555404,0.0,
monthly,2024-02-01,individuals,bu_damped50_food_bank,603499.3637938928,754960.0,0.20062074309381583,0.02,
monthly,2024-02-01,individuals,bu_yoyfull_food_bank,719287.060921119,754960.0,0.04725142931927662,0.0,
monthly,2024-02-01,individuals,mmf_select_food_bank,720496.7751748527,754960.0,0.04564907389152706,0.0,
monthly,2024-02-01,individuals,bu_damped_tuned_food_bank,719287.060921119,754960.0,0.04725142931927662,0.0,
monthly,2024-02-01,individuals,bu_damped50_site,627123.740106569,754960.0,0.1693285205751709,0.01,
monthly,2024-02-01,individuals,bu_yoyfull_site,751707.1468798048,754960.0,0.004308643001212253,0.0,
monthly,2024-02-01,individuals,mmf_select_site,725115.9064572661,754960.0,0.03953069506031304,0.0,
monthly,2024-02-01,individuals,bu_damped_tuned_site,751707.1468798048,754960.0,0.004308643001212253,0.0,
monthly,2024-02-01,individuals,bu_seasonal_level_county,726282.9774214521,754960.0,0.03798482380331136,0.0,
monthly,2024-02-01,individuals,ets_food_bank,736056.9823232065,754960.0,0.025038436045344836,0.4,
monthly,2024-02-01,individuals,ets_site_group,1375189.104719498,754960.0,0.8215390281862589,0.23,
monthly,2024-02-01,individuals,global_lgbm_county,779532.4008120451,754960.0,0.03254795063585503,0.08,
monthly,2024-02-01,individuals,global_ridge_county,726740.7433632939,754960.0,0.037378479173341694,0.0,
monthly,2024-02-01,individuals,global_lgbm_county_w18,779532.4008120451,754960.0,0.03254795063585503,0.07,
monthly,2024-02-01,individuals,global_ridge_county_w18,726740.7433632939,754960.0,0.037378479173341694,0.0,
monthly,2024-02-01,individuals,global_lgbm_site_churn,744561.49436801,754960.0,0.013773584868059241,0.14,
monthly,2024-02-01,individuals,global_ridge_site_churn,677972.5698758392,754960.0,0.1019755088006793,0.01,
monthly,2024-02-01,individuals,global_lgbm_food_bank,662799.9719838239,754960.0,0.12207272970246907,0.01,
monthly,2024-02-01,individuals,ratio_via_visits_county,604162.8668509021,754960.0,0.19974188453573427,0.0,
monthly,2024-02-01,individuals,ens_county_damped_lgbm_ridge,704251.776175989,754960.0,0.06716676886723938,0.0,
monthly,2024-02-01,individuals,ens_site_damped_lgbm,685842.6172372894,754960.0,0.09155105272161512,0.0,
monthly,2024-02-01,individuals,seasonal_naive,487084.0,754960.0,0.354821447493907,0.0,
monthly,2024-02-01,individuals,damped_yoy_3m,602512.1919684208,754960.0,0.2019283247212823,0.0,
monthly,2024-03-01,visits,bu_damped50_county,234570.08068548964,233598.0,0.004161339932232444,0.01,
monthly,2024-03-01,visits,bu_yoyfull_county,278435.1613709793,233598.0,0.19194154646435013,0.0,
monthly,2024-03-01,visits,mmf_select_county,255967.69028827792,233598.0,0.09576148035632981,0.0,
monthly,2024-03-01,visits,bu_damped_tuned_county,278435.1613709793,233598.0,0.19194154646435013,0.0,
monthly,2024-03-01,visits,bu_damped50_food_bank,233558.03668291165,233598.0,0.0001710773084030448,0.02,
monthly,2024-03-01,visits,bu_yoyfull_food_bank,276411.0733658233,233598.0,0.18327671198307915,0.0,
monthly,2024-03-01,visits,mmf_select_food_bank,241662.13423283212,233598.0,0.034521418132142045,0.0,
monthly,2024-03-01,visits,bu_damped_tuned_food_bank,276411.0733658233,233598.0,0.18327671198307915,0.0,
monthly,2024-03-01,visits,bu_damped50_site,247708.61325877,233598.0,0.06040553968257423,0.02,
monthly,2024-03-01,visits,bu_yoyfull_site,293782.8931842067,233598.0,0.2576430157116356,0.0,
monthly,2024-03-01,visits,mmf_select_site,246665.92590136884,233598.0,0.0559419425738612,0.0,
monthly,2024-03-01,visits,bu_damped_tuned_site,293782.8931842067,233598.0,0.2576430157116356,0.0,
monthly,2024-03-01,visits,bu_seasonal_level_county,278435.1613709793,233598.0,0.19194154646435013,0.0,
monthly,2024-03-01,visits,ets_food_bank,260915.05073919793,233598.0,0.11694043073655558,0.32,
monthly,2024-03-01,visits,ets_site_group,266426.6519488876,233598.0,0.1405348160039368,0.09,
monthly,2024-03-01,visits,global_lgbm_county,263107.8587170285,233598.0,0.12632753155861143,0.07,
monthly,2024-03-01,visits,global_ridge_county,262583.1948088544,233598.0,0.12408151957146196,0.01,
monthly,2024-03-01,visits,global_lgbm_county_w18,263107.8587170285,233598.0,0.12632753155861143,0.09,
monthly,2024-03-01,visits,global_ridge_county_w18,262583.1948088544,233598.0,0.12408151957146196,0.0,
monthly,2024-03-01,visits,global_lgbm_site_churn,255705.11874257235,233598.0,0.09463744870492197,0.16,
monthly,2024-03-01,visits,global_ridge_site_churn,266577.5902502315,233598.0,0.14118096152463422,0.01,
monthly,2024-03-01,visits,global_lgbm_food_bank,264959.4322410791,233598.0,0.13425385594516692,0.01,
monthly,2024-03-01,visits,ratio_via_visits_county,234570.08068548964,233598.0,0.004161339932232444,0.0,
monthly,2024-03-01,visits,ens_county_damped_lgbm_ridge,253420.37807045752,233598.0,0.08485679702076876,0.0,
monthly,2024-03-01,visits,ens_site_damped_lgbm,251706.86600067117,233598.0,0.0775214941937481,0.0,
monthly,2024-03-01,visits,seasonal_naive,190705.0,233598.0,0.18361886659988524,0.0,
monthly,2024-03-01,visits,damped_yoy_3m,233358.91941047253,233598.0,0.0010234701903589771,0.0,
monthly,2024-03-01,pounds,bu_damped50_county,12949905.250147784,12216851.57,0.06000348583655457,0.01,
monthly,2024-03-01,pounds,bu_yoyfull_county,14608304.80029556,12216851.57,0.19575037124688244,0.0,
monthly,2024-03-01,pounds,mmf_select_county,13041391.53408154,12216851.57,0.06749201783758263,0.0,
monthly,2024-03-01,pounds,bu_damped_tuned_county,14608304.80029556,12216851.57,0.19575037124688244,0.0,
monthly,2024-03-01,pounds,bu_damped50_food_bank,12882007.406773541,12216851.57,0.05444576558553882,0.02,
monthly,2024-03-01,pounds,bu_yoyfull_food_bank,14472509.113547083,12216851.57,0.1846349307448516,0.0,
monthly,2024-03-01,pounds,mmf_select_food_bank,12622520.477281282,12216851.57,0.033205683555774135,0.0,
monthly,2024-03-01,pounds,bu_damped_tuned_food_bank,14472509.113547083,12216851.57,0.1846349307448516,0.0,
monthly,2024-03-01,pounds,bu_damped50_site,13377183.678098522,12216851.57,0.09497799833697429,0.01,
monthly,2024-03-01,pounds,bu_yoyfull_site,15107359.492863713,12216851.57,0.23660006887222185,0.0,
monthly,2024-03-01,pounds,mmf_select_site,13086790.163007967,12216851.57,0.07120808401603318,0.0,
monthly,2024-03-01,pounds,bu_damped_tuned_site,15107359.492863713,12216851.57,0.23660006887222185,0.0,
monthly,2024-03-01,pounds,bu_seasonal_level_county,14609520.641913611,12216851.57,0.19584989292896937,0.0,
monthly,2024-03-01,pounds,ets_food_bank,14343453.588708326,12216851.57,0.17407120046628566,0.36,
monthly,2024-03-01,pounds,ets_site_group,14955174.757546628,12216851.57,0.22414311673155796,0.15,
monthly,2024-03-01,pounds,global_lgbm_county,12275847.340599133,12216851.57,0.004829048651454837,0.1,
monthly,2024-03-01,pounds,global_ridge_county,15549706.684286904,12216851.57,0.2728080221970728,0.01,
monthly,2024-03-01,pounds,global_lgbm_county_w18,12275847.340599133,12216851.57,0.004829048651454837,0.08,
monthly,2024-03-01,pounds,global_ridge_county_w18,15549706.684286904,12216851.57,0.2728080221970728,0.0,
monthly,2024-03-01,pounds,global_lgbm_site_churn,12507445.217793133,12216851.57,0.023786296013182495,0.15,
monthly,2024-03-01,pounds,global_ridge_site_churn,15266649.015195416,12216851.57,0.24963857731435257,0.01,
monthly,2024-03-01,pounds,global_lgbm_food_bank,13396160.098256782,12216851.57,0.09653129707761376,0.01,
monthly,2024-03-01,pounds,ratio_via_visits_county,13078241.434411313,12216851.57,0.07050833510383003,0.0,
monthly,2024-03-01,pounds,ens_county_damped_lgbm_ridge,13591819.758344606,12216851.57,0.11254685222836058,0.0,
monthly,2024-03-01,pounds,ens_site_damped_lgbm,12942314.447945828,12216851.57,0.05938214717507839,0.0,
monthly,2024-03-01,pounds,seasonal_naive,11291505.7,12216851.57,0.07574339957377418,0.0,
monthly,2024-03-01,pounds,damped_yoy_3m,12863336.861228583,12216851.57,0.052917503951354306,0.0,
monthly,2024-03-01,individuals,bu_damped50_county,751382.8628905097,739082.0,0.016643434545164926,0.01,
monthly,2024-03-01,individuals,bu_yoyfull_county,908426.7257810193,739082.0,0.22912846718093438,0.0,
monthly,2024-03-01,individuals,mmf_select_county,770580.7756092919,739082.0,0.042618783314019026,0.0,
monthly,2024-03-01,individuals,bu_damped_tuned_county,908426.7257810193,739082.0,0.22912846718093438,0.0,
monthly,2024-03-01,individuals,bu_damped50_food_bank,746526.8075894541,739082.0,0.010073046819506049,0.02,
monthly,2024-03-01,individuals,bu_yoyfull_food_bank,898714.6151789082,739082.0,0.21598769172961618,0.0,
monthly,2024-03-01,individuals,mmf_select_food_bank,737947.4590277029,739082.0,0.0015350677899029774,0.0,
monthly,2024-03-01,individuals,bu_damped_tuned_food_bank,898714.6151789082,739082.0,0.21598769172961618,0.0,
monthly,2024-03-01,individuals,bu_damped50_site,776872.3594321773,739082.0,0.05113148396548328,0.01,
monthly,2024-03-01,individuals,bu_yoyfull_site,935556.3855310212,739082.0,0.2658357063641399,0.0,
monthly,2024-03-01,individuals,mmf_select_site,786223.1067737315,739082.0,0.06378332414228938,0.0,
monthly,2024-03-01,individuals,bu_damped_tuned_site,935556.3855310212,739082.0,0.2658357063641399,0.0,
monthly,2024-03-01,individuals,bu_seasonal_level_county,908426.7257810193,739082.0,0.22912846718093438,0.0,
monthly,2024-03-01,individuals,ets_food_bank,943427.6300946991,739082.0,0.27648573513453045,0.32,
monthly,2024-03-01,individuals,ets_site_group,1009292.8619161644,739082.0,0.36560335918905396,0.18,
monthly,2024-03-01,individuals,global_lgbm_county,849172.7430732618,739082.0,0.14895606045508059,0.06,
monthly,2024-03-01,individuals,global_ridge_county,877614.7365770027,739082.0,0.18743892636676662,0.0,
monthly,2024-03-01,individuals,global_lgbm_county_w18,849172.7430732618,739082.0,0.14895606045508059,0.06,
monthly,2024-03-01,individuals,global_ridge_county_w18,877614.7365770027,739082.0,0.18743892636676662,0.0,
monthly,2024-03-01,individuals,global_lgbm_site_churn,784565.860661099,739082.0,0.06154102070013745,0.13,
monthly,2024-03-01,individuals,global_ridge_site_churn,885381.2926988087,739082.0,0.19794730855143094,0.01,
monthly,2024-03-01,individuals,global_lgbm_food_bank,858622.1918280141,739082.0,0.16174144658916623,0.01,
monthly,2024-03-01,individuals,ratio_via_visits_county,746420.7073772409,739082.0,0.009929490066380886,0.0,
monthly,2024-03-01,individuals,ens_county_damped_lgbm_ridge,826056.7808469246,739082.0,0.1176794737890039,0.0,
monthly,2024-03-01,individuals,ens_site_damped_lgbm,780719.1100466382,739082.0,0.056336252332810366,0.0,
monthly,2024-03-01,individuals,seasonal_naive,594339.0,739082.0,0.1958415980906043,0.0,
monthly,2024-03-01,individuals,damped_yoy_3m,745362.3936149821,739082.0,0.008497559966258228,0.0,
monthly,2024-04-01,visits,bu_damped50_county,228367.12107658814,238454.0,0.04230115210234198,0.01,
monthly,2024-04-01,visits,bu_yoyfull_county,265261.2421531763,238454.0,0.11242102104882412,0.0,
monthly,2024-04-01,visits,mmf_select_county,239772.00956078383,238454.0,0.005527311602169904,0.0,
monthly,2024-04-01,visits,bu_damped_tuned_county,265261.2421531763,238454.0,0.11242102104882412,0.0,
monthly,2024-04-01,visits,bu_damped50_food_bank,227957.09924957412,238454.0,0.044020652832101326,0.02,
monthly,2024-04-01,visits,bu_yoyfull_food_bank,264441.1984991482,238454.0,0.1089820195893052,0.0,
monthly,2024-04-01,visits,mmf_select_food_bank,240876.3076208076,238454.0,0.010158385352343036,0.0,
monthly,2024-04-01,visits,bu_damped_tuned_food_bank,264441.1984991482,238454.0,0.1089820195893052,0.0,
monthly,2024-04-01,visits,bu_damped50_site,233164.10938734998,238454.0,0.02218411355083172,0.01,
monthly,2024-04-01,visits,bu_yoyfull_site,271596.5521080332,238454.0,0.1389892897918812,0.0,
monthly,2024-04-01,visits,mmf_select_site,242977.17071035813,238454.0,0.01896873489376616,0.0,
monthly,2024-04-01,visits,bu_damped_tuned_site,271596.5521080332,238454.0,0.1389892897918812,0.0,
monthly,2024-04-01,visits,bu_seasonal_level_county,265261.2421531763,238454.0,0.11242102104882412,0.0,
monthly,2024-04-01,visits,ets_food_bank,242885.8063016851,238454.0,0.01858558171255309,0.22,
monthly,2024-04-01,visits,ets_site_group,271887.6969707256,238454.0,0.14021025845960056,0.12,
monthly,2024-04-01,visits,global_lgbm_county,254224.18212553053,238454.0,0.06613511253965343,0.07,
monthly,2024-04-01,visits,global_ridge_county,274855.2239788345,238454.0,0.15265511997632464,0.0,
monthly,2024-04-01,visits,global_lgbm_county_w18,254224.18212553053,238454.0,0.06613511253965343,0.08,
monthly,2024-04-01,visits,global_ridge_county_w18,274855.2239788345,238454.0,0.15265511997632464,0.01,
monthly,2024-04-01,visits,global_lgbm_site_churn,255499.98174515463,238454.0,0.07148540911519463,0.16,
monthly,2024-04-01,visits,global_ridge_site_churn,275730.2834679357,238454.0,0.15632484029597182,0.01,
monthly,2024-04-01,visits,global_lgbm_food_bank,231053.00157706183,238454.0,0.03103742618256844,0.01,
monthly,2024-04-01,visits,ratio_via_visits_county,228367.12107658814,238454.0,0.04230115210234198,0.0,
monthly,2024-04-01,visits,ens_county_damped_lgbm_ridge,252482.1757269844,238454.0,0.05882969347121203,0.0,
monthly,2024-04-01,visits,ens_site_damped_lgbm,244332.04556625232,238454.0,0.024650647782181512,0.0,
monthly,2024-04-01,visits,seasonal_naive,191473.0,238454.0,0.19702332525350796,0.0,
monthly,2024-04-01,visits,damped_yoy_3m,228177.6399850138,238454.0,0.043095775348646614,0.0,
monthly,2024-04-01,pounds,bu_damped50_county,11920679.890735129,12977668.52,0.08144672732516911,0.01,
monthly,2024-04-01,pounds,bu_yoyfull_county,13172814.901470255,12977668.52,0.015037090920415608,0.0,
monthly,2024-04-01,pounds,mmf_select_county,12728095.410134656,12977668.52,0.019230966600874755,0.0,
monthly,2024-04-01,pounds,bu_damped_tuned_county,13172814.901470255,12977668.52,0.015037090920415608,0.0,
monthly,2024-04-01,pounds,bu_damped50_food_bank,11877122.078598501,12977668.52,0.08480309384581952,0.01,
monthly,2024-04-01,pounds,bu_yoyfull_food_bank,13085699.277197003,12977668.52,0.008324357879115007,0.0,
monthly,2024-04-01,pounds,mmf_select_food_bank,12670855.506249478,12977668.52,0.02364161276562804,0.0,
monthly,2024-04-01,pounds,bu_damped_tuned_food_bank,13085699.277197003,12977668.52,0.008324357879115007,0.0,
monthly,2024-04-01,pounds,bu_damped50_site,12103178.15640887,12977668.52,0.06738424257357511,0.01,
monthly,2024-04-01,pounds,bu_yoyfull_site,13490472.866151072,12977668.52,0.03951436618686821,0.0,
monthly,2024-04-01,pounds,mmf_select_site,12774349.252383826,12977668.52,0.01566685628492026,0.0,
monthly,2024-04-01,pounds,bu_damped_tuned_site,12796825.51127997,12977668.52,0.013934938193353452,0.0,
monthly,2024-04-01,pounds,bu_seasonal_level_county,13172814.901470255,12977668.52,0.015037090920415608,0.0,
monthly,2024-04-01,pounds,ets_food_bank,13084120.920031758,12977668.52,0.008202736868159644,0.25,
monthly,2024-04-01,pounds,ets_site_group,14131985.356091766,12977668.52,0.08894639544174199,0.12,
monthly,2024-04-01,pounds,global_lgbm_county,12252672.657449866,12977668.52,0.05586487753426872,0.08,
monthly,2024-04-01,pounds,global_ridge_county,8193543.817953824,12977668.52,0.36864284942039616,0.01,
monthly,2024-04-01,pounds,global_lgbm_county_w18,12252672.657449866,12977668.52,0.05586487753426872,0.08,
monthly,2024-04-01,pounds,global_ridge_county_w18,8193543.817953824,12977668.52,0.36864284942039616,0.0,
monthly,2024-04-01,pounds,global_lgbm_site_churn,11995442.116341226,12977668.52,0.07568589089365751,0.18,
monthly,2024-04-01,pounds,global_ridge_site_churn,4360332.936605724,12977668.52,0.6640126129060875,0.01,
monthly,2024-04-01,pounds,global_lgbm_food_bank,12889499.300584424,12977668.52,0.0067939182819855,0.01,
monthly,2024-04-01,pounds,ratio_via_visits_county,12008032.712447684,12977668.52,0.07471571693004808,0.0,
monthly,2024-04-01,pounds,ens_county_damped_lgbm_ridge,10788965.455379607,12977668.52,0.16865148475994463,0.0,
monthly,2024-04-01,pounds,ens_site_damped_lgbm,12049310.136375047,12977668.52,0.07153506673361631,0.0,
monthly,2024-04-01,pounds,seasonal_naive,10668544.88,12977668.52,0.17793054557075394,0.0,
monthly,2024-04-01,pounds,damped_yoy_3m,11882958.884443607,12977668.52,0.08435333618433283,0.0,
monthly,2024-04-01,individuals,bu_damped50_county,719574.8570193612,760721.0,0.054088349053909135,0.01,
monthly,2024-04-01,individuals,bu_yoyfull_county,846135.7140387219,760721.0,0.1122812621693392,0.0,
monthly,2024-04-01,individuals,mmf_select_county,780853.5109959007,760721.0,0.026465039082529174,0.0,
monthly,2024-04-01,individuals,bu_damped_tuned_county,846135.7140387219,760721.0,0.1122812621693392,0.0,
monthly,2024-04-01,individuals,bu_damped50_food_bank,718342.1656545827,760721.0,0.05570877410432651,0.02,
monthly,2024-04-01,individuals,bu_yoyfull_food_bank,843670.3313091651,760721.0,0.1090404120685049,0.0,
monthly,2024-04-01,individuals,mmf_select_food_bank,761627.115509411,760721.0,0.0011911272456142097,0.0,
monthly,2024-04-01,individuals,bu_damped_tuned_food_bank,843670.3313091651,760721.0,0.1090404120685049,0.0,
monthly,2024-04-01,individuals,bu_damped50_site,733055.637263335,760721.0,0.03636729199886024,0.02,
monthly,2024-04-01,individuals,bu_yoyfull_site,863329.6078600036,760721.0,0.1348833644135019,0.0,
monthly,2024-04-01,individuals,mmf_select_site,781818.103658432,760721.0,0.02773303702465424,0.0,
monthly,2024-04-01,individuals,bu_damped_tuned_site,863329.6078600036,760721.0,0.1348833644135019,0.0,
monthly,2024-04-01,individuals,bu_seasonal_level_county,846159.7832694912,760721.0,0.1123129021934337,0.0,
monthly,2024-04-01,individuals,ets_food_bank,793411.1500119377,760721.0,0.04297258786327407,0.25,
monthly,2024-04-01,individuals,ets_site_group,793154.7643784366,760721.0,0.04263555808034303,0.15,
monthly,2024-04-01,individuals,global_lgbm_county,824621.5848838653,760721.0,0.08400002745272617,0.08,
monthly,2024-04-01,individuals,global_ridge_county,885435.401037456,760721.0,0.16394236656731698,0.0,
monthly,2024-04-01,individuals,global_lgbm_county_w18,824621.5848838653,760721.0,0.08400002745272617,0.06,
monthly,2024-04-01,individuals,global_ridge_county_w18,885435.401037456,760721.0,0.16394236656731698,0.0,
monthly,2024-04-01,individuals,global_lgbm_site_churn,770664.9762389982,760721.0,0.013071778272189416,0.13,
monthly,2024-04-01,individuals,global_ridge_site_churn,1259413.8486711667,760721.0,0.6555528882089054,0.01,
monthly,2024-04-01,individuals,global_lgbm_food_bank,789845.4001183785,760721.0,0.03828525848291098,0.01,
monthly,2024-04-01,individuals,ratio_via_visits_county,717778.0741204557,760721.0,0.05645029633669152,0.0,
monthly,2024-04-01,individuals,ens_county_damped_lgbm_ridge,809877.2809802275,760721.0,0.06461801498871145,0.0,
monthly,2024-04-01,individuals,ens_site_damped_lgbm,751860.3067511667,760721.0,0.011647756863335301,0.0,
monthly,2024-04-01,individuals,seasonal_naive,593014.0,760721.0,0.22045796027715814,0.0,
monthly,2024-04-01,individuals,damped_yoy_3m,718869.9402866438,760721.0,0.05501499197913062,0.0,
monthly,2024-05-01,visits,bu_damped50_county,234878.13854175693,236713.0,0.007751418207884941,0.01,
monthly,2024-05-01,visits,bu_yoyfull_county,266465.2770835138,236713.0,0.12568924006503157,0.0,
monthly,2024-05-01,visits,mmf_select_county,241333.28629423195,236713.0,0.01951851522405601,0.0,
monthly,2024-05-01,visits,bu_damped_tuned_county,266465.2770835138,236713.0,0.12568924006503157,0.0,
monthly,2024-05-01,visits,bu_damped50_food_bank,234741.07339048223,236713.0,0.008330453373992075,0.02,
monthly,2024-05-01,visits,bu_yoyfull_food_bank,265886.48011429777,236713.0,0.12324409776521672,0.0,
monthly,2024-05-01,visits,mmf_select_food_bank,242250.8139044689,236713.0,0.02339463360469818,0.0,
monthly,2024-05-01,visits,bu_damped_tuned_food_bank,265886.48011429777,236713.0,0.12324409776521672,0.0,
monthly,2024-05-01,visits,bu_damped50_site,236648.38527767354,236713.0,0.00027296651356900625,0.02,
monthly,2024-05-01,visits,bu_yoyfull_site,266526.10388868046,236713.0,0.12594620442764226,0.0,
monthly,2024-05-01,visits,mmf_select_site,242945.08821189185,236713.0,0.02632761281337248,0.0,
monthly,2024-05-01,visits,bu_damped_tuned_site,266526.10388868046,236713.0,0.12594620442764226,0.0,
monthly,2024-05-01,visits,bu_seasonal_level_county,266169.52616035286,236713.0,0.12443983287927929,0.0,
monthly,2024-05-01,visits,ets_food_bank,249110.95225715975,236713.0,0.052375459975412264,0.26,
monthly,2024-05-01,visits,ets_site_group,263886.90702109114,236713.0,0.1147968511281221,0.2,
monthly,2024-05-01,visits,global_lgbm_county,245759.24549193803,236713.0,0.03821609075943444,0.07,
monthly,2024-05-01,visits,global_ridge_county,262784.69080732984,236713.0,0.11014051111400658,0.01,
monthly,2024-05-01,visits,global_lgbm_county_w18,245759.24549193803,236713.0,0.03821609075943444,0.12,
monthly,2024-05-01,visits,global_ridge_county_w18,262784.69080732984,236713.0,0.11014051111400658,0.01,
monthly,2024-05-01,visits,global_lgbm_site_churn,241535.80407813887,236713.0,0.02037405667681491,0.22,
monthly,2024-05-01,visits,global_ridge_site_churn,267764.71575909667,236713.0,0.13117875131106738,0.02,
monthly,2024-05-01,visits,global_lgbm_food_bank,238960.75162121048,236713.0,0.009495683047447745,0.01,
monthly,2024-05-01,visits,ratio_via_visits_county,234878.13854175693,236713.0,0.007751418207884941,0.0,
monthly,2024-05-01,visits,ens_county_damped_lgbm_ridge,247807.3582803416,236713.0,0.04686839455518532,0.0,
monthly,2024-05-01,visits,ens_site_damped_lgbm,239092.0946779062,236713.0,0.010050545081622841,0.0,
monthly,2024-05-01,visits,seasonal_naive,203291.0,236713.0,0.14119207648080168,0.0,
monthly,2024-05-01,visits,damped_yoy_3m,234962.79842748173,236713.0,0.007393770399252597,0.0,
monthly,2024-05-01,pounds,bu_damped50_county,12885103.126878172,13259350.76,0.028225185372637962,0.02,
monthly,2024-05-01,pounds,bu_yoyfull_county,14113783.343756348,13259350.76,0.06444000156734275,0.0,
monthly,2024-05-01,pounds,mmf_select_county,12694656.266132394,13259350.76,0.042588396980276166,0.0,
monthly,2024-05-01,pounds,bu_damped_tuned_county,14113783.343756348,13259350.76,0.06444000156734275,0.0,
monthly,2024-05-01,pounds,bu_damped50_food_bank,12824390.75225743,13259350.76,0.0328040200169325,0.03,
monthly,2024-05-01,pounds,bu_yoyfull_food_bank,14014563.26118153,13259350.76,0.056956974353511214,0.0,
monthly,2024-05-01,pounds,mmf_select_food_bank,12709937.434707373,13259350.76,0.041435914566048226,0.0,
monthly,2024-05-01,pounds,bu_damped_tuned_food_bank,14014563.26118153,13259350.76,0.056956974353511214,0.0,
monthly,2024-05-01,pounds,bu_damped50_site,13044142.966278996,13259350.76,0.016230643386418997,0.02,
monthly,2024-05-01,pounds,bu_yoyfull_site,14312939.922557991,13259350.76,0.07946008681936334,0.0,
monthly,2024-05-01,pounds,mmf_select_site,12739326.858862579,13259350.76,0.03921940904574284,0.0,
monthly,2024-05-01,pounds,bu_damped_tuned_site,13678541.444418494,13259350.76,0.03161472171647217,0.01,
monthly,2024-05-01,pounds,bu_seasonal_level_county,14089682.559958044,13259350.76,0.06262235723207055,0.0,
monthly,2024-05-01,pounds,ets_food_bank,13847214.742604055,13259350.76,0.04433580446317831,0.44,
monthly,2024-05-01,pounds,ets_site_group,14135533.201708263,13259350.76,0.06608034266289087,0.21,
monthly,2024-05-01,pounds,global_lgbm_county,12903224.327939408,13259350.76,0.02685851204230394,0.11,
monthly,2024-05-01,pounds,global_ridge_county,13309108.711626444,13259350.76,0.0037526687789684043,0.01,
monthly,2024-05-01,pounds,global_lgbm_county_w18,12903224.327939408,13259350.76,0.02685851204230394,0.12,
monthly,2024-05-01,pounds,global_ridge_county_w18,13309108.711626444,13259350.76,0.0037526687789684043,0.01,
monthly,2024-05-01,pounds,global_lgbm_site_churn,12467118.02577427,13259350.76,0.0597489838352937,0.23,
monthly,2024-05-01,pounds,global_ridge_site_churn,13024432.449224489,13259350.76,0.01771718050360338,0.02,
monthly,2024-05-01,pounds,global_lgbm_food_bank,13472241.617329048,13259350.76,0.016055903579478725,0.02,
monthly,2024-05-01,pounds,ratio_via_visits_county,12887991.200478844,13259350.76,0.02800737126899533,0.0,
monthly,2024-05-01,pounds,ens_county_damped_lgbm_ridge,13032478.722148007,13259350.76,0.01711034287865787,0.0,
monthly,2024-05-01,pounds,ens_site_damped_lgbm,12755630.496026633,13259350.76,0.037989813610856404,0.0,
monthly,2024-05-01,pounds,seasonal_naive,11622829.91,13259350.76,0.12342390510830714,0.0,
monthly,2024-05-01,pounds,damped_yoy_3m,12819715.666408252,13259350.76,0.03315660785730268,0.0,
monthly,2024-05-01,individuals,bu_damped50_county,723665.55066137,762730.0,0.0512166157600068,0.02,
monthly,2024-05-01,individuals,bu_yoyfull_county,830958.1013227401,762730.0,0.08945249475271733,0.0,
monthly,2024-05-01,individuals,mmf_select_county,772099.9827164744,762730.0,0.012284796345331195,0.0,
monthly,2024-05-01,individuals,bu_damped_tuned_county,830958.1013227401,762730.0,0.08945249475271733,0.0,
monthly,2024-05-01,individuals,bu_damped50_food_bank,722821.1259298667,762730.0,0.052323724083402134,0.03,
monthly,2024-05-01,individuals,bu_yoyfull_food_bank,828007.5851930666,762730.0,0.08558413225265382,0.0,
monthly,2024-05-01,individuals,mmf_select_food_bank,763634.5293672848,762730.0,0.0011859103054616682,0.0,
monthly,2024-05-01,individuals,bu_damped_tuned_food_bank,828007.5851930666,762730.0,0.08558413225265382,0.0,
monthly,2024-05-01,individuals,bu_damped50_site,729175.9775957023,762730.0,0.04399200556461358,0.03,
monthly,2024-05-01,individuals,bu_yoyfull_site,830966.6218580713,762730.0,0.0894636658556387,0.0,
monthly,2024-05-01,individuals,mmf_select_site,762354.6057252849,762730.0,0.0004921719018723403,0.0,
monthly,2024-05-01,individuals,bu_damped_tuned_site,830966.6218580713,762730.0,0.0894636658556387,0.01,
monthly,2024-05-01,individuals,bu_seasonal_level_county,831344.4918399815,762730.0,0.08995908360754323,0.0,
monthly,2024-05-01,individuals,ets_food_bank,787839.3557495235,762730.0,0.03292037254273916,0.54,
monthly,2024-05-01,individuals,ets_site_group,772689.9296561263,762730.0,0.013058263941534198,0.32,
monthly,2024-05-01,individuals,global_lgbm_county,795967.9702997485,762730.0,0.0435776359914366,0.11,
monthly,2024-05-01,individuals,global_ridge_county,813913.134169473,762730.0,0.0671051802990219,0.0,
monthly,2024-05-01,individuals,global_lgbm_county_w18,795967.9702997485,762730.0,0.0435776359914366,0.1,
monthly,2024-05-01,individuals,global_ridge_county_w18,813913.134169473,762730.0,0.0671051802990219,0.01,
monthly,2024-05-01,individuals,global_lgbm_site_churn,765310.7144141383,762730.0,0.003383522890326063,0.21,
monthly,2024-05-01,individuals,global_ridge_site_churn,807078.278557418,762730.0,0.05814413823688325,0.02,
monthly,2024-05-01,individuals,global_lgbm_food_bank,771559.7289022584,762730.0,0.011576480408871381,0.02,
monthly,2024-05-01,individuals,ratio_via_visits_county,721643.2379583585,762730.0,0.05386802937034274,0.0,
monthly,2024-05-01,individuals,ens_county_damped_lgbm_ridge,777848.8850435304,762730.0,0.019822066843483865,0.0,
monthly,2024-05-01,individuals,ens_site_damped_lgbm,747243.3460049203,762730.0,0.020304241337143814,0.0,
monthly,2024-05-01,individuals,seasonal_naive,616373.0,762730.0,0.19188572627273082,0.0,
monthly,2024-05-01,individuals,damped_yoy_3m,723184.2080651587,762730.0,0.051847694380503295,0.0,
monthly,2024-06-01,visits,bu_damped50_county,241159.8801320538,229388.0,0.05131863973727402,0.02,
monthly,2024-06-01,visits,bu_yoyfull_county,264191.7602641075,229388.0,0.1517244156804518,0.0,
monthly,2024-06-01,visits,mmf_select_county,239254.97003535647,229388.0,0.043014325227808126,0.0,
monthly,2024-06-01,visits,bu_damped_tuned_county,252675.82019808068,229388.0,0.10152152770886302,0.0,
monthly,2024-06-01,visits,bu_damped50_food_bank,240543.92282654933,229388.0,0.0486334194750786,0.02,
monthly,2024-06-01,visits,bu_yoyfull_food_bank,263384.8456530987,229388.0,0.14820673118514804,0.0,
monthly,2024-06-01,visits,mmf_select_food_bank,238520.73232215503,229388.0,0.03981347028682847,0.0,
monthly,2024-06-01,visits,bu_damped_tuned_food_bank,251964.38423982402,229388.0,0.09842007533011321,0.0,
monthly,2024-06-01,visits,bu_damped50_site,243999.8979557245,229388.0,0.06369948713849238,0.02,
monthly,2024-06-01,visits,bu_yoyfull_site,265121.79591144895,229388.0,0.15577883721663266,0.0,
monthly,2024-06-01,visits,mmf_select_site,239484.49304696755,229388.0,0.044014913800929145,0.0,
monthly,2024-06-01,visits,bu_damped_tuned_site,265121.79591144895,229388.0,0.15577883721663266,0.0,
monthly,2024-06-01,visits,bu_seasonal_level_county,263809.316175366,229388.0,0.1500571789952656,0.0,
monthly,2024-06-01,visits,ets_food_bank,274823.39541206957,229388.0,0.19807224184381744,0.38,
monthly,2024-06-01,visits,ets_site_group,283033.93178617867,229388.0,0.23386546718302026,0.2,
monthly,2024-06-01,visits,global_lgbm_county,257280.4889600881,229388.0,0.12159524020475398,0.09,
monthly,2024-06-01,visits,global_ridge_county,264216.2444241491,229388.0,0.15183115256312063,0.0,
monthly,2024-06-01,visits,global_lgbm_county_w18,257280.4889600881,229388.0,0.12159524020475398,0.1,
monthly,2024-06-01,visits,global_ridge_county_w18,264216.2444241491,229388.0,0.15183115256312063,0.01,
monthly,2024-06-01,visits,global_lgbm_site_churn,249977.01727178437,229388.0,0.08975629619589687,0.2,
monthly,2024-06-01,visits,global_ridge_site_churn,274885.98568739404,229388.0,0.19834509951433388,0.02,
monthly,2024-06-01,visits,global_lgbm_food_bank,242835.92605816756,229388.0,0.05862523784229157,0.02,
monthly,2024-06-01,visits,ratio_via_visits_county,241159.8801320538,229388.0,0.05131863973727402,0.0,
monthly,2024-06-01,visits,ens_county_damped_lgbm_ridge,254218.87117209702,229388.0,0.1082483441683828,0.0,
monthly,2024-06-01,visits,ens_site_damped_lgbm,246988.45761375444,229388.0,0.07672789166719451,0.0,
monthly,2024-06-01,visits,seasonal_naive,217703.0,229388.0,0.050939892234990514,0.0,
monthly,2024-06-01,visits,damped_yoy_3m,240626.4247142035,229388.0,0.0489930803451073,0.0,
monthly,2024-06-01,pounds,bu_damped50_county,12868563.185728824,12496300.72,0.029789813327157466,0.02,
monthly,2024-06-01,pounds,bu_yoyfull_county,13748008.171457658,12496300.72,0.1001662395539451,0.0,
monthly,2024-06-01,pounds,mmf_select_county,12777016.837749163,12496300.72,0.022463937451495886,0.0,
monthly,2024-06-01,pounds,bu_damped_tuned_county,13748008.171457658,12496300.72,0.1001662395539451,0.0,
monthly,2024-06-01,pounds,bu_damped50_food_bank,12873212.588674415,12496300.72,0.030161875671828042,0.03,
monthly,2024-06-01,pounds,bu_yoyfull_food_bank,13757306.977348827,12496300.72,0.10091036424328514,0.0,
monthly,2024-06-01,pounds,mmf_select_food_bank,12832803.742629824,12496300.72,0.026928211009779712,0.0,
monthly,2024-06-01,pounds,bu_damped_tuned_food_bank,13757306.977348827,12496300.72,0.10091036424328514,0.0,
monthly,2024-06-01,pounds,bu_damped50_site,13208706.999241762,12496300.72,0.05700937383025462,0.02,
monthly,2024-06-01,pounds,bu_yoyfull_site,14185570.515150188,12496300.72,0.13518158957606996,0.0,
monthly,2024-06-01,pounds,mmf_select_site,12871243.225940943,12496300.72,0.030004280013912865,0.0,
monthly,2024-06-01,pounds,bu_damped_tuned_site,13697138.757195974,12496300.72,0.09609548170316229,0.01,
monthly,2024-06-01,pounds,bu_seasonal_level_county,13767427.483263822,12496300.72,0.10172024439436034,0.0,
monthly,2024-06-01,pounds,ets_food_bank,14085375.51623326,12496300.72,0.12716361680461064,0.32,
monthly,2024-06-01,pounds,ets_site_group,14145377.072879307,12496300.72,0.13196516231719713,0.11,
monthly,2024-06-01,pounds,global_lgbm_county,13576254.327277701,12496300.72,0.0864218644762016,0.1,
monthly,2024-06-01,pounds,global_ridge_county,14266769.595957285,12496300.72,0.14167943902979996,0.01,
monthly,2024-06-01,pounds,global_lgbm_county_w18,13576254.327277701,12496300.72,0.0864218644762016,0.08,
monthly,2024-06-01,pounds,global_ridge_county_w18,14266769.595957285,12496300.72,0.14167943902979996,0.0,
monthly,2024-06-01,pounds,global_lgbm_site_churn,12913447.352968046,12496300.72,0.03338160967112569,0.2,
monthly,2024-06-01,pounds,global_ridge_site_churn,13392446.823026223,12496300.72,0.07171291113312961,0.01,
monthly,2024-06-01,pounds,global_lgbm_food_bank,14382658.18661452,12496300.72,0.1509532708024106,0.02,
monthly,2024-06-01,pounds,ratio_via_visits_county,12921352.548744578,12496300.72,0.03401421254726156,0.0,
monthly,2024-06-01,pounds,ens_county_damped_lgbm_ridge,13570529.03632127,12496300.72,0.08596370561105293,0.0,
monthly,2024-06-01,pounds,ens_site_damped_lgbm,13061077.176104903,12496300.72,0.04519549175069004,0.0,
monthly,2024-06-01,pounds,seasonal_naive,11989118.2,12496300.72,0.040586612899629504,0.0,
monthly,2024-06-01,pounds,damped_yoy_3m,12858592.145132402,12496300.72,0.028991893941265667,0.0,
monthly,2024-06-01,individuals,bu_damped50_county,747795.1949719491,725005.0,0.03143453489555115,0.02,
monthly,2024-06-01,individuals,bu_yoyfull_county,831932.3899438982,725005.0,0.1474850379568391,0.0,
monthly,2024-06-01,individuals,mmf_select_county,765709.0775523214,725005.0,0.056143168050318826,0.0,
monthly,2024-06-01,individuals,bu_damped_tuned_county,831932.3899438982,725005.0,0.1474850379568391,0.02,
monthly,2024-06-01,individuals,bu_damped50_food_bank,747106.5176512415,725005.0,0.030484641693838688,0.03,
monthly,2024-06-01,individuals,bu_yoyfull_food_bank,830555.035302483,725005.0,0.14558525155341417,0.0,
monthly,2024-06-01,individuals,mmf_select_food_bank,764527.8500358231,725005.0,0.05451389995354927,0.0,
monthly,2024-06-01,individuals,bu_damped_tuned_food_bank,830555.035302483,725005.0,0.14558525155341417,0.0,
monthly,2024-06-01,individuals,bu_damped50_site,758356.4708567287,725005.0,0.04600171151471888,0.02,
monthly,2024-06-01,individuals,bu_yoyfull_site,837775.6083801242,725005.0,0.15554459400986786,0.0,
monthly,2024-06-01,individuals,mmf_select_site,769286.9956528523,725005.0,0.06107819346466892,0.0,
monthly,2024-06-01,individuals,bu_damped_tuned_site,837775.6083801242,725005.0,0.15554459400986786,0.0,
monthly,2024-06-01,individuals,bu_seasonal_level_county,832436.7756731757,725005.0,0.14818073761308637,0.0,
monthly,2024-06-01,individuals,ets_food_bank,818355.9599604206,725005.0,0.12875905677949895,0.39,
monthly,2024-06-01,individuals,ets_site_group,767743.3450590908,725005.0,0.058949034915746434,0.23,
monthly,2024-06-01,individuals,global_lgbm_county,799459.3028017821,725005.0,0.10269488183085929,0.08,
monthly,2024-06-01,individuals,global_ridge_county,824569.0974156753,725005.0,0.13732884244339738,0.0,
monthly,2024-06-01,individuals,global_lgbm_county_w18,799459.3028017821,725005.0,0.10269488183085929,0.09,
monthly,2024-06-01,individuals,global_ridge_county_w18,824569.0974156753,725005.0,0.13732884244339738,0.01,
monthly,2024-06-01,individuals,global_lgbm_site_churn,755767.7274795497,725005.0,0.042431055619684965,0.18,
monthly,2024-06-01,individuals,global_ridge_site_churn,829155.4632411582,725005.0,0.14365482064421364,0.01,
monthly,2024-06-01,individuals,global_lgbm_food_bank,820729.2901090662,725005.0,0.13203259302910486,0.02,
monthly,2024-06-01,individuals,ratio_via_visits_county,748456.3300035706,725005.0,0.032346438995001,0.0,
monthly,2024-06-01,individuals,ens_county_damped_lgbm_ridge,790607.8650631355,725005.0,0.09048608638993594,0.0,
monthly,2024-06-01,individuals,ens_site_damped_lgbm,757062.0991681393,725005.0,0.04421638356720203,0.0,
monthly,2024-06-01,individuals,seasonal_naive,663658.0,725005.0,0.0846159681657368,0.0,
monthly,2024-06-01,individuals,damped_yoy_3m,748064.094940695,725005.0,0.031805428846276795,0.0,
monthly,2024-07-01,visits,bu_damped50_county,228905.1377889196,235324.0,0.027276700256159248,0.01,
monthly,2024-07-01,visits,bu_yoyfull_county,246977.27557783914,235324.0,0.0495201321490335,0.0,
monthly,2024-07-01,visits,mmf_select_county,230579.92030222635,235324.0,0.02015977842367822,0.0,
monthly,2024-07-01,visits,bu_damped_tuned_county,237941.20668337934,235324.0,0.01112171594643696,0.0,
monthly,2024-07-01,visits,bu_damped50_food_bank,226939.82293909325,235324.0,0.035628227723932704,0.02,
monthly,2024-07-01,visits,bu_yoyfull_food_bank,243046.6458781865,235324.0,0.03281707721348659,0.0,
monthly,2024-07-01,visits,mmf_select_food_bank,234108.11791530944,235324.0,0.005166842670915717,0.0,
monthly,2024-07-01,visits,bu_damped_tuned_food_bank,234993.2344086399,235324.0,0.0014055752552230016,0.0,
monthly,2024-07-01,visits,bu_damped50_site,225636.0700045719,235324.0,0.04116847408436075,0.02,
monthly,2024-07-01,visits,bu_yoyfull_site,240970.80667581043,235324.0,0.023995880895320676,0.0,
monthly,2024-07-01,visits,mmf_select_site,235269.86442563403,235324.0,0.0002300469750895484,0.0,
monthly,2024-07-01,visits,bu_damped_tuned_site,233303.43834019115,235324.0,0.008586296594520149,0.01,
monthly,2024-07-01,visits,bu_seasonal_level_county,247134.79466978594,235324.0,0.05018950327967375,0.0,
monthly,2024-07-01,visits,ets_food_bank,239019.2361922857,235324.0,0.015702759566749158,0.3,
monthly,2024-07-01,visits,ets_site_group,236649.17105985674,235324.0,0.0056312618341383125,0.14,
monthly,2024-07-01,visits,global_lgbm_county,226412.90985245584,235324.0,0.03786732397691761,0.08,
monthly,2024-07-01,visits,global_ridge_county,229677.25051981944,235324.0,0.02399563784476111,0.01,
monthly,2024-07-01,visits,global_lgbm_county_w18,226412.90985245584,235324.0,0.03786732397691761,0.09,
monthly,2024-07-01,visits,global_ridge_county_w18,229677.25051981944,235324.0,0.02399563784476111,0.01,
monthly,2024-07-01,visits,global_lgbm_site_churn,238040.1518422295,235324.0,0.011542179472682434,0.2,
monthly,2024-07-01,visits,global_ridge_site_churn,238314.64279381055,235324.0,0.012708617879224171,0.02,
monthly,2024-07-01,visits,global_lgbm_food_bank,241143.31183110573,235324.0,0.02472893470749149,0.02,
monthly,2024-07-01,visits,ratio_via_visits_county,228905.1377889196,235324.0,0.027276700256159248,0.0,
monthly,2024-07-01,visits,ens_county_damped_lgbm_ridge,228331.76605373164,235324.0,0.02971322069261262,0.0,
monthly,2024-07-01,visits,ens_site_damped_lgbm,231838.1109234007,235324.0,0.014813147305839158,0.0,
monthly,2024-07-01,visits,seasonal_naive,210833.0,235324.0,0.104073532661352,0.0,
monthly,2024-07-01,visits,damped_yoy_3m,226682.98808425595,235324.0,0.03671963724798166,0.0,
monthly,2024-07-01,pounds,bu_damped50_county,12308802.462880509,13293611.25,0.07408135897756829,0.01,
monthly,2024-07-01,pounds,bu_yoyfull_county,13196645.76576101,13293611.25,0.007294141705775359,0.0,
monthly,2024-07-01,pounds,mmf_select_county,12759151.691153543,13293611.25,0.040204241631216386,0.0,
monthly,2024-07-01,pounds,bu_damped_tuned_county,13196645.76576101,13293611.25,0.007294141705775359,0.0,
monthly,2024-07-01,pounds,bu_damped50_food_bank,12165150.37273155,13293611.25,0.08488745879856008,0.03,
monthly,2024-07-01,pounds,bu_yoyfull_food_bank,12909341.5854631,13293611.25,0.02890634134775838,0.0,
monthly,2024-07-01,pounds,mmf_select_food_bank,12827079.628059804,13293611.25,0.0350944234163757,0.0,
monthly,2024-07-01,pounds,bu_damped_tuned_food_bank,12909341.5854631,13293611.25,0.02890634134775838,0.0,
monthly,2024-07-01,pounds,bu_damped50_site,12256831.779295959,13293611.25,0.07799080710322726,0.02,
monthly,2024-07-01,pounds,bu_yoyfull_site,13131152.39859192,13293611.25,0.012220821592633824,0.0,
monthly,2024-07-01,pounds,mmf_select_site,12723326.211305486,13293611.25,0.04289918126607728,0.0,
monthly,2024-07-01,pounds,bu_damped_tuned_site,12693992.08894394,13293611.25,0.045105814347930484,0.01,
monthly,2024-07-01,pounds,bu_seasonal_level_county,13200210.986314509,13293611.25,0.007025951182790258,0.0,
monthly,2024-07-01,pounds,ets_food_bank,12913650.38054362,13293611.25,0.028582216096952662,0.4,
monthly,2024-07-01,pounds,ets_site_group,12256129.29303676,13293611.25,0.078043651002901,0.16,
monthly,2024-07-01,pounds,global_lgbm_county,12505722.49804149,13293611.25,0.05926822570191448,0.09,
monthly,2024-07-01,pounds,global_ridge_county,13215051.937520124,13293611.25,0.005909553920487642,0.0,
monthly,2024-07-01,pounds,global_lgbm_county_w18,12505722.49804149,13293611.25,0.05926822570191448,0.08,
monthly,2024-07-01,pounds,global_ridge_county_w18,13215051.937520124,13293611.25,0.005909553920487642,0.01,
monthly,2024-07-01,pounds,global_lgbm_site_churn,12125663.40847371,13293611.25,0.08785783031877736,0.17,
monthly,2024-07-01,pounds,global_ridge_site_churn,13168632.26881336,13293611.25,0.009401431923672376,0.01,
monthly,2024-07-01,pounds,global_lgbm_food_bank,13571300.884005804,13293611.25,0.020888954008325245,0.01,
monthly,2024-07-01,pounds,ratio_via_visits_county,12289656.536979485,13293611.25,0.07552159410562831,0.0,
monthly,2024-07-01,pounds,ens_county_damped_lgbm_ridge,12676525.63281404,13293611.25,0.046419712866656915,0.0,
monthly,2024-07-01,pounds,ens_site_damped_lgbm,12191247.593884833,13293611.25,0.08292431871100236,0.0,
monthly,2024-07-01,pounds,seasonal_naive,11420959.16,13293611.25,0.1408685762493619,0.0,
monthly,2024-07-01,pounds,damped_yoy_3m,12162715.637110613,13293611.25,0.08507060960500001,0.0,
monthly,2024-07-01,individuals,bu_damped50_county,712985.9553908496,732973.0,0.02726845956010715,0.01,
monthly,2024-07-01,individuals,bu_yoyfull_county,783818.9107816997,732973.0,0.06936941849385958,0.0,
monthly,2024-07-01,individuals,mmf_select_county,768465.8758024451,732973.0,0.04842316947888281,0.0,
monthly,2024-07-01,individuals,bu_damped_tuned_county,783818.9107816997,732973.0,0.06936941849385958,0.0,
monthly,2024-07-01,individuals,bu_damped50_food_bank,706688.5742556641,732973.0,0.03586001905163749,0.01,
monthly,2024-07-01,individuals,bu_yoyfull_food_bank,771224.1485113284,732973.0,0.05218629951079823,0.0,
monthly,2024-07-01,individuals,mmf_select_food_bank,748630.8428228645,732973.0,0.021362100408697904,0.0,
monthly,2024-07-01,individuals,bu_damped_tuned_food_bank,771224.1485113284,732973.0,0.05218629951079823,0.0,
monthly,2024-07-01,individuals,bu_damped50_site,704865.114599952,732973.0,0.038347777339749256,0.01,
monthly,2024-07-01,individuals,bu_yoyfull_site,764005.229199904,732973.0,0.04233747927946063,0.0,
monthly,2024-07-01,individuals,mmf_select_site,756641.9316814668,732973.0,0.032291682888001105,0.0,
monthly,2024-07-01,individuals,bu_damped_tuned_site,764005.229199904,732973.0,0.04233747927946063,0.0,
monthly,2024-07-01,individuals,bu_seasonal_level_county,784053.5239622153,732973.0,0.06968950283600517,0.0,
monthly,2024-07-01,individuals,ets_food_bank,703622.3097409926,732973.0,0.040043344378315915,0.33,
monthly,2024-07-01,individuals,ets_site_group,675302.0822000131,732973.0,0.07868082153092526,0.19,
monthly,2024-07-01,individuals,global_lgbm_county,725404.4098920294,732973.0,0.010325878453873005,0.08,
monthly,2024-07-01,individuals,global_ridge_county,747943.8365328377,732973.0,0.020424813100670347,0.01,
monthly,2024-07-01,individuals,global_lgbm_county_w18,725404.4098920294,732973.0,0.010325878453873005,0.09,
monthly,2024-07-01,individuals,global_ridge_county_w18,747943.8365328377,732973.0,0.020424813100670347,0.0,
monthly,2024-07-01,individuals,global_lgbm_site_churn,714726.3290486315,732973.0,0.024894056058502145,0.16,
monthly,2024-07-01,individuals,global_ridge_site_churn,738957.9822923248,732973.0,0.008165351646410857,0.01,
monthly,2024-07-01,individuals,global_lgbm_food_bank,795635.6033186222,732973.0,0.08549101169977913,0.01,
monthly,2024-07-01,individuals,ratio_via_visits_county,712370.6160543718,732973.0,0.028107971160777012,0.0,
monthly,2024-07-01,individuals,ens_county_damped_lgbm_ridge,728778.0672719056,732973.0,0.005723174971103195,0.0,
monthly,2024-07-01,individuals,ens_site_damped_lgbm,709795.7218242917,732973.0,0.0316209166991257,0.0,
monthly,2024-07-01,individuals,seasonal_naive,642153.0,732973.0,0.1239063376140731,0.0,
monthly,2024-07-01,individuals,damped_yoy_3m,706505.7784658137,732973.0,0.03610940857874201,0.0,
monthly,2024-08-01,visits,bu_damped50_county,251316.3642004664,241478.0,0.0407422796298893,0.0,
monthly,2024-08-01,visits,bu_yoyfull_county,265389.7284009327,241478.0,0.09902238879290315,0.0,
monthly,2024-08-01,visits,mmf_select_county,238396.07479962497,241478.0,0.01276275768548285,0.0,
monthly,2024-08-01,visits,bu_damped_tuned_county,258353.04630069953,241478.0,0.06988233421139611,0.0,
monthly,2024-08-01,visits,bu_damped50_food_bank,250595.26807757936,241478.0,0.03775610232642035,0.0,
monthly,2024-08-01,visits,bu_yoyfull_food_bank,263947.53615515877,241478.0,0.09305003418596636,0.0,
monthly,2024-08-01,visits,mmf_select_food_bank,234408.53095814597,241478.0,0.02927583068376427,0.0,
monthly,2024-08-01,visits,bu_damped_tuned_food_bank,257271.40211636905,241478.0,0.06540306825619324,0.0,
monthly,2024-08-01,visits,bu_damped50_site,253257.69861046906,241478.0,0.04878166379740212,0.0,
monthly,2024-08-01,visits,bu_yoyfull_site,272103.7305542715,241478.0,0.12682617279533326,0.0,
monthly,2024-08-01,visits,mmf_select_site,244567.70784654218,241478.0,0.012794986899602456,0.0,
monthly,2024-08-01,visits,bu_damped_tuned_site,262680.71458237024,241478.0,0.08780391829636747,0.0,
monthly,2024-08-01,visits,bu_seasonal_level_county,265416.0220055838,241478.0,0.09913127492187201,0.0,
monthly,2024-08-01,visits,ets_food_bank,271185.47113323817,241478.0,0.12302350993977984,0.0,
monthly,2024-08-01,visits,ets_site_group,257949.54458635568,241478.0,0.06821136743867218,0.0,
monthly,2024-08-01,visits,global_lgbm_county,243536.9346238618,241478.0,0.008526385939347625,0.0,
monthly,2024-08-01,visits,global_ridge_county,265760.44629141176,241478.0,0.10055759237450923,0.0,
monthly,2024-08-01,visits,global_lgbm_county_w18,243536.9346238618,241478.0,0.008526385939347625,0.0,
monthly,2024-08-01,visits,global_ridge_county_w18,265760.44629141176,241478.0,0.10055759237450923,0.0,
monthly,2024-08-01,visits,global_lgbm_site_churn,248658.1830304361,241478.0,0.02973431546739702,0.0,
monthly,2024-08-01,visits,global_ridge_site_churn,266160.0717143372,241478.0,0.10221250678876426,0.0,
monthly,2024-08-01,visits,global_lgbm_food_bank,241804.59939981438,241478.0,0.001352501676402662,0.0,
monthly,2024-08-01,visits,ratio_via_visits_county,251316.3642004664,241478.0,0.0407422796298893,0.0,
monthly,2024-08-01,visits,ens_county_damped_lgbm_ridge,253537.91503858,241478.0,0.04994208598124872,0.0,
monthly,2024-08-01,visits,ens_site_damped_lgbm,250957.94082045258,241478.0,0.03925798963239946,0.0,
monthly,2024-08-01,visits,seasonal_naive,237243.0,241478.0,0.017537829533125215,0.0,
monthly,2024-08-01,visits,damped_yoy_3m,250309.58176526165,241478.0,0.03657302845502142,0.0,
monthly,2024-08-01,pounds,bu_damped50_county,13994938.290803704,13235462.38,0.057381894866879835,0.0,
monthly,2024-08-01,pounds,bu_yoyfull_county,14835690.801607411,13235462.38,0.12090461033121924,0.0,
monthly,2024-08-01,pounds,mmf_select_county,13167673.625513064,13235462.38,0.005121751892051218,0.0,
monthly,2024-08-01,pounds,bu_damped_tuned_county,14835690.801607411,13235462.38,0.12090461033121924,0.0,
monthly,2024-08-01,pounds,bu_damped50_food_bank,13912296.484792193,13235462.38,0.051137926682104595,0.0,
monthly,2024-08-01,pounds,bu_yoyfull_food_bank,14670407.18958439,13235462.38,0.10841667396166854,0.0,
monthly,2024-08-01,pounds,mmf_select_food_bank,13212477.943611851,13235462.38,0.0017365797830291019,0.0,
monthly,2024-08-01,pounds,bu_damped_tuned_food_bank,14670407.18958439,13235462.38,0.10841667396166854,0.0,
monthly,2024-08-01,pounds,bu_damped50_site,14069665.512312211,13235462.38,0.06302787982479319,0.0,
monthly,2024-08-01,pounds,bu_yoyfull_site,15141695.877957758,13235462.38,0.14402469994839406,0.0,
monthly,2024-08-01,pounds,mmf_select_site,13375646.491205225,13235462.38,0.010591553750102012,0.0,
monthly,2024-08-01,pounds,bu_damped_tuned_site,14605680.695134984,13235462.38,0.10352628988659363,0.0,
monthly,2024-08-01,pounds,bu_seasonal_level_county,14823816.749950316,13235462.38,0.12000747116704158,0.0,
monthly,2024-08-01,pounds,ets_food_bank,14849560.25479259,13235462.38,0.1219525112497497,0.0,
monthly,2024-08-01,pounds,ets_site_group,14509017.267141858,13235462.38,0.09622292373149843,0.0,
monthly,2024-08-01,pounds,global_lgbm_county,13562162.37832354,13235462.38,0.02468368606579352,0.0,
monthly,2024-08-01,pounds,global_ridge_county,15461260.827576505,13235462.38,0.16816930029886157,0.0,
monthly,2024-08-01,pounds,global_lgbm_county_w18,13562162.37832354,13235462.38,0.02468368606579352,0.0,
monthly,2024-08-01,pounds,global_ridge_county_w18,15461260.827576505,13235462.38,0.16816930029886157,0.0,
monthly,2024-08-01,pounds,global_lgbm_site_churn,13011189.946450748,13235462.38,0.01694481289056815,0.0,
monthly,2024-08-01,pounds,global_ridge_site_churn,15185912.713971954,13235462.38,0.14736548508643432,0.0,
monthly,2024-08-01,pounds,global_lgbm_food_bank,14144558.661833853,13235462.38,0.06868640140654092,0.0,
monthly,2024-08-01,pounds,ratio_via_visits_county,13962687.455981262,13235462.38,0.054945196102870186,0.0,
monthly,2024-08-01,pounds,ens_county_damped_lgbm_ridge,14339453.832234584,13235462.38,0.08341162707717831,0.0,
monthly,2024-08-01,pounds,ens_site_damped_lgbm,13540427.72938148,13235462.38,0.023041533467112574,0.0,
monthly,2024-08-01,pounds,seasonal_naive,13154185.78,13235462.38,0.00614082059745924,0.0,
monthly,2024-08-01,pounds,damped_yoy_3m,13908218.059881598,13235462.38,0.05082978293967222,0.0,
monthly,2024-08-01,individuals,bu_damped50_county,788911.0542786287,745923.0,0.05763068611455702,0.0,
monthly,2024-08-01,individuals,bu_yoyfull_county,848702.1085572576,745923.0,0.1377878260319867,0.0,
monthly,2024-08-01,individuals,mmf_select_county,758948.155994148,745923.0,0.017461796987286782,0.0,
monthly,2024-08-01,individuals,bu_damped_tuned_county,848702.1085572576,745923.0,0.1377878260319867,0.0,
monthly,2024-08-01,individuals,bu_damped50_food_bank,786384.3036903447,745923.0,0.054243271343482835,0.0,
monthly,2024-08-01,individuals,bu_yoyfull_food_bank,843648.6073806892,745923.0,0.13101299648983766,0.0,
monthly,2024-08-01,individuals,mmf_select_food_bank,742356.0158363488,745923.0,0.0047819736938682356,0.0,
monthly,2024-08-01,individuals,bu_damped_tuned_food_bank,843648.6073806892,745923.0,0.13101299648983766,0.0,
monthly,2024-08-01,individuals,bu_damped50_site,792943.213078392,745923.0,0.06303628267045247,0.0,
monthly,2024-08-01,individuals,bu_yoyfull_site,860851.7594901174,745923.0,0.1540759025933205,0.0,
monthly,2024-08-01,individuals,mmf_select_site,782071.6923941114,745923.0,0.04846169429567326,0.0,
monthly,2024-08-01,individuals,bu_damped_tuned_site,826897.4862842547,745923.0,0.10855609263188648,0.0,
monthly,2024-08-01,individuals,bu_seasonal_level_county,848795.2219001558,745923.0,0.13791265573008982,0.0,
monthly,2024-08-01,individuals,ets_food_bank,799522.3234986042,745923.0,0.07185637592433025,0.0,
monthly,2024-08-01,individuals,ets_site_group,784923.9153893188,745923.0,0.052285444193728825,0.0,
monthly,2024-08-01,individuals,global_lgbm_county,779921.0577139282,745923.0,0.04557850839017985,0.0,
monthly,2024-08-01,individuals,global_ridge_county,853437.1217792832,745923.0,0.1441356839503316,0.0,
monthly,2024-08-01,individuals,global_lgbm_county_w18,779921.0577139282,745923.0,0.04557850839017985,0.0,
monthly,2024-08-01,individuals,global_ridge_county_w18,853437.1217792832,745923.0,0.1441356839503316,0.0,
monthly,2024-08-01,individuals,global_lgbm_site_churn,771847.0960276031,745923.0,0.03475438621359461,0.0,
monthly,2024-08-01,individuals,global_ridge_site_churn,872907.3832687119,745923.0,0.170237924381889,0.0,
monthly,2024-08-01,individuals,global_lgbm_food_bank,826104.4552911865,745923.0,0.1074929386695227,0.0,
monthly,2024-08-01,individuals,ratio_via_visits_county,788078.2878561089,745923.0,0.056514262003060534,0.0,
monthly,2024-08-01,individuals,ens_county_damped_lgbm_ridge,807423.0779239467,745923.0,0.08244829281835608,0.0,
monthly,2024-08-01,individuals,ens_site_damped_lgbm,782395.1545529976,745923.0,0.04889533444202354,0.0,
monthly,2024-08-01,individuals,seasonal_naive,729120.0,745923.0,0.022526453802872437,0.0,
monthly,2024-08-01,individuals,damped_yoy_3m,785737.8417050604,745923.0,0.05337661086340062,0.0,
monthly,2024-09-01,visits,bu_damped50_county,220789.23539047374,236829.0,0.06772719814518602,0.01,
monthly,2024-09-01,visits,bu_yoyfull_county,227928.47078094754,236829.0,0.03758209180063443,0.0,
monthly,2024-09-01,visits,mmf_select_county,225845.00838237695,236829.0,0.046379419824527646,0.0,
monthly,2024-09-01,visits,bu_damped_tuned_county,224358.85308571067,236829.0,0.05265464497291017,0.0,
monthly,2024-09-01,visits,bu_damped50_food_bank,220281.08069982284,236829.0,0.06987285889894046,0.03,
monthly,2024-09-01,visits,bu_yoyfull_food_bank,226912.16139964567,236829.0,0.04187341330814354,0.0,
monthly,2024-09-01,visits,mmf_select_food_bank,232222.83917076743,236829.0,0.01944931080751333,0.0,
monthly,2024-09-01,visits,bu_damped_tuned_food_bank,223596.6210497343,236829.0,0.05587313610354183,0.0,
monthly,2024-09-01,visits,bu_damped50_site,220934.69992268406,236829.0,0.06711298057803705,0.01,
monthly,2024-09-01,visits,bu_yoyfull_site,233365.73317870146,236829.0,0.014623491300890246,0.0,
monthly,2024-09-01,visits,mmf_select_site,234840.6466362025,236829.0,0.00839573432222196,0.0,
monthly,2024-09-01,visits,bu_damped_tuned_site,227150.21655069274,236829.0,0.04086823593946376,0.0,
monthly,2024-09-01,visits,bu_seasonal_level_county,228027.22305124666,236829.0,0.037165114697749635,0.0,
monthly,2024-09-01,visits,ets_food_bank,233193.51366246789,236829.0,0.015350680607240319,0.39,
monthly,2024-09-01,visits,ets_site_group,249818.42954970678,236829.0,0.05484729298230695,0.17,
monthly,2024-09-01,visits,global_lgbm_county,233802.36514894333,236829.0,0.012779832077391973,0.08,
monthly,2024-09-01,visits,global_ridge_county,233569.35819550534,236829.0,0.013763693654470832,0.01,
monthly,2024-09-01,visits,global_lgbm_county_w18,232258.4488139818,236829.0,0.019298950660679992,0.09,
monthly,2024-09-01,visits,global_ridge_county_w18,234874.31317907386,236829.0,0.00825357883082789,0.0,
monthly,2024-09-01,visits,global_lgbm_site_churn,240391.8700618879,236829.0,0.015044061588267876,0.21,
monthly,2024-09-01,visits,global_ridge_site_churn,243260.82301737982,236829.0,0.027158088820962822,0.02,
monthly,2024-09-01,visits,global_lgbm_food_bank,237029.55542169468,236829.0,0.0008468364165481468,0.02,
monthly,2024-09-01,visits,ratio_via_visits_county,220789.23539047374,236829.0,0.06772719814518602,0.0,
monthly,2024-09-01,visits,ens_county_damped_lgbm_ridge,229386.9862449741,236829.0,0.031423574625683015,0.0,
monthly,2024-09-01,visits,ens_site_damped_lgbm,230663.28499228598,236829.0,0.026034459494884588,0.0,
monthly,2024-09-01,visits,seasonal_naive,213650.0,236829.0,0.09787230448973727,0.0,
monthly,2024-09-01,visits,damped_yoy_3m,220133.99104657857,236829.0,0.07049393846793017,0.0,
monthly,2024-09-01,pounds,bu_damped50_county,12471649.546004254,12209702.0,0.02145404908361037,0.01,
monthly,2024-09-01,pounds,bu_yoyfull_county,12913337.58200851,12209702.0,0.05762921830594325,0.0,
monthly,2024-09-01,pounds,mmf_select_county,12982680.665261613,12209702.0,0.06330856111489158,0.0,
monthly,2024-09-01,pounds,bu_damped_tuned_county,12692493.56400638,12209702.0,0.03954163369477648,0.0,
monthly,2024-09-01,pounds,bu_damped50_food_bank,12426918.30693405,12209702.0,0.017790467526074716,0.02,
monthly,2024-09-01,pounds,bu_yoyfull_food_bank,12823875.1038681,12209702.0,0.05030205519087194,0.0,
monthly,2024-09-01,pounds,mmf_select_food_bank,13043862.263333334,12209702.0,0.06831946130489785,0.0,
monthly,2024-09-01,pounds,bu_damped_tuned_food_bank,12823875.1038681,12209702.0,0.05030205519087194,0.0,
monthly,2024-09-01,pounds,bu_damped50_site,12436425.967880685,12209702.0,0.018569164741341293,0.01,
monthly,2024-09-01,pounds,bu_yoyfull_site,13071062.759094704,12209702.0,0.07054723850710731,0.0,
monthly,2024-09-01,pounds,mmf_select_site,13019589.284999007,12209702.0,0.066331453871602,0.0,
monthly,2024-09-01,pounds,bu_damped_tuned_site,12753744.363487694,12209702.0,0.0445582016242243,0.01,
monthly,2024-09-01,pounds,bu_seasonal_level_county,12923945.277954008,12209702.0,0.058498010676592216,0.0,
monthly,2024-09-01,pounds,ets_food_bank,13489819.20602341,12209702.0,0.10484426286762849,0.44,
monthly,2024-09-01,pounds,ets_site_group,14563063.105733227,12209702.0,0.19274517148192705,0.17,
monthly,2024-09-01,pounds,global_lgbm_county,13040870.324019207,12209702.0,0.06807441524938174,0.11,
monthly,2024-09-01,pounds,global_ridge_county,14148339.517228777,12209702.0,0.15877844661800733,0.01,
monthly,2024-09-01,pounds,global_lgbm_county_w18,13143446.556297716,12209702.0,0.07647562211573344,0.1,
monthly,2024-09-01,pounds,global_ridge_county_w18,14688744.08560203,12209702.0,0.20303870525275958,0.01,
monthly,2024-09-01,pounds,global_lgbm_site_churn,13753706.704355989,12209702.0,0.12645719808362132,0.22,
monthly,2024-09-01,pounds,global_ridge_site_churn,13845505.187818635,12209702.0,0.1339756848953919,0.01,
monthly,2024-09-01,pounds,global_lgbm_food_bank,13377025.734890658,12209702.0,0.09560624287887265,0.02,
monthly,2024-09-01,pounds,ratio_via_visits_county,12470696.875983233,12209702.0,0.021376023426553203,0.0,
monthly,2024-09-01,pounds,ens_county_damped_lgbm_ridge,13220286.46241741,12209702.0,0.08276897031699959,0.0,
monthly,2024-09-01,pounds,ens_site_damped_lgbm,13095066.336118337,12209702.0,0.07251318141248131,0.0,
monthly,2024-09-01,pounds,seasonal_naive,12029961.51,12209702.0,0.01472112013872251,0.0,
monthly,2024-09-01,pounds,damped_yoy_3m,12434825.037739746,12209702.0,0.018438045231550015,0.0,
monthly,2024-09-01,individuals,bu_damped50_county,692960.4277446239,729144.0,0.04962472742747126,0.01,
monthly,2024-09-01,individuals,bu_yoyfull_county,721609.8554892475,729144.0,0.010332862247721342,0.0,
monthly,2024-09-01,individuals,mmf_select_county,718473.8864441484,729144.0,0.014633753491562151,0.0,
monthly,2024-09-01,individuals,bu_damped_tuned_county,707285.1416169353,729144.0,0.02997879483759691,0.0,
monthly,2024-09-01,individuals,bu_damped50_food_bank,691843.6161096753,729144.0,0.05115640242575503,0.02,
monthly,2024-09-01,individuals,bu_yoyfull_food_bank,719376.2322193506,729144.0,0.01339621224428833,0.0,
monthly,2024-09-01,individuals,mmf_select_food_bank,732612.6845738776,729144.0,0.0047572010108807294,0.0,
monthly,2024-09-01,individuals,bu_damped_tuned_food_bank,705609.924164513,729144.0,0.032276307335021626,0.0,
monthly,2024-09-01,individuals,bu_damped50_site,695350.8567186092,729144.0,0.04634632292303131,0.02,
monthly,2024-09-01,individuals,bu_yoyfull_site,737835.3801038851,729144.0,0.011919977540630011,0.0,
monthly,2024-09-01,individuals,mmf_select_site,733117.4270641925,729144.0,0.005449440802080874,0.0,
monthly,2024-09-01,individuals,bu_damped_tuned_site,716593.1184112472,729144.0,0.017213172691200707,0.01,
monthly,2024-09-01,individuals,bu_seasonal_level_county,721834.1625194303,729144.0,0.01002523161483837,0.0,
monthly,2024-09-01,individuals,ets_food_bank,701259.3077165359,729144.0,0.03824305251564042,0.27,
monthly,2024-09-01,individuals,ets_site_group,740297.7230131634,729144.0,0.015297009936533046,0.19,
monthly,2024-09-01,individuals,global_lgbm_county,720207.9924124671,729144.0,0.012255477090304279,0.1,
monthly,2024-09-01,individuals,global_ridge_county,666439.3260583186,729144.0,0.08599765470425791,0.0,
monthly,2024-09-01,individuals,global_lgbm_county_w18,710589.61060652,729144.0,0.025446810771918904,0.08,
monthly,2024-09-01,individuals,global_ridge_county_w18,673557.2676426369,729144.0,0.07623560278540742,0.0,
monthly,2024-09-01,individuals,global_lgbm_site_churn,736255.0840665933,729144.0,0.009752647030755623,0.18,
monthly,2024-09-01,individuals,global_ridge_site_churn,705941.2725684611,729144.0,0.03182187254031965,0.01,
monthly,2024-09-01,individuals,global_lgbm_food_bank,729148.5032837653,729144.0,6.176124010215389e-06,0.02,
monthly,2024-09-01,individuals,ratio_via_visits_county,693737.9961165307,729144.0,0.04855831479580064,0.0,
monthly,2024-09-01,individuals,ens_county_damped_lgbm_ridge,693202.5820718032,729144.0,0.04929261974067789,0.0,
monthly,2024-09-01,individuals,ens_site_damped_lgbm,715802.9703926013,729144.0,0.01829683794613779,0.0,
monthly,2024-09-01,individuals,seasonal_naive,664311.0,729144.0,0.08891659260722162,0.0,
monthly,2024-09-01,individuals,damped_yoy_3m,691891.4510496916,729144.0,0.05109079818294926,0.0,
monthly,2024-10-01,visits,bu_damped50_county,238247.91210197366,256920.0,0.07267666159904385,0.02,
monthly,2024-10-01,visits,bu_yoyfull_county,248005.82420394727,256920.0,0.03469630934163448,0.0,
monthly,2024-10-01,visits,mmf_select_county,238523.93075041886,256920.0,0.07160232465195837,0.0,
monthly,2024-10-01,visits,bu_damped_tuned_county,243126.8681529604,256920.0,0.053686485470339385,0.0,
monthly,2024-10-01,visits,bu_damped50_food_bank,237717.15475167794,256920.0,0.07474250836183272,0.03,
monthly,2024-10-01,visits,bu_yoyfull_food_bank,246944.30950335582,256920.0,0.03882800286721233,0.0,
monthly,2024-10-01,visits,mmf_select_food_bank,237364.96823411703,256920.0,0.07611331062542026,0.0,
monthly,2024-10-01,visits,bu_damped_tuned_food_bank,242330.73212751694,256920.0,0.0567852556145223,0.0,
monthly,2024-10-01,visits,bu_damped50_site,240464.9293018479,256920.0,0.06404744939339913,0.02,
monthly,2024-10-01,visits,bu_yoyfull_site,253392.52527036244,256920.0,0.013729856490882653,0.0,
monthly,2024-10-01,visits,mmf_select_site,239718.85975645203,256920.0,0.0669513476706678,0.0,
monthly,2024-10-01,visits,bu_damped_tuned_site,246928.72728610516,256920.0,0.038888652942140944,0.0,
monthly,2024-10-01,visits,bu_seasonal_level_county,248021.87434322303,256920.0,0.0346338379915031,0.0,
monthly,2024-10-01,visits,ets_food_bank,239062.95021752868,256920.0,0.06950431956434422,0.3,
monthly,2024-10-01,visits,ets_site_group,230634.31225275376,256920.0,0.1023107883669867,0.12,
monthly,2024-10-01,visits,global_lgbm_county,242861.80484872567,256920.0,0.05471818134545514,0.11,
monthly,2024-10-01,visits,global_ridge_county,256465.20933308432,256920.0,0.0017701645139175382,0.01,
monthly,2024-10-01,visits,global_lgbm_county_w18,240841.1651067725,256920.0,0.0625830409980831,0.07,
monthly,2024-10-01,visits,global_ridge_county_w18,259469.81345831594,256920.0,0.009924542496948296,0.0,
monthly,2024-10-01,visits,global_lgbm_site_churn,236405.7685305538,256920.0,0.07984676735733387,0.21,
monthly,2024-10-01,visits,global_ridge_site_churn,245306.599752669,256920.0,0.04520239859618169,0.02,
monthly,2024-10-01,visits,global_lgbm_food_bank,231160.1258694698,256920.0,0.10026418391145175,0.02,
monthly,2024-10-01,visits,ratio_via_visits_county,238247.91210197366,256920.0,0.07267666159904385,0.0,
monthly,2024-10-01,visits,ens_county_damped_lgbm_ridge,245858.3087612612,256920.0,0.043055002486138916,0.0,
monthly,2024-10-01,visits,ens_site_damped_lgbm,238435.34891620086,256920.0,0.07194710837536644,0.0,
monthly,2024-10-01,visits,seasonal_naive,228490.0,256920.0,0.11065701385645332,0.0,
monthly,2024-10-01,visits,damped_yoy_3m,237451.24185085675,256920.0,0.0757775110896125,0.0,
monthly,2024-10-01,pounds,bu_damped50_county,13310576.787677651,13871543.45,0.040440104184826575,0.02,
monthly,2024-10-01,pounds,bu_yoyfull_county,13720374.245355295,13871543.45,0.010897792678197238,0.0,
monthly,2024-10-01,pounds,mmf_select_county,13010879.813466102,13871543.45,0.06204526840406488,0.0,
monthly,2024-10-01,pounds,bu_damped_tuned_county,13515475.516516475,13871543.45,0.025668948431511684,0.0,
monthly,2024-10-01,pounds,bu_damped50_food_bank,13302137.88002256,13871543.45,0.04104846530091355,0.03,
monthly,2024-10-01,pounds,bu_yoyfull_food_bank,13703496.430045115,13871543.45,0.012114514910370966,0.0,
monthly,2024-10-01,pounds,mmf_select_food_bank,13167366.943308247,13871543.45,0.050764106332504166,0.0,
monthly,2024-10-01,pounds,bu_damped_tuned_food_bank,13502817.155033836,13871543.45,0.02658149010564237,0.0,
monthly,2024-10-01,pounds,bu_damped50_site,13383245.926896479,13871543.45,0.03520138367180192,0.02,
monthly,2024-10-01,pounds,bu_yoyfull_site,13927250.190459622,13871543.45,0.00401590065737234,0.0,
monthly,2024-10-01,pounds,mmf_select_site,13027095.739123676,13871543.45,0.060876261817593424,0.0,
monthly,2024-10-01,pounds,bu_damped_tuned_site,13655248.05867805,13871543.45,0.015592741507214902,0.01,
monthly,2024-10-01,pounds,bu_seasonal_level_county,13726509.243533703,13871543.45,0.010455520468149238,0.0,
monthly,2024-10-01,pounds,ets_food_bank,14038115.05523929,13871543.45,0.012008152217501955,0.43,
monthly,2024-10-01,pounds,ets_site_group,13189261.610820288,13871543.45,0.04918571906860958,0.18,
monthly,2024-10-01,pounds,global_lgbm_county,12514126.939725729,13871543.45,0.09785619856702177,0.1,
monthly,2024-10-01,pounds,global_ridge_county,14149998.874338424,13871543.45,0.02007386022630553,0.01,
monthly,2024-10-01,pounds,global_lgbm_county_w18,12405394.953512654,13871543.45,0.10569469084475569,0.09,
monthly,2024-10-01,pounds,global_ridge_county_w18,12177253.83081304,13871543.45,0.12214139149648562,0.0,
monthly,2024-10-01,pounds,global_lgbm_site_churn,11610628.9978428,13871543.45,0.16298939337981166,0.35,
monthly,2024-10-01,pounds,global_ridge_site_churn,13938202.295025252,13871543.45,0.0048054382171331955,0.02,
monthly,2024-10-01,pounds,global_lgbm_food_bank,13662207.542799706,13871543.45,0.015091032079800337,0.03,
monthly,2024-10-01,pounds,ratio_via_visits_county,13326052.442355528,13871543.45,0.03932446375637244,0.0,
monthly,2024-10-01,pounds,ens_county_damped_lgbm_ridge,13324900.867247269,13871543.45,0.03940748084184753,0.0,
monthly,2024-10-01,pounds,ens_site_damped_lgbm,12496937.46236964,13871543.45,0.0990953885258068,0.0,
monthly,2024-10-01,pounds,seasonal_naive,12900779.33,13871543.45,0.06998241569145636,0.0,
monthly,2024-10-01,pounds,damped_yoy_3m,13276765.058821755,13871543.45,0.04287759277272385,0.01,
monthly,2024-10-01,individuals,bu_damped50_county,744237.7497946934,808443.0,0.07941840080909424,0.02,
monthly,2024-10-01,individuals,bu_yoyfull_county,775969.4995893872,808443.0,0.04016795297950848,0.0,
monthly,2024-10-01,individuals,mmf_select_county,749491.1734944452,808443.0,0.07292020155478474,0.0,
monthly,2024-10-01,individuals,bu_damped_tuned_county,760103.6246920405,808443.0,0.05979317689430119,0.01,
monthly,2024-10-01,individuals,bu_damped50_food_bank,743133.4456011921,808443.0,0.08078436500632447,0.04,
monthly,2024-10-01,individuals,bu_yoyfull_food_bank,773760.891202384,808443.0,0.042899881373969495,0.0,
monthly,2024-10-01,individuals,mmf_select_food_bank,736414.0060470301,808443.0,0.08909594610005889,0.0,
monthly,2024-10-01,individuals,bu_damped_tuned_food_bank,758447.168401788,808443.0,0.061842123190147036,0.0,
monthly,2024-10-01,individuals,bu_damped50_site,746766.7609565934,808443.0,0.0762901516166341,0.03,
monthly,2024-10-01,individuals,bu_yoyfull_site,789981.8552465201,808443.0,0.022835431506587178,0.0,
monthly,2024-10-01,individuals,mmf_select_site,749549.2843981509,808443.0,0.07284832152897502,0.0,
monthly,2024-10-01,individuals,bu_damped_tuned_site,768374.3081015568,808443.0,0.049562791561610586,0.01,
monthly,2024-10-01,individuals,bu_seasonal_level_county,775969.4995893872,808443.0,0.04016795297950848,0.0,
monthly,2024-10-01,individuals,ets_food_bank,733609.3739810919,808443.0,0.0925651233530479,0.4,
monthly,2024-10-01,individuals,ets_site_group,730437.0935935923,808443.0,0.09648906157441861,0.21,
monthly,2024-10-01,individuals,global_lgbm_county,750500.3085360801,808443.0,0.07167195641983415,0.1,
monthly,2024-10-01,individuals,global_ridge_county,811620.1031531339,808443.0,0.003929903720031991,0.01,
monthly,2024-10-01,individuals,global_lgbm_county_w18,762273.3901115827,808443.0,0.05710929513696983,0.14,
monthly,2024-10-01,individuals,global_ridge_county_w18,740575.5964365352,808443.0,0.08394828523899,0.01,
monthly,2024-10-01,individuals,global_lgbm_site_churn,718391.1003921404,808443.0,0.11138929968823963,0.21,
monthly,2024-10-01,individuals,global_ridge_site_churn,783858.8565016153,808443.0,0.03040924777428311,0.02,
monthly,2024-10-01,individuals,global_lgbm_food_bank,737093.9940147382,808443.0,0.08825483798519096,0.03,
monthly,2024-10-01,individuals,ratio_via_visits_county,745098.1114315994,808443.0,0.07835418028036689,0.0,
monthly,2024-10-01,individuals,ens_county_damped_lgbm_ridge,768786.053827969,808443.0,0.04905348450296554,0.0,
monthly,2024-10-01,individuals,ens_site_damped_lgbm,732578.9306743669,808443.0,0.09383972565243703,0.0,
monthly,2024-10-01,individuals,seasonal_naive,712506.0,808443.0,0.11866884863867955,0.0,
monthly,2024-10-01,individuals,damped_yoy_3m,742687.9857927748,808443.0,0.08133537454987572,0.0,
monthly,2024-11-01,visits,bu_damped50_county,251458.50007570314,245399.0,0.024692439967983315,0.02,
monthly,2024-11-01,visits,bu_yoyfull_county,262064.00015140625,245399.0,0.06790981280040365,0.0,
monthly,2024-11-01,visits,mmf_select_county,245423.84785741358,245399.0,0.00010125492529944324,0.0,
monthly,2024-11-01,visits,bu_damped_tuned_county,256761.25011355468,245399.0,0.04630112638419348,0.0,
monthly,2024-11-01,visits,bu_damped50_food_bank,250809.26912712812,245399.0,0.02204682629973287,0.02,
monthly,2024-11-01,visits,bu_yoyfull_food_bank,260765.53825425627,245399.0,0.06261858546390275,0.0,
monthly,2024-11-01,visits,mmf_select_food_bank,248098.25234103456,245399.0,0.010999443115230934,0.0,
monthly,2024-11-01,visits,bu_damped_tuned_food_bank,255787.4036906922,245399.0,0.04233270588181792,0.0,
monthly,2024-11-01,visits,bu_damped50_site,253875.36486712837,245399.0,0.03454115488297993,0.02,
monthly,2024-11-01,visits,bu_yoyfull_site,268451.0630675901,245399.0,0.09393707010863994,0.0,
monthly,2024-11-01,visits,mmf_select_site,255021.5759059901,245399.0,0.03921196054584608,0.0,
monthly,2024-11-01,visits,bu_damped_tuned_site,261163.21396735922,245399.0,0.06423911249580971,0.0,
monthly,2024-11-01,visits,bu_seasonal_level_county,262070.8999824796,245399.0,0.06793792958601963,0.0,
monthly,2024-11-01,visits,ets_food_bank,256680.084024269,245399.0,0.0459703748762994,0.32,
monthly,2024-11-01,visits,ets_site_group,246754.7422857088,245399.0,0.005524644703966963,0.14,
monthly,2024-11-01,visits,global_lgbm_county,262864.5792197657,245399.0,0.07117216948628857,0.09,
monthly,2024-11-01,visits,global_ridge_county,293126.6413516113,245399.0,0.19448995860460427,0.01,
monthly,2024-11-01,visits,global_lgbm_county_w18,264362.3389538382,245399.0,0.07727553475702109,0.1,
monthly,2024-11-01,visits,global_ridge_county_w18,286173.46772840654,245399.0,0.16615580229913962,0.01,
monthly,2024-11-01,visits,global_lgbm_site_churn,258322.4901684247,245399.0,0.05266317372289486,0.22,
monthly,2024-11-01,visits,global_ridge_site_churn,277928.6045254659,245399.0,0.13255801582510895,0.02,
monthly,2024-11-01,visits,global_lgbm_food_bank,259045.7722475847,245399.0,0.055610545469153116,0.03,
monthly,2024-11-01,visits,ratio_via_visits_county,251458.50007570314,245399.0,0.024692439967983315,0.0,
monthly,2024-11-01,visits,ens_county_damped_lgbm_ridge,269149.90688236005,245399.0,0.09678485601962539,0.0,
monthly,2024-11-01,visits,ens_site_damped_lgbm,256098.92751777655,245399.0,0.043602164302937396,0.0,
monthly,2024-11-01,visits,seasonal_naive,240853.0,245399.0,0.018524932864437127,0.0,
monthly,2024-11-01,visits,damped_yoy_3m,250751.83094808084,245399.0,0.02181276593662096,0.0,
monthly,2024-11-01,pounds,bu_damped50_county,13700722.154920984,13130956.42,0.04339103083558804,0.01,
monthly,2024-11-01,pounds,bu_yoyfull_county,13963063.459841968,13130956.42,0.06336987293435614,0.0,
monthly,2024-11-01,pounds,mmf_select_county,13224791.296585936,13130956.42,0.007146080878237759,0.0,
monthly,2024-11-01,pounds,bu_damped_tuned_county,13831892.807381477,13130956.42,0.05338045188497231,0.0,
monthly,2024-11-01,pounds,bu_damped50_food_bank,13684628.255444778,13130956.42,0.04216538519627333,0.02,
monthly,2024-11-01,pounds,bu_yoyfull_food_bank,13930875.660889557,13130956.42,0.0609185816557265,0.0,
monthly,2024-11-01,pounds,mmf_select_food_bank,13376625.14180088,13130956.42,0.018709126277100196,0.0,
monthly,2024-11-01,pounds,bu_damped_tuned_food_bank,13930875.660889557,13130956.42,0.0609185816557265,0.0,
monthly,2024-11-01,pounds,bu_damped50_site,13889126.787761606,13130956.42,0.057739158025596815,0.01,
monthly,2024-11-01,pounds,bu_yoyfull_site,14348853.725523211,13130956.42,0.09275008358631132,0.0,
monthly,2024-11-01,pounds,mmf_select_site,13595843.543949775,13130956.42,0.03540390426105566,0.0,
monthly,2024-11-01,pounds,bu_damped_tuned_site,14118990.256642409,13130956.42,0.07524462080595407,0.0,
monthly,2024-11-01,pounds,bu_seasonal_level_county,13963378.585175846,13130956.42,0.06339387159247356,0.0,
monthly,2024-11-01,pounds,ets_food_bank,14559619.77352528,13130956.42,0.10880116480694868,0.33,
monthly,2024-11-01,pounds,ets_site_group,13908410.89370354,13130956.42,0.059207756757107655,0.16,
monthly,2024-11-01,pounds,global_lgbm_county,14140817.403703786,13130956.42,0.0769068871606069,0.11,
monthly,2024-11-01,pounds,global_ridge_county,15003293.367090877,13130956.42,0.14258953325281665,0.0,
monthly,2024-11-01,pounds,global_lgbm_county_w18,14327716.366974777,13130956.42,0.09114034870696619,0.1,
monthly,2024-11-01,pounds,global_ridge_county_w18,12869319.267823981,13130956.42,0.019925216702228465,0.01,
monthly,2024-11-01,pounds,global_lgbm_site_churn,14109854.999426521,13130956.42,0.07454891693460675,0.23,
monthly,2024-11-01,pounds,global_ridge_site_churn,15087452.739324817,13130956.42,0.14899876724477146,0.02,
monthly,2024-11-01,pounds,global_lgbm_food_bank,13838718.467951566,13130956.42,0.053900266310652034,0.01,
monthly,2024-11-01,pounds,ratio_via_visits_county,13706941.954170393,13130956.42,0.04386470533807407,0.0,
monthly,2024-11-01,pounds,ens_county_damped_lgbm_ridge,14281610.975238549,13130956.42,0.08762915041633712,0.0,
monthly,2024-11-01,pounds,ens_site_damped_lgbm,13999490.893594064,13130956.42,0.06614403748010189,0.0,
monthly,2024-11-01,pounds,seasonal_naive,13438380.85,13130956.42,0.02341218873682016,0.0,
monthly,2024-11-01,pounds,damped_yoy_3m,13655699.701484421,13130956.42,0.039962304701977036,0.0,
monthly,2024-11-01,individuals,bu_damped50_county,799871.771579307,769640.0,0.03928040587717252,0.01,
monthly,2024-11-01,individuals,bu_yoyfull_county,834430.5431586141,769640.0,0.0841829207923368,0.0,
monthly,2024-11-01,individuals,mmf_select_county,778956.0869253906,769640.0,0.0121044734231468,0.0,
monthly,2024-11-01,individuals,bu_damped_tuned_county,817151.1573689606,769640.0,0.06173166333475466,0.0,
monthly,2024-11-01,individuals,bu_damped50_food_bank,797375.2845936032,769640.0,0.03603669844810975,0.02,
monthly,2024-11-01,individuals,bu_yoyfull_food_bank,829437.5691872064,769640.0,0.07769550593421148,0.0,
monthly,2024-11-01,individuals,mmf_select_food_bank,779856.4005702207,769640.0,0.013274258835586306,0.0,
monthly,2024-11-01,individuals,bu_damped_tuned_food_bank,813406.4268904049,769640.0,0.05686610219116073,0.0,
monthly,2024-11-01,individuals,bu_damped50_site,793631.9698844911,769640.0,0.03117297682616682,0.02,
monthly,2024-11-01,individuals,bu_yoyfull_site,837902.6064356489,769640.0,0.08869420305032083,0.0,
monthly,2024-11-01,individuals,mmf_select_site,790561.202025834,769640.0,0.02718310122373313,0.0,
monthly,2024-11-01,individuals,bu_damped_tuned_site,815767.28816007,769640.0,0.059933589938243825,0.0,
monthly,2024-11-01,individuals,bu_seasonal_level_county,834348.3607381503,769640.0,0.08407614045287448,0.0,
monthly,2024-11-01,individuals,ets_food_bank,811079.8938873417,769640.0,0.05384321746185461,0.32,
monthly,2024-11-01,individuals,ets_site_group,801964.5853056057,769640.0,0.04199961710098954,0.15,
monthly,2024-11-01,individuals,global_lgbm_county,837905.4031038422,769640.0,0.08869783678582466,0.08,
monthly,2024-11-01,individuals,global_ridge_county,923145.6414158359,769640.0,0.1994512257884673,0.01,
monthly,2024-11-01,individuals,global_lgbm_county_w18,836329.2460431011,769640.0,0.08664992209747546,0.07,
monthly,2024-11-01,individuals,global_ridge_county_w18,893185.5403458221,769640.0,0.16052380378595466,0.01,
monthly,2024-11-01,individuals,global_lgbm_site_churn,835609.3478425744,769640.0,0.08571455205365419,0.2,
monthly,2024-11-01,individuals,global_ridge_site_churn,864314.3778358359,769640.0,0.12301124920201123,0.01,
monthly,2024-11-01,individuals,global_lgbm_food_bank,823089.5868202202,769640.0,0.06944751678735539,0.03,
monthly,2024-11-01,individuals,ratio_via_visits_county,799795.4790337294,769640.0,0.03918127830379059,0.0,
monthly,2024-11-01,individuals,ens_county_damped_lgbm_ridge,853640.9386996618,769640.0,0.10914315615048831,0.0,
monthly,2024-11-01,individuals,ens_site_damped_lgbm,814620.6588635327,769640.0,0.058443764439910506,0.0,
monthly,2024-11-01,individuals,seasonal_naive,765313.0,769640.0,0.005622109037991763,0.0,
monthly,2024-11-01,individuals,damped_yoy_3m,797578.6673369147,769640.0,0.036300955429700466,0.0,
monthly,2024-12-01,visits,bu_damped50_county,230726.52131861242,225715.0,0.022202872288560327,0.02,
monthly,2024-12-01,visits,bu_yoyfull_county,240517.0426372249,225715.0,0.06557846238497622,0.0,
monthly,2024-12-01,visits,mmf_select_county,239702.20497578086,225715.0,0.06196843353689774,0.0,
monthly,2024-12-01,visits,bu_damped_tuned_county,235621.7819779187,225715.0,0.043890667336768496,0.0,
monthly,2024-12-01,visits,bu_damped50_food_bank,230178.51941547688,225715.0,0.019775023438747485,0.03,
monthly,2024-12-01,visits,bu_yoyfull_food_bank,239421.0388309538,225715.0,0.060722764685350095,0.0,
monthly,2024-12-01,visits,mmf_select_food_bank,241271.33333333334,225715.0,0.06892024603297675,0.0,
monthly,2024-12-01,visits,bu_damped_tuned_food_bank,234799.77912321535,225715.0,0.0402488940620489,0.0,
monthly,2024-12-01,visits,bu_damped50_site,233663.73859180778,225715.0,0.035215819027569095,0.02,
monthly,2024-12-01,visits,bu_yoyfull_site,247621.47718361559,225715.0,0.09705370570682303,0.0,
monthly,2024-12-01,visits,mmf_select_site,240563.47285517998,225715.0,0.06578416523128716,0.0,
monthly,2024-12-01,visits,bu_damped_tuned_site,233663.73859180778,225715.0,0.035215819027569095,0.01,
monthly,2024-12-01,visits,bu_seasonal_level_county,240583.5646711232,225715.0,0.06587317932402903,0.0,
monthly,2024-12-01,visits,ets_food_bank,226804.13307542575,225715.0,0.004825257849171427,0.39,
monthly,2024-12-01,visits,ets_site_group,212486.01326657,225715.0,0.05860924942263479,0.14,
monthly,2024-12-01,visits,global_lgbm_county,238528.51350583066,225715.0,0.05676855107472112,0.08,
monthly,2024-12-01,visits,global_ridge_county,248599.44679317807,225715.0,0.10138646874677382,0.01,
monthly,2024-12-01,visits,global_lgbm_county_w18,234630.83165908724,225715.0,0.03950039500736424,0.09,
monthly,2024-12-01,visits,global_ridge_county_w18,236590.23866883386,225715.0,0.04818128466798344,0.0,
monthly,2024-12-01,visits,global_lgbm_site_churn,234188.10913344877,225715.0,0.03753897230334169,0.28,
monthly,2024-12-01,visits,global_ridge_site_churn,240134.90602681853,225715.0,0.06388545744331808,0.02,
monthly,2024-12-01,visits,global_lgbm_food_bank,243839.08820614504,225715.0,0.08029633921602475,0.02,
monthly,2024-12-01,visits,ratio_via_visits_county,230726.52131861242,225715.0,0.022202872288560327,0.0,
monthly,2024-12-01,visits,ens_county_damped_lgbm_ridge,239284.8272058737,225715.0,0.06011929737001842,0.0,
monthly,2024-12-01,visits,ens_site_damped_lgbm,233925.9238626283,225715.0,0.036377395665455614,0.0,
monthly,2024-12-01,visits,seasonal_naive,220936.0,225715.0,0.021172717807855013,0.0,
monthly,2024-12-01,visits,damped_yoy_3m,230018.5682547259,225715.0,0.01906638129821192,0.0,
monthly,2024-12-01,pounds,bu_damped50_county,12230314.729424175,13409452.06,0.08793329699825381,0.01,
monthly,2024-12-01,pounds,bu_yoyfull_county,12383996.20884835,13409452.06,0.07647261398626093,0.0,
monthly,2024-12-01,pounds,mmf_select_county,12901813.590049746,13409452.06,0.0378567645925314,0.0,
monthly,2024-12-01,pounds,bu_damped_tuned_county,12307155.469136264,13409452.06,0.0822029554922572,0.0,
monthly,2024-12-01,pounds,bu_damped50_food_bank,12216821.2351407,13409452.06,0.08893956438510142,0.02,
monthly,2024-12-01,pounds,bu_yoyfull_food_bank,12357009.220281396,13409452.06,0.07848514875995649,0.0,
monthly,2024-12-01,pounds,mmf_select_food_bank,12806345.828557566,13409452.06,0.04497620251326173,0.0,
monthly,2024-12-01,pounds,bu_damped_tuned_food_bank,12286915.227711048,13409452.06,0.08371235657252896,0.0,
monthly,2024-12-01,pounds,bu_damped50_site,12658204.882144338,13409452.06,0.056023704361240156,0.02,
monthly,2024-12-01,pounds,bu_yoyfull_site,12955444.630955342,13409452.06,0.033857269261504674,0.0,
monthly,2024-12-01,pounds,mmf_select_site,12909364.352276316,13409452.06,0.03729367206699152,0.0,
monthly,2024-12-01,pounds,bu_damped_tuned_site,12806824.756549839,13409452.06,0.044940486811372526,0.0,
monthly,2024-12-01,pounds,bu_seasonal_level_county,12440331.04355251,13409452.06,0.07227148522633142,0.0,
monthly,2024-12-01,pounds,ets_food_bank,12350979.617489016,13409452.06,0.07893480194230884,0.4,
monthly,2024-12-01,pounds,ets_site_group,11461732.136984145,13409452.06,0.145249777119965,0.16,
monthly,2024-12-01,pounds,global_lgbm_county,11752656.032821013,13409452.06,0.12355434209882155,0.1,
monthly,2024-12-01,pounds,global_ridge_county,12862421.460973289,13409452.06,0.04079440357287134,0.01,
monthly,2024-12-01,pounds,global_lgbm_county_w18,11848892.888270939,13409452.06,0.11637754956327884,0.08,
monthly,2024-12-01,pounds,global_ridge_county_w18,12133326.591048485,13409452.06,0.09516611590403168,0.0,
monthly,2024-12-01,pounds,global_lgbm_site_churn,11272491.492013002,13409452.06,0.15936225868329768,0.23,
monthly,2024-12-01,pounds,global_ridge_site_churn,12097988.763292931,13409452.06,0.09780140835277873,0.02,
monthly,2024-12-01,pounds,global_lgbm_food_bank,12629111.698866539,13409452.06,0.05819330705250769,0.02,
monthly,2024-12-01,pounds,ratio_via_visits_county,12260751.77544939,13409452.06,0.0856634767334864,0.0,
monthly,2024-12-01,pounds,ens_county_damped_lgbm_ridge,12281797.40773949,13409452.06,0.08409401422331575,0.0,
monthly,2024-12-01,pounds,ens_site_damped_lgbm,11965348.18707867,13409452.06,0.10769298152226892,0.0,
monthly,2024-12-01,pounds,seasonal_naive,12076633.25,13409452.06,0.09939398001024657,0.0,
monthly,2024-12-01,pounds,damped_yoy_3m,12209312.468154447,13409452.06,0.08949952514655946,0.0,
monthly,2024-12-01,individuals,bu_damped50_county,706886.5352951167,710647.0,0.0052916070916830815,0.02,
monthly,2024-12-01,individuals,bu_yoyfull_county,734921.0705902331,710647.0,0.034157705007173966,0.0,
monthly,2024-12-01,individuals,mmf_select_county,741688.5039965742,710647.0,0.043680623427066134,0.0,
monthly,2024-12-01,individuals,bu_damped_tuned_county,720903.8029426746,710647.0,0.014433048957744887,0.0,
monthly,2024-12-01,individuals,bu_damped50_food_bank,705691.2288402916,710647.0,0.006973604559941005,0.02,
monthly,2024-12-01,individuals,bu_yoyfull_food_bank,732530.4576805832,710647.0,0.030793710070658564,0.0,
monthly,2024-12-01,individuals,mmf_select_food_bank,738798.9047296273,710647.0,0.0396144706579038,0.0,
monthly,2024-12-01,individuals,bu_damped_tuned_food_bank,719110.8432604375,710647.0,0.011910052755358835,0.0,
monthly,2024-12-01,individuals,bu_damped50_site,713520.132277427,710647.0,0.004042980941912022,0.02,
monthly,2024-12-01,individuals,bu_yoyfull_site,752007.2645548538,710647.0,0.058200857183459354,0.0,
monthly,2024-12-01,individuals,mmf_select_site,754519.109600504,710647.0,0.06173544615048554,0.0,
monthly,2024-12-01,individuals,bu_damped_tuned_site,732763.6984161404,710647.0,0.031121919062685688,0.0,
monthly,2024-12-01,individuals,bu_seasonal_level_county,734961.5788957082,710647.0,0.034214707014464496,0.0,
monthly,2024-12-01,individuals,ets_food_bank,684363.6762491998,710647.0,0.03698506255679712,0.31,
monthly,2024-12-01,individuals,ets_site_group,651408.0040946263,710647.0,0.0833592429228206,0.25,
monthly,2024-12-01,individuals,global_lgbm_county,735126.231562398,710647.0,0.03444640104355323,0.1,
monthly,2024-12-01,individuals,global_ridge_county,682417.4130002845,710647.0,0.03972378269339849,0.01,
monthly,2024-12-01,individuals,global_lgbm_county_w18,726427.3879272206,710647.0,0.02220566318751871,0.07,
monthly,2024-12-01,individuals,global_ridge_county_w18,703428.4247942552,710647.0,0.01015775090269122,0.01,
monthly,2024-12-01,individuals,global_lgbm_site_churn,685513.389443369,710647.0,0.035367222484061656,0.19,
monthly,2024-12-01,individuals,global_ridge_site_churn,660530.2788879357,710647.0,0.07052266612265201,0.02,
monthly,2024-12-01,individuals,global_lgbm_food_bank,729061.8168998181,710647.0,0.02591274838255586,0.02,
monthly,2024-12-01,individuals,ratio_via_visits_county,707248.5103710996,710647.0,0.004782247204168089,0.0,
monthly,2024-12-01,individuals,ens_county_damped_lgbm_ridge,708143.393285933,710647.0,0.0035229962471762244,0.0,
monthly,2024-12-01,individuals,ens_site_damped_lgbm,699516.760860398,710647.0,0.015662120771074872,0.0,
monthly,2024-12-01,individuals,seasonal_naive,678852.0,710647.0,0.04474091919054046,0.0,
monthly,2024-12-01,individuals,damped_yoy_3m,705012.0436584147,710647.0,0.007929332483758156,0.0,
monthly,2025-01-01,visits,bu_damped50_county,250406.44800178162,247974.0,0.009809286464635969,0.0,
monthly,2025-01-01,visits,bu_yoyfull_county,257904.89600356325,247974.0,0.04004813409294217,0.0,
monthly,2025-01-01,visits,mmf_select_county,250525.21412897127,247974.0,0.010288232350856408,0.0,
monthly,2025-01-01,visits,bu_damped_tuned_county,250406.44800178162,247974.0,0.009809286464635969,0.0,
monthly,2025-01-01,visits,bu_damped50_food_bank,249920.18977807555,247974.0,0.00784836223989438,0.0,
monthly,2025-01-01,visits,bu_yoyfull_food_bank,256932.37955615105,247974.0,0.036126285643458766,0.0,
monthly,2025-01-01,visits,mmf_select_food_bank,254937.6717874615,247974.0,0.02808226583214979,0.0,
monthly,2025-01-01,visits,bu_damped_tuned_food_bank,249920.18977807555,247974.0,0.00784836223989438,0.0,
monthly,2025-01-01,visits,bu_damped50_site,251214.6795336415,247974.0,0.013068626281955043,0.0,
monthly,2025-01-01,visits,bu_yoyfull_site,264445.359067283,247974.0,0.06642373421117931,0.0,
monthly,2025-01-01,visits,mmf_select_site,248011.19175554984,247974.0,0.00014998248021913518,0.0,
monthly,2025-01-01,visits,bu_damped_tuned_site,251214.6795336415,247974.0,0.013068626281955043,0.0,
monthly,2025-01-01,visits,bu_seasonal_level_county,258038.06953961847,247974.0,0.04058518046092918,0.0,
monthly,2025-01-01,visits,ets_food_bank,233185.6988240385,247974.0,0.05963649889085754,0.26,
monthly,2025-01-01,visits,ets_site_group,287395.19271066895,247974.0,0.15897308875393779,0.1,
monthly,2025-01-01,visits,global_lgbm_county,244873.37967198694,247974.0,0.012503812206171028,0.09,
monthly,2025-01-01,visits,global_ridge_county,261411.23974012808,247974.0,0.054188099317380445,0.0,
monthly,2025-01-01,visits,global_lgbm_county_w18,247242.66709003504,247974.0,0.002949232217752451,0.11,
monthly,2025-01-01,visits,global_ridge_county_w18,244778.20409258976,247974.0,0.012887624942172327,0.01,
monthly,2025-01-01,visits,global_lgbm_site_churn,248957.6945243258,247974.0,0.003966926066143239,0.21,
monthly,2025-01-01,visits,global_ridge_site_churn,263041.14261041454,247974.0,0.06076097740252817,0.02,
monthly,2025-01-01,visits,global_lgbm_food_bank,233072.86950484884,247974.0,0.060091503525172674,0.03,
monthly,2025-01-01,visits,ratio_via_visits_county,250406.44800178162,247974.0,0.009809286464635969,0.0,
monthly,2025-01-01,visits,ens_county_damped_lgbm_ridge,252230.3558046322,247974.0,0.017164524525281832,0.0,
monthly,2025-01-01,visits,ens_site_damped_lgbm,250086.18702898367,247974.0,0.008517776174049141,0.0,
monthly,2025-01-01,visits,seasonal_naive,242908.0,247974.0,0.02042956116367034,0.0,
monthly,2025-01-01,visits,damped_yoy_3m,249550.95997705276,247974.0,0.006359376293695096,0.0,
monthly,2025-01-01,pounds,bu_damped50_county,13416561.336014649,12757764.66,0.051638879817261785,0.0,
monthly,2025-01-01,pounds,bu_yoyfull_county,13847590.372029306,12757764.66,0.08542450351402753,0.0,
monthly,2025-01-01,pounds,mmf_select_county,13432674.987967502,12757764.66,0.052901926470205085,0.0,
monthly,2025-01-01,pounds,bu_damped_tuned_county,13632075.85402198,12757764.66,0.06853169166564466,0.0,
monthly,2025-01-01,pounds,bu_damped50_food_bank,13325069.22473578,12757764.66,0.04446739533567934,0.0,
monthly,2025-01-01,pounds,bu_yoyfull_food_bank,13664606.149471559,12757764.66,0.07108153455086219,0.0,
monthly,2025-01-01,pounds,mmf_select_food_bank,13258710.281011613,12757764.66,0.03926593994810479,0.0,
monthly,2025-01-01,pounds,bu_damped_tuned_food_bank,13494837.687103668,12757764.66,0.057774464943270765,0.0,
monthly,2025-01-01,pounds,bu_damped50_site,13344399.090070317,12757764.66,0.04598254049234951,0.0,
monthly,2025-01-01,pounds,bu_yoyfull_site,13949183.096807301,12757764.66,0.09338771082232067,0.0,
monthly,2025-01-01,pounds,mmf_select_site,13261388.280216025,12757764.66,0.03947585126688047,0.0,
monthly,2025-01-01,pounds,bu_damped_tuned_site,13646791.09343881,12757764.66,0.0696851256573352,0.01,
monthly,2025-01-01,pounds,bu_seasonal_level_county,13874355.784014815,12757764.66,0.08752247386375722,0.0,
monthly,2025-01-01,pounds,ets_food_bank,13240529.27055051,12757764.66,0.03784084621533612,0.37,
monthly,2025-01-01,pounds,ets_site_group,16898525.477836963,12757764.66,0.3245678947832984,0.13,
monthly,2025-01-01,pounds,global_lgbm_county,13391539.829002073,12757764.66,0.04967760308270752,0.1,
monthly,2025-01-01,pounds,global_ridge_county,14839968.59777642,12757764.66,0.1632107185912317,0.01,
monthly,2025-01-01,pounds,global_lgbm_county_w18,13126059.957326118,12757764.66,0.028868325066447653,0.12,
monthly,2025-01-01,pounds,global_ridge_county_w18,13699628.834690792,12757764.66,0.07382674001221101,0.01,
monthly,2025-01-01,pounds,global_lgbm_site_churn,12712678.62485913,12757764.66,0.003534007433310782,0.33,
monthly,2025-01-01,pounds,global_ridge_site_churn,14062032.076356081,12757764.66,0.10223322432380422,0.02,
monthly,2025-01-01,pounds,global_lgbm_food_bank,13316865.495328218,12757764.66,0.04382435718391897,0.04,
monthly,2025-01-01,pounds,ratio_via_visits_county,13369043.053170267,12757764.66,0.04791422396172873,0.0,
monthly,2025-01-01,pounds,ens_county_damped_lgbm_ridge,13882689.920931047,12757764.66,0.08817573383040034,0.0,
monthly,2025-01-01,pounds,ens_site_damped_lgbm,13028538.857464723,12757764.66,0.021224266529519475,0.0,
monthly,2025-01-01,pounds,seasonal_naive,12985532.3,12757764.66,0.017853256120496708,0.0,
monthly,2025-01-01,pounds,damped_yoy_3m,13322908.914710592,12757764.66,0.04429806237784861,0.01,
monthly,2025-01-01,individuals,bu_damped50_county,795486.090914938,778384.0,0.021971277563436642,0.0,
monthly,2025-01-01,individuals,bu_yoyfull_county,821628.1818298756,778384.0,0.055556360138280914,0.0,
monthly,2025-01-01,individuals,mmf_select_county,773748.4703222907,778384.0,0.005955324978043408,0.0,
monthly,2025-01-01,individuals,bu_damped_tuned_county,808557.1363724066,778384.0,0.038763818850858556,0.01,
monthly,2025-01-01,individuals,bu_damped50_food_bank,794856.0979512958,778384.0,0.021161917448580425,0.0,
monthly,2025-01-01,individuals,bu_yoyfull_food_bank,820368.1959025916,778384.0,0.053937639908568924,0.0,
monthly,2025-01-01,individuals,mmf_select_food_bank,789050.7352966594,778384.0,0.013703692903065168,0.0,
monthly,2025-01-01,individuals,bu_damped_tuned_food_bank,807612.1469269436,778384.0,0.037549778678574564,0.0,
monthly,2025-01-01,individuals,bu_damped50_site,801988.5311935944,778384.0,0.030325046755321772,0.0,
monthly,2025-01-01,individuals,bu_yoyfull_site,843597.0623871891,778384.0,0.08378006534973625,0.0,
monthly,2025-01-01,individuals,mmf_select_site,801420.5598008459,778384.0,0.029595366555383862,0.0,
monthly,2025-01-01,individuals,bu_damped_tuned_site,822792.7967903919,778384.0,0.057052556052529235,0.01,
monthly,2025-01-01,individuals,bu_seasonal_level_county,822032.3085374787,778384.0,0.05607554695044947,0.0,
monthly,2025-01-01,individuals,ets_food_bank,770914.7213397264,778384.0,0.00959587897525338,0.53,
monthly,2025-01-01,individuals,ets_site_group,1049612.8426512745,778384.0,0.34845120486967174,0.27,
monthly,2025-01-01,individuals,global_lgbm_county,775023.0395199135,778384.0,0.004317869432165278,0.13,
monthly,2025-01-01,individuals,global_ridge_county,811607.1725862671,778384.0,0.04268223985368036,0.01,
monthly,2025-01-01,individuals,global_lgbm_county_w18,775658.0655384426,778384.0,0.00350204328654935,0.13,
monthly,2025-01-01,individuals,global_ridge_county_w18,768987.943637996,778384.0,0.01207123522837572,0.01,
monthly,2025-01-01,individuals,global_lgbm_site_churn,768612.9708560926,778384.0,0.012552967614837152,0.35,
monthly,2025-01-01,individuals,global_ridge_site_churn,798013.6911972936,778384.0,0.02521851836277933,0.02,
monthly,2025-01-01,individuals,global_lgbm_food_bank,758145.3718691287,778384.0,0.026000827523267822,0.03,
monthly,2025-01-01,individuals,ratio_via_visits_county,795551.2550836325,778384.0,0.02205499481442641,0.0,
monthly,2025-01-01,individuals,ens_county_damped_lgbm_ridge,794038.7676737063,778384.0,0.02011188266165065,0.0,
monthly,2025-01-01,individuals,ens_site_damped_lgbm,785300.7510248435,778384.0,0.008886039570242366,0.0,
monthly,2025-01-01,individuals,seasonal_naive,769344.0,778384.0,0.011613805011408296,0.0,
monthly,2025-01-01,individuals,damped_yoy_3m,792898.5429265754,778384.0,0.018647021170239197,0.01,
monthly,2025-02-01,visits,bu_damped50_county,242306.35960609498,241336.0,0.004020782668540779,0.02,
monthly,2025-02-01,visits,bu_yoyfull_county,244785.71921219,241336.0,0.014294258677487015,0.0,
monthly,2025-02-01,visits,mmf_select_county,242324.83841624972,241336.0,0.004097351477813982,0.0,
monthly,2025-02-01,visits,bu_damped_tuned_county,242306.35960609498,241336.0,0.004020782668540779,0.01,
monthly,2025-02-01,visits,bu_damped50_food_bank,242232.03865442355,241336.0,0.0037128263268784156,0.04,
monthly,2025-02-01,visits,bu_yoyfull_food_bank,244637.07730884707,241336.0,0.013678345994162067,0.0,
monthly,2025-02-01,visits,mmf_select_food_bank,243974.9568551879,241336.0,0.01093478326974795,0.0,
monthly,2025-02-01,visits,bu_damped_tuned_food_bank,242232.03865442355,241336.0,0.0037128263268784156,0.0,
monthly,2025-02-01,visits,bu_damped50_site,243683.94120772975,241336.0,0.009728930651580203,0.03,
monthly,2025-02-01,visits,bu_yoyfull_site,253182.88241545955,241336.0,0.04908874935964613,0.0,
monthly,2025-02-01,visits,mmf_select_site,248585.50701455842,241336.0,0.030039061783399212,0.0,
monthly,2025-02-01,visits,bu_damped_tuned_site,243683.94120772975,241336.0,0.009728930651580203,0.01,
monthly,2025-02-01,visits,bu_seasonal_level_county,244882.53137495264,241336.0,0.014695409615443467,0.0,
monthly,2025-02-01,visits,ets_food_bank,245031.3864964027,241336.0,0.015312205789449918,0.48,
monthly,2025-02-01,visits,ets_site_group,243218.74814088945,241336.0,0.007801356369913526,0.19,
monthly,2025-02-01,visits,global_lgbm_county,254246.4019550828,241336.0,0.053495549586811686,0.16,
monthly,2025-02-01,visits,global_ridge_county,250449.49898788097,241336.0,0.03776270008569371,0.01,
monthly,2025-02-01,visits,global_lgbm_county_w18,254740.78336059675,241336.0,0.05554406868679651,0.12,
monthly,2025-02-01,visits,global_ridge_county_w18,238526.57603592824,241336.0,0.011641130888353834,0.01,
monthly,2025-02-01,visits,global_lgbm_site_churn,249736.75725761772,241336.0,0.034809383007996075,0.34,
monthly,2025-02-01,visits,global_ridge_site_churn,237444.68977921,241336.0,0.01612403545592045,0.03,
monthly,2025-02-01,visits,global_lgbm_food_bank,249973.15445309278,241336.0,0.035788918574488626,0.03,
monthly,2025-02-01,visits,ratio_via_visits_county,242306.35960609498,241336.0,0.004020782668540779,0.0,
monthly,2025-02-01,visits,ens_county_damped_lgbm_ridge,249000.75351635294,241336.0,0.031759677447015466,0.0,
monthly,2025-02-01,visits,ens_site_damped_lgbm,246710.34923267373,241336.0,0.02226915682978814,0.0,
monthly,2025-02-01,visits,seasonal_naive,239827.0,241336.0,0.006252693340405124,0.0,
monthly,2025-02-01,visits,damped_yoy_3m,242275.81868164614,241336.0,0.0038942332749616337,0.0,
monthly,2025-02-01,pounds,bu_damped50_county,12641254.4350658,11767658.75,0.07423700020752211,0.02,
monthly,2025-02-01,pounds,bu_yoyfull_county,12809331.880131599,11767658.75,0.08851999809491407,0.0,
monthly,2025-02-01,pounds,mmf_select_county,12837257.639506023,11767658.75,0.09089309200999929,0.0,
monthly,2025-02-01,pounds,bu_damped_tuned_county,12641254.4350658,11767658.75,0.07423700020752211,0.01,
monthly,2025-02-01,pounds,bu_damped50_food_bank,12610225.470430149,11767658.75,0.07160020003385537,0.04,
monthly,2025-02-01,pounds,bu_yoyfull_food_bank,12747273.950860297,11767658.75,0.08324639774758058,0.0,
monthly,2025-02-01,pounds,mmf_select_food_bank,12994301.59739011,11767658.75,0.10423847882146564,0.0,
monthly,2025-02-01,pounds,bu_damped_tuned_food_bank,12610225.470430149,11767658.75,0.07160020003385537,0.0,
monthly,2025-02-01,pounds,bu_damped50_site,12693025.911881957,11767658.75,0.07863647149709863,0.03,
monthly,2025-02-01,pounds,bu_yoyfull_site,13245189.530430581,11767658.75,0.12555860191226076,0.0,
monthly,2025-02-01,pounds,mmf_select_site,12912398.408194197,11767658.75,0.09727845466237683,0.0,
monthly,2025-02-01,pounds,bu_damped_tuned_site,12693025.911881957,11767658.75,0.07863647149709863,0.01,
monthly,2025-02-01,pounds,bu_seasonal_level_county,12822634.46798455,11767658.75,0.0896504343299851,0.0,
monthly,2025-02-01,pounds,ets_food_bank,11959973.832411505,11767658.75,0.016342680094415973,0.53,
monthly,2025-02-01,pounds,ets_site_group,11821803.563029867,11767658.75,0.00460115424658003,0.22,
monthly,2025-02-01,pounds,global_lgbm_county,12793300.249882005,11767658.75,0.0871576514641883,0.15,
monthly,2025-02-01,pounds,global_ridge_county,13805911.143426323,11767658.75,0.17320797932097776,0.01,
monthly,2025-02-01,pounds,global_lgbm_county_w18,12894040.882138243,11767658.75,0.09571845649741006,0.13,
monthly,2025-02-01,pounds,global_ridge_county_w18,13983344.83696474,11767658.75,0.18828605876803994,0.01,
monthly,2025-02-01,pounds,global_lgbm_site_churn,12079658.015422968,11767658.75,0.0265132828926542,0.36,
monthly,2025-02-01,pounds,global_ridge_site_churn,12862113.023967141,11767658.75,0.09300526954583388,0.02,
monthly,2025-02-01,pounds,global_lgbm_food_bank,12610934.40941214,11767658.75,0.07166044472628341,0.03,
monthly,2025-02-01,pounds,ratio_via_visits_county,12603952.341771778,11767658.75,0.0710671178981781,0.0,
monthly,2025-02-01,pounds,ens_county_damped_lgbm_ridge,13080155.276124708,11767658.75,0.11153421033089606,0.0,
monthly,2025-02-01,pounds,ens_site_damped_lgbm,12386341.963652462,11767658.75,0.05257487719487641,0.0,
monthly,2025-02-01,pounds,seasonal_naive,12473176.99,11767658.75,0.05995400232013015,0.0,
monthly,2025-02-01,pounds,damped_yoy_3m,12602382.162786543,11767658.75,0.07093368617496187,0.01,
monthly,2025-02-01,individuals,bu_damped50_county,762480.9429006861,722068.0,0.055968333869782505,0.02,
monthly,2025-02-01,individuals,bu_yoyfull_county,770001.885801372,722068.0,0.06638417129878627,0.0,
monthly,2025-02-01,individuals,mmf_select_county,759342.0679135467,722068.0,0.05162127100708891,0.0,
monthly,2025-02-01,individuals,bu_damped_tuned_county,762480.9429006861,722068.0,0.055968333869782505,0.01,
monthly,2025-02-01,individuals,bu_damped50_food_bank,762693.2250740669,722068.0,0.056262325811512026,0.04,
monthly,2025-02-01,individuals,bu_yoyfull_food_bank,770426.4501481338,722068.0,0.06697215518224575,0.0,
monthly,2025-02-01,individuals,mmf_select_food_bank,774560.389894567,722068.0,0.07269729429162752,0.0,
monthly,2025-02-01,individuals,bu_damped_tuned_food_bank,762693.2250740669,722068.0,0.056262325811512026,0.0,
monthly,2025-02-01,individuals,bu_damped50_site,766537.0823861444,722068.0,0.06158572653288119,0.03,
monthly,2025-02-01,individuals,bu_yoyfull_site,793088.164772289,722068.0,0.0983566156820257,0.0,
monthly,2025-02-01,individuals,mmf_select_site,783331.17227334,722068.0,0.08484404830755565,0.0,
monthly,2025-02-01,individuals,bu_damped_tuned_site,766537.0823861444,722068.0,0.06158572653288119,0.01,
monthly,2025-02-01,individuals,bu_seasonal_level_county,770028.0734214374,722068.0,0.06642043882492699,0.0,
monthly,2025-02-01,individuals,ets_food_bank,739863.7615468873,722068.0,0.024645547991168915,0.49,
monthly,2025-02-01,individuals,ets_site_group,734394.2008807705,722068.0,0.017070692622814576,0.32,
monthly,2025-02-01,individuals,global_lgbm_county,763777.810391617,722068.0,0.057764380074476485,0.14,
monthly,2025-02-01,individuals,global_ridge_county,755866.27939482,722068.0,0.04680761284923296,0.01,
monthly,2025-02-01,individuals,global_lgbm_county_w18,773744.9856504964,722068.0,0.071568031889651,0.12,
monthly,2025-02-01,individuals,global_ridge_county_w18,734368.7867289961,722068.0,0.017035496281508244,0.01,
monthly,2025-02-01,individuals,global_lgbm_site_churn,731337.28026576,722068.0,0.012837129281120463,0.34,
monthly,2025-02-01,individuals,global_ridge_site_churn,704035.4305346668,722068.0,0.024973505909877236,0.02,
monthly,2025-02-01,individuals,global_lgbm_food_bank,774102.8966998565,722068.0,0.0720637068805936,0.04,
monthly,2025-02-01,individuals,ratio_via_visits_county,762757.8966329133,722068.0,0.05635189017227371,0.0,
monthly,2025-02-01,individuals,ens_county_damped_lgbm_ridge,760708.344229041,722068.0,0.05351344226449717,0.0,
monthly,2025-02-01,individuals,ens_site_damped_lgbm,748937.1813259523,722068.0,0.03721142790700083,0.0,
monthly,2025-02-01,individuals,seasonal_naive,754960.0,722068.0,0.04555249644077852,0.0,
monthly,2025-02-01,individuals,damped_yoy_3m,762661.6862185787,722068.0,0.056218647299947744,0.01,
monthly,2025-03-01,visits,bu_damped50_county,235665.64901673974,244459.0,0.03597065758781737,0.02,
monthly,2025-03-01,visits,bu_yoyfull_county,237733.29803347946,244459.0,0.02751259706748599,0.0,
monthly,2025-03-01,visits,mmf_select_county,237250.6666089815,244459.0,0.02948688078990136,0.0,
monthly,2025-03-01,visits,bu_damped_tuned_county,235665.64901673974,244459.0,0.03597065758781737,0.01,
monthly,2025-03-01,visits,bu_damped50_food_bank,235494.9439602338,244459.0,0.036668954874912396,0.04,
monthly,2025-03-01,visits,bu_yoyfull_food_bank,237391.8879204676,244459.0,0.028909191641675713,0.0,
monthly,2025-03-01,visits,mmf_select_food_bank,231921.46512963058,244459.0,0.051286861479304946,0.0,
monthly,2025-03-01,visits,bu_damped_tuned_food_bank,235494.9439602338,244459.0,0.036668954874912396,0.0,
monthly,2025-03-01,visits,bu_damped50_site,232581.44981875413,244459.0,0.04858708487413377,0.03,
monthly,2025-03-01,visits,bu_yoyfull_site,238794.23297084164,244459.0,0.023172667110469947,0.0,
monthly,2025-03-01,visits,mmf_select_site,239552.0862787108,244459.0,0.02007254272204828,0.0,
monthly,2025-03-01,visits,bu_damped_tuned_site,232581.44981875413,244459.0,0.04858708487413377,0.01,
monthly,2025-03-01,visits,bu_seasonal_level_county,237612.59179462024,244459.0,0.02800636591567407,0.0,
monthly,2025-03-01,visits,ets_food_bank,257995.40878024255,244459.0,0.05537292053163334,0.48,
monthly,2025-03-01,visits,ets_site_group,259316.6866571151,244459.0,0.060777826372173216,0.15,
monthly,2025-03-01,visits,global_lgbm_county,233320.01879954833,244459.0,0.04556584621736848,0.12,
monthly,2025-03-01,visits,global_ridge_county,254534.7706273516,244459.0,0.04121660739572519,0.01,
monthly,2025-03-01,visits,global_lgbm_county_w18,232989.15469595202,244459.0,0.046919300594569946,0.14,
monthly,2025-03-01,visits,global_ridge_county_w18,213831.48212899413,244459.0,0.1252869310232222,0.01,
monthly,2025-03-01,visits,global_lgbm_site_churn,230105.2065222887,244459.0,0.05871656792227453,0.3,
monthly,2025-03-01,visits,global_ridge_site_churn,244910.47836661842,244459.0,0.0018468469830050793,0.02,
monthly,2025-03-01,visits,global_lgbm_food_bank,250754.54209177144,244459.0,0.02575295690390389,0.04,
monthly,2025-03-01,visits,ratio_via_visits_county,235665.64901673974,244459.0,0.03597065758781737,0.0,
monthly,2025-03-01,visits,ens_county_damped_lgbm_ridge,241173.47948121323,244459.0,0.013439965469820181,0.0,
monthly,2025-03-01,visits,ens_site_damped_lgbm,231343.32817052142,244459.0,0.053651826398204094,0.0,
monthly,2025-03-01,visits,seasonal_naive,233598.0,244459.0,0.04442871810814897,0.0,
monthly,2025-03-01,visits,damped_yoy_3m,235482.59641792826,244459.0,0.03671946454035946,0.0,
monthly,2025-03-01,pounds,bu_damped50_county,12300426.748606544,12452621.8,0.012221928348731925,0.02,
monthly,2025-03-01,pounds,bu_yoyfull_county,12384001.927213091,12452621.8,0.005510475937437476,0.0,
monthly,2025-03-01,pounds,mmf_select_county,12348755.58956024,12452621.8,0.00834091102323209,0.0,
monthly,2025-03-01,pounds,bu_damped_tuned_county,12258639.159303268,12452621.8,0.015577654554379206,0.01,
monthly,2025-03-01,pounds,bu_damped50_food_bank,12287645.884561513,12452621.8,0.013248287636784095,0.04,
monthly,2025-03-01,pounds,bu_yoyfull_food_bank,12358440.199123027,12452621.8,0.0075631945135420375,0.0,
monthly,2025-03-01,pounds,mmf_select_food_bank,12353016.37247115,12452621.8,0.007998751518242586,0.0,
monthly,2025-03-01,pounds,bu_damped_tuned_food_bank,12252248.727280756,12452621.8,0.01609083419840507,0.0,
monthly,2025-03-01,pounds,bu_damped50_site,12213738.352901794,12452621.8,0.019183385710646594,0.03,
monthly,2025-03-01,pounds,bu_yoyfull_site,12499798.572470253,12452621.8,0.0037885011869751573,0.0,
monthly,2025-03-01,pounds,mmf_select_site,12344519.973711561,12452621.8,0.008681049503040383,0.0,
monthly,2025-03-01,pounds,bu_damped_tuned_site,12070708.243117563,12452621.8,0.030669329159457637,0.01,
monthly,2025-03-01,pounds,bu_seasonal_level_county,12406621.723997934,12452621.8,0.00369400731354963,0.0,
monthly,2025-03-01,pounds,ets_food_bank,13329278.49990905,12452621.8,0.07039936761823529,0.38,
monthly,2025-03-01,pounds,ets_site_group,12984117.540758615,12452621.8,0.04268143281751424,0.16,
monthly,2025-03-01,pounds,global_lgbm_county,11576793.631430652,12452621.8,0.07033283292754855,0.15,
monthly,2025-03-01,pounds,global_ridge_county,12245065.833654402,12452621.8,0.0166676519755542,0.01,
monthly,2025-03-01,pounds,global_lgbm_county_w18,11459884.098603006,12452621.8,0.0797211797917925,0.14,
monthly,2025-03-01,pounds,global_ridge_county_w18,10635228.216917435,12452621.8,0.14594465424803682,0.01,
monthly,2025-03-01,pounds,global_lgbm_site_churn,11218973.856405634,12452621.8,0.09906732601437929,0.39,
monthly,2025-03-01,pounds,global_ridge_site_churn,11880564.317170454,12452621.8,0.04593871812838213,0.03,
monthly,2025-03-01,pounds,global_lgbm_food_bank,12543706.049252864,12452621.8,0.007314463629888968,0.04,
monthly,2025-03-01,pounds,ratio_via_visits_county,12291684.595599793,12452621.8,0.012923961474539225,0.0,
monthly,2025-03-01,pounds,ens_county_damped_lgbm_ridge,12040762.071230533,12452621.8,0.03307413775061152,0.0,
monthly,2025-03-01,pounds,ens_site_damped_lgbm,11716356.104653714,12452621.8,0.059125355862512996,0.0,
monthly,2025-03-01,pounds,seasonal_naive,12216851.57,12452621.8,0.018933380760026042,0.0,
monthly,2025-03-01,pounds,damped_yoy_3m,12281870.751561161,12452621.8,0.013712056077928914,0.0,
monthly,2025-03-01,individuals,bu_damped50_county,742722.9332200496,760491.0,0.023363940901273472,0.02,
monthly,2025-03-01,individuals,bu_yoyfull_county,746363.8664400995,760491.0,0.01857633234305267,0.0,
monthly,2025-03-01,individuals,mmf_select_county,745783.7026657419,760491.0,0.019339212869393663,0.0,
monthly,2025-03-01,individuals,bu_damped_tuned_county,742722.9332200496,760491.0,0.023363940901273472,0.0,
monthly,2025-03-01,individuals,bu_damped50_food_bank,740435.115704834,760491.0,0.026372283557814624,0.04,
monthly,2025-03-01,individuals,bu_yoyfull_food_bank,741788.231409668,760491.0,0.024593017656135308,0.0,
monthly,2025-03-01,individuals,mmf_select_food_bank,743776.1337917601,760491.0,0.021979045390727703,0.0,
monthly,2025-03-01,individuals,bu_damped_tuned_food_bank,740435.115704834,760491.0,0.026372283557814624,0.01,
monthly,2025-03-01,individuals,bu_damped50_site,737600.2861801472,760491.0,0.030099914160526264,0.03,
monthly,2025-03-01,individuals,bu_yoyfull_site,750269.5723602946,760491.0,0.013440563582876486,0.0,
monthly,2025-03-01,individuals,mmf_select_site,751521.7074471593,760491.0,0.011794081130270695,0.0,
monthly,2025-03-01,individuals,bu_damped_tuned_site,737600.2861801472,760491.0,0.030099914160526264,0.0,
monthly,2025-03-01,individuals,bu_seasonal_level_county,744561.8376335481,760491.0,0.020945892017725343,0.0,
monthly,2025-03-01,individuals,ets_food_bank,788186.2641585749,760491.0,0.036417609358394554,0.45,
monthly,2025-03-01,individuals,ets_site_group,806414.683357242,760491.0,0.06038688604762199,0.26,
monthly,2025-03-01,individuals,global_lgbm_county,719988.5133813914,760491.0,0.05325833786147183,0.12,
monthly,2025-03-01,individuals,global_ridge_county,680234.6324132824,760491.0,0.10553230424386029,0.01,
monthly,2025-03-01,individuals,global_lgbm_county_w18,711523.9671452565,760491.0,0.06438870789364182,0.14,
monthly,2025-03-01,individuals,global_ridge_county_w18,642001.4790984122,760491.0,0.1558066050769671,0.01,
monthly,2025-03-01,individuals,global_lgbm_site_churn,677771.1886849874,760491.0,0.10877158482482063,0.26,
monthly,2025-03-01,individuals,global_ridge_site_churn,641444.8610467945,760491.0,0.15653852439174898,0.03,
monthly,2025-03-01,individuals,global_lgbm_food_bank,728428.3140732509,760491.0,0.04216050673413507,0.03,
monthly,2025-03-01,individuals,ratio_via_visits_county,741026.6533351257,760491.0,0.025594447093883255,0.0,
monthly,2025-03-01,individuals,ens_county_damped_lgbm_ridge,714315.3596715746,760491.0,0.06071819433553516,0.0,
monthly,2025-03-01,individuals,ens_site_damped_lgbm,707685.7374325673,760491.0,0.0694357494926734,0.0,
monthly,2025-03-01,individuals,seasonal_naive,739082.0,760491.0,0.02815154945949394,0.0,
monthly,2025-03-01,individuals,damped_yoy_3m,740414.2997386476,760491.0,0.026399655303418923,0.0,
monthly,2025-04-01,visits,bu_damped50_county,241810.84127224976,263231.0,0.08137399746895402,0.01,
monthly,2025-04-01,visits,bu_yoyfull_county,245167.6825444995,263231.0,0.06862154326618264,0.0,
monthly,2025-04-01,visits,mmf_select_county,236493.30605675548,263231.0,0.10157501944392766,0.0,
monthly,2025-04-01,visits,bu_damped_tuned_county,241810.84127224976,263231.0,0.08137399746895402,0.0,
monthly,2025-04-01,visits,bu_damped50_food_bank,241260.63147024257,263231.0,0.08346421405441395,0.02,
monthly,2025-04-01,visits,bu_yoyfull_food_bank,244067.2629404851,263231.0,0.0728019764371024,0.0,
monthly,2025-04-01,visits,mmf_select_food_bank,245462.49421029753,263231.0,0.06750157006470536,0.0,
monthly,2025-04-01,visits,bu_damped_tuned_food_bank,241260.63147024257,263231.0,0.08346421405441395,0.0,
monthly,2025-04-01,visits,bu_damped50_site,241018.13339341286,263231.0,0.08438545082679139,0.02,
monthly,2025-04-01,visits,bu_yoyfull_site,249899.9334534924,263231.0,0.050643983977979756,0.0,
monthly,2025-04-01,visits,mmf_select_site,240016.5215599446,263231.0,0.08819051874610284,0.0,
monthly,2025-04-01,visits,bu_damped_tuned_site,241018.13339341286,263231.0,0.08438545082679139,0.0,
monthly,2025-04-01,visits,bu_seasonal_level_county,245610.91783861717,263231.0,0.06693771691549566,0.0,
monthly,2025-04-01,visits,ets_food_bank,245685.18563763355,263231.0,0.06665557765751928,0.4,
monthly,2025-04-01,visits,ets_site_group,252273.87889727426,263231.0,0.041625496627394676,0.17,
monthly,2025-04-01,visits,global_lgbm_county,244138.20319752296,263231.0,0.07253247832693355,0.13,
monthly,2025-04-01,visits,global_ridge_county,246347.41560495502,263231.0,0.06413980266399089,0.01,
monthly,2025-04-01,visits,global_lgbm_county_w18,245386.33481083496,263231.0,0.06779089540808281,0.08,
monthly,2025-04-01,visits,global_ridge_county_w18,254915.86900394972,263231.0,0.03158872243789779,0.0,
monthly,2025-04-01,visits,global_lgbm_site_churn,233370.61062908935,263231.0,0.11343796654235505,0.23,
monthly,2025-04-01,visits,global_ridge_site_churn,231097.57768919962,263231.0,0.12207309287584056,0.02,
monthly,2025-04-01,visits,global_lgbm_food_bank,241089.3349011179,263231.0,0.08411496023979737,0.02,
monthly,2025-04-01,visits,ratio_via_visits_county,241810.84127224976,263231.0,0.08137399746895402,0.0,
monthly,2025-04-01,visits,ens_county_damped_lgbm_ridge,244098.82002490925,263231.0,0.07268209281995952,0.0,
monthly,2025-04-01,visits,ens_site_damped_lgbm,237194.3720112511,263231.0,0.09891170868457322,0.0,
monthly,2025-04-01,visits,seasonal_naive,238454.0,263231.0,0.09412645167172562,0.0,
monthly,2025-04-01,visits,damped_yoy_3m,241356.06087392315,263231.0,0.08310168303154586,0.0,
monthly,2025-04-01,pounds,bu_damped50_county,12906343.026954778,12772997.24,0.01043966302107946,0.02,
monthly,2025-04-01,pounds,bu_yoyfull_county,12835017.533909548,12772997.24,0.004855578745083022,0.0,
monthly,2025-04-01,pounds,mmf_select_county,12757987.399535904,12772997.24,0.0011751228143298542,0.0,
monthly,2025-04-01,pounds,bu_damped_tuned_county,12906343.026954778,12772997.24,0.01043966302107946,0.0,
monthly,2025-04-01,pounds,bu_damped50_food_bank,12873651.571409909,12772997.24,0.007880243729694092,0.03,
monthly,2025-04-01,pounds,bu_yoyfull_food_bank,12769634.622819819,12772997.24,0.00026325983768726857,0.0,
monthly,2025-04-01,pounds,mmf_select_food_bank,12577489.380390903,12772997.24,0.015306341646801891,0.0,
monthly,2025-04-01,pounds,bu_damped_tuned_food_bank,12821643.097114865,12772997.24,0.0038084919460035227,0.0,
monthly,2025-04-01,pounds,bu_damped50_site,12802197.065349272,12772997.24,0.0022860590040549855,0.02,
monthly,2025-04-01,pounds,bu_yoyfull_site,12992537.86403188,12772997.24,0.017187870623220913,0.0,
monthly,2025-04-01,pounds,mmf_select_site,12522611.289154174,12772997.24,0.019602756200534976,0.0,
monthly,2025-04-01,pounds,bu_damped_tuned_site,12802197.065349272,12772997.24,0.0022860590040549855,0.0,
monthly,2025-04-01,pounds,bu_seasonal_level_county,12815972.14767384,12772997.24,0.003364512405847675,0.0,
monthly,2025-04-01,pounds,ets_food_bank,13034346.444825124,12772997.24,0.02046107111075557,0.29,
monthly,2025-04-01,pounds,ets_site_group,12868081.579617074,12772997.24,0.007444168179987276,0.18,
monthly,2025-04-01,pounds,global_lgbm_county,12550364.62142263,12772997.24,0.017429943371487844,0.1,
monthly,2025-04-01,pounds,global_ridge_county,12741584.772317074,12772997.24,0.0024592871267954397,0.01,
monthly,2025-04-01,pounds,global_lgbm_county_w18,12490412.272682099,12772997.24,0.02212362235802856,0.08,
monthly,2025-04-01,pounds,global_ridge_county_w18,10758347.600865696,12772997.24,0.15772724297044505,0.01,
monthly,2025-04-01,pounds,global_lgbm_site_churn,12333401.8018178,12772997.24,0.0344159972731819,0.25,
monthly,2025-04-01,pounds,global_ridge_site_churn,12112547.890742458,12772997.24,0.051706685349408366,0.02,
monthly,2025-04-01,pounds,global_lgbm_food_bank,12388309.727177592,12772997.24,0.03011724700117513,0.02,
monthly,2025-04-01,pounds,ratio_via_visits_county,12885073.06973588,12772997.24,0.00877443466322081,0.0,
monthly,2025-04-01,pounds,ens_county_damped_lgbm_ridge,12732764.140231496,12772997.24,0.00314985582573446,0.0,
monthly,2025-04-01,pounds,ens_site_damped_lgbm,12567799.433583535,12772997.24,0.016064969134563567,0.0,
monthly,2025-04-01,pounds,seasonal_naive,12977668.52,12772997.24,0.01602374729707523,0.0,
monthly,2025-04-01,pounds,damped_yoy_3m,12857535.910337605,12772997.24,0.006618546042808315,0.0,
monthly,2025-04-01,individuals,bu_damped50_county,762828.8755773691,786971.0,0.030677273270083516,0.01,
monthly,2025-04-01,individuals,bu_yoyfull_county,764936.7511547382,786971.0,0.027998806620906924,0.0,
monthly,2025-04-01,individuals,mmf_select_county,744361.6145800931,786971.0,0.05414352678803536,0.0,
monthly,2025-04-01,individuals,bu_damped_tuned_county,762828.8755773691,786971.0,0.030677273270083516,0.0,
monthly,2025-04-01,individuals,bu_damped50_food_bank,760773.4703287804,786971.0,0.03328906614248761,0.02,
monthly,2025-04-01,individuals,bu_yoyfull_food_bank,760825.9406575606,786971.0,0.033222392365715336,0.0,
monthly,2025-04-01,individuals,mmf_select_food_bank,767523.8607888839,786971.0,0.024711379721890747,0.0,
monthly,2025-04-01,individuals,bu_damped_tuned_food_bank,760773.4703287804,786971.0,0.03328906614248761,0.0,
monthly,2025-04-01,individuals,bu_damped50_site,760264.0492166725,786971.0,0.03393638492819617,0.02,
monthly,2025-04-01,individuals,bu_yoyfull_site,779084.4317666785,786971.0,0.010021421670330377,0.0,
monthly,2025-04-01,individuals,mmf_select_site,755808.0249130084,786971.0,0.039598632080459883,0.0,
monthly,2025-04-01,individuals,bu_damped_tuned_site,760264.0492166725,786971.0,0.03393638492819617,0.0,
monthly,2025-04-01,individuals,bu_seasonal_level_county,765654.9703328203,786971.0,0.02708616920722573,0.0,
monthly,2025-04-01,individuals,ets_food_bank,774063.2058156905,786971.0,0.016401867647358737,0.21,
monthly,2025-04-01,individuals,ets_site_group,790673.1669409676,786971.0,0.004704324480784727,0.13,
monthly,2025-04-01,individuals,global_lgbm_county,753895.7807932511,786971.0,0.0420285108431554,0.12,
monthly,2025-04-01,individuals,global_ridge_county,767563.8327011124,786971.0,0.024660587618714813,0.01,
monthly,2025-04-01,individuals,global_lgbm_county_w18,754791.3675237141,786971.0,0.04089049339338546,0.08,
monthly,2025-04-01,individuals,global_ridge_county_w18,666470.6506720015,786971.0,0.15311917380436946,0.01,
monthly,2025-04-01,individuals,global_lgbm_site_churn,725171.1078261699,786971.0,0.0785288049671844,0.26,
monthly,2025-04-01,individuals,global_ridge_site_churn,740766.8454031518,786971.0,0.05871138148273336,0.02,
monthly,2025-04-01,individuals,global_lgbm_food_bank,743750.0603793517,786971.0,0.05492062556390043,0.02,
monthly,2025-04-01,individuals,ratio_via_visits_county,761858.1791662682,786971.0,0.03191073220453078,0.0,
monthly,2025-04-01,individuals,ens_county_damped_lgbm_ridge,761429.4963572441,786971.0,0.03245545724398469,0.0,
monthly,2025-04-01,individuals,ens_site_damped_lgbm,742717.5785214212,786971.0,0.056232594947690395,0.0,
monthly,2025-04-01,individuals,seasonal_naive,760721.0,786971.0,0.03335573991926,0.0,
monthly,2025-04-01,individuals,damped_yoy_3m,760310.4554877074,786971.0,0.033877416718395725,0.0,
monthly,2025-05-01,visits,bu_damped50_county,242975.46847253662,247081.0,0.016616136115133795,0.01,
monthly,2025-05-01,visits,bu_yoyfull_county,249237.93694507325,247081.0,0.00872967547109349,0.0,
monthly,2025-05-01,visits,mmf_select_county,248758.346512597,247081.0,0.0067886503316605395,0.0,
monthly,2025-05-01,visits,bu_damped_tuned_county,242975.46847253662,247081.0,0.016616136115133795,0.0,
monthly,2025-05-01,visits,bu_damped50_food_bank,242898.70987126074,247081.0,0.01692679780614159,0.02,
monthly,2025-05-01,visits,bu_yoyfull_food_bank,249084.41974252148,247081.0,0.008108352089077897,0.0,
monthly,2025-05-01,visits,mmf_select_food_bank,254363.81539376877,247081.0,0.029475416538579546,0.0,
monthly,2025-05-01,visits,bu_damped_tuned_food_bank,242898.70987126074,247081.0,0.01692679780614159,0.0,
monthly,2025-05-01,visits,bu_damped50_site,243319.60271043633,247081.0,0.015223336839189083,0.02,
monthly,2025-05-01,visits,bu_yoyfull_site,255349.53875420595,247081.0,0.03346489108513384,0.0,
monthly,2025-05-01,visits,mmf_select_site,242823.0783804748,247081.0,0.01723289779272874,0.0,
monthly,2025-05-01,visits,bu_damped_tuned_site,243319.60271043633,247081.0,0.015223336839189083,0.0,
monthly,2025-05-01,visits,bu_seasonal_level_county,249159.46192251128,247081.0,0.008412066984152089,0.0,
monthly,2025-05-01,visits,ets_food_bank,260669.67308266895,247081.0,0.05499683538057942,0.35,
monthly,2025-05-01,visits,ets_site_group,256939.38819152338,247081.0,0.03989941837504052,0.11,
monthly,2025-05-01,visits,global_lgbm_county,262715.3219721488,247081.0,0.06327609962784986,0.08,
monthly,2025-05-01,visits,global_ridge_county,266792.7003530035,247081.0,0.07977829275825954,0.01,
monthly,2025-05-01,visits,global_lgbm_county_w18,260524.40282171068,247081.0,0.054408889480416,0.07,
monthly,2025-05-01,visits,global_ridge_county_w18,263525.4498439077,247081.0,0.06655489432173156,0.01,
monthly,2025-05-01,visits,global_lgbm_site_churn,246603.85976545184,247081.0,0.001931108561759709,0.21,
monthly,2025-05-01,visits,global_ridge_site_churn,253647.7286151326,247081.0,0.026577230200349744,0.01,
monthly,2025-05-01,visits,global_lgbm_food_bank,261313.0372316644,247081.0,0.057600694637242045,0.01,
monthly,2025-05-01,visits,ratio_via_visits_county,242975.46847253662,247081.0,0.016616136115133795,0.0,
monthly,2025-05-01,visits,ens_county_damped_lgbm_ridge,257494.496932563,247081.0,0.04214608542365861,0.0,
monthly,2025-05-01,visits,ens_site_damped_lgbm,244961.7312379441,247081.0,0.00857722270047434,0.0,
monthly,2025-05-01,visits,seasonal_naive,236713.0,247081.0,0.04196194770136108,0.0,
monthly,2025-05-01,visits,damped_yoy_3m,242889.0339966483,247081.0,0.01696595854538263,0.0,
monthly,2025-05-01,pounds,bu_damped50_county,13139362.199442048,12164935.65,0.0801012498115472,0.01,
monthly,2025-05-01,pounds,bu_yoyfull_county,13019373.638884097,12164935.65,0.07023777301149114,0.0,
monthly,2025-05-01,pounds,mmf_select_county,12604586.083064426,12164935.65,0.03614079397653258,0.0,
monthly,2025-05-01,pounds,bu_damped_tuned_county,13199356.479721023,12164935.65,0.08503298821157523,0.0,
monthly,2025-05-01,pounds,bu_damped50_food_bank,13137134.474040126,12164935.65,0.0799181230391568,0.02,
monthly,2025-05-01,pounds,bu_yoyfull_food_bank,13014918.188080255,12164935.65,0.06987151946671033,0.0,
monthly,2025-05-01,pounds,mmf_select_food_bank,12638765.187983027,12164935.65,0.03895043521936148,0.0,
monthly,2025-05-01,pounds,bu_damped_tuned_food_bank,13137134.474040126,12164935.65,0.0799181230391568,0.0,
monthly,2025-05-01,pounds,bu_damped50_site,12964362.28463317,12164935.65,0.06571564845336186,0.02,
monthly,2025-05-01,pounds,bu_yoyfull_site,13094796.042599674,12164935.65,0.07643775679155973,0.0,
monthly,2025-05-01,pounds,mmf_select_site,12474744.479152553,12164935.65,0.02546736276016004,0.0,
monthly,2025-05-01,pounds,bu_damped_tuned_site,12899145.405649919,12164935.65,0.06035459428426315,0.0,
monthly,2025-05-01,pounds,bu_seasonal_level_county,13051235.972217428,12164935.65,0.07285696757610283,0.0,
monthly,2025-05-01,pounds,ets_food_bank,13178622.024669914,12164935.65,0.08332854392615818,0.21,
monthly,2025-05-01,pounds,ets_site_group,13315006.21832247,12164935.65,0.09453979876354457,0.09,
monthly,2025-05-01,pounds,global_lgbm_county,12689220.571957318,12164935.65,0.04309804318260557,0.08,
monthly,2025-05-01,pounds,global_ridge_county,13392525.83189471,12164935.65,0.10091218048446571,0.01,
monthly,2025-05-01,pounds,global_lgbm_county_w18,12491943.90368762,12164935.65,0.026881215248156343,0.07,
monthly,2025-05-01,pounds,global_ridge_county_w18,12538685.555045921,12164935.65,0.030723541480132788,0.01,
monthly,2025-05-01,pounds,global_lgbm_site_churn,12135437.83165947,12164935.65,0.0024248232123226243,0.22,
monthly,2025-05-01,pounds,global_ridge_site_churn,13014949.431970188,12164935.65,0.06987408782307769,0.02,
monthly,2025-05-01,pounds,global_lgbm_food_bank,12899256.042208716,12164935.65,0.06036368899400757,0.02,
monthly,2025-05-01,pounds,ratio_via_visits_county,13156852.231688362,12164935.65,0.08153899126366215,0.0,
monthly,2025-05-01,pounds,ens_county_damped_lgbm_ridge,13073702.86776469,12164935.65,0.07470382449287283,0.0,
monthly,2025-05-01,pounds,ens_site_damped_lgbm,12549900.05814632,12164935.65,0.031645412620519675,0.0,
monthly,2025-05-01,pounds,seasonal_naive,13259350.76,12164935.65,0.08996472661160348,0.0,
monthly,2025-05-01,pounds,damped_yoy_3m,13140650.087824209,12164935.65,0.08020711871371122,0.0,
monthly,2025-05-01,individuals,bu_damped50_county,766029.3012850129,730685.0,0.04837146141635973,0.01,
monthly,2025-05-01,individuals,bu_yoyfull_county,769328.6025700256,730685.0,0.05288681520768268,0.0,
monthly,2025-05-01,individuals,mmf_select_county,748185.7175511799,730685.0,0.02395111101388414,0.0,
monthly,2025-05-01,individuals,bu_damped_tuned_county,766029.3012850129,730685.0,0.04837146141635973,0.0,
monthly,2025-05-01,individuals,bu_damped50_food_bank,765821.9439344257,730685.0,0.0480876765424576,0.02,
monthly,2025-05-01,individuals,bu_yoyfull_food_bank,768913.8878688514,730685.0,0.05231924545987865,0.0,
monthly,2025-05-01,individuals,mmf_select_food_bank,778062.6293917742,730685.0,0.06484001914884541,0.0,
monthly,2025-05-01,individuals,bu_damped_tuned_food_bank,765821.9439344257,730685.0,0.0480876765424576,0.0,
monthly,2025-05-01,individuals,bu_damped50_site,763214.0565545532,730685.0,0.04451857716328278,0.01,
monthly,2025-05-01,individuals,bu_yoyfull_site,783440.7797757732,730685.0,0.07220044174408002,0.0,
monthly,2025-05-01,individuals,mmf_select_site,737251.7034895868,730685.0,0.00898705117743881,0.0,
monthly,2025-05-01,individuals,bu_damped_tuned_site,763214.0565545532,730685.0,0.04451857716328278,0.01,
monthly,2025-05-01,individuals,bu_seasonal_level_county,769701.6025700256,730685.0,0.053397295099838704,0.0,
monthly,2025-05-01,individuals,ets_food_bank,789541.4721611172,730685.0,0.08054972000399241,0.21,
monthly,2025-05-01,individuals,ets_site_group,778125.5590014921,730685.0,0.06492614327855661,0.18,
monthly,2025-05-01,individuals,global_lgbm_county,784690.3547643861,730685.0,0.07391058358168845,0.1,
monthly,2025-05-01,individuals,global_ridge_county,806150.1295689275,730685.0,0.10327997641791953,0.0,
monthly,2025-05-01,individuals,global_lgbm_county_w18,780613.7542139443,730685.0,0.06833143449495238,0.09,
monthly,2025-05-01,individuals,global_ridge_county_w18,763673.1562813171,730685.0,0.045146891316117266,0.01,
monthly,2025-05-01,individuals,global_lgbm_site_churn,765725.2585614512,730685.0,0.04795535499079806,0.26,
monthly,2025-05-01,individuals,global_ridge_site_churn,789777.1913499272,730685.0,0.08087232028839675,0.01,
monthly,2025-05-01,individuals,global_lgbm_food_bank,761737.2592457368,730685.0,0.042497463675505553,0.02,
monthly,2025-05-01,individuals,ratio_via_visits_county,765931.6507994274,730685.0,0.04823781903204183,0.0,
monthly,2025-05-01,individuals,ens_county_damped_lgbm_ridge,785623.2618727755,730685.0,0.07518734047198938,0.0,
monthly,2025-05-01,individuals,ens_site_damped_lgbm,764469.6575580023,730685.0,0.04623696607704031,0.0,
monthly,2025-05-01,individuals,seasonal_naive,762730.0,730685.0,0.04385610762503678,0.0,
monthly,2025-05-01,individuals,damped_yoy_3m,765227.6536137057,730685.0,0.04727434340886383,0.0,
monthly,2025-06-01,visits,bu_damped50_county,237717.6140014042,237261.0,0.0019245219458916552,0.01,
monthly,2025-06-01,visits,bu_yoyfull_county,246047.22800280835,237261.0,0.037031910018116454,0.0,
monthly,2025-06-01,visits,mmf_select_county,247973.2550214146,237261.0,0.04514966649139396,0.0,
monthly,2025-06-01,visits,bu_damped_tuned_county,233552.80700070207,237261.0,0.015629172090220966,0.0,
monthly,2025-06-01,visits,bu_damped50_food_bank,236744.65160750126,237261.0,0.0021762885282399225,0.03,
monthly,2025-06-01,visits,bu_yoyfull_food_bank,244101.30321500258,237261.0,0.028830289069853743,0.0,
monthly,2025-06-01,visits,mmf_select_food_bank,248832.42713916494,237261.0,0.04877087738467312,0.0,
monthly,2025-06-01,visits,bu_damped_tuned_food_bank,233066.32580375066,237261.0,0.017679577327286533,0.0,
monthly,2025-06-01,visits,bu_damped50_site,239168.89080368474,237261.0,0.008041316540370103,0.02,
monthly,2025-06-01,visits,bu_yoyfull_site,252513.78160736954,237261.0,0.06428693130084406,0.0,
monthly,2025-06-01,visits,mmf_select_site,242378.39626286385,237261.0,0.021568636492570903,0.0,
monthly,2025-06-01,visits,bu_damped_tuned_site,232496.4454018424,237261.0,0.020081490839866656,0.0,
monthly,2025-06-01,visits,bu_seasonal_level_county,245770.76219141338,237261.0,0.03586667084524375,0.0,
monthly,2025-06-01,visits,ets_food_bank,255235.81178987375,237261.0,0.07575965620086644,0.25,
monthly,2025-06-01,visits,ets_site_group,257739.03453558512,237261.0,0.08631015858310098,0.11,
monthly,2025-06-01,visits,global_lgbm_county,242179.09427500374,237261.0,0.02072862491097882,0.11,
monthly,2025-06-01,visits,global_ridge_county,243278.60142358538,237261.0,0.025362792130124046,0.01,
monthly,2025-06-01,visits,global_lgbm_county_w18,240262.06954799115,237261.0,0.012648811005564031,0.08,
monthly,2025-06-01,visits,global_ridge_county_w18,230274.69448563602,237261.0,0.029445654845777325,0.01,
monthly,2025-06-01,visits,global_lgbm_site_churn,233905.05560957585,237261.0,0.014144526030085647,0.26,
monthly,2025-06-01,visits,global_ridge_site_churn,238716.22815889746,237261.0,0.0061334486447306436,0.02,
monthly,2025-06-01,visits,global_lgbm_food_bank,245805.0937472239,237261.0,0.03601137037787039,0.03,
monthly,2025-06-01,visits,ratio_via_visits_county,237717.6140014042,237261.0,0.0019245219458916552,0.0,
monthly,2025-06-01,visits,ens_county_damped_lgbm_ridge,241058.43656666446,237261.0,0.01600531299566499,0.0,
monthly,2025-06-01,visits,ens_site_damped_lgbm,236536.9732066303,237261.0,0.003051604744857772,0.0,
monthly,2025-06-01,visits,seasonal_naive,229388.0,237261.0,0.03318286612633348,0.0,
monthly,2025-06-01,visits,damped_yoy_3m,236832.79787235544,237261.0,0.0018047724979856072,0.0,
monthly,2025-06-01,pounds,bu_damped50_county,12338881.665568812,11662638.6,0.057983710956182044,0.01,
monthly,2025-06-01,pounds,bu_yoyfull_county,12181462.611137621,11662638.6,0.04448598888570743,0.0,
monthly,2025-06-01,pounds,mmf_select_county,12532968.415014397,11662638.6,0.07462546383066337,0.0,
monthly,2025-06-01,pounds,bu_damped_tuned_county,12417591.192784408,11662638.6,0.06473257199141957,0.0,
monthly,2025-06-01,pounds,bu_damped50_food_bank,12321136.062063806,11662638.6,0.056462133883133925,0.02,
monthly,2025-06-01,pounds,bu_yoyfull_food_bank,12145971.40412761,11662638.6,0.04144283473961119,0.0,
monthly,2025-06-01,pounds,mmf_select_food_bank,12677902.096666666,11662638.6,0.08705264147228786,0.0,
monthly,2025-06-01,pounds,bu_damped_tuned_food_bank,12408718.391031902,11662638.6,0.06397178345489518,0.0,
monthly,2025-06-01,pounds,bu_damped50_site,12322263.588678658,11662638.6,0.056558812401051206,0.02,
monthly,2025-06-01,pounds,bu_yoyfull_site,12464455.150690645,11662638.6,0.06875087003816138,0.0,
monthly,2025-06-01,pounds,mmf_select_site,12455651.163147109,11662638.6,0.06799598189959433,0.0,
monthly,2025-06-01,pounds,bu_damped_tuned_site,12251167.80767266,11662638.6,0.050462783582495785,0.01,
monthly,2025-06-01,pounds,bu_seasonal_level_county,12181227.611137621,11662638.6,0.04446583907158219,0.0,
monthly,2025-06-01,pounds,ets_food_bank,12838725.000674458,11662638.6,0.10084222284607702,0.25,
monthly,2025-06-01,pounds,ets_site_group,12878919.778589116,11662638.6,0.10428867945793296,0.09,
monthly,2025-06-01,pounds,global_lgbm_county,12438282.114396024,11662638.6,0.06650669209590565,0.09,
monthly,2025-06-01,pounds,global_ridge_county,11715866.87376948,11662638.6,0.004563999245374983,0.0,
monthly,2025-06-01,pounds,global_lgbm_county_w18,12401068.918311765,11662638.6,0.0633158879082274,0.09,
monthly,2025-06-01,pounds,global_ridge_county_w18,11262176.643254193,11662638.6,0.03433716592622593,0.01,
monthly,2025-06-01,pounds,global_lgbm_site_churn,12160094.612203628,11662638.6,0.042653813537841145,0.29,
monthly,2025-06-01,pounds,global_ridge_site_churn,11374592.677860474,11662638.6,0.024698177832546908,0.02,
monthly,2025-06-01,pounds,global_lgbm_food_bank,12626692.000917587,11662638.6,0.0826616886608822,0.03,
monthly,2025-06-01,pounds,ratio_via_visits_county,12387261.502107767,11662638.6,0.06213198633350148,0.0,
monthly,2025-06-01,pounds,ens_county_damped_lgbm_ridge,12164343.551244771,11662638.6,0.043018134099154226,0.0,
monthly,2025-06-01,pounds,ens_site_damped_lgbm,12241179.100441143,11662638.6,0.049606312969446176,0.0,
monthly,2025-06-01,pounds,seasonal_naive,12496300.72,11662638.6,0.07148143302665666,0.0,
monthly,2025-06-01,pounds,damped_yoy_3m,12323528.536054887,11662638.6,0.056667273909601246,0.0,
monthly,2025-06-01,individuals,bu_damped50_county,730605.1186495553,698375.0,0.046150160944414154,0.01,
monthly,2025-06-01,individuals,bu_yoyfull_county,736205.2372991106,698375.0,0.054168945479306396,0.0,
monthly,2025-06-01,individuals,mmf_select_county,728704.7171850302,698375.0,0.04342898469308065,0.0,
monthly,2025-06-01,individuals,bu_damped_tuned_county,730605.1186495553,698375.0,0.046150160944414154,0.0,
monthly,2025-06-01,individuals,bu_damped50_food_bank,727806.5726022477,698375.0,0.04214293553212478,0.03,
monthly,2025-06-01,individuals,bu_yoyfull_food_bank,730608.1452044953,698375.0,0.04615449465472743,0.0,
monthly,2025-06-01,individuals,mmf_select_food_bank,735845.9620579898,698375.0,0.053654500888476564,0.0,
monthly,2025-06-01,individuals,bu_damped_tuned_food_bank,727806.5726022477,698375.0,0.04214293553212478,0.0,
monthly,2025-06-01,individuals,bu_damped50_site,731589.2578095177,698375.0,0.04755934535101858,0.02,
monthly,2025-06-01,individuals,bu_yoyfull_site,750063.8489523686,698375.0,0.07401302874869309,0.0,
monthly,2025-06-01,individuals,mmf_select_site,736707.4284229658,698375.0,0.054888030675447785,0.0,
monthly,2025-06-01,individuals,bu_damped_tuned_site,722351.9622380921,698375.0,0.03433250365218132,0.01,
monthly,2025-06-01,individuals,bu_seasonal_level_county,735370.9802113045,698375.0,0.05297437653310122,0.0,
monthly,2025-06-01,individuals,ets_food_bank,748537.0338226329,698375.0,0.07182678907840745,0.27,
monthly,2025-06-01,individuals,ets_site_group,758796.8501117746,698375.0,0.08651777356259127,0.16,
monthly,2025-06-01,individuals,global_lgbm_county,724236.4574701763,698375.0,0.03703090384131191,0.07,
monthly,2025-06-01,individuals,global_ridge_county,699641.7423532462,698375.0,0.0018138426393359275,0.01,
monthly,2025-06-01,individuals,global_lgbm_county_w18,716872.9037723098,698375.0,0.02648706464622852,0.12,
monthly,2025-06-01,individuals,global_ridge_county_w18,682759.4170183376,698375.0,0.02235988255831378,0.01,
monthly,2025-06-01,individuals,global_lgbm_site_churn,688738.0114641457,698375.0,0.013799160244645448,0.21,
monthly,2025-06-01,individuals,global_ridge_site_churn,689548.9198077773,698375.0,0.012638024259492009,0.01,
monthly,2025-06-01,individuals,global_lgbm_food_bank,720659.5478750111,698375.0,0.03190914318956306,0.02,
monthly,2025-06-01,individuals,ratio_via_visits_county,730867.9358245921,698375.0,0.04652648766721623,0.0,
monthly,2025-06-01,individuals,ens_county_damped_lgbm_ridge,718161.1061576592,698375.0,0.028331635808354072,0.0,
monthly,2025-06-01,individuals,ens_site_damped_lgbm,710163.6346368317,698375.0,0.016880092553186676,0.0,
monthly,2025-06-01,individuals,seasonal_naive,725005.0,698375.0,0.03813137640952213,0.0,
monthly,2025-06-01,individuals,damped_yoy_3m,727506.671372307,698375.0,0.04171350831903631,0.0,
monthly,2025-07-01,visits,bu_damped50_county,243578.80598771377,260002.0,0.06316564492690913,0.02,
monthly,2025-07-01,visits,bu_yoyfull_county,251638.2786420942,260002.0,0.032167911623394385,0.0,
monthly,2025-07-01,visits,mmf_select_county,248053.57690992553,260002.0,0.045955119922440835,0.0,
monthly,2025-07-01,visits,bu_damped_tuned_county,243578.80598771377,260002.0,0.06316564492690913,0.01,
monthly,2025-07-01,visits,bu_damped50_food_bank,242559.84072082996,260002.0,0.06708471196056198,0.04,
monthly,2025-07-01,visits,bu_yoyfull_food_bank,249795.68144165986,260002.0,0.039254769418466506,0.0,
monthly,2025-07-01,visits,mmf_select_food_bank,247965.62803217277,260002.0,0.046293382234856795,0.0,
monthly,2025-07-01,visits,bu_damped_tuned_food_bank,242559.84072082996,260002.0,0.06708471196056198,0.0,
monthly,2025-07-01,visits,bu_damped50_site,245267.00966043575,260002.0,0.0566726038244485,0.03,
monthly,2025-07-01,visits,bu_yoyfull_site,256613.35265420482,260002.0,0.013033158767221664,0.0,
monthly,2025-07-01,visits,mmf_select_site,244331.43976553789,260002.0,0.06027092189468586,0.0,
monthly,2025-07-01,visits,bu_damped_tuned_site,245267.00966043575,260002.0,0.0566726038244485,0.0,
monthly,2025-07-01,visits,bu_seasonal_level_county,251540.6119754276,260002.0,0.032543549759511126,0.0,
monthly,2025-07-01,visits,ets_food_bank,238534.7272208803,260002.0,0.0825657986443169,0.3,
monthly,2025-07-01,visits,ets_site_group,236679.52926872496,260002.0,0.08970112049628476,0.1,
monthly,2025-07-01,visits,global_lgbm_county,240917.91224781226,260002.0,0.07339977289477673,0.09,
monthly,2025-07-01,visits,global_ridge_county,235501.56377770286,260002.0,0.09423172214943398,0.01,
monthly,2025-07-01,visits,global_lgbm_county_w18,239218.2285504957,260002.0,0.07993696759834268,0.13,
monthly,2025-07-01,visits,global_ridge_county_w18,244198.02419110909,260002.0,0.06078405477223603,0.01,
monthly,2025-07-01,visits,global_lgbm_site_churn,232846.04330067834,260002.0,0.10444518388059187,0.26,
monthly,2025-07-01,visits,global_ridge_site_churn,233184.8790696572,260002.0,0.10314197940916914,0.02,
monthly,2025-07-01,visits,global_lgbm_food_bank,239509.4846810334,260002.0,0.07881676032863816,0.05,
monthly,2025-07-01,visits,ratio_via_visits_county,243578.80598771377,260002.0,0.06316564492690913,0.0,
monthly,2025-07-01,visits,ens_county_damped_lgbm_ridge,239999.42733774296,260002.0,0.07693237999037328,0.0,
monthly,2025-07-01,visits,ens_site_damped_lgbm,239056.52648055705,260002.0,0.08055889385252013,0.0,
monthly,2025-07-01,visits,seasonal_naive,235324.0,260002.0,0.09491465450265768,0.0,
monthly,2025-07-01,visits,damped_yoy_3m,242508.08628992768,260002.0,0.0672837659328479,0.0,
monthly,2025-07-01,pounds,bu_damped50_county,12985767.964470435,12796556.84,0.014786096513008218,0.01,
monthly,2025-07-01,pounds,bu_yoyfull_county,12669187.34560753,12796556.84,0.009953419188068802,0.0,
monthly,2025-07-01,pounds,mmf_select_county,12352183.70185868,12796556.84,0.03472599260078146,0.0,
monthly,2025-07-01,pounds,bu_damped_tuned_county,13144058.273901882,12796556.84,0.027155854363546172,0.0,
monthly,2025-07-01,pounds,bu_damped50_food_bank,12934983.44286042,12796556.84,0.01081748821899664,0.02,
monthly,2025-07-01,pounds,bu_yoyfull_food_bank,12576355.635720842,12796556.84,0.017207847941630994,0.0,
monthly,2025-07-01,pounds,mmf_select_food_bank,12711041.138300559,12796556.84,0.006682711823866039,0.0,
monthly,2025-07-01,pounds,bu_damped_tuned_food_bank,13114297.34643021,12796556.84,0.024830156299310513,0.0,
monthly,2025-07-01,pounds,bu_damped50_site,13085502.301129488,12796556.84,0.022579938083523432,0.02,
monthly,2025-07-01,pounds,bu_yoyfull_site,13093985.378925642,12796556.84,0.023242856859426952,0.0,
monthly,2025-07-01,pounds,mmf_select_site,12439021.778862488,12796556.84,0.02793994240856379,0.0,
monthly,2025-07-01,pounds,bu_damped_tuned_site,13081260.762231411,12796556.84,0.022248478695571672,0.0,
monthly,2025-07-01,pounds,bu_seasonal_level_county,12664818.678940866,12796556.84,0.010294813105298894,0.0,
monthly,2025-07-01,pounds,ets_food_bank,12377494.664136425,12796556.84,0.03274804161019729,0.38,
monthly,2025-07-01,pounds,ets_site_group,12237104.245066978,12796556.84,0.04371899425197423,0.17,
monthly,2025-07-01,pounds,global_lgbm_county,11970119.721337168,12796556.84,0.06458277245950417,0.11,
monthly,2025-07-01,pounds,global_ridge_county,12257269.63185213,12796556.84,0.04214314951207376,0.01,
monthly,2025-07-01,pounds,global_lgbm_county_w18,11763428.812030982,12796556.84,0.08073484460598213,0.1,
monthly,2025-07-01,pounds,global_ridge_county_w18,12225259.444034865,12796556.84,0.04464461832259048,0.01,
monthly,2025-07-01,pounds,global_lgbm_site_churn,11778856.853616651,12796556.84,0.07952920454369261,0.28,
monthly,2025-07-01,pounds,global_ridge_site_churn,12111699.60697277,12796556.84,0.0535188677384274,0.02,
monthly,2025-07-01,pounds,global_lgbm_food_bank,12138484.32500031,12796556.84,0.051425748600018695,0.02,
monthly,2025-07-01,pounds,ratio_via_visits_county,13007005.046898676,12796556.84,0.016445690003177083,0.0,
monthly,2025-07-01,pounds,ens_county_damped_lgbm_ridge,12404385.772553243,12796556.84,0.030646608486190052,0.0,
monthly,2025-07-01,pounds,ens_site_damped_lgbm,12432179.577373069,12796556.84,0.0284746332300847,0.0,
monthly,2025-07-01,pounds,seasonal_naive,13293611.25,12796556.84,0.038842824379624386,0.0,
monthly,2025-07-01,pounds,damped_yoy_3m,12927622.359995777,12796556.84,0.010242248882612381,0.0,
monthly,2025-07-01,individuals,bu_damped50_county,731258.4264027785,773672.0,0.05482113039792258,0.01,
monthly,2025-07-01,individuals,bu_yoyfull_county,728987.5194722236,773672.0,0.05775636255128325,0.0,
monthly,2025-07-01,individuals,mmf_select_county,716306.6989294803,773672.0,0.07414679744196473,0.0,
monthly,2025-07-01,individuals,bu_damped_tuned_county,731258.4264027785,773672.0,0.05482113039792258,0.0,
monthly,2025-07-01,individuals,bu_damped50_food_bank,728557.0115177961,773672.0,0.05831281018597534,0.03,
monthly,2025-07-01,individuals,bu_yoyfull_food_bank,724141.0230355922,773672.0,0.06402064048383271,0.0,
monthly,2025-07-01,individuals,mmf_select_food_bank,736664.4746248415,773672.0,0.04783361085209048,0.0,
monthly,2025-07-01,individuals,bu_damped_tuned_food_bank,728557.0115177961,773672.0,0.05831281018597534,0.0,
monthly,2025-07-01,individuals,bu_damped50_site,738307.268088154,773672.0,0.045710238850373286,0.02,
monthly,2025-07-01,individuals,bu_yoyfull_site,747983.536176308,773672.0,0.03320330039563524,0.0,
monthly,2025-07-01,individuals,mmf_select_site,729590.5865500241,773672.0,0.05697687579487931,0.0,
monthly,2025-07-01,individuals,bu_damped_tuned_site,733469.134044077,773672.0,0.0519637080777422,0.01,
monthly,2025-07-01,individuals,bu_seasonal_level_county,728709.3528055571,773672.0,0.05811590337306105,0.0,
monthly,2025-07-01,individuals,ets_food_bank,691403.956239302,773672.0,0.1063345238818234,0.31,
monthly,2025-07-01,individuals,ets_site_group,715543.7060706875,773672.0,0.07513299425249009,0.2,
monthly,2025-07-01,individuals,global_lgbm_county,719306.1986865425,773672.0,0.07026983180657631,0.1,
monthly,2025-07-01,individuals,global_ridge_county,689873.134062749,773672.0,0.10831316880700226,0.01,
monthly,2025-07-01,individuals,global_lgbm_county_w18,709070.8094554103,773672.0,0.0834994552531172,0.06,
monthly,2025-07-01,individuals,global_ridge_county_w18,692691.1499138277,773672.0,0.1046707779086904,0.01,
monthly,2025-07-01,individuals,global_lgbm_site_churn,694965.934660453,773672.0,0.10173053353300499,0.19,
monthly,2025-07-01,individuals,global_ridge_site_churn,687557.7148959131,773672.0,0.1113059346907822,0.02,
monthly,2025-07-01,individuals,global_lgbm_food_bank,713192.7511012261,773672.0,0.07817169149041703,0.02,
monthly,2025-07-01,individuals,ratio_via_visits_county,731700.166159114,773672.0,0.05425016523912718,0.0,
monthly,2025-07-01,individuals,ens_county_damped_lgbm_ridge,713479.2530506899,773672.0,0.07780137700383372,0.0,
monthly,2025-07-01,individuals,ens_site_damped_lgbm,716636.6013743035,773672.0,0.07372038619168919,0.0,
monthly,2025-07-01,individuals,seasonal_naive,732973.0,773672.0,0.052604979888117964,0.0,
monthly,2025-07-01,individuals,damped_yoy_3m,727687.8955716724,773672.0,0.05943617505651966,0.0,
monthly,2025-08-01,visits,bu_damped50_county,250799.41307448814,240290.0,0.04373637302629385,0.0,
monthly,2025-08-01,visits,bu_yoyfull_county,260120.8261489764,240290.0,0.08252872008396683,0.0,
monthly,2025-08-01,visits,mmf_select_county,256633.5166625994,240290.0,0.06801580033542565,0.0,
monthly,2025-08-01,visits,bu_damped_tuned_county,250799.41307448814,240290.0,0.04373637302629385,0.0,
monthly,2025-08-01,visits,bu_damped50_food_bank,248817.11638192233,240290.0,0.03548677174215453,0.0,
monthly,2025-08-01,visits,bu_yoyfull_food_bank,256156.23276384478,240290.0,0.06602951751568842,0.0,
monthly,2025-08-01,visits,mmf_select_food_bank,252542.63156443124,240290.0,0.05099101737247169,0.0,
monthly,2025-08-01,visits,bu_damped_tuned_food_bank,248817.11638192233,240290.0,0.03548677174215453,0.0,
monthly,2025-08-01,visits,bu_damped50_site,252890.46339796076,240290.0,0.05243856755570664,0.0,
monthly,2025-08-01,visits,bu_yoyfull_site,262779.2601292548,240290.0,0.09359216001188053,0.0,
monthly,2025-08-01,visits,mmf_select_site,253930.92102465392,240290.0,0.056768575573906244,0.0,
monthly,2025-08-01,visits,bu_damped_tuned_site,252890.46339796076,240290.0,0.05243856755570664,0.0,
monthly,2025-08-01,visits,bu_seasonal_level_county,260121.82669544485,240290.0,0.08253288399619141,0.0,
monthly,2025-08-01,visits,ets_food_bank,273572.13909146766,240290.0,0.13850821545410819,0.0,
monthly,2025-08-01,visits,ets_site_group,269628.91675467073,240290.0,0.12209795145312219,0.0,
monthly,2025-08-01,visits,global_lgbm_county,260181.6374712466,240290.0,0.08278179479481707,0.0,
monthly,2025-08-01,visits,global_ridge_county,271791.16689164506,240290.0,0.13109645383347224,0.0,
monthly,2025-08-01,visits,global_lgbm_county_w18,263411.1058668616,240290.0,0.09622167325673803,0.0,
monthly,2025-08-01,visits,global_ridge_county_w18,259713.15627774305,240290.0,0.08083214564793817,0.0,
monthly,2025-08-01,visits,global_lgbm_site_churn,243033.79787628163,240290.0,0.011418693563117976,0.0,
monthly,2025-08-01,visits,global_ridge_site_churn,256085.88120281376,240290.0,0.06573673978448435,0.0,
monthly,2025-08-01,visits,global_lgbm_food_bank,254793.55391332632,240290.0,0.06035854140133301,0.0,
monthly,2025-08-01,visits,ratio_via_visits_county,250799.41307448814,240290.0,0.04373637302629385,0.0,
monthly,2025-08-01,visits,ens_county_damped_lgbm_ridge,260924.0724791266,240290.0,0.08587154055152779,0.0,
monthly,2025-08-01,visits,ens_site_damped_lgbm,247962.1306371212,240290.0,0.03192863055941242,0.0,
monthly,2025-08-01,visits,seasonal_naive,241478.0,240290.0,0.004944025968621313,0.0,
monthly,2025-08-01,visits,damped_yoy_3m,248865.81358092456,240290.0,0.03568943185702511,0.0,
monthly,2025-08-01,pounds,bu_damped50_county,12878489.19753752,12821574.42,0.004438985078832447,0.0,
monthly,2025-08-01,pounds,bu_yoyfull_county,12521516.015075045,12821574.42,0.023402617736001496,0.0,
monthly,2025-08-01,pounds,mmf_select_county,12585622.682702668,12821574.42,0.018402711677068084,0.0,
monthly,2025-08-01,pounds,bu_damped_tuned_county,13056975.788768763,12821574.42,0.01835978648624992,0.0,
monthly,2025-08-01,pounds,bu_damped50_food_bank,12819709.202627156,12821574.42,0.00014547490906691163,0.0,
monthly,2025-08-01,pounds,bu_yoyfull_food_bank,12403956.025254313,12821574.42,0.03257153771180055,0.0,
monthly,2025-08-01,pounds,mmf_select_food_bank,12608129.480187517,12821574.42,0.016647326827471054,0.0,
monthly,2025-08-01,pounds,bu_damped_tuned_food_bank,13027585.791313577,12821574.42,0.01606755649229985,0.0,
monthly,2025-08-01,pounds,bu_damped50_site,13096797.586052032,12821574.42,0.021465629495759808,0.0,
monthly,2025-08-01,pounds,bu_yoyfull_site,12945458.758770734,12821574.42,0.00966217834975791,0.0,
monthly,2025-08-01,pounds,mmf_select_site,12517655.962978888,12821574.42,0.023703676870372337,0.0,
monthly,2025-08-01,pounds,bu_damped_tuned_site,13248136.413333334,12821574.42,0.03326908064176215,0.0,
monthly,2025-08-01,pounds,bu_seasonal_level_county,12528510.526423363,12821574.42,0.02285709102304123,0.0,
monthly,2025-08-01,pounds,ets_food_bank,13762507.169299047,12821574.42,0.07338667767909324,0.0,
monthly,2025-08-01,pounds,ets_site_group,13459581.080162527,12821574.42,0.04976039909477259,0.0,
monthly,2025-08-01,pounds,global_lgbm_county,12876636.003750283,12821574.42,0.004294447931791678,0.0,
monthly,2025-08-01,pounds,global_ridge_county,12941234.44294813,12821574.42,0.009332708997225492,0.0,
monthly,2025-08-01,pounds,global_lgbm_county_w18,12743079.722198509,12821574.42,0.006122079491193366,0.0,
monthly,2025-08-01,pounds,global_ridge_county_w18,12026015.8004914,12821574.42,0.06204843441595065,0.0,
monthly,2025-08-01,pounds,global_lgbm_site_churn,12367833.284039935,12821574.42,0.03538887823731596,0.0,
monthly,2025-08-01,pounds,global_ridge_site_churn,12613250.797554718,12821574.42,0.016247897147508183,0.0,
monthly,2025-08-01,pounds,global_lgbm_food_bank,12950018.087236002,12821574.42,0.010017776524827271,0.0,
monthly,2025-08-01,pounds,ratio_via_visits_county,12947819.421670757,12821574.42,0.009846294810240463,0.0,
monthly,2025-08-01,pounds,ens_county_damped_lgbm_ridge,12898786.548078647,12821574.42,0.00602204733595002,0.0,
monthly,2025-08-01,pounds,ens_site_damped_lgbm,12732315.435045984,12821574.42,0.0069616243707780745,0.0,
monthly,2025-08-01,pounds,seasonal_naive,13235462.38,12821574.42,0.032280587893666945,0.0,
monthly,2025-08-01,pounds,damped_yoy_3m,12824472.052094165,12821574.42,0.00022599658975153147,0.0,
monthly,2025-08-01,individuals,bu_damped50_county,748620.7914843388,727272.0,0.029354617645583447,0.0,
monthly,2025-08-01,individuals,bu_yoyfull_county,751318.5829686777,727272.0,0.03306408464601662,0.0,
monthly,2025-08-01,individuals,mmf_select_county,737080.7624294688,727272.0,0.013487061827581526,0.0,
monthly,2025-08-01,individuals,bu_damped_tuned_county,747271.8957421693,727272.0,0.02749988414536708,0.0,
monthly,2025-08-01,individuals,bu_damped50_food_bank,742547.188749649,727272.0,0.021003405534172792,0.0,
monthly,2025-08-01,individuals,bu_yoyfull_food_bank,739171.3774992978,727272.0,0.016361660423194868,0.0,
monthly,2025-08-01,individuals,mmf_select_food_bank,754291.222261263,727272.0,0.03715146776070455,0.0,
monthly,2025-08-01,individuals,bu_damped_tuned_food_bank,744235.0943748245,727272.0,0.023324278089661865,0.0,
monthly,2025-08-01,individuals,bu_damped50_site,755318.8331459739,727272.0,0.038564434140148096,0.0,
monthly,2025-08-01,individuals,bu_yoyfull_site,759356.6662919477,727272.0,0.04411646026788829,0.0,
monthly,2025-08-01,individuals,mmf_select_site,754711.5746770191,727272.0,0.03772945291035423,0.0,
monthly,2025-08-01,individuals,bu_damped_tuned_site,753299.9165729869,727272.0,0.035788421076278,0.0,
monthly,2025-08-01,individuals,bu_seasonal_level_county,751555.2574446701,727272.0,0.033389512375933794,0.0,
monthly,2025-08-01,individuals,ets_food_bank,803377.4240234244,727272.0,0.10464506267727125,0.0,
monthly,2025-08-01,individuals,ets_site_group,804059.1422990526,727272.0,0.10558242624362357,0.0,
monthly,2025-08-01,individuals,global_lgbm_county,783421.6229992266,727272.0,0.07720580882974537,0.0,
monthly,2025-08-01,individuals,global_ridge_county,793092.0926404664,727272.0,0.09050271788335928,0.0,
monthly,2025-08-01,individuals,global_lgbm_county_w18,787922.6139226017,727272.0,0.0833946775382548,0.0,
monthly,2025-08-01,individuals,global_ridge_county_w18,757293.2523457555,727272.0,0.04127926325467701,0.0,
monthly,2025-08-01,individuals,global_lgbm_site_churn,744133.8907949477,727272.0,0.023185123028176102,0.0,
monthly,2025-08-01,individuals,global_ridge_site_churn,759057.0436803165,727272.0,0.0437044787649139,0.0,
monthly,2025-08-01,individuals,global_lgbm_food_bank,745051.9779371684,727272.0,0.02444749411110081,0.0,
monthly,2025-08-01,individuals,ratio_via_visits_county,749426.8387792712,727272.0,0.030462933784431767,0.0,
monthly,2025-08-01,individuals,ens_county_damped_lgbm_ridge,775044.8357080106,727272.0,0.06568771478622937,0.0,
monthly,2025-08-01,individuals,ens_site_damped_lgbm,749726.3619704607,727272.0,0.0308747785841621,0.0,
monthly,2025-08-01,individuals,seasonal_naive,745923.0,727272.0,0.025645150645150716,0.0,
monthly,2025-08-01,individuals,damped_yoy_3m,742903.9826757953,727272.0,0.021493997673216247,0.0,
monthly,2025-09-01,visits,bu_damped50_county,243324.62981475182,253913.0,0.0417007801303918,0.01,
monthly,2025-09-01,visits,bu_yoyfull_county,249607.25962950362,253913.0,0.016957542034068296,0.0,
monthly,2025-09-01,visits,mmf_select_county,241213.49372499943,253913.0,0.0500151873870206,0.0,
monthly,2025-09-01,visits,bu_damped_tuned_county,243324.62981475182,253913.0,0.0417007801303918,0.0,
monthly,2025-09-01,visits,bu_damped50_food_bank,242341.19884053888,253913.0,0.045573882233131524,0.02,
monthly,2025-09-01,visits,bu_yoyfull_food_bank,247853.39768107777,253913.0,0.023864876232891685,0.0,
monthly,2025-09-01,visits,mmf_select_food_bank,245156.93469501054,253913.0,0.03448450967453209,0.0,
monthly,2025-09-01,visits,bu_damped_tuned_food_bank,242341.19884053888,253913.0,0.045573882233131524,0.01,
monthly,2025-09-01,visits,bu_damped50_site,247012.44430092833,253913.0,0.027176850728681368,0.01,
monthly,2025-09-01,visits,bu_yoyfull_site,259350.8886018566,253913.0,0.02141634576353546,0.0,
monthly,2025-09-01,visits,mmf_select_site,249229.23459370623,253913.0,0.018446339519023303,0.0,
monthly,2025-09-01,visits,bu_damped_tuned_site,247012.44430092833,253913.0,0.027176850728681368,0.0,
monthly,2025-09-01,visits,bu_seasonal_level_county,249500.75962950368,253913.0,0.017376977037395935,0.0,
monthly,2025-09-01,visits,ets_food_bank,240447.1355334861,253913.0,0.053033379411506765,0.32,
monthly,2025-09-01,visits,ets_site_group,243848.43620337147,253913.0,0.0396378436575856,0.13,
monthly,2025-09-01,visits,global_lgbm_county,246462.59884347187,253913.0,0.029342338346315944,0.09,
monthly,2025-09-01,visits,global_ridge_county,233411.52273545432,253913.0,0.08074213318950063,0.01,
monthly,2025-09-01,visits,global_lgbm_county_w18,244608.97263920482,253913.0,0.036642579784395335,0.07,
monthly,2025-09-01,visits,global_ridge_county_w18,244726.6872776629,253913.0,0.03617897753300192,0.01,
monthly,2025-09-01,visits,global_lgbm_site_churn,242595.53036791817,253913.0,0.044572233922965054,0.24,
monthly,2025-09-01,visits,global_ridge_site_churn,232965.17097380172,253913.0,0.08250002570249759,0.02,
monthly,2025-09-01,visits,global_lgbm_food_bank,245174.79339985523,253913.0,0.03441417572217553,0.02,
monthly,2025-09-01,visits,ratio_via_visits_county,243324.62981475182,253913.0,0.0417007801303918,0.0,
monthly,2025-09-01,visits,ens_county_damped_lgbm_ridge,241066.25046455933,253913.0,0.050595083888736236,0.0,
monthly,2025-09-01,visits,ens_site_damped_lgbm,244803.98733442323,253913.0,0.03587454232582332,0.0,
monthly,2025-09-01,visits,seasonal_naive,236829.0,253913.0,0.06728288823337125,0.0,
monthly,2025-09-01,visits,damped_yoy_3m,242087.97274600322,253913.0,0.046571176954298465,0.0,
monthly,2025-09-01,pounds,bu_damped50_county,11988859.61090323,12348815.25,0.029149001892855297,0.02,
monthly,2025-09-01,pounds,bu_yoyfull_county,11759551.555139795,12348815.25,0.04771823716936774,0.0,
monthly,2025-09-01,pounds,mmf_select_county,12272990.033542067,12348815.25,0.006140282684845677,0.0,
monthly,2025-09-01,pounds,bu_damped_tuned_county,11988859.61090323,12348815.25,0.029149001892855297,0.0,
monthly,2025-09-01,pounds,bu_damped50_food_bank,11936355.229749702,12348815.25,0.03340077666562369,0.02,
monthly,2025-09-01,pounds,bu_yoyfull_food_bank,11663008.459499402,12348815.25,0.05553624186746153,0.0,
monthly,2025-09-01,pounds,mmf_select_food_bank,11818193.578719757,12348815.25,0.042969439621363015,0.0,
monthly,2025-09-01,pounds,bu_damped_tuned_food_bank,11936355.229749702,12348815.25,0.03340077666562369,0.01,
monthly,2025-09-01,pounds,bu_damped50_site,12009594.489126848,12348815.25,0.0274699033069713,0.02,
monthly,2025-09-01,pounds,bu_yoyfull_site,11888489.978253694,12348815.25,0.03727687737058871,0.0,
monthly,2025-09-01,pounds,mmf_select_site,12006059.100587046,12348815.25,0.02775619704999266,0.0,
monthly,2025-09-01,pounds,bu_damped_tuned_site,12070146.744563425,12348815.25,0.022566416275162537,0.0,
monthly,2025-09-01,pounds,bu_seasonal_level_county,11755318.721806461,12348815.25,0.048061009593089454,0.0,
monthly,2025-09-01,pounds,ets_food_bank,12423266.298099697,12348815.25,0.006029003316710524,0.25,
monthly,2025-09-01,pounds,ets_site_group,12531425.192044891,12348815.25,0.014787648721596325,0.13,
monthly,2025-09-01,pounds,global_lgbm_county,12535100.906326856,12348815.25,0.015085305963003837,0.09,
monthly,2025-09-01,pounds,global_ridge_county,11631652.944870977,12348815.25,0.05807539351833957,0.01,
monthly,2025-09-01,pounds,global_lgbm_county_w18,12488742.69660127,12348815.25,0.011331244639138038,0.07,
monthly,2025-09-01,pounds,global_ridge_county_w18,11305361.94259158,12348815.25,0.08449825236541786,0.01,
monthly,2025-09-01,pounds,global_lgbm_site_churn,11821983.09590419,12348815.25,0.04266256668596691,0.2,
monthly,2025-09-01,pounds,global_ridge_site_churn,11195685.996769225,12348815.25,0.09337974776412461,0.02,
monthly,2025-09-01,pounds,global_lgbm_food_bank,12089758.43710669,12348815.25,0.020978272623627614,0.02,
monthly,2025-09-01,pounds,ratio_via_visits_county,12009391.373014513,12348815.25,0.027486351533640985,0.0,
monthly,2025-09-01,pounds,ens_county_damped_lgbm_ridge,12051871.154033689,12348815.25,0.02404636314939701,0.0,
monthly,2025-09-01,pounds,ens_site_damped_lgbm,11915788.79251552,12348815.25,0.03506623499646899,0.0,
monthly,2025-09-01,pounds,seasonal_naive,12209702.0,12348815.25,0.011265311463785954,0.0,
monthly,2025-09-01,pounds,damped_yoy_3m,11936788.526579827,12348815.25,0.0333656885360053,0.0,
monthly,2025-09-01,individuals,bu_damped50_county,732607.444827913,759212.0,0.0350423270075908,0.02,
monthly,2025-09-01,individuals,bu_yoyfull_county,735408.5563224929,759212.0,0.03135282856107002,0.0,
monthly,2025-09-01,individuals,mmf_select_county,744207.0021610294,759212.0,0.019763910263497664,0.0,
monthly,2025-09-01,individuals,bu_damped_tuned_county,732607.444827913,759212.0,0.0350423270075908,0.0,
monthly,2025-09-01,individuals,bu_damped50_food_bank,729524.8077245111,759212.0,0.0391026383612072,0.02,
monthly,2025-09-01,individuals,bu_yoyfull_food_bank,729905.6154490223,759212.0,0.038601055503571735,0.0,
monthly,2025-09-01,individuals,mmf_select_food_bank,730652.820621264,759212.0,0.03761687035865602,0.0,
monthly,2025-09-01,individuals,bu_damped_tuned_food_bank,729524.8077245111,759212.0,0.0391026383612072,0.0,
monthly,2025-09-01,individuals,bu_damped50_site,725126.9365441476,759212.0,0.04489531706012606,0.01,
monthly,2025-09-01,individuals,bu_yoyfull_site,728938.873088295,759212.0,0.039874405188149,0.0,
monthly,2025-09-01,individuals,mmf_select_site,753920.8836044804,759212.0,0.00696922123928434,0.0,
monthly,2025-09-01,individuals,bu_damped_tuned_site,723220.9682720738,759212.0,0.0474057729961147,0.0,
monthly,2025-09-01,individuals,bu_seasonal_level_county,735077.3896558264,759212.0,0.03178902644343562,0.0,
monthly,2025-09-01,individuals,ets_food_bank,713638.9169851282,759212.0,0.06002682125002212,0.23,
monthly,2025-09-01,individuals,ets_site_group,736943.1007835591,759212.0,0.029331595412665834,0.13,
monthly,2025-09-01,individuals,global_lgbm_county,736756.5342449642,759212.0,0.029577332490840158,0.08,
monthly,2025-09-01,individuals,global_ridge_county,702400.7709053841,759212.0,0.0748292032984409,0.01,
monthly,2025-09-01,individuals,global_lgbm_county_w18,745515.107196872,759212.0,0.018040932971459922,0.06,
monthly,2025-09-01,individuals,global_ridge_county_w18,726664.4180230501,759212.0,0.04287021540353675,0.01,
monthly,2025-09-01,individuals,global_lgbm_site_churn,711275.112269362,759212.0,0.06314031881824578,0.2,
monthly,2025-09-01,individuals,global_ridge_site_churn,686661.6017027218,759212.0,0.09556013115872541,0.02,
monthly,2025-09-01,individuals,global_lgbm_food_bank,736603.2717299802,759212.0,0.02977920300261294,0.02,
monthly,2025-09-01,individuals,ratio_via_visits_county,732469.0576369743,759212.0,0.03522460440960595,0.0,
monthly,2025-09-01,individuals,ens_county_damped_lgbm_ridge,723921.583326087,759212.0,0.0464829542656241,0.0,
monthly,2025-09-01,individuals,ens_site_damped_lgbm,718201.0244067548,759212.0,0.05401781793918592,0.0,
monthly,2025-09-01,individuals,seasonal_naive,729144.0,759212.0,0.03960422121884266,0.0,
monthly,2025-09-01,individuals,damped_yoy_3m,728386.0399537003,759212.0,0.04060257220157182,0.0,
monthly,2025-10-01,visits,bu_damped50_county,264535.381828945,280606.0,0.057271113843093135,0.01,
monthly,2025-10-01,visits,bu_yoyfull_county,271937.4303245566,280606.0,0.030892317610612063,0.0,
monthly,2025-10-01,visits,mmf_select_county,256726.3355613626,280606.0,0.08510033441422282,0.0,
monthly,2025-10-01,visits,bu_damped_tuned_county,264535.381828945,280606.0,0.057271113843093135,0.0,
monthly,2025-10-01,visits,bu_damped50_food_bank,264356.58961177594,280606.0,0.05790827846954116,0.02,
monthly,2025-10-01,visits,bu_yoyfull_food_bank,271793.17922355194,280606.0,0.03140638752003899,0.0,
monthly,2025-10-01,visits,mmf_select_food_bank,267307.570142993,280606.0,0.04739182290117461,0.0,
monthly,2025-10-01,visits,bu_damped_tuned_food_bank,264356.58961177594,280606.0,0.05790827846954116,0.0,
monthly,2025-10-01,visits,bu_damped50_site,268548.26243037876,280606.0,0.0429703483518572,0.01,
monthly,2025-10-01,visits,bu_yoyfull_site,277666.5248607575,280606.0,0.01047545362266833,0.0,
monthly,2025-10-01,visits,mmf_select_site,263954.75412046874,280606.0,0.05934030590768291,0.0,
monthly,2025-10-01,visits,bu_damped_tuned_site,268548.26243037876,280606.0,0.0429703483518572,0.0,
monthly,2025-10-01,visits,bu_seasonal_level_county,271954.67635630263,280606.0,0.030830857656990118,0.0,
monthly,2025-10-01,visits,ets_food_bank,263902.8278569192,280606.0,0.05952535634690914,0.26,
monthly,2025-10-01,visits,ets_site_group,265790.3962141593,280606.0,0.05279859940928089,0.07,
monthly,2025-10-01,visits,global_lgbm_county,268204.80974084325,280606.0,0.04419431608432023,0.08,
monthly,2025-10-01,visits,global_ridge_county,276402.22958558646,280606.0,0.014981042509474296,0.01,
monthly,2025-10-01,visits,global_lgbm_county_w18,265316.1978888892,280606.0,0.05448850741292355,0.06,
monthly,2025-10-01,visits,global_ridge_county_w18,280297.60664078314,280606.0,0.0010990262475387702,0.01,
monthly,2025-10-01,visits,global_lgbm_site_churn,255093.17137067317,280606.0,0.09092046723636282,0.25,
monthly,2025-10-01,visits,global_ridge_site_churn,268345.61883618747,280606.0,0.0436925125044102,0.02,
monthly,2025-10-01,visits,global_lgbm_food_bank,269523.8103728738,280606.0,0.039493772859903964,0.03,
monthly,2025-10-01,visits,ratio_via_visits_county,264535.381828945,280606.0,0.057271113843093135,0.0,
monthly,2025-10-01,visits,ens_county_damped_lgbm_ridge,269714.1403851249,280606.0,0.03881549081229596,0.0,
monthly,2025-10-01,visits,ens_site_damped_lgbm,261820.71690052596,280606.0,0.06694540779411007,0.0,
monthly,2025-10-01,visits,seasonal_naive,256920.0,280606.0,0.08441016941904311,0.0,
monthly,2025-10-01,visits,damped_yoy_3m,264223.6850136835,280606.0,0.05838191266871162,0.0,
monthly,2025-10-01,pounds,bu_damped50_county,13761290.176163401,13379601.15,0.028527683440204843,0.02,
monthly,2025-10-01,pounds,bu_yoyfull_county,13642369.902326798,13379601.15,0.019639505646010802,0.0,
monthly,2025-10-01,pounds,mmf_select_county,13116182.617455062,13379601.15,0.019688070637661648,0.0,
monthly,2025-10-01,pounds,bu_damped_tuned_county,13701830.039245097,13379601.15,0.02408359454310771,0.0,
monthly,2025-10-01,pounds,bu_damped50_food_bank,13732905.033597903,13379601.15,0.02640615961843551,0.02,
monthly,2025-10-01,pounds,bu_yoyfull_food_bank,13594266.617195807,13379601.15,0.016044235159865528,0.0,
monthly,2025-10-01,pounds,mmf_select_food_bank,13096033.029076664,13379601.15,0.02119406383973832,0.0,
monthly,2025-10-01,pounds,bu_damped_tuned_food_bank,13732905.033597903,13379601.15,0.02640615961843551,0.0,
monthly,2025-10-01,pounds,bu_damped50_site,13860576.977808725,13379601.15,0.03594844288827881,0.01,
monthly,2025-10-01,pounds,bu_yoyfull_site,13832336.172284119,13379601.15,0.03383770690982946,0.0,
monthly,2025-10-01,pounds,mmf_select_site,12885210.686619453,13379601.15,0.03695106138351123,0.0,
monthly,2025-10-01,pounds,bu_damped_tuned_site,13888817.783333335,13379601.15,0.03805917886672838,0.0,
monthly,2025-10-01,pounds,bu_seasonal_level_county,13645156.163383583,13379601.15,0.01984775259041127,0.0,
monthly,2025-10-01,pounds,ets_food_bank,13185217.174663601,13379601.15,0.014528383406735457,0.35,
monthly,2025-10-01,pounds,ets_site_group,13709216.038466107,13379601.15,0.024635628877928584,0.14,
monthly,2025-10-01,pounds,global_lgbm_county,12781540.713897437,13379601.15,0.04469942185851805,0.1,
monthly,2025-10-01,pounds,global_ridge_county,13810873.690233111,13379601.15,0.03223358718978786,0.01,
monthly,2025-10-01,pounds,global_lgbm_county_w18,12656146.472433757,13379601.15,0.054071468159291425,0.07,
monthly,2025-10-01,pounds,global_ridge_county_w18,14033956.589299424,13379601.15,0.048906946624445835,0.01,
monthly,2025-10-01,pounds,global_lgbm_site_churn,12708952.417497845,13379601.15,0.05012471784348782,0.24,
monthly,2025-10-01,pounds,global_ridge_site_churn,13422099.373894157,13379601.15,0.0031763446023318487,0.01,
monthly,2025-10-01,pounds,global_lgbm_food_bank,13106940.06428217,13379601.15,0.020378865009576974,0.02,
monthly,2025-10-01,pounds,ratio_via_visits_county,13763897.431658614,13379601.15,0.028722551393739693,0.0,
monthly,2025-10-01,pounds,ens_county_damped_lgbm_ridge,13451234.860097984,13379601.15,0.0053539495904915135,0.0,
monthly,2025-10-01,pounds,ens_site_damped_lgbm,13284764.697653286,13379601.15,0.007088137477604395,0.0,
monthly,2025-10-01,pounds,seasonal_naive,13871543.45,13379601.15,0.03676808407700549,0.0,
monthly,2025-10-01,pounds,damped_yoy_3m,13733355.536211573,13379601.15,0.026439830473688808,0.0,
monthly,2025-10-01,individuals,bu_damped50_county,819860.6785893675,833627.0,0.016513766241535444,0.01,
monthly,2025-10-01,individuals,bu_yoyfull_county,830566.0238454018,833627.0,0.003671877415916458,0.0,
monthly,2025-10-01,individuals,mmf_select_county,798059.2851628148,833627.0,0.04266622222790917,0.0,
monthly,2025-10-01,individuals,bu_damped_tuned_county,814508.0059613503,833627.0,0.022934710654345047,0.0,
monthly,2025-10-01,individuals,bu_damped50_food_bank,818244.4769535704,833627.0,0.018452524985910546,0.03,
monthly,2025-10-01,individuals,bu_yoyfull_food_bank,828045.9539071409,833627.0,0.006694896030069897,0.0,
monthly,2025-10-01,individuals,mmf_select_food_bank,794723.8192345179,833627.0,0.04666737133691945,0.0,
monthly,2025-10-01,individuals,bu_damped_tuned_food_bank,813343.7384767851,833627.0,0.024331339463830814,0.0,
monthly,2025-10-01,individuals,bu_damped50_site,829146.3031096848,833627.0,0.005374942138768435,0.01,
monthly,2025-10-01,individuals,bu_yoyfull_site,844021.939552703,833627.0,0.012469533199743976,0.0,
monthly,2025-10-01,individuals,mmf_select_site,791539.4996281315,833627.0,0.050487208753877355,0.0,
monthly,2025-10-01,individuals,bu_damped_tuned_site,821708.4848881757,833627.0,0.014297179808024807,0.0,
monthly,2025-10-01,individuals,bu_seasonal_level_county,830552.2224663234,833627.0,0.0036884332365393346,0.0,
monthly,2025-10-01,individuals,ets_food_bank,819150.3831997162,833627.0,0.01736582044521562,0.23,
monthly,2025-10-01,individuals,ets_site_group,813729.5190438335,833627.0,0.023868565864789026,0.17,
monthly,2025-10-01,individuals,global_lgbm_county,784452.6000364524,833627.0,0.05898849241153126,0.11,
monthly,2025-10-01,individuals,global_ridge_county,852227.6098578234,833627.0,0.022312868774431838,0.01,
monthly,2025-10-01,individuals,global_lgbm_county_w18,810017.2390082122,833627.0,0.028321732611573003,0.09,
monthly,2025-10-01,individuals,global_ridge_county_w18,859982.2626430765,833627.0,0.03161517398437974,0.01,
monthly,2025-10-01,individuals,global_lgbm_site_churn,741550.807226743,833627.0,0.11045250786413707,0.27,
monthly,2025-10-01,individuals,global_ridge_site_churn,827880.9073474599,833627.0,0.0068928821313849475,0.02,
monthly,2025-10-01,individuals,global_lgbm_food_bank,806449.9819825967,833627.0,0.03260093305207645,0.02,
monthly,2025-10-01,individuals,ratio_via_visits_county,819310.7075725435,833627.0,0.017173498971910117,0.0,
monthly,2025-10-01,individuals,ens_county_damped_lgbm_ridge,818846.962827881,833627.0,0.01772979662621177,0.0,
monthly,2025-10-01,individuals,ens_site_damped_lgbm,785348.5551682139,833627.0,0.057913725001452754,0.0,
monthly,2025-10-01,individuals,seasonal_naive,808443.0,833627.0,0.030210153941750972,0.0,
monthly,2025-10-01,individuals,damped_yoy_3m,817983.7726735022,833627.0,0.018765259914203525,0.0,
monthly,2025-11-01,visits,bu_damped50_county,252409.9358355346,268225.0,0.058961931827627545,0.01,
monthly,2025-11-01,visits,bu_yoyfull_county,259420.87167106915,268225.0,0.03282366792405944,0.0,
monthly,2025-11-01,visits,mmf_select_county,259425.95213545824,268225.0,0.03280472686938862,0.0,
monthly,2025-11-01,visits,bu_damped_tuned_county,252409.9358355346,268225.0,0.058961931827627545,0.0,
monthly,2025-11-01,visits,bu_damped50_food_bank,252169.27626784416,268225.0,0.059859162017544376,0.02,
monthly,2025-11-01,visits,bu_yoyfull_food_bank,258939.55253568833,268225.0,0.03461812830389288,0.0,
monthly,2025-11-01,visits,mmf_select_food_bank,263379.4696865259,268225.0,0.01806517033637478,0.0,
monthly,2025-11-01,visits,bu_damped_tuned_food_bank,252169.27626784416,268225.0,0.059859162017544376,0.0,
monthly,2025-11-01,visits,bu_damped50_site,260404.01475119998,268225.0,0.02915830086233584,0.01,
monthly,2025-11-01,visits,bu_yoyfull_site,269271.6961690666,268225.0,0.0039023065302137283,0.0,
monthly,2025-11-01,visits,mmf_select_site,257042.1960120468,268225.0,0.04169187804251362,0.0,
monthly,2025-11-01,visits,bu_damped_tuned_site,260404.01475119998,268225.0,0.02915830086233584,0.0,
monthly,2025-11-01,visits,bu_seasonal_level_county,259461.12387197727,268225.0,0.03267359913513923,0.0,
monthly,2025-11-01,visits,ets_food_bank,273627.36960237665,268225.0,0.020141185953496787,0.23,
monthly,2025-11-01,visits,ets_site_group,273111.6810946232,268225.0,0.018218589224058945,0.13,
monthly,2025-11-01,visits,global_lgbm_county,265423.5934486561,268225.0,0.010444241033997215,0.08,
monthly,2025-11-01,visits,global_ridge_county,277451.6717645864,268225.0,0.03439899996117601,0.0,
monthly,2025-11-01,visits,global_lgbm_county_w18,272493.703128214,268225.0,0.01591463557913686,0.08,
monthly,2025-11-01,visits,global_ridge_county_w18,258503.28167591232,268225.0,0.03624463910555564,0.01,
monthly,2025-11-01,visits,global_lgbm_site_churn,255805.99250962646,268225.0,0.04630070832462874,0.28,
monthly,2025-11-01,visits,global_ridge_site_churn,262292.7997741713,268225.0,0.02211650750611871,0.02,
monthly,2025-11-01,visits,global_lgbm_food_bank,276902.4833763192,268225.0,0.03235150853320601,0.02,
monthly,2025-11-01,visits,ratio_via_visits_county,252409.9358355346,268225.0,0.058961931827627545,0.0,
monthly,2025-11-01,visits,ens_county_damped_lgbm_ridge,265095.067016259,268225.0,0.011669057633483026,0.0,
monthly,2025-11-01,visits,ens_site_damped_lgbm,258105.0036304132,268225.0,0.037729504593482344,0.0,
monthly,2025-11-01,visits,seasonal_naive,245399.0,268225.0,0.08510019573119587,0.0,
monthly,2025-11-01,visits,damped_yoy_3m,252004.7035568607,268225.0,0.06047272417984639,0.0,
monthly,2025-11-01,pounds,bu_damped50_county,13003715.559012074,13156865.21,0.011640284257949496,0.01,
monthly,2025-11-01,pounds,bu_yoyfull_county,12876474.698024152,13156865.21,0.021311346396004405,0.0,
monthly,2025-11-01,pounds,mmf_select_county,12949893.591019407,13156865.21,0.01573107390530104,0.0,
monthly,2025-11-01,pounds,bu_damped_tuned_county,13003715.559012074,13156865.21,0.011640284257949496,0.0,
monthly,2025-11-01,pounds,bu_damped50_food_bank,12999573.705596669,13156865.21,0.011955089749173808,0.02,
monthly,2025-11-01,pounds,bu_yoyfull_food_bank,12868190.991193336,13156865.21,0.021940957378453363,0.0,
monthly,2025-11-01,pounds,mmf_select_food_bank,12859067.828306485,13156865.21,0.02263437201341645,0.0,
monthly,2025-11-01,pounds,bu_damped_tuned_food_bank,12999573.705596669,13156865.21,0.011955089749173808,0.0,
monthly,2025-11-01,pounds,bu_damped50_site,13194892.594407372,13156865.21,0.002890307364285194,0.01,
monthly,2025-11-01,pounds,bu_yoyfull_site,13186903.435481414,13156865.21,0.0022830837742855437,0.0,
monthly,2025-11-01,pounds,mmf_select_site,12720278.358607613,13156865.21,0.03318319709322215,0.0,
monthly,2025-11-01,pounds,bu_damped_tuned_site,13202881.753333334,13156865.21,0.0034975309542852884,0.0,
monthly,2025-11-01,pounds,bu_seasonal_level_county,12880490.749035804,13156865.21,0.021006102635613866,0.0,
monthly,2025-11-01,pounds,ets_food_bank,13627478.644885752,13156865.21,0.035769419795230295,0.2,
monthly,2025-11-01,pounds,ets_site_group,13703491.770893097,13156865.21,0.04154686942278829,0.1,
monthly,2025-11-01,pounds,global_lgbm_county,13191245.413628884,13156865.21,0.002613099935290908,0.08,
monthly,2025-11-01,pounds,global_ridge_county,12858612.568790011,13156865.21,0.02266897444410243,0.01,
monthly,2025-11-01,pounds,global_lgbm_county_w18,13066426.742068239,13156865.21,0.00687386140150037,0.08,
monthly,2025-11-01,pounds,global_ridge_county_w18,12610710.688117523,13156865.21,0.04151099165075944,0.01,
monthly,2025-11-01,pounds,global_lgbm_site_churn,12672382.126426568,13156865.21,0.03682359557846626,0.35,
monthly,2025-11-01,pounds,global_ridge_site_churn,12878330.624071453,13156865.21,0.021170284979194376,0.02,
monthly,2025-11-01,pounds,global_lgbm_food_bank,13322201.805580191,13156865.21,0.012566564522871637,0.04,
monthly,2025-11-01,pounds,ratio_via_visits_county,13036150.516711377,13156865.21,0.009175034581708208,0.0,
monthly,2025-11-01,pounds,ens_county_damped_lgbm_ridge,13017857.847143656,13156865.21,0.010565386255587006,0.0,
monthly,2025-11-01,pounds,ens_site_damped_lgbm,12933637.360416971,13156865.21,0.01696664410709048,0.0,
monthly,2025-11-01,pounds,seasonal_naive,13130956.42,13156865.21,0.001969222119894365,0.0,
monthly,2025-11-01,pounds,damped_yoy_3m,13002922.713715203,13156865.21,0.011700545215572511,0.0,
monthly,2025-11-01,individuals,bu_damped50_county,777767.1556467535,812890.0,0.04320737658631124,0.02,
monthly,2025-11-01,individuals,bu_yoyfull_county,785894.311293507,812890.0,0.03320952245259878,0.0,
monthly,2025-11-01,individuals,mmf_select_county,785435.8407997385,812890.0,0.03377352310922932,0.0,
monthly,2025-11-01,individuals,bu_damped_tuned_county,773703.5778233767,812890.0,0.04820630365316736,0.0,
monthly,2025-11-01,individuals,bu_damped50_food_bank,775996.4671118343,812890.0,0.0453856399859337,0.04,
monthly,2025-11-01,individuals,bu_yoyfull_food_bank,782352.9342236688,812890.0,0.0375660492518437,0.0,
monthly,2025-11-01,individuals,mmf_select_food_bank,777196.5535380103,812890.0,0.04390931917232299,0.0,
monthly,2025-11-01,individuals,bu_damped_tuned_food_bank,772818.2335559172,812890.0,0.049295435352978645,0.0,
monthly,2025-11-01,individuals,bu_damped50_site,789838.6701441405,812890.0,0.02835725603200867,0.03,
monthly,2025-11-01,individuals,bu_yoyfull_site,799324.6736216145,812890.0,0.016687776179293068,0.0,
monthly,2025-11-01,individuals,mmf_select_site,789308.4028602871,812890.0,0.029009579573758937,0.0,
monthly,2025-11-01,individuals,bu_damped_tuned_site,785095.6684054036,812890.0,0.034191995958366306,0.01,
monthly,2025-11-01,individuals,bu_seasonal_level_county,786180.7056837124,812890.0,0.032857206161089,0.0,
monthly,2025-11-01,individuals,ets_food_bank,832131.258449075,812890.0,0.023670187170558243,0.32,
monthly,2025-11-01,individuals,ets_site_group,824440.6921147787,812890.0,0.014209415929312241,0.2,
monthly,2025-11-01,individuals,global_lgbm_county,797168.6097341059,812890.0,0.0193401201465071,0.11,
monthly,2025-11-01,individuals,global_ridge_county,811175.293733188,812890.0,0.0021093952033018892,0.01,
monthly,2025-11-01,individuals,global_lgbm_county_w18,788314.8542964421,812890.0,0.03023182189909812,0.08,
monthly,2025-11-01,individuals,global_ridge_county_w18,767802.0756042891,812890.0,0.05546620624649201,0.01,
monthly,2025-11-01,individuals,global_lgbm_site_churn,755978.9741439963,812890.0,0.07001073436258753,0.36,
monthly,2025-11-01,individuals,global_ridge_site_churn,765590.4536593877,812890.0,0.05818689655502263,0.02,
monthly,2025-11-01,individuals,global_lgbm_food_bank,780834.9090450907,812890.0,0.03943349156086229,0.04,
monthly,2025-11-01,individuals,ratio_via_visits_county,777427.8042036712,812890.0,0.04362483951866647,0.0,
monthly,2025-11-01,individuals,ens_county_damped_lgbm_ridge,795370.3530380158,812890.0,0.021552297312040003,0.0,
monthly,2025-11-01,individuals,ens_site_damped_lgbm,772908.8221440683,812890.0,0.0491839951972981,0.0,
monthly,2025-11-01,individuals,seasonal_naive,769640.0,812890.0,0.05320523072002359,0.0,
monthly,2025-11-01,individuals,damped_yoy_3m,775808.0469189975,812890.0,0.04561743050228506,0.0,
monthly,2025-12-01,visits,bu_damped50_county,235912.585049822,233979.0,0.008263925607947753,0.02,
monthly,2025-12-01,visits,bu_yoyfull_county,246110.17009964405,233979.0,0.05184726022268693,0.0,
monthly,2025-12-01,visits,mmf_select_county,248306.16463740024,233979.0,0.061232694546947464,0.0,
monthly,2025-12-01,visits,bu_damped_tuned_county,235912.585049822,233979.0,0.008263925607947753,0.0,
monthly,2025-12-01,visits,bu_damped50_food_bank,235362.34454998688,233979.0,0.005912259433482836,0.03,
monthly,2025-12-01,visits,bu_yoyfull_food_bank,245009.68909997382,233979.0,0.0471439278737571,0.0,
monthly,2025-12-01,visits,mmf_select_food_bank,254934.59096941282,233979.0,0.08956184516308219,0.0,
monthly,2025-12-01,visits,bu_damped_tuned_food_bank,240186.01682498032,233979.0,0.026528093653619855,0.0,
monthly,2025-12-01,visits,bu_damped50_site,240887.85224128573,233979.0,0.029527659496304093,0.02,
monthly,2025-12-01,visits,bu_yoyfull_site,248869.37114923814,233979.0,0.06363977600228288,0.0,
monthly,2025-12-01,visits,mmf_select_site,250732.64550122386,233979.0,0.0716032015746022,0.0,
monthly,2025-12-01,visits,bu_damped_tuned_site,240887.85224128573,233979.0,0.029527659496304093,0.01,
monthly,2025-12-01,visits,bu_seasonal_level_county,246080.5034329774,233979.0,0.051720468217136606,0.0,
monthly,2025-12-01,visits,ets_food_bank,246904.56083558296,233979.0,0.05524239711932677,0.34,
monthly,2025-12-01,visits,ets_site_group,247855.8989379819,233979.0,0.05930830945504462,0.15,
monthly,2025-12-01,visits,global_lgbm_county,246270.30442005783,233979.0,0.05253165634547474,0.12,
monthly,2025-12-01,visits,global_ridge_county,246299.40190928002,233979.0,0.052656015750473406,0.01,
monthly,2025-12-01,visits,global_lgbm_county_w18,243823.54180241207,233979.0,0.04207446737703835,0.1,
monthly,2025-12-01,visits,global_ridge_county_w18,235198.0702760469,233979.0,0.0052101696137127895,0.01,
monthly,2025-12-01,visits,global_lgbm_site_churn,238586.3820862754,233979.0,0.019691434215358683,0.29,
monthly,2025-12-01,visits,global_ridge_site_churn,240154.4522489964,233979.0,0.026393190196540628,0.02,
monthly,2025-12-01,visits,global_lgbm_food_bank,241157.19130141896,233979.0,0.03067878442688854,0.05,
monthly,2025-12-01,visits,ratio_via_visits_county,235912.585049822,233979.0,0.008263925607947753,0.0,
monthly,2025-12-01,visits,ens_county_damped_lgbm_ridge,242827.43045971994,233979.0,0.03781719923463189,0.0,
monthly,2025-12-01,visits,ens_site_damped_lgbm,239737.11716378055,233979.0,0.024609546855831388,0.0,
monthly,2025-12-01,visits,seasonal_naive,225715.0,233979.0,0.0353194090067912,0.0,
monthly,2025-12-01,visits,damped_yoy_3m,235425.2144225514,233979.0,0.006180958216555288,0.01,
monthly,2025-12-01,pounds,bu_damped50_county,13408003.140857985,13078182.34,0.025219162134574313,0.01,
monthly,2025-12-01,pounds,bu_yoyfull_county,13406554.221715968,13078182.34,0.025108373104084425,0.0,
monthly,2025-12-01,pounds,mmf_select_county,13649893.51984579,13078182.34,0.043714880629641906,0.0,
monthly,2025-12-01,pounds,bu_damped_tuned_county,13408003.140857985,13078182.34,0.025219162134574313,0.0,
monthly,2025-12-01,pounds,bu_damped50_food_bank,13386829.095149513,13078182.34,0.023600126311552394,0.03,
monthly,2025-12-01,pounds,bu_yoyfull_food_bank,13364206.130299026,13078182.34,0.02187030145804081,0.0,
monthly,2025-12-01,pounds,mmf_select_food_bank,13059568.521228729,13078182.34,0.0014232726144473018,0.0,
monthly,2025-12-01,pounds,bu_damped_tuned_food_bank,13386829.095149513,13078182.34,0.023600126311552394,0.0,
monthly,2025-12-01,pounds,bu_damped50_site,13480429.42910527,13078182.34,0.030757109715085384,0.02,
monthly,2025-12-01,pounds,bu_yoyfull_site,13507537.358210543,13078182.34,0.032829869399920275,0.0,
monthly,2025-12-01,pounds,mmf_select_site,13430633.100172697,13078182.34,0.026949521807378085,0.0,
monthly,2025-12-01,pounds,bu_damped_tuned_site,13453321.5,13078182.34,0.028684350030250494,0.0,
monthly,2025-12-01,pounds,bu_seasonal_level_county,12952502.632469648,13078182.34,0.009609875765836051,0.0,
monthly,2025-12-01,pounds,ets_food_bank,12706146.870854225,13078182.34,0.028447031817861568,0.29,
monthly,2025-12-01,pounds,ets_site_group,12424415.16704126,13078182.34,0.0499891465008232,0.13,
monthly,2025-12-01,pounds,global_lgbm_county,12821736.797238117,13078182.34,0.0196086532589117,0.11,
monthly,2025-12-01,pounds,global_ridge_county,12939913.53959908,13078182.34,0.010572478407646968,0.01,
monthly,2025-12-01,pounds,global_lgbm_county_w18,13113468.015525043,13078182.34,0.002698056550039185,0.08,
monthly,2025-12-01,pounds,global_ridge_county_w18,13309474.70295765,13078182.34,0.017685360009872086,0.01,
monthly,2025-12-01,pounds,global_lgbm_site_churn,12243549.34210032,13078182.34,0.06381873078393552,0.32,
monthly,2025-12-01,pounds,global_ridge_site_churn,12569657.472909613,13078182.34,0.0388834513749704,0.02,
monthly,2025-12-01,pounds,global_lgbm_food_bank,13137292.753206179,13078182.34,0.004519772830004598,0.04,
monthly,2025-12-01,pounds,ratio_via_visits_county,13406314.484686255,13078182.34,0.025090042037619664,0.0,
monthly,2025-12-01,pounds,ens_county_damped_lgbm_ridge,13056551.159231728,13078182.34,0.0016539898439947853,0.0,
monthly,2025-12-01,pounds,ens_site_damped_lgbm,12861989.385602795,13078182.34,0.016530810534425178,0.0,
monthly,2025-12-01,pounds,seasonal_naive,13409452.06,13078182.34,0.025329951165063758,0.0,
monthly,2025-12-01,pounds,damped_yoy_3m,13353553.368459465,13078182.34,0.021055756931698033,0.0,
monthly,2025-12-01,individuals,bu_damped50_county,727307.1270602092,705038.0,0.03158571177753422,0.02,
monthly,2025-12-01,individuals,bu_yoyfull_county,743967.2541204183,705038.0,0.05521582399873237,0.0,
monthly,2025-12-01,individuals,mmf_select_county,768547.4207297638,705038.0,0.09007942937793967,0.0,
monthly,2025-12-01,individuals,bu_damped_tuned_county,727307.1270602092,705038.0,0.03158571177753422,0.0,
monthly,2025-12-01,individuals,bu_damped50_food_bank,725367.3815585716,705038.0,0.028834448013541847,0.04,
monthly,2025-12-01,individuals,bu_yoyfull_food_bank,740087.7631171432,705038.0,0.04971329647074785,0.0,
monthly,2025-12-01,individuals,mmf_select_food_bank,778745.9934645686,705038.0,0.10454471030578305,0.0,
monthly,2025-12-01,individuals,bu_damped_tuned_food_bank,725367.3815585716,705038.0,0.028834448013541847,0.0,
monthly,2025-12-01,individuals,bu_damped50_site,739104.0438696335,705038.0,0.0483180252264892,0.03,
monthly,2025-12-01,individuals,bu_yoyfull_site,750909.7544059337,705038.0,0.0650628113746119,0.0,
monthly,2025-12-01,individuals,mmf_select_site,754029.2734157369,705038.0,0.06948742254422724,0.0,
monthly,2025-12-01,individuals,bu_damped_tuned_site,733201.1886014834,705038.0,0.03994563215242786,0.01,
monthly,2025-12-01,individuals,bu_seasonal_level_county,743779.720929586,705038.0,0.054949833809788906,0.0,
monthly,2025-12-01,individuals,ets_food_bank,743830.056592165,705038.0,0.05502122806453702,0.3,
monthly,2025-12-01,individuals,ets_site_group,749848.4051354206,705038.0,0.0635574325574233,0.18,
monthly,2025-12-01,individuals,global_lgbm_county,746276.5201245558,705038.0,0.05849120206932934,0.1,
monthly,2025-12-01,individuals,global_ridge_county,746576.9890774539,705038.0,0.05891737619455095,0.01,
monthly,2025-12-01,individuals,global_lgbm_county_w18,762756.2967414163,705038.0,0.08186551184676061,0.11,
monthly,2025-12-01,individuals,global_ridge_county_w18,740771.0441130425,705038.0,0.05068243713536358,0.01,
monthly,2025-12-01,individuals,global_lgbm_site_churn,703554.6155198794,705038.0,0.0021039780552546405,0.42,
monthly,2025-12-01,individuals,global_ridge_site_churn,719040.7709912368,705038.0,0.019861015989544928,0.03,
monthly,2025-12-01,individuals,global_lgbm_food_bank,759349.0269113411,705038.0,0.07703276548404636,0.04,
monthly,2025-12-01,individuals,ratio_via_visits_county,727930.6901210962,705038.0,0.032470150716835455,0.0,
monthly,2025-12-01,individuals,ens_county_damped_lgbm_ridge,740053.5454207397,705038.0,0.04966476334713832,0.0,
monthly,2025-12-01,individuals,ens_site_damped_lgbm,721329.3296947564,705038.0,0.023107023585617226,0.0,
monthly,2025-12-01,individuals,seasonal_naive,710647.0,705038.0,0.007955599556336068,0.0,
monthly,2025-12-01,individuals,damped_yoy_3m,725816.758067585,705038.0,0.029471827146316798,0.01,
monthly,2026-01-01,visits,bu_damped50_county,258333.94281329133,238004.0,0.0854184921820278,0.02,
monthly,2026-01-01,visits,bu_yoyfull_county,268693.8856265826,238004.0,0.12894693209602615,0.0,
monthly,2026-01-01,visits,mmf_select_county,257421.04103405427,238004.0,0.081582834885356,0.0,
monthly,2026-01-01,visits,bu_damped_tuned_county,258333.94281329133,238004.0,0.0854184921820278,0.01,
monthly,2026-01-01,visits,bu_damped50_food_bank,257086.7092689794,238004.0,0.08017810317885155,0.04,
monthly,2026-01-01,visits,bu_yoyfull_food_bank,266491.4185379588,238004.0,0.11969302422631056,0.0,
monthly,2026-01-01,visits,mmf_select_food_bank,263345.1073940468,238004.0,0.10647345168168099,0.0,
monthly,2026-01-01,visits,bu_damped_tuned_food_bank,261789.06390346913,238004.0,0.09993556370258116,0.0,
monthly,2026-01-01,visits,bu_damped50_site,267313.46809287975,238004.0,0.12314695590359714,0.02,
monthly,2026-01-01,visits,bu_yoyfull_site,277794.6028524262,238004.0,0.16718459711780542,0.0,
monthly,2026-01-01,visits,mmf_select_site,265414.85816718044,238004.0,0.11516973734550873,0.0,
monthly,2026-01-01,visits,bu_damped_tuned_site,272554.03547265293,238004.0,0.14516577651070128,0.0,
monthly,2026-01-01,visits,bu_seasonal_level_county,268044.82102506055,238004.0,0.12621981573864538,0.0,
monthly,2026-01-01,visits,ets_food_bank,262877.1759083883,238004.0,0.10450738604556342,0.34,
monthly,2026-01-01,visits,ets_site_group,316485.0553908068,238004.0,0.3297467916119343,0.15,
monthly,2026-01-01,visits,global_lgbm_county,260361.11338791426,238004.0,0.09393587245556478,0.14,
monthly,2026-01-01,visits,global_ridge_county,259639.0834106558,238004.0,0.09090218404167905,0.01,
monthly,2026-01-01,visits,global_lgbm_county_w18,258235.19704530985,238004.0,0.0850036009701931,0.12,
monthly,2026-01-01,visits,global_ridge_county_w18,251788.0896123319,238004.0,0.057915369541402306,0.01,
monthly,2026-01-01,visits,global_lgbm_site_churn,248557.5780367685,238004.0,0.04434201961634465,0.38,
monthly,2026-01-01,visits,global_ridge_site_churn,258058.1946821446,238004.0,0.08425990606100986,0.03,
monthly,2026-01-01,visits,global_lgbm_food_bank,254259.8540063831,238004.0,0.06830075967791771,0.04,
monthly,2026-01-01,visits,ratio_via_visits_county,258333.94281329133,238004.0,0.0854184921820278,0.0,
monthly,2026-01-01,visits,ens_county_damped_lgbm_ridge,259444.7132039538,238004.0,0.09008551622642402,0.0,
monthly,2026-01-01,visits,ens_site_damped_lgbm,257935.5230648241,238004.0,0.0837444877599709,0.0,
monthly,2026-01-01,visits,seasonal_naive,247974.0,238004.0,0.041890052268029,0.0,
monthly,2026-01-01,visits,damped_yoy_3m,257302.564204419,238004.0,0.08108504144644213,0.01,
monthly,2026-01-01,pounds,bu_damped50_county,12715310.157576812,12403368.22,0.02514977641910332,0.02,
monthly,2026-01-01,pounds,bu_yoyfull_county,12672855.65515362,12403368.22,0.021726955966612227,0.0,
monthly,2026-01-01,pounds,mmf_select_county,13012704.027643515,12403368.22,0.04912664018641166,0.0,
monthly,2026-01-01,pounds,bu_damped_tuned_county,12715310.157576812,12403368.22,0.02514977641910332,0.01,
monthly,2026-01-01,pounds,bu_damped50_food_bank,12630859.619007142,12403368.22,0.018341098560657132,0.04,
monthly,2026-01-01,pounds,bu_yoyfull_food_bank,12513684.578014284,12403368.22,0.008894064584521688,0.0,
monthly,2026-01-01,pounds,mmf_select_food_bank,12512753.516638111,12403368.22,0.008818999379679004,0.0,
monthly,2026-01-01,pounds,bu_damped_tuned_food_bank,12630859.619007142,12403368.22,0.018341098560657132,0.01,
monthly,2026-01-01,pounds,bu_damped50_site,13022162.165706346,12403368.22,0.04988918612514959,0.03,
monthly,2026-01-01,pounds,bu_yoyfull_site,13024748.098079357,12403368.22,0.05009767242718821,0.0,
monthly,2026-01-01,pounds,mmf_select_site,12829305.61992073,12403368.22,0.03434046239423272,0.0,
monthly,2026-01-01,pounds,bu_damped_tuned_site,13019576.233333334,12403368.22,0.04968069982311096,0.01,
monthly,2026-01-01,pounds,bu_seasonal_level_county,12643221.988486951,12403368.22,0.019337793108503698,0.0,
monthly,2026-01-01,pounds,ets_food_bank,12890102.389886677,12403368.22,0.03924209628009234,0.4,
monthly,2026-01-01,pounds,ets_site_group,15519590.057656085,12403368.22,0.2512399682395372,0.17,
monthly,2026-01-01,pounds,global_lgbm_county,12329102.64136936,12403368.22,0.005987533169489412,0.14,
monthly,2026-01-01,pounds,global_ridge_county,12677061.901100622,12403368.22,0.022066077233706682,0.01,
monthly,2026-01-01,pounds,global_lgbm_county_w18,12143608.323882202,12403368.22,0.020942690042769607,0.12,
monthly,2026-01-01,pounds,global_ridge_county_w18,12455938.29429436,12403368.22,0.0042383708491045,0.01,
monthly,2026-01-01,pounds,global_lgbm_site_churn,12346346.20554187,12403368.22,0.004597300785296743,0.39,
monthly,2026-01-01,pounds,global_ridge_site_churn,12445908.48444445,12403368.22,0.0034297348663612226,0.03,
monthly,2026-01-01,pounds,global_lgbm_food_bank,12485377.364257734,12403368.22,0.006611844686308377,0.05,
monthly,2026-01-01,pounds,ratio_via_visits_county,12703826.80223423,12403368.22,0.024223950857941157,0.0,
monthly,2026-01-01,pounds,ens_county_damped_lgbm_ridge,12573824.900015598,12403368.22,0.013742773494440197,0.0,
monthly,2026-01-01,pounds,ens_site_damped_lgbm,12684254.185624108,12403368.22,0.022645942669926367,0.0,
monthly,2026-01-01,pounds,seasonal_naive,12757764.66,12403368.22,0.02857259687159397,0.0,
monthly,2026-01-01,pounds,damped_yoy_3m,12631913.191743566,12403368.22,0.018426041030938922,0.0,
monthly,2026-01-01,individuals,bu_damped50_county,792131.1218322981,716558.0,0.10546685939211908,0.02,
monthly,2026-01-01,individuals,bu_yoyfull_county,805878.2436645965,716558.0,0.12465179882800337,0.0,
monthly,2026-01-01,individuals,mmf_select_county,787743.9386259171,716558.0,0.09934428005258056,0.0,
monthly,2026-01-01,individuals,bu_damped_tuned_county,778384.0,716558.0,0.08628191995623524,0.0,
monthly,2026-01-01,individuals,bu_damped50_food_bank,787373.3572327432,716558.0,0.09882711131931154,0.04,
monthly,2026-01-01,individuals,bu_yoyfull_food_bank,797827.7144654864,716558.0,0.11341679873155597,0.0,
monthly,2026-01-01,individuals,mmf_select_food_bank,787668.9763657016,716558.0,0.0992396656874972,0.0,
monthly,2026-01-01,individuals,bu_damped_tuned_food_bank,776919.0,716558.0,0.0842374239070669,0.0,
monthly,2026-01-01,individuals,bu_damped50_site,811122.5130941775,716558.0,0.13197049379698145,0.02,
monthly,2026-01-01,individuals,bu_yoyfull_site,827049.3595216881,716558.0,0.15419737065483607,0.0,
monthly,2026-01-01,individuals,mmf_select_site,774598.6716867397,716558.0,0.08099926549803316,0.0,
monthly,2026-01-01,individuals,bu_damped_tuned_site,803159.089880422,716558.0,0.12085705536805391,0.01,
monthly,2026-01-01,individuals,bu_seasonal_level_county,805290.9103312632,716558.0,0.12383213966107864,0.0,
monthly,2026-01-01,individuals,ets_food_bank,805676.4900797157,716558.0,0.12437023950568649,0.35,
monthly,2026-01-01,individuals,ets_site_group,1015138.6943135438,716558.0,0.41668740606279453,0.15,
monthly,2026-01-01,individuals,global_lgbm_county,793458.7382559715,716558.0,0.107319628356632,0.13,
monthly,2026-01-01,individuals,global_ridge_county,776309.6526027162,716558.0,0.08338704278330056,0.01,
monthly,2026-01-01,individuals,global_lgbm_county_w18,783440.2488867155,716558.0,0.09333822089309662,0.13,
monthly,2026-01-01,individuals,global_ridge_county_w18,791739.8747378591,716558.0,0.10492085042363519,0.01,
monthly,2026-01-01,individuals,global_lgbm_site_churn,734066.2606228667,716558.0,0.024433835953079353,0.39,
monthly,2026-01-01,individuals,global_ridge_site_churn,763793.5092428321,716558.0,0.06592000820984767,0.02,
monthly,2026-01-01,individuals,global_lgbm_food_bank,749187.7465086319,716558.0,0.04553678349642576,0.03,
monthly,2026-01-01,individuals,ratio_via_visits_county,792883.4546603583,716558.0,0.10651678532701925,0.0,
monthly,2026-01-01,individuals,ens_county_damped_lgbm_ridge,787299.837563662,716558.0,0.09872451017735062,0.0,
monthly,2026-01-01,individuals,ens_site_damped_lgbm,772594.3868585221,716558.0,0.0782021648750304,0.0,
monthly,2026-01-01,individuals,seasonal_naive,778384.0,716558.0,0.08628191995623524,0.0,
monthly,2026-01-01,individuals,damped_yoy_3m,789067.2118248986,716558.0,0.10119098778451785,0.0,
monthly,2026-02-01,visits,bu_damped50_county,245330.56883359683,268283.0,0.08555305839879224,0.01,
monthly,2026-02-01,visits,bu_yoyfull_county,249325.13766719366,268283.0,0.07066367355667835,0.0,
monthly,2026-02-01,visits,mmf_select_county,247217.50492418988,268283.0,0.07851967912916624,0.0,
monthly,2026-02-01,visits,bu_damped_tuned_county,245330.56883359683,268283.0,0.08555305839879224,0.0,
monthly,2026-02-01,visits,bu_damped50_food_bank,244506.62523052923,268283.0,0.08862423176075551,0.03,
monthly,2026-02-01,visits,bu_yoyfull_food_bank,247991.25046105846,268283.0,0.07563561440322919,0.0,
monthly,2026-02-01,visits,mmf_select_food_bank,250222.68505229385,268283.0,0.06731814892373411,0.0,
monthly,2026-02-01,visits,bu_damped_tuned_food_bank,246248.93784579384,268283.0,0.0821299230819924,0.0,
monthly,2026-02-01,visits,bu_damped50_site,250306.47816862707,268283.0,0.0670058178541798,0.02,
monthly,2026-02-01,visits,bu_yoyfull_site,255879.95633725423,268283.0,0.046231194905177575,0.0,
monthly,2026-02-01,visits,mmf_select_site,246332.14727836725,268283.0,0.08181976763951782,0.0,
monthly,2026-02-01,visits,bu_damped_tuned_site,253093.21725294067,268283.0,0.05661850637967869,0.01,
monthly,2026-02-01,visits,bu_seasonal_level_county,249063.98628258414,268283.0,0.07163709112174776,0.0,
monthly,2026-02-01,visits,ets_food_bank,241897.96028012637,268283.0,0.09834778841698366,0.34,
monthly,2026-02-01,visits,ets_site_group,242966.4447318772,268283.0,0.09436511172203521,0.15,
monthly,2026-02-01,visits,global_lgbm_county,243843.16958657096,268283.0,0.09109720113994935,0.13,
monthly,2026-02-01,visits,global_ridge_county,237813.52752601527,268283.0,0.11357213268818644,0.01,
monthly,2026-02-01,visits,global_lgbm_county_w18,242601.63506921427,268283.0,0.09572490590453264,0.12,
monthly,2026-02-01,visits,global_ridge_county_w18,247165.52457833945,268283.0,0.07871343104729167,0.01,
monthly,2026-02-01,visits,global_lgbm_site_churn,243202.05382056037,268283.0,0.0934869006960547,0.33,
monthly,2026-02-01,visits,global_ridge_site_churn,231144.62130684484,268283.0,0.13842986209769226,0.03,
monthly,2026-02-01,visits,global_lgbm_food_bank,252674.14434330334,268283.0,0.05818056178250819,0.04,
monthly,2026-02-01,visits,ratio_via_visits_county,245330.56883359683,268283.0,0.08555305839879224,0.0,
monthly,2026-02-01,visits,ens_county_damped_lgbm_ridge,242329.08864872772,268283.0,0.0967407974089759,0.0,
monthly,2026-02-01,visits,ens_site_damped_lgbm,246754.26599459373,268283.0,0.08024635927511714,0.0,
monthly,2026-02-01,visits,seasonal_naive,241336.0,268283.0,0.10044244324090601,0.0,
monthly,2026-02-01,visits,damped_yoy_3m,244880.08383953007,268283.0,0.08723219943294924,0.0,
monthly,2026-02-01,pounds,bu_damped50_county,11775690.852978155,13306607.34,0.11504934713297443,0.01,
monthly,2026-02-01,pounds,bu_yoyfull_county,11783722.955956308,13306607.34,0.11444572948852727,0.0,
monthly,2026-02-01,pounds,mmf_select_county,12158614.92693926,13306607.34,0.08627235956755452,0.0,
monthly,2026-02-01,pounds,bu_damped_tuned_county,11779706.904467229,13306607.34,0.11474753831075102,0.0,
monthly,2026-02-01,pounds,bu_damped50_food_bank,11669382.460268266,13306607.34,0.12303849042048409,0.03,
monthly,2026-02-01,pounds,bu_yoyfull_food_bank,11583091.170536533,13306607.34,0.12952333569523267,0.0,
monthly,2026-02-01,pounds,mmf_select_food_bank,11898186.571358277,13306607.34,0.10584371603180731,0.0,
monthly,2026-02-01,pounds,bu_damped_tuned_food_bank,11669382.460268266,13306607.34,0.12303849042048409,0.0,
monthly,2026-02-01,pounds,bu_damped50_site,11984531.03650134,13306607.34,0.09935487459109615,0.02,
monthly,2026-02-01,pounds,bu_yoyfull_site,12053809.68300268,13306607.34,0.09414854026926744,0.0,
monthly,2026-02-01,pounds,mmf_select_site,12381711.52574669,13306607.34,0.06950650835491701,0.0,
monthly,2026-02-01,pounds,bu_damped_tuned_site,11915252.39,13306607.34,0.10456120891292486,0.0,
monthly,2026-02-01,pounds,bu_seasonal_level_county,11815566.947653832,13306607.34,0.1120526332706957,0.0,
monthly,2026-02-01,pounds,ets_food_bank,11777824.113035962,13306607.34,0.11488903128361472,0.32,
monthly,2026-02-01,pounds,ets_site_group,12359822.345120091,13306607.34,0.07115149419295252,0.21,
monthly,2026-02-01,pounds,global_lgbm_county,11922269.669544896,13306607.34,0.10403385589456371,0.13,
monthly,2026-02-01,pounds,global_ridge_county,11835095.599968728,13306607.34,0.11058504263576419,0.01,
monthly,2026-02-01,pounds,global_lgbm_county_w18,11928118.94742197,13306607.34,0.10359427894398443,0.07,
monthly,2026-02-01,pounds,global_ridge_county_w18,11246762.95455517,13306607.34,0.15479861491462854,0.0,
monthly,2026-02-01,pounds,global_lgbm_site_churn,11530081.749982478,13306607.34,0.13350702734552333,0.35,
monthly,2026-02-01,pounds,global_ridge_site_churn,11390894.853409695,13306607.34,0.14396701109768417,0.03,
monthly,2026-02-01,pounds,global_lgbm_food_bank,11844991.792044591,13306607.34,0.10984133751070835,0.04,
monthly,2026-02-01,pounds,ratio_via_visits_county,11694226.049651396,13306607.34,0.12117147888641344,0.0,
monthly,2026-02-01,pounds,ens_county_damped_lgbm_ridge,11844352.040830592,13306607.34,0.10988941522110085,0.0,
monthly,2026-02-01,pounds,ens_site_damped_lgbm,11757306.393241908,13306607.34,0.1164309509683098,0.0,
monthly,2026-02-01,pounds,seasonal_naive,11767658.75,13306607.34,0.1156529647774216,0.0,
monthly,2026-02-01,pounds,damped_yoy_3m,11668878.08199924,13306607.34,0.12307639476801147,0.0,
monthly,2026-02-01,individuals,bu_damped50_county,720809.7589316743,853046.0,0.15501654197818837,0.02,
monthly,2026-02-01,individuals,bu_yoyfull_county,719551.5178633485,853046.0,0.15649153988958575,0.0,
monthly,2026-02-01,individuals,mmf_select_county,709766.0502466456,853046.0,0.16796274732353755,0.0,
monthly,2026-02-01,individuals,bu_damped_tuned_county,722068.0,853046.0,0.1535415440667912,0.0,
monthly,2026-02-01,individuals,bu_damped50_food_bank,717577.6062373528,853046.0,0.15880549672895383,0.03,
monthly,2026-02-01,individuals,bu_yoyfull_food_bank,714452.2124747054,853046.0,0.1624693012162235,0.0,
monthly,2026-02-01,individuals,mmf_select_food_bank,706062.6287853009,853046.0,0.1723041561823151,0.0,
monthly,2026-02-01,individuals,bu_damped_tuned_food_bank,720703.0,853046.0,0.1551416922416845,0.0,
monthly,2026-02-01,individuals,bu_damped50_site,735175.0263806086,853046.0,0.1381765738534516,0.02,
monthly,2026-02-01,individuals,bu_yoyfull_site,739520.7194278837,853046.0,0.13308224945913383,0.0,
monthly,2026-02-01,individuals,mmf_select_site,724607.1257770727,853046.0,0.1505650037898627,0.0,
monthly,2026-02-01,individuals,bu_damped_tuned_site,730829.3333333333,853046.0,0.1432708982477695,0.0,
monthly,2026-02-01,individuals,bu_seasonal_level_county,719490.7129279784,853046.0,0.15656281967446262,0.0,
monthly,2026-02-01,individuals,ets_food_bank,738686.7293861848,853046.0,0.13405991073613288,0.4,
monthly,2026-02-01,individuals,ets_site_group,738719.3086995735,853046.0,0.13402171899337956,0.16,
monthly,2026-02-01,individuals,global_lgbm_county,733272.2553937864,853046.0,0.14040713467528554,0.12,
monthly,2026-02-01,individuals,global_ridge_county,675898.865260652,853046.0,0.20766422296024833,0.01,
monthly,2026-02-01,individuals,global_lgbm_county_w18,723949.8709073021,853046.0,0.15133548377543282,0.07,
monthly,2026-02-01,individuals,global_ridge_county_w18,679646.5654817735,853046.0,0.20327090745191534,0.01,
monthly,2026-02-01,individuals,global_lgbm_site_churn,713264.1694089198,853046.0,0.1638620081344737,0.32,
monthly,2026-02-01,individuals,global_ridge_site_churn,657729.0827426986,853046.0,0.2289641089194503,0.03,
monthly,2026-02-01,individuals,global_lgbm_food_bank,749163.318045569,853046.0,0.12177852302739944,0.02,
monthly,2026-02-01,individuals,ratio_via_visits_county,719730.2054357533,853046.0,0.1562820698581866,0.0,
monthly,2026-02-01,individuals,ens_county_damped_lgbm_ridge,709993.6265287042,853046.0,0.16769596653790741,0.0,
monthly,2026-02-01,individuals,ens_site_damped_lgbm,724219.5978947642,853046.0,0.1510192909939626,0.0,
monthly,2026-02-01,individuals,seasonal_naive,722068.0,853046.0,0.1535415440667912,0.0,
monthly,2026-02-01,individuals,damped_yoy_3m,718202.1836460467,853046.0,0.15807332354170034,0.0,
monthly,2026-03-01,visits,bu_damped50_county,250093.14372570868,279131.0,0.10402949251172866,0.01,
monthly,2026-03-01,visits,bu_yoyfull_county,255727.2874514173,279131.0,0.08384490632922426,0.0,
monthly,2026-03-01,visits,mmf_select_county,255049.53263424014,279131.0,0.08627299499432117,0.0,
monthly,2026-03-01,visits,bu_damped_tuned_county,252910.21558856295,279131.0,0.09393719942047662,0.0,
monthly,2026-03-01,visits,bu_damped50_food_bank,249150.83794869136,279131.0,0.10740534749385999,0.03,
monthly,2026-03-01,visits,bu_yoyfull_food_bank,254128.67589738278,279131.0,0.08957200777633878,0.0,
monthly,2026-03-01,visits,mmf_select_food_bank,256977.58505872125,279131.0,0.07936565605854873,0.0,
monthly,2026-03-01,visits,bu_damped_tuned_food_bank,251639.75692303712,279131.0,0.09848867763509928,0.0,
monthly,2026-03-01,visits,bu_damped50_site,257666.3257241781,279131.0,0.07689821007276831,0.03,
monthly,2026-03-01,visits,bu_yoyfull_site,265307.98478168953,279131.0,0.04952160533337557,0.0,
monthly,2026-03-01,visits,mmf_select_site,259504.32761521055,279131.0,0.07031348142911198,0.0,
monthly,2026-03-01,visits,bu_damped_tuned_site,261487.1552529338,279131.0,0.06320990770307211,0.01,
monthly,2026-03-01,visits,bu_seasonal_level_county,255686.2020242816,279131.0,0.08399209681374831,0.0,
monthly,2026-03-01,visits,ets_food_bank,257482.02758518432,279131.0,0.07755846686615131,0.26,
monthly,2026-03-01,visits,ets_site_group,254807.58371359596,279131.0,0.08713978843770143,0.12,
monthly,2026-03-01,visits,global_lgbm_county,267425.45615465636,279131.0,0.041935664062191735,0.15,
monthly,2026-03-01,visits,global_ridge_county,270083.5904494068,279131.0,0.032412772320498884,0.01,
monthly,2026-03-01,visits,global_lgbm_county_w18,270505.0480876636,279131.0,0.030902880412195022,0.09,
monthly,2026-03-01,visits,global_ridge_county_w18,240401.57739137983,279131.0,0.13874998695458463,0.01,
monthly,2026-03-01,visits,global_lgbm_site_churn,246856.10293444773,279131.0,0.11562634413788608,0.32,
monthly,2026-03-01,visits,global_ridge_site_churn,256119.8330312984,279131.0,0.08243859323651481,0.02,
monthly,2026-03-01,visits,global_lgbm_food_bank,258932.24938826152,279131.0,0.07236297871514974,0.03,
monthly,2026-03-01,visits,ratio_via_visits_county,250093.14372570868,279131.0,0.10402949251172866,0.0,
monthly,2026-03-01,visits,ens_county_damped_lgbm_ridge,262534.0634432573,279131.0,0.059459309631473056,0.0,
monthly,2026-03-01,visits,ens_site_damped_lgbm,252261.2143293129,279131.0,0.0962622771053272,0.0,
monthly,2026-03-01,visits,seasonal_naive,244459.0,279131.0,0.12421407869423318,0.0,
monthly,2026-03-01,visits,damped_yoy_3m,248773.80690815003,279131.0,0.10875607901612494,0.0,
monthly,2026-03-01,pounds,bu_damped50_county,12679875.545692489,13642661.744,0.07057172686487978,0.01,
monthly,2026-03-01,pounds,bu_yoyfull_county,12907129.291384974,13642661.744,0.05391414567164732,0.0,
monthly,2026-03-01,pounds,mmf_select_county,12819892.505817397,13642661.744,0.060308556616120446,0.0,
monthly,2026-03-01,pounds,bu_damped_tuned_county,12793502.418538729,13642661.744,0.062242936268263716,0.0,
monthly,2026-03-01,pounds,bu_damped50_food_bank,12601487.489598308,13642661.744,0.07631753054784918,0.02,
monthly,2026-03-01,pounds,bu_yoyfull_food_bank,12757819.179196617,13642661.744,0.06485849912628194,0.0,
monthly,2026-03-01,pounds,mmf_select_food_bank,12644704.413528653,13642661.744,0.07314975253346334,0.0,
monthly,2026-03-01,pounds,bu_damped_tuned_food_bank,12679653.334397463,13642661.744,0.07058801483706545,0.0,
monthly,2026-03-01,pounds,bu_damped50_site,12977408.563232787,13642661.744,0.04876271165044388,0.02,
monthly,2026-03-01,pounds,bu_yoyfull_site,13394823.78979891,13642661.744,0.018166392955545452,0.0,
monthly,2026-03-01,pounds,mmf_select_site,12852194.624978542,13642661.744,0.05794082810629708,0.0,
monthly,2026-03-01,pounds,bu_damped_tuned_site,12977408.563232787,13642661.744,0.04876271165044388,0.0,
monthly,2026-03-01,pounds,bu_seasonal_level_county,12915209.555565149,13642661.744,0.05332186651587867,0.0,
monthly,2026-03-01,pounds,ets_food_bank,12374679.142251384,13642661.744,0.09294246427433939,0.23,
monthly,2026-03-01,pounds,ets_site_group,12645658.622299619,13642661.744,0.073079809527555,0.11,
monthly,2026-03-01,pounds,global_lgbm_county,12636745.731584804,13642661.744,0.07373311977463604,0.11,
monthly,2026-03-01,pounds,global_ridge_county,13711455.14162227,13642661.744,0.0050425202143946635,0.01,
monthly,2026-03-01,pounds,global_lgbm_county_w18,12773755.283033412,13642661.744,0.06369039101542862,0.06,
monthly,2026-03-01,pounds,global_ridge_county_w18,13117328.743420834,13642661.744,0.03850663532064824,0.01,
monthly,2026-03-01,pounds,global_lgbm_site_churn,12459573.707204403,13642661.744,0.08671973688095846,0.34,
monthly,2026-03-01,pounds,global_ridge_site_churn,13131031.38988753,13642661.744,0.03750223847171785,0.02,
monthly,2026-03-01,pounds,global_lgbm_food_bank,12477800.510992283,13642661.744,0.08538372165681085,0.02,
monthly,2026-03-01,pounds,ratio_via_visits_county,12660822.579244763,13642661.744,0.07196829938168392,0.0,
monthly,2026-03-01,pounds,ens_county_damped_lgbm_ridge,13009358.806299852,13642661.744,0.04642077547504053,0.0,
monthly,2026-03-01,pounds,ens_site_damped_lgbm,12718491.135218594,13642661.744,0.06774122426570117,0.0,
monthly,2026-03-01,pounds,seasonal_naive,12452621.8,13642661.744,0.08722930805811235,0.0,
monthly,2026-03-01,pounds,damped_yoy_3m,12592672.390093252,13642661.744,0.07696367275018978,0.0,
monthly,2026-03-01,individuals,bu_damped50_county,777479.7730669859,865523.0,0.10172257344173885,0.02,
monthly,2026-03-01,individuals,bu_yoyfull_county,794468.5461339714,865523.0,0.0820942411305402,0.0,
monthly,2026-03-01,individuals,mmf_select_county,805698.307133718,865523.0,0.06911970319249972,0.0,
monthly,2026-03-01,individuals,bu_damped_tuned_county,760491.0,865523.0,0.12135090575293783,0.0,
monthly,2026-03-01,individuals,bu_damped50_food_bank,773265.0232033766,865523.0,0.10659217235893603,0.02,
monthly,2026-03-01,individuals,bu_yoyfull_food_bank,787242.0464067534,865523.0,0.09044352789382448,0.0,
monthly,2026-03-01,individuals,mmf_select_food_bank,782556.8386985038,865523.0,0.09585668006684533,0.0,
monthly,2026-03-01,individuals,bu_damped_tuned_food_bank,759288.0,865523.0,0.12274081682404747,0.0,
monthly,2026-03-01,individuals,bu_damped50_site,791379.9833976098,865523.0,0.08566267632678759,0.01,
monthly,2026-03-01,individuals,bu_yoyfull_site,814690.9667952198,865523.0,0.05872984681490867,0.0,
monthly,2026-03-01,individuals,mmf_select_site,806696.8356643334,865523.0,0.06796603248633093,0.0,
monthly,2026-03-01,individuals,bu_damped_tuned_site,768069.0,865523.0,0.11259550583866629,0.0,
monthly,2026-03-01,individuals,bu_seasonal_level_county,794468.5461339714,865523.0,0.0820942411305402,0.0,
monthly,2026-03-01,individuals,ets_food_bank,812848.6249874576,865523.0,0.060858434741240086,0.39,
monthly,2026-03-01,individuals,ets_site_group,812904.96180634,865523.0,0.0607933448257989,0.1,
monthly,2026-03-01,individuals,global_lgbm_county,781469.1200419634,865523.0,0.09711339844006062,0.08,
monthly,2026-03-01,individuals,global_ridge_county,865713.3037950823,865523.0,0.00021987144776303147,0.01,
monthly,2026-03-01,individuals,global_lgbm_county_w18,784195.4678538264,865523.0,0.09396345579051468,0.09,
monthly,2026-03-01,individuals,global_ridge_county_w18,673384.4275784297,865523.0,0.2219912959234709,0.01,
monthly,2026-03-01,individuals,global_lgbm_site_churn,760968.7131049219,865523.0,0.12079896998124617,0.37,
monthly,2026-03-01,individuals,global_ridge_site_churn,807054.1630836399,865523.0,0.06755318682040812,0.01,
monthly,2026-03-01,individuals,global_lgbm_food_bank,773045.3161179678,865523.0,0.10684601550973483,0.02,
monthly,2026-03-01,individuals,ratio_via_visits_county,775552.4490838831,865523.0,0.1039493472918882,0.0,
monthly,2026-03-01,individuals,ens_county_damped_lgbm_ridge,808220.7323013438,865523.0,0.06620536681134548,0.0,
monthly,2026-03-01,individuals,ens_site_damped_lgbm,776174.3482512658,865523.0,0.10323082315401688,0.0,
monthly,2026-03-01,individuals,seasonal_naive,760491.0,865523.0,0.12135090575293783,0.0,
monthly,2026-03-01,individuals,damped_yoy_3m,771418.570319782,865523.0,0.10872551010223641,0.0,
monthly,2026-04-01,visits,bu_damped50_county,273073.9357483898,263173.0,0.037621396375729255,0.01,
monthly,2026-04-01,visits,bu_yoyfull_county,282916.8714967799,263173.0,0.07502240540169347,0.0,
monthly,2026-04-01,visits,mmf_select_county,272190.34583285224,263173.0,0.03426394741425698,0.0,
monthly,2026-04-01,visits,bu_damped_tuned_county,277995.4036225849,263173.0,0.056321900888711474,0.0,
monthly,2026-04-01,visits,bu_damped50_food_bank,272478.6602613747,263173.0,0.03535947935910877,0.02,
monthly,2026-04-01,visits,bu_yoyfull_food_bank,282095.32052274945,263173.0,0.07190069088679096,0.0,
monthly,2026-04-01,visits,mmf_select_food_bank,283682.8294368049,263173.0,0.07793287851263209,0.0,
monthly,2026-04-01,visits,bu_damped_tuned_food_bank,277286.99039206206,263173.0,0.053630085122949867,0.0,
monthly,2026-04-01,visits,bu_damped50_site,278487.1648745107,263173.0,0.058190486389221974,0.01,
monthly,2026-04-01,visits,bu_yoyfull_site,288334.32974902145,263173.0,0.09560756517204072,0.0,
monthly,2026-04-01,visits,mmf_select_site,282090.58135833713,263173.0,0.07188268309567136,0.0,
monthly,2026-04-01,visits,bu_damped_tuned_site,283410.7473117661,263173.0,0.07689902578063124,0.0,
monthly,2026-04-01,visits,bu_seasonal_level_county,282994.26178654766,263173.0,0.07531647162341004,0.0,
monthly,2026-04-01,visits,ets_food_bank,270383.31256684,263173.0,0.027397615130883457,0.28,
monthly,2026-04-01,visits,ets_site_group,257029.86399991185,263173.0,0.023342576936418835,0.11,
monthly,2026-04-01,visits,global_lgbm_county,276787.16114213195,263173.0,0.051730842989713866,0.12,
monthly,2026-04-01,visits,global_ridge_county,287530.9951085729,263173.0,0.09255506875163055,0.01,
monthly,2026-04-01,visits,global_lgbm_county_w18,275930.8713509858,263173.0,0.04847712854656727,0.1,
monthly,2026-04-01,visits,global_ridge_county_w18,293812.79309352033,263173.0,0.11642453098729866,0.01,
monthly,2026-04-01,visits,global_lgbm_site_churn,264771.3651773218,263173.0,0.0060734390584207265,0.32,
monthly,2026-04-01,visits,global_ridge_site_churn,267202.25824288244,263173.0,0.015310302511589047,0.02,
monthly,2026-04-01,visits,global_lgbm_food_bank,273374.0308052439,263173.0,0.038761692138797876,0.03,
monthly,2026-04-01,visits,ratio_via_visits_county,273073.9357483898,263173.0,0.037621396375729255,0.0,
monthly,2026-04-01,visits,ens_county_damped_lgbm_ridge,279130.6973330315,263173.0,0.06063576937235782,0.0,
monthly,2026-04-01,visits,ens_site_damped_lgbm,271629.2650259163,263173.0,0.03213196272382146,0.0,
monthly,2026-04-01,visits,seasonal_naive,263231.0,263173.0,0.00022038734976614904,0.0,
monthly,2026-04-01,visits,damped_yoy_3m,272495.23569202295,263173.0,0.03542246238034652,0.0,
monthly,2026-04-01,pounds,bu_damped50_county,13205065.39126606,13074244.029,0.010006036446611022,0.01,
monthly,2026-04-01,pounds,bu_yoyfull_county,13637133.54253212,13074244.029,0.04305331247325461,0.0,
monthly,2026-04-01,pounds,mmf_select_county,13411470.855479982,13074244.029,0.025793218004190432,0.0,
monthly,2026-04-01,pounds,bu_damped_tuned_county,13421099.466899088,13074244.029,0.026529674459932595,0.0,
monthly,2026-04-01,pounds,bu_damped50_food_bank,13175323.22642291,13074244.029,0.007731169557391393,0.03,
monthly,2026-04-01,pounds,bu_yoyfull_food_bank,13592841.212845821,13074244.029,0.039665557924077444,0.0,
monthly,2026-04-01,pounds,mmf_select_food_bank,13402185.2488871,13074244.029,0.02508299670403069,0.0,
monthly,2026-04-01,pounds,bu_damped_tuned_food_bank,13384082.219634365,13074244.029,0.02369836374073442,0.0,
monthly,2026-04-01,pounds,bu_damped50_site,13444853.511405993,13074244.029,0.02834653243307561,0.02,
monthly,2026-04-01,pounds,bu_yoyfull_site,13917989.94614532,13074244.029,0.06453496777892531,0.0,
monthly,2026-04-01,pounds,mmf_select_site,13333837.940506835,13074244.029,0.01985536685188305,0.0,
monthly,2026-04-01,pounds,bu_damped_tuned_site,13444853.511405993,13074244.029,0.02834653243307561,0.0,
monthly,2026-04-01,pounds,bu_seasonal_level_county,13640795.841568263,13074244.029,0.04333342802165796,0.0,
monthly,2026-04-01,pounds,ets_food_bank,12542756.813895468,13074244.029,0.040651468178629635,0.32,
monthly,2026-04-01,pounds,ets_site_group,12684231.139978977,13074244.029,0.029830626394607096,0.11,
monthly,2026-04-01,pounds,global_lgbm_county,13298151.940459954,13074244.029,0.017125878250650928,0.09,
monthly,2026-04-01,pounds,global_ridge_county,13584296.287269095,13074244.029,0.03901198854310417,0.01,
monthly,2026-04-01,pounds,global_lgbm_county_w18,13680217.811285354,13074244.029,0.04634866696240669,0.07,
monthly,2026-04-01,pounds,global_ridge_county_w18,13356017.771465827,13074244.029,0.021551819121688798,0.0,
monthly,2026-04-01,pounds,global_lgbm_site_churn,13287589.56839189,13074244.029,0.016318001937142057,0.3,
monthly,2026-04-01,pounds,global_ridge_site_churn,13259664.612215387,13074244.029,0.014182126538567319,0.02,
monthly,2026-04-01,pounds,global_lgbm_food_bank,12784359.11579757,13074244.029,0.022172212218116383,0.02,
monthly,2026-04-01,pounds,ratio_via_visits_county,13212410.299796587,13074244.029,0.01056782101436382,0.0,
monthly,2026-04-01,pounds,ens_county_damped_lgbm_ridge,13362504.539665036,13074244.029,0.022047967746788633,0.0,
monthly,2026-04-01,pounds,ens_site_damped_lgbm,13366221.539898941,13074244.029,0.022332267185108945,0.0,
monthly,2026-04-01,pounds,seasonal_naive,12772997.24,13074244.029,0.02304123958003257,0.0,
monthly,2026-04-01,pounds,damped_yoy_3m,13183114.352607477,13074244.029,0.008327083643688615,0.0,
monthly,2026-04-01,individuals,bu_damped50_county,818326.0907264284,801510.0,0.02098051269033263,0.01,
monthly,2026-04-01,individuals,bu_yoyfull_county,849681.1814528572,801510.0,0.06010053705238505,0.0,
monthly,2026-04-01,individuals,mmf_select_county,818386.9240149391,801510.0,0.021056411042830625,0.0,
monthly,2026-04-01,individuals,bu_damped_tuned_county,786971.0,801510.0,0.018139511671719677,0.0,
monthly,2026-04-01,individuals,bu_damped50_food_bank,816612.146790012,801510.0,0.018842118987925316,0.02,
monthly,2026-04-01,individuals,bu_yoyfull_food_bank,848224.2935800238,801510.0,0.0582828580804029,0.0,
monthly,2026-04-01,individuals,mmf_select_food_bank,857619.4987339756,801510.0,0.0700047394717167,0.0,
monthly,2026-04-01,individuals,bu_damped_tuned_food_bank,785000.0,801510.0,0.020598620104552712,0.0,
monthly,2026-04-01,individuals,bu_damped50_site,824943.8839730384,801510.0,0.029237169808284946,0.01,
monthly,2026-04-01,individuals,bu_yoyfull_site,850155.1012794102,801510.0,0.06069182078752622,0.0,
monthly,2026-04-01,individuals,mmf_select_site,815428.0644609913,801510.0,0.017364804507730813,0.0,
monthly,2026-04-01,individuals,bu_damped_tuned_site,824943.8839730384,801510.0,0.029237169808284946,0.0,
monthly,2026-04-01,individuals,bu_seasonal_level_county,849835.6959244021,801510.0,0.060293316271041064,0.0,
monthly,2026-04-01,individuals,ets_food_bank,840719.8977691059,801510.0,0.048920035644103965,0.3,
monthly,2026-04-01,individuals,ets_site_group,775850.3205432976,801510.0,0.03201417257015193,0.14,
monthly,2026-04-01,individuals,global_lgbm_county,856733.1224534682,801510.0,0.06889885647523819,0.13,
monthly,2026-04-01,individuals,global_ridge_county,874884.4220414774,801510.0,0.09154523591904962,0.01,
monthly,2026-04-01,individuals,global_lgbm_county_w18,871608.1943283125,801510.0,0.08745766656474974,0.06,
monthly,2026-04-01,individuals,global_ridge_county_w18,876413.1778644244,801510.0,0.09345258058467687,0.01,
monthly,2026-04-01,individuals,global_lgbm_site_churn,802624.3707073752,801510.0,0.0013903391191316672,0.33,
monthly,2026-04-01,individuals,global_ridge_site_churn,820930.4138836144,801510.0,0.024229783637901514,0.02,
monthly,2026-04-01,individuals,global_lgbm_food_bank,814773.8787186468,801510.0,0.0165486128914758,0.02,
monthly,2026-04-01,individuals,ratio_via_visits_county,818934.7209315371,801510.0,0.021739867165147198,0.0,
monthly,2026-04-01,individuals,ens_county_damped_lgbm_ridge,849981.211740458,801510.0,0.060474868361540146,0.0,
monthly,2026-04-01,individuals,ens_site_damped_lgbm,813784.1273402069,801510.0,0.015313754463708307,0.0,
monthly,2026-04-01,individuals,seasonal_naive,786971.0,801510.0,0.018139511671719677,0.0,
monthly,2026-04-01,individuals,damped_yoy_3m,817285.2884769763,801510.0,0.019681960895030937,0.0,
monthly,2026-05-01,visits,bu_damped50_county,257228.40164522335,229370.0,0.12145616970494544,0.01,
monthly,2026-05-01,visits,bu_yoyfull_county,267375.8032904467,229370.0,0.16569648729322362,0.0,
monthly,2026-05-01,visits,mmf_select_county,259596.79727520648,229370.0,0.13178182532679283,0.0,
monthly,2026-05-01,visits,bu_damped_tuned_county,257228.40164522335,229370.0,0.12145616970494544,0.0,
monthly,2026-05-01,visits,bu_damped50_food_bank,257007.70027673806,229370.0,0.12049396292775016,0.02,
monthly,2026-05-01,visits,bu_yoyfull_food_bank,267341.40055347607,229370.0,0.1655464993393907,0.0,
monthly,2026-05-01,visits,mmf_select_food_bank,265265.76446929993,229370.0,0.15649720743471218,0.0,
monthly,2026-05-01,visits,bu_damped_tuned_food_bank,257007.70027673806,229370.0,0.12049396292775016,0.0,
monthly,2026-05-01,visits,bu_damped50_site,263130.77134382137,229370.0,0.147189132597207,0.01,
monthly,2026-05-01,visits,bu_yoyfull_site,272472.87602097605,229370.0,0.18791854218501136,0.0,
monthly,2026-05-01,visits,mmf_select_site,261911.18175283514,229370.0,0.14187200485170304,0.0,
monthly,2026-05-01,visits,bu_damped_tuned_site,267801.8236823987,229370.0,0.16755383739110918,0.0,
monthly,2026-05-01,visits,bu_seasonal_level_county,267375.8032904467,229370.0,0.16569648729322362,0.0,
monthly,2026-05-01,visits,ets_food_bank,260828.97101508902,229370.0,0.13715381704272134,0.31,
monthly,2026-05-01,visits,ets_site_group,247598.08151663525,229370.0,0.07947020759748558,0.1,
monthly,2026-05-01,visits,global_lgbm_county,268084.0632576126,229370.0,0.16878433647649027,0.08,
monthly,2026-05-01,visits,global_ridge_county,270230.31571401446,229370.0,0.17814149938533586,0.01,
monthly,2026-05-01,visits,global_lgbm_county_w18,257544.0309336935,229370.0,0.12283224019572514,0.11,
monthly,2026-05-01,visits,global_ridge_county_w18,262094.95741271888,229370.0,0.1426732241039319,0.01,
monthly,2026-05-01,visits,global_lgbm_site_churn,259141.03407318649,229370.0,0.12979480347554828,0.3,
monthly,2026-05-01,visits,global_ridge_site_churn,259594.2303477078,229370.0,0.13177063411827095,0.02,
monthly,2026-05-01,visits,global_lgbm_food_bank,267147.5670420988,229370.0,0.16470143018746475,0.04,
monthly,2026-05-01,visits,ratio_via_visits_county,257228.40164522335,229370.0,0.12145616970494544,0.0,
monthly,2026-05-01,visits,ens_county_damped_lgbm_ridge,265180.92687228345,229370.0,0.15612733518892385,0.0,
monthly,2026-05-01,visits,ens_site_damped_lgbm,261135.90270850394,229370.0,0.13849196803637764,0.0,
monthly,2026-05-01,visits,seasonal_naive,247081.0,229370.0,0.07721585211666748,0.0,
monthly,2026-05-01,visits,damped_yoy_3m,257234.55504415068,229370.0,0.12148299709705146,0.0,
monthly,2026-05-01,pounds,bu_damped50_county,12677816.025913566,11536291.828,0.09895070399857153,0.03,
monthly,2026-05-01,pounds,bu_yoyfull_county,13190696.401827138,11536291.828,0.14340869652861032,0.0,
monthly,2026-05-01,pounds,mmf_select_county,13447895.831742883,11536291.828,0.16570350613905105,0.0,
monthly,2026-05-01,pounds,bu_damped_tuned_county,12934256.213870354,11536291.828,0.12117970026359104,0.01,
monthly,2026-05-01,pounds,bu_damped50_food_bank,12655954.2295838,11536291.828,0.0970556586360134,0.04,
monthly,2026-05-01,pounds,bu_yoyfull_food_bank,13159444.809167601,11536291.828,0.1406997157637786,0.0,
monthly,2026-05-01,pounds,mmf_select_food_bank,13383573.680140447,11536291.828,0.16012787121567662,0.0,
monthly,2026-05-01,pounds,bu_damped_tuned_food_bank,12655954.2295838,11536291.828,0.0970556586360134,0.0,
monthly,2026-05-01,pounds,bu_damped50_site,12876402.307864401,11536291.828,0.11616475205765764,0.01,
monthly,2026-05-01,pounds,bu_yoyfull_site,13401372.755728802,11536291.828,0.16167074789162506,0.0,
monthly,2026-05-01,pounds,mmf_select_site,13029681.496980209,11536291.828,0.12945144689869648,0.0,
monthly,2026-05-01,pounds,bu_damped_tuned_site,12613917.083932202,11536291.828,0.09341175414067404,0.0,
monthly,2026-05-01,pounds,bu_seasonal_level_county,13183091.602396421,11536291.828,0.14274948995303993,0.0,
monthly,2026-05-01,pounds,ets_food_bank,12756772.932256907,11536291.828,0.10579492287934755,0.21,
monthly,2026-05-01,pounds,ets_site_group,12659056.434598412,11536291.828,0.09732456696989278,0.1,
monthly,2026-05-01,pounds,global_lgbm_county,13152044.966671946,11536291.828,0.14005827546337857,0.13,
monthly,2026-05-01,pounds,global_ridge_county,12872908.074906101,11536291.828,0.11586186157860268,0.01,
monthly,2026-05-01,pounds,global_lgbm_county_w18,12895257.6430138,11536291.828,0.11779918844592885,0.07,
monthly,2026-05-01,pounds,global_ridge_county_w18,11189921.73824856,11536291.828,0.030024386944750847,0.01,
monthly,2026-05-01,pounds,global_lgbm_site_churn,13092835.34878698,11536291.828,0.13492581012982496,0.32,
monthly,2026-05-01,pounds,global_ridge_site_churn,12744062.993518863,11536291.828,0.10469318768336411,0.03,
monthly,2026-05-01,pounds,global_lgbm_food_bank,13245382.76938415,11536291.828,0.14814907310475411,0.02,
monthly,2026-05-01,pounds,ratio_via_visits_county,12662930.232277298,11536291.828,0.09766035924497052,0.0,
monthly,2026-05-01,pounds,ens_county_damped_lgbm_ridge,12900923.022497205,11536291.828,0.11829028034685085,0.0,
monthly,2026-05-01,pounds,ens_site_damped_lgbm,12984618.82832569,11536291.828,0.1255452810937414,0.0,
monthly,2026-05-01,pounds,seasonal_naive,12164935.65,11536291.828,0.054492711468533184,0.0,
monthly,2026-05-01,pounds,damped_yoy_3m,12663169.652376192,11536291.828,0.0976811128894226,0.0,
monthly,2026-05-01,individuals,bu_damped50_county,770807.8048687231,710185.0,0.08536199000080713,0.01,
monthly,2026-05-01,individuals,bu_yoyfull_county,810930.6097374465,710185.0,0.1418582619140738,0.0,
monthly,2026-05-01,individuals,mmf_select_county,811474.9350360889,710185.0,0.14262471755400208,0.0,
monthly,2026-05-01,individuals,bu_damped_tuned_county,750746.4024343616,710185.0,0.057113854044173795,0.0,
monthly,2026-05-01,individuals,bu_damped50_food_bank,769172.0976955827,710185.0,0.08305877721380006,0.02,
monthly,2026-05-01,individuals,bu_yoyfull_food_bank,809830.1953911653,710185.0,0.14030878628972077,0.0,
monthly,2026-05-01,individuals,mmf_select_food_bank,797247.8800963026,710185.0,0.12259183184142519,0.0,
monthly,2026-05-01,individuals,bu_damped_tuned_food_bank,748843.0488477913,710185.0,0.05443377267583971,0.0,
monthly,2026-05-01,individuals,bu_damped50_site,776562.6216591008,710185.0,0.09346525434795261,0.02,
monthly,2026-05-01,individuals,bu_yoyfull_site,808282.9099848683,710185.0,0.13813007876098227,0.0,
monthly,2026-05-01,individuals,mmf_select_site,789238.0476293347,710185.0,0.1113133164306972,0.0,
monthly,2026-05-01,individuals,bu_damped_tuned_site,744842.3333333333,710185.0,0.04880042993492295,0.0,
monthly,2026-05-01,individuals,bu_seasonal_level_county,810930.6097374465,710185.0,0.1418582619140738,0.0,
monthly,2026-05-01,individuals,ets_food_bank,795740.6251840744,710185.0,0.12046949060325751,0.26,
monthly,2026-05-01,individuals,ets_site_group,746269.6117863558,710185.0,0.050810157615770235,0.15,
monthly,2026-05-01,individuals,global_lgbm_county,797601.0603485858,710185.0,0.12308913923637621,0.14,
monthly,2026-05-01,individuals,global_ridge_county,782718.5174338758,710185.0,0.10213327151921803,0.01,
monthly,2026-05-01,individuals,global_lgbm_county_w18,783476.7842407252,710185.0,0.1032009747329572,0.07,
monthly,2026-05-01,individuals,global_ridge_county_w18,727237.994855556,710185.0,0.024012045953598182,0.01,
monthly,2026-05-01,individuals,global_lgbm_site_churn,772994.7019801363,710185.0,0.08844132441566122,0.33,
monthly,2026-05-01,individuals,global_ridge_site_churn,758936.3624497956,710185.0,0.06864600413947852,0.03,
monthly,2026-05-01,individuals,global_lgbm_food_bank,792454.5882656076,710185.0,0.11584247522210078,0.04,
monthly,2026-05-01,individuals,ratio_via_visits_county,770607.8867817344,710185.0,0.08508048857936235,0.0,
monthly,2026-05-01,individuals,ens_county_damped_lgbm_ridge,783709.1275503949,710185.0,0.10352813358546697,0.0,
monthly,2026-05-01,individuals,ens_site_damped_lgbm,774778.6618196185,710185.0,0.09095328938180702,0.0,
monthly,2026-05-01,individuals,seasonal_naive,730685.0,710185.0,0.02886571808754046,0.0,
monthly,2026-05-01,individuals,damped_yoy_3m,771017.667130419,710185.0,0.08565749365365227,0.0,
monthly,2026-06-01,visits,bu_damped50_county,240252.07391590794,239937.0,0.0013131526855296727,0.01,
monthly,2026-06-01,visits,bu_yoyfull_county,243243.1478318158,239937.0,0.013779233014565406,0.0,
monthly,2026-06-01,visits,mmf_select_county,244032.08297868352,239937.0,0.017067325917567988,0.0,
monthly,2026-06-01,visits,bu_damped_tuned_county,240252.07391590794,239937.0,0.0013131526855296727,0.0,
monthly,2026-06-01,visits,bu_damped50_food_bank,239995.4220273415,239937.0,0.0002434890297933201,0.03,
monthly,2026-06-01,visits,bu_yoyfull_food_bank,243093.84405468305,239937.0,0.013156970599295104,0.0,
monthly,2026-06-01,visits,mmf_select_food_bank,242184.0066808185,239937.0,0.009364986145607102,0.0,
monthly,2026-06-01,visits,bu_damped_tuned_food_bank,239995.4220273415,239937.0,0.0002434890297933201,0.01,
monthly,2026-06-01,visits,bu_damped50_site,251449.67084103744,239937.0,0.04798205712765191,0.02,
monthly,2026-06-01,visits,bu_yoyfull_site,252448.34168207494,239937.0,0.05214427821501033,0.0,
monthly,2026-06-01,visits,mmf_select_site,246731.74152747414,239937.0,0.02831885673103418,0.0,
monthly,2026-06-01,visits,bu_damped_tuned_site,251449.67084103744,239937.0,0.04798205712765191,0.01,
monthly,2026-06-01,visits,bu_seasonal_level_county,243243.1478318158,239937.0,0.013779233014565406,0.0,
monthly,2026-06-01,visits,ets_food_bank,250693.42682940204,239937.0,0.04483021305343504,0.36,
monthly,2026-06-01,visits,ets_site_group,239208.50306937014,239937.0,0.0030362008803554996,0.09,
monthly,2026-06-01,visits,global_lgbm_county,244917.5997438839,239937.0,0.020757947894171958,0.11,
monthly,2026-06-01,visits,global_ridge_county,228229.8686131148,239937.0,0.04879252214908569,0.01,
monthly,2026-06-01,visits,global_lgbm_county_w18,240717.80072812267,239937.0,0.003254190592208328,0.09,
monthly,2026-06-01,visits,global_ridge_county_w18,250760.50152367607,239937.0,0.04510976432845326,0.01,
monthly,2026-06-01,visits,global_lgbm_site_churn,238251.28583425572,239937.0,0.00702565325791471,0.29,
monthly,2026-06-01,visits,global_ridge_site_churn,228395.91445240867,239937.0,0.04810048282503876,0.02,
monthly,2026-06-01,visits,global_lgbm_food_bank,256857.40919301315,239937.0,0.07052021652772678,0.04,
monthly,2026-06-01,visits,ratio_via_visits_county,240252.07391590794,239937.0,0.0013131526855296727,0.0,
monthly,2026-06-01,visits,ens_county_damped_lgbm_ridge,237799.84742430222,239937.0,0.008907140523128021,0.0,
monthly,2026-06-01,visits,ens_site_damped_lgbm,244850.47833764658,239937.0,0.0204782019348686,0.0,
monthly,2026-06-01,visits,seasonal_naive,237261.0,239937.0,0.011152927643506394,0.0,
monthly,2026-06-01,visits,damped_yoy_3m,239917.71487312045,239937.0,8.037579397734973e-05,0.0,
monthly,2026-06-01,pounds,bu_damped50_county,11802695.084051458,12253807.27,0.03681404285286605,0.02,
monthly,2026-06-01,pounds,bu_yoyfull_county,11942751.568102913,12253807.27,0.025384412782353705,0.0,
monthly,2026-06-01,pounds,mmf_select_county,12106929.378446933,12253807.27,0.011986306648763434,0.0,
monthly,2026-06-01,pounds,bu_damped_tuned_county,11802695.084051458,12253807.27,0.03681404285286605,0.0,
monthly,2026-06-01,pounds,bu_damped50_food_bank,11788887.565013915,12253807.27,0.03794083705921414,0.03,
monthly,2026-06-01,pounds,bu_yoyfull_food_bank,11927357.53002783,12253807.27,0.026640678507437454,0.0,
monthly,2026-06-01,pounds,mmf_select_food_bank,12266903.044880068,12253807.27,0.0010687106946858371,0.0,
monthly,2026-06-01,pounds,bu_damped_tuned_food_bank,11788887.565013915,12253807.27,0.03794083705921414,0.0,
monthly,2026-06-01,pounds,bu_damped50_site,12058777.189032117,12253807.27,0.01591587632077085,0.02,
monthly,2026-06-01,pounds,bu_yoyfull_site,12170549.424730897,12253807.27,0.006794447099958578,0.0,
monthly,2026-06-01,pounds,mmf_select_site,12288672.64845505,12253807.27,0.002845269040619547,0.0,
monthly,2026-06-01,pounds,bu_damped_tuned_site,11947004.953333333,12253807.27,0.025037305541583454,0.0,
monthly,2026-06-01,pounds,bu_seasonal_level_county,12016746.143051697,12253807.27,0.01934591606713776,0.0,
monthly,2026-06-01,pounds,ets_food_bank,12126964.326156244,12253807.27,0.01035130886661606,0.4,
monthly,2026-06-01,pounds,ets_site_group,12094217.384619795,12253807.27,0.013023698011875529,0.14,
monthly,2026-06-01,pounds,global_lgbm_county,11608285.46377252,12253807.27,0.05267928505843711,0.14,
monthly,2026-06-01,pounds,global_ridge_county,11237411.400516132,12253807.27,0.082945312186542,0.01,
monthly,2026-06-01,pounds,global_lgbm_county_w18,11510658.5622402,12253807.27,0.06064635189580547,0.1,
monthly,2026-06-01,pounds,global_ridge_county_w18,10698751.603672987,12253807.27,0.12690387828557814,0.01,
monthly,2026-06-01,pounds,global_lgbm_site_churn,11360861.932638267,12253807.27,0.07287084884612627,0.31,
monthly,2026-06-01,pounds,global_ridge_site_churn,10987202.68768424,12253807.27,0.10336416710394036,0.02,
monthly,2026-06-01,pounds,global_lgbm_food_bank,11649272.855178207,12253807.27,0.04933441513331327,0.03,
monthly,2026-06-01,pounds,ratio_via_visits_county,11813571.58184181,12253807.27,0.0359264413465995,0.0,
monthly,2026-06-01,pounds,ens_county_damped_lgbm_ridge,11549463.982780037,12253807.27,0.05747954669928168,0.0,
monthly,2026-06-01,pounds,ens_site_damped_lgbm,11709819.560835192,12253807.27,0.044393362583448503,0.0,
monthly,2026-06-01,pounds,seasonal_naive,11662638.6,12253807.27,0.04824367292337872,0.0,
monthly,2026-06-01,pounds,damped_yoy_3m,11797173.813441694,12253807.27,0.03726461878311438,0.0,
monthly,2026-06-01,individuals,bu_damped50_county,714042.5724859226,740733.0,0.03603245368314545,0.02,
monthly,2026-06-01,individuals,bu_yoyfull_county,729710.1449718452,740733.0,0.014881009794561306,0.0,
monthly,2026-06-01,individuals,mmf_select_county,721793.0007848551,740733.0,0.02556926613927679,0.0,
monthly,2026-06-01,individuals,bu_damped_tuned_county,698375.0,740733.0,0.05718389757172959,0.0,
monthly,2026-06-01,individuals,bu_damped50_food_bank,713097.25725525,740733.0,0.037308642580727414,0.04,
monthly,2026-06-01,individuals,bu_yoyfull_food_bank,729418.5145105,740733.0,0.015274715031597053,0.0,
monthly,2026-06-01,individuals,mmf_select_food_bank,718319.8873331388,740733.0,0.030258018296553724,0.0,
monthly,2026-06-01,individuals,bu_damped_tuned_food_bank,696776.0,740733.0,0.059342570129857886,0.0,
monthly,2026-06-01,individuals,bu_damped50_site,736254.2643627486,740733.0,0.006046356294712729,0.03,
monthly,2026-06-01,individuals,bu_yoyfull_site,748377.8620588304,740733.0,0.010320671630439593,0.0,
monthly,2026-06-01,individuals,mmf_select_site,746533.707807032,740733.0,0.007831037373833727,0.0,
monthly,2026-06-01,individuals,bu_damped_tuned_site,724130.6666666666,740733.0,0.022413384219865162,0.01,
monthly,2026-06-01,individuals,bu_seasonal_level_county,729638.3738918308,740733.0,0.014977901765101831,0.0,
monthly,2026-06-01,individuals,ets_food_bank,745945.6310916264,740733.0,0.0070371255116572495,0.26,
monthly,2026-06-01,individuals,ets_site_group,702975.4415097882,740733.0,0.05097323663210884,0.19,
monthly,2026-06-01,individuals,global_lgbm_county,699318.0149494432,740733.0,0.055910814086258975,0.09,
monthly,2026-06-01,individuals,global_ridge_county,688671.8512473921,740733.0,0.07028328527635175,0.01,
monthly,2026-06-01,individuals,global_lgbm_county_w18,691780.7806763828,740733.0,0.06608618668753408,0.06,
monthly,2026-06-01,individuals,global_ridge_county_w18,666413.7999642929,740733.0,0.10033196851727555,0.0,
monthly,2026-06-01,individuals,global_lgbm_site_churn,675001.5571755873,740733.0,0.08873837512897731,0.28,
monthly,2026-06-01,individuals,global_ridge_site_churn,678646.4002204243,740733.0,0.08381778559828668,0.02,
monthly,2026-06-01,individuals,global_lgbm_food_bank,715456.0512547661,740733.0,0.03412423740434667,0.03,
monthly,2026-06-01,individuals,ratio_via_visits_county,714473.9722295869,740733.0,0.03545005794316314,0.0,
monthly,2026-06-01,individuals,ens_county_damped_lgbm_ridge,700677.4795609192,740733.0,0.05407551768191887,0.0,
monthly,2026-06-01,individuals,ens_site_damped_lgbm,705627.9107691679,740733.0,0.04739236571184502,0.0,
monthly,2026-06-01,individuals,seasonal_naive,698375.0,740733.0,0.05718389757172959,0.0,
monthly,2026-06-01,individuals,damped_yoy_3m,713560.3040266936,740733.0,0.03668352290677801,0.0,
monthly,2026-07-01,visits,bu_damped50_county,258072.70058569315,239143.0,0.07915640677625158,0.01,
monthly,2026-07-01,visits,bu_yoyfull_county,256143.4011713862,239143.0,0.0710888513207002,0.0,
monthly,2026-07-01,visits,mmf_select_county,260384.12999421166,239143.0,0.08882187642628736,0.0,
monthly,2026-07-01,visits,bu_damped_tuned_county,259037.35029284656,239143.0,0.08319018450402704,0.0,
monthly,2026-07-01,visits,bu_damped50_food_bank,257188.37145315748,239143.0,0.07545849743942945,0.02,
monthly,2026-07-01,visits,bu_yoyfull_food_bank,255024.74290631493,239143.0,0.06641107164464333,0.0,
monthly,2026-07-01,visits,mmf_select_food_bank,262693.9112837973,239143.0,0.09848045430473529,0.0,
monthly,2026-07-01,visits,bu_damped_tuned_food_bank,257188.37145315748,239143.0,0.07545849743942945,0.0,
monthly,2026-07-01,visits,bu_damped50_site,265106.3935699941,239143.0,0.10856848651222939,0.03,
monthly,2026-07-01,visits,bu_yoyfull_site,260840.12047332147,239143.0,0.09072864551051651,0.0,
monthly,2026-07-01,visits,mmf_select_site,250556.30109560746,239143.0,0.04772584226010146,0.0,
monthly,2026-07-01,visits,bu_damped_tuned_site,262973.2570216578,239143.0,0.09964856601137306,0.0,
monthly,2026-07-01,visits,bu_seasonal_level_county,256144.97236749573,239143.0,0.07109542143192882,0.0,
monthly,2026-07-01,visits,ets_food_bank,256858.59618867928,239143.0,0.07407950970205812,0.35,
monthly,2026-07-01,visits,ets_site_group,248019.22545696655,239143.0,0.03711681068217154,0.09,
monthly,2026-07-01,visits,global_lgbm_county,253342.45943270013,239143.0,0.05937643766574863,0.08,
monthly,2026-07-01,visits,global_ridge_county,246085.23596071237,239143.0,0.029029643187182375,0.01,
monthly,2026-07-01,visits,global_lgbm_county_w18,253993.00887366934,239143.0,0.062096774204845495,0.08,
monthly,2026-07-01,visits,global_ridge_county_w18,313754.80616491404,239143.0,0.31199661359485353,0.01,
monthly,2026-07-01,visits,global_lgbm_site_churn,249532.0395245769,239143.0,0.04344279165426923,0.27,
monthly,2026-07-01,visits,global_ridge_site_churn,242940.53655588106,239143.0,0.01587977300561194,0.02,
monthly,2026-07-01,visits,global_lgbm_food_bank,250699.3749283097,239143.0,0.04832411957828464,0.03,
monthly,2026-07-01,visits,ratio_via_visits_county,258072.70058569315,239143.0,0.07915640677625158,0.0,
monthly,2026-07-01,visits,ens_county_damped_lgbm_ridge,252500.13199303523,239143.0,0.05585416254306108,0.0,
monthly,2026-07-01,visits,ens_site_damped_lgbm,257319.2165472855,239143.0,0.07600563908324931,0.0,
monthly,2026-07-01,visits,seasonal_naive,260002.0,239143.0,0.08722396223180273,0.0,
monthly,2026-07-01,visits,damped_yoy_3m,257377.36656219527,239143.0,0.07624879909591864,0.0,
monthly,2026-07-01,pounds,bu_damped50_county,12865995.959854454,12999406.86,0.01026284518842624,0.01,
monthly,2026-07-01,pounds,bu_yoyfull_county,12935435.079708906,12999406.86,0.004921130708504751,0.0,
monthly,2026-07-01,pounds,mmf_select_county,12856438.858945487,12999406.86,0.010998040340935433,0.0,
monthly,2026-07-01,pounds,bu_damped_tuned_county,12865995.959854454,12999406.86,0.01026284518842624,0.0,
monthly,2026-07-01,pounds,bu_damped50_food_bank,12839313.37939201,12999406.86,0.012315445030081196,0.03,
monthly,2026-07-01,pounds,bu_yoyfull_food_bank,12901303.91878402,12999406.86,0.007546724421546358,0.0,
monthly,2026-07-01,pounds,mmf_select_food_bank,12502047.108097438,12999406.86,0.038260188119272565,0.0,
monthly,2026-07-01,pounds,bu_damped_tuned_food_bank,12839313.37939201,12999406.86,0.012315445030081196,0.0,
monthly,2026-07-01,pounds,bu_damped50_site,13115814.92384791,12999406.86,0.008954875026344844,0.01,
monthly,2026-07-01,pounds,bu_yoyfull_site,13212970.754362484,12999406.86,0.016428741454322493,0.0,
monthly,2026-07-01,pounds,mmf_select_site,12589050.612785053,12999406.86,0.03156730546511621,0.0,
monthly,2026-07-01,pounds,bu_damped_tuned_site,13018659.093333334,12999406.86,0.001481008598367195,0.0,
monthly,2026-07-01,pounds,bu_seasonal_level_county,12970380.729184767,12999406.86,0.0022328811712591934,0.0,
monthly,2026-07-01,pounds,ets_food_bank,12597884.126252364,12999406.86,0.0308877734247357,0.33,
monthly,2026-07-01,pounds,ets_site_group,12982551.365499945,12999406.86,0.00129663566050231,0.2,
monthly,2026-07-01,pounds,global_lgbm_county,12392022.26520418,12999406.86,0.046724023744866394,0.11,
monthly,2026-07-01,pounds,global_ridge_county,13031480.816514978,12999406.86,0.0024673399994634693,0.01,
monthly,2026-07-01,pounds,global_lgbm_county_w18,12520694.837584158,12999406.86,0.03682568193852509,0.08,
monthly,2026-07-01,pounds,global_ridge_county_w18,12914586.101963986,12999406.86,0.0065249714044270934,0.0,
monthly,2026-07-01,pounds,global_lgbm_site_churn,12186711.288495613,12999406.86,0.06251789641303573,0.34,
monthly,2026-07-01,pounds,global_ridge_site_churn,12660329.253075283,12999406.86,0.026084082956744692,0.02,
monthly,2026-07-01,pounds,global_lgbm_food_bank,12171628.53513895,12999406.86,0.06367816114811942,0.02,
monthly,2026-07-01,pounds,ratio_via_visits_county,12879174.443983532,12999406.86,0.009249069385344755,0.0,
monthly,2026-07-01,pounds,ens_county_damped_lgbm_ridge,12763166.347191205,12999406.86,0.01817317631127624,0.0,
monthly,2026-07-01,pounds,ens_site_damped_lgbm,12651263.10617176,12999406.86,0.026781510693345445,0.0,
monthly,2026-07-01,pounds,seasonal_naive,12796556.84,12999406.86,0.01560455966834784,0.0,
monthly,2026-07-01,pounds,damped_yoy_3m,12842667.714888558,12999406.86,0.012057407449391988,0.0,
monthly,2026-07-01,individuals,bu_damped50_county,780609.0457083689,739444.0,0.055670268077594676,0.01,
monthly,2026-07-01,individuals,bu_yoyfull_county,787546.0914167378,739444.0,0.0650517029237343,0.0,
monthly,2026-07-01,individuals,mmf_select_county,779603.5408685431,739444.0,0.05431045605690632,0.0,
monthly,2026-07-01,individuals,bu_damped_tuned_county,773672.0,739444.0,0.04628883323145505,0.0,
monthly,2026-07-01,individuals,bu_damped50_food_bank,778464.4840804692,739444.0,0.05277003272792702,0.03,
monthly,2026-07-01,individuals,bu_yoyfull_food_bank,785702.9681609382,739444.0,0.06255912301802202,0.0,
monthly,2026-07-01,individuals,mmf_select_food_bank,778735.7069302306,739444.0,0.05313682568285172,0.0,
monthly,2026-07-01,individuals,bu_damped_tuned_food_bank,774845.2420402346,739444.0,0.047875487582879295,0.0,
monthly,2026-07-01,individuals,bu_damped50_site,799219.381584734,739444.0,0.08083828063346776,0.02,
monthly,2026-07-01,individuals,bu_yoyfull_site,806223.4298361344,739444.0,0.09031032753816981,0.0,
monthly,2026-07-01,individuals,mmf_select_site,761669.8981566225,739444.0,0.030057581313287507,0.0,
monthly,2026-07-01,individuals,bu_damped_tuned_site,792215.3333333334,739444.0,0.07136623372876572,0.01,
monthly,2026-07-01,individuals,bu_seasonal_level_county,787554.2725342715,739444.0,0.06506276680082812,0.0,
monthly,2026-07-01,individuals,ets_food_bank,772431.8413602004,739444.0,0.0446116830486154,0.26,
monthly,2026-07-01,individuals,ets_site_group,728348.6755047254,739444.0,0.015004955744146398,0.14,
monthly,2026-07-01,individuals,global_lgbm_county,760162.0044418368,739444.0,0.028018354928617706,0.11,
monthly,2026-07-01,individuals,global_ridge_county,783258.840868226,739444.0,0.059253764812786436,0.01,
monthly,2026-07-01,individuals,global_lgbm_county_w18,763776.4442704266,739444.0,0.032906405718927445,0.09,
monthly,2026-07-01,individuals,global_ridge_county_w18,795362.6284267209,739444.0,0.07562253318266277,0.01,
monthly,2026-07-01,individuals,global_lgbm_site_churn,741585.7263419422,739444.0,0.002896401001214688,0.35,
monthly,2026-07-01,individuals,global_ridge_site_churn,774609.8395110264,739444.0,0.04755713686367913,0.02,
monthly,2026-07-01,individuals,global_lgbm_food_bank,774247.4557968674,739444.0,0.04706706092262203,0.03,
monthly,2026-07-01,individuals,ratio_via_visits_county,782279.1961279839,739444.0,0.057928925149144384,0.0,
monthly,2026-07-01,individuals,ens_county_damped_lgbm_ridge,774676.6303394772,739444.0,0.04764746260633279,0.0,
monthly,2026-07-01,individuals,ens_site_damped_lgbm,770402.553963338,739444.0,0.041867340817341114,0.0,
monthly,2026-07-01,individuals,seasonal_naive,773672.0,739444.0,0.04628883323145505,0.0,
monthly,2026-07-01,individuals,damped_yoy_3m,780025.5527670868,739444.0,0.05488117121389413,0.0,
final,2026-08-01,visits,bu_damped50_county,234899.05111425414,,,0.0,
final,2026-08-01,visits,bu_yoyfull_county,229508.10222850833,,,0.0,
final,2026-08-01,visits,mmf_select_county,233712.13388701214,,,0.0,
final,2026-08-01,visits,bu_damped_tuned_county,237594.52555712714,,,0.0,
final,2026-08-01,visits,bu_damped50_food_bank,234171.39527326805,,,0.0,
final,2026-08-01,visits,bu_yoyfull_food_bank,228504.79054653615,,,0.0,
final,2026-08-01,visits,mmf_select_food_bank,230979.61209358636,,,0.0,
final,2026-08-01,visits,bu_damped_tuned_food_bank,237004.69763663405,,,0.0,
final,2026-08-01,visits,bu_damped50_site,237836.6112138016,,,0.0,
final,2026-08-01,visits,bu_yoyfull_site,232694.5557609366,,,0.0,
final,2026-08-01,visits,mmf_select_site,238203.8336999733,,,0.0,
final,2026-08-01,visits,bu_damped_tuned_site,242978.66666666666,,,0.0,
final,2026-08-01,visits,bu_seasonal_level_county,229807.96387747774,,,0.0,
final,2026-08-01,visits,ets_food_bank,249724.37691505536,,,0.21,
final,2026-08-01,visits,ets_site_group,255648.22228148844,,,0.11,
final,2026-08-01,visits,global_lgbm_county,244592.62117149142,,,0.14,
final,2026-08-01,visits,global_ridge_county,240021.69813554466,,,0.01,
final,2026-08-01,visits,global_lgbm_county_w18,239988.00665463664,,,0.06,
final,2026-08-01,visits,global_ridge_county_w18,230510.17292826308,,,0.0,
final,2026-08-01,visits,global_lgbm_site_churn,239159.20755940644,,,0.34,
final,2026-08-01,visits,global_ridge_site_churn,234405.27529057916,,,0.02,
final,2026-08-01,visits,global_lgbm_food_bank,236800.5473057821,,,0.04,
final,2026-08-01,visits,ratio_via_visits_county,234899.05111425414,,,0.0,
final,2026-08-01,visits,ens_county_damped_lgbm_ridge,239837.79014043006,,,0.0,
final,2026-08-01,visits,ens_site_damped_lgbm,238497.90938660403,,,0.0,
final,2026-08-01,visits,seasonal_naive,240290.0,,,0.0,
final,2026-08-01,visits,damped_yoy_3m,234496.3284852165,,,0.0,
final,2026-08-01,pounds,bu_damped50_county,12908092.079124218,,,0.0,
final,2026-08-01,pounds,bu_yoyfull_county,12994609.738248432,,,0.0,
final,2026-08-01,pounds,mmf_select_county,12968048.034816058,,,0.0,
final,2026-08-01,pounds,bu_damped_tuned_county,12864833.249562107,,,0.0,
final,2026-08-01,pounds,bu_damped50_food_bank,12860906.57445247,,,0.0,
final,2026-08-01,pounds,bu_yoyfull_food_bank,12911059.728904938,,,0.0,
final,2026-08-01,pounds,mmf_select_food_bank,12411400.706666667,,,0.0,
final,2026-08-01,pounds,bu_damped_tuned_food_bank,12835829.997226235,,,0.0,
final,2026-08-01,pounds,bu_damped50_site,13085176.350685768,,,0.0,
final,2026-08-01,pounds,bu_yoyfull_site,13262055.861371536,,,0.0,
final,2026-08-01,pounds,mmf_select_site,12821996.305731641,,,0.0,
final,2026-08-01,pounds,bu_damped_tuned_site,12908296.84,,,0.0,
final,2026-08-01,pounds,bu_seasonal_level_county,13024801.878123865,,,0.0,
final,2026-08-01,pounds,ets_food_bank,13214395.959383465,,,0.28,
final,2026-08-01,pounds,ets_site_group,13469741.044872232,,,0.13,
final,2026-08-01,pounds,global_lgbm_county,13064048.26201532,,,0.11,
final,2026-08-01,pounds,global_ridge_county,13105769.224582212,,,0.01,
final,2026-08-01,pounds,global_lgbm_county_w18,12992626.399586966,,,0.07,
final,2026-08-01,pounds,global_ridge_county_w18,12456302.251513554,,,0.01,
final,2026-08-01,pounds,global_lgbm_site_churn,12769321.76677287,,,0.3,
final,2026-08-01,pounds,global_ridge_site_churn,12813965.319716346,,,0.03,
final,2026-08-01,pounds,global_lgbm_food_bank,12872574.075581366,,,0.04,
final,2026-08-01,pounds,ratio_via_visits_county,12881170.980827209,,,0.0,
final,2026-08-01,pounds,ens_county_damped_lgbm_ridge,13025969.855240583,,,0.0,
final,2026-08-01,pounds,ens_site_damped_lgbm,12927249.058729319,,,0.0,
final,2026-08-01,pounds,seasonal_naive,12821574.42,,,0.0,
final,2026-08-01,pounds,damped_yoy_3m,12850522.085298175,,,0.0,
final,2026-08-01,individuals,bu_damped50_county,725273.0132541397,,,0.0,
final,2026-08-01,individuals,bu_yoyfull_county,723274.0265082794,,,0.0,
final,2026-08-01,individuals,mmf_select_county,739203.7590041605,,,0.0,
final,2026-08-01,individuals,bu_damped_tuned_county,727272.0,,,0.0,
final,2026-08-01,individuals,bu_damped50_food_bank,724023.1026107053,,,0.0,
final,2026-08-01,individuals,bu_yoyfull_food_bank,722646.2052214106,,,0.0,
final,2026-08-01,individuals,mmf_select_food_bank,734954.3909032627,,,0.0,
final,2026-08-01,individuals,bu_damped_tuned_food_bank,725400.0,,,0.0,
final,2026-08-01,individuals,bu_damped50_site,734462.134343938,,,0.0,
final,2026-08-01,individuals,bu_yoyfull_site,729429.6020212093,,,0.0,
final,2026-08-01,individuals,mmf_select_site,736542.4925767344,,,0.0,
final,2026-08-01,individuals,bu_damped_tuned_site,739494.6666666667,,,0.01,
final,2026-08-01,individuals,bu_seasonal_level_county,724368.4759656437,,,0.0,
final,2026-08-01,individuals,ets_food_bank,770186.3894047487,,,0.29,
final,2026-08-01,individuals,ets_site_group,763102.4699472316,,,0.11,
final,2026-08-01,individuals,global_lgbm_county,769912.7882232143,,,0.12,
final,2026-08-01,individuals,global_ridge_county,731405.4709426415,,,0.01,
final,2026-08-01,individuals,global_lgbm_county_w18,782007.8972076765,,,0.08,
final,2026-08-01,individuals,global_ridge_county_w18,730023.7918878248,,,0.01,
final,2026-08-01,individuals,global_lgbm_site_churn,749978.1541056266,,,0.29,
final,2026-08-01,individuals,global_ridge_site_churn,713806.9790813003,,,0.02,
final,2026-08-01,individuals,global_lgbm_food_bank,775385.4245554345,,,0.05,
final,2026-08-01,individuals,ratio_via_visits_county,726868.577312349,,,0.0,
final,2026-08-01,individuals,ens_county_damped_lgbm_ridge,742197.0908066652,,,0.0,
final,2026-08-01,individuals,ens_site_damped_lgbm,742220.1442247822,,,0.0,
final,2026-08-01,individuals,seasonal_naive,727272.0,,,0.0,
final,2026-08-01,individuals,damped_yoy_3m,725229.9098501315,,,0.01,
