fips,county,year,fi_rate,fi_persons,child_fi_rate,fi_children,fi_rate_black,fi_rate_hispanic,fi_rate_white_nh,snap_threshold,pct_fi_below_snap_threshold,pct_fi_above_snap_threshold,pct_fi_children_below_185fpl,pct_fi_children_above_185fpl,cost_per_meal,weekly_dollars_needed_per_fi,annual_food_budget_shortfall,rucc_2023,source_file,rural,fi_rate_outlier_score,fi_rate_outlier_flag,fi_persons_outlier_score,fi_persons_outlier_flag,child_fi_rate_outlier_score,child_fi_rate_outlier_flag,fi_children_outlier_score,fi_children_outlier_flag,fi_rate_black_outlier_score,fi_rate_black_outlier_flag,fi_rate_hispanic_outlier_score,fi_rate_hispanic_outlier_flag,fi_rate_white_nh_outlier_score,fi_rate_white_nh_outlier_flag,snap_threshold_outlier_score,snap_threshold_outlier_flag,pct_fi_below_snap_threshold_outlier_score,pct_fi_below_snap_threshold_outlier_flag,pct_fi_above_snap_threshold_outlier_score,pct_fi_above_snap_threshold_outlier_flag,pct_fi_children_below_185fpl_outlier_score,pct_fi_children_below_185fpl_outlier_flag,pct_fi_children_above_185fpl_outlier_score,pct_fi_children_above_185fpl_outlier_flag,cost_per_meal_outlier_score,cost_per_meal_outlier_flag,weekly_dollars_needed_per_fi_outlier_score,weekly_dollars_needed_per_fi_outlier_flag,annual_food_budget_shortfall_outlier_score,annual_food_budget_shortfall_outlier_flag
27001,Aitkin,2022,0.13,2060.0,0.199,510.0,,,0.1,2.0,0.754,0.246,0.76,0.24,4.37,27.07,1692000.0,8.0,MMG2025_2019-2023_Data_To_Share_v2.xlsx,True,2.0054593207295777,False,-0.12705252705647363,False,1.7300193989571766,False,-0.3553181947361936,False,,False,,False,1.330463514170828,False,,False,0.4449477285614703,False,-0.470113945664606,False,0.3255734881363228,False,-0.3532310201954802,False,1.2003669163520643,False,1.218802218135845,False,-0.030571039071935563,False
27001,Aitkin,2023,0.137,2190.0,0.204,520.0,,,0.11,2.0,0.706,0.294,0.67,0.33,3.8,23.76,1579000.0,8.0,MMG2025_2019-2023_Data_To_Share_v2.xlsx,True,1.9338957819602114,False,-0.14163078361295925,False,2.0406546820770677,False,-0.3572333287203481,False,,False,,False,2.4677105501745253,False,,False,0.5183975051202514,False,-0.5378956768543735,False,-0.3702384628475697,False,0.38036530102667165,False,0.5497499062604742,False,0.5689308542577897,False,-0.08868539234174386,False
27001,Aitkin,2024,0.15,2420.0,0.22,550.0,,,0.11,2.0,0.74,0.26,0.68,0.32,3.86,24.15,1773000.0,8.0,MMG2026_2024_Data_To_Share.xlsx,True,1.5076665969643166,False,-0.1708109927276221,False,1.5744473818561169,False,-0.4427700474715829,False,,False,,False,1.3306317836565151,False,,False,0.9357511028842995,False,-0.955730223729732,False,-0.07715123464583137,False,0.07206477208054776,False,0.3173565534786179,False,0.305301246298569,False,-0.11913698679011461,False
27003,Anoka,2022,0.072,26300.0,0.126,10820.0,0.23,0.19,0.06,2.0,0.565,0.435,0.6,0.4,4.4,27.25,21743000.0,1.0,MMG2025_2019-2023_Data_To_Share_v2.xlsx,False,-1.9217351501309143,False,2.5009947789242446,False,-0.7210024069354221,False,2.928764420322616,False,-0.7644203555547592,False,-1.1612848792099446,False,-1.355333425966273,False,,False,-1.7540940275217183,False,1.631034292066008,False,-1.0241924091088241,False,0.9970107726067217,False,1.32999745040841,False,1.349030003742165,False,2.4541195463433065,False
27003,Anoka,2023,0.085,31330.0,0.133,11620.0,0.27,0.22,0.068,2.0,0.54,0.46,0.63,0.37,3.83,23.96,22770000.0,1.0,MMG2025_2019-2023_Data_To_Share_v2.xlsx,False,-1.9796935373801519,False,2.470199485449267,False,-0.714490766841164,False,2.7915047963321147,False,-1.0145503251117163,False,-0.9137452416369045,False,-1.5481850882481047,False,,False,-1.423072779125789,False,1.3206908117475182,False,-0.6745,False,0.6745,False,0.6745,False,0.6999573014004239,False,2.3929768912758256,False
27003,Anoka,2024,0.089,32940.0,0.143,12540.0,0.3,0.21,0.07,2.0,0.545,0.455,0.62,0.38,3.94,24.68,24662000.0,1.0,MMG2026_2024_Data_To_Share.xlsx,False,-1.9509608600416495,False,2.6793673418829274,False,-0.7820733322462363,False,2.50544994776974,False,-1.0194543651859176,False,-1.381778079737094,False,-1.3552745086803053,False,,False,-1.2326512781694132,False,1.1039937915328917,False,-0.549928604349227,False,0.49331064921012396,False,0.6745,False,0.6745,False,2.2765277069477468,False
27005,Becker,2022,0.107,3780.0,0.165,1390.0,,0.31,0.08,2.0,0.771,0.229,0.93,0.07,4.17,25.84,2962000.0,6.0,MMG2025_2019-2023_Data_To_Share_v2.xlsx,True,0.4727901574664007,False,0.49919708043292965,False,0.6075722762860986,False,0.7219316920275805,False,,False,1.5494612615006833,False,0.0,False,,False,0.6309858728844896,False,-0.6745,False,1.6313812859141243,False,-1.9937668977995822,False,0.31720129927211205,False,0.3059118165168719,False,0.5143186422507066,False
27005,Becker,2023,0.117,4120.0,0.171,1420.0,,0.32,0.087,2.0,0.682,0.318,0.82,0.18,3.67,22.9,2862000.0,6.0,MMG2025_2019-2023_Data_To_Share_v2.xlsx,True,0.450270788382844,False,0.4786086337628219,False,0.7808897898067012,False,0.6603258285839588,False,,False,1.3176164554972396,False,0.28773909252951435,False,,False,0.24969776362882737,False,-0.25491151680183316,False,0.7092380557490262,False,-0.8074628306868815,False,0.0,False,-0.006813009736066089,False,0.4643713326430477,False
27005,Becker,2024,0.135,4760.0,0.192,1580.0,,0.42,0.09,2.0,0.684,0.316,0.82,0.19,3.79,23.72,3424000.0,6.0,MMG2026_2024_Data_To_Share.xlsx,True,0.6745,False,0.5675466340081032,False,0.7351986193294969,False,0.5516716498663173,False,,False,4.079508892269292,True,0.0,False,,False,0.3389594380609681,False,-0.33327746309511647,False,0.9633995533026121,False,-0.9104409473260092,False,0.0,False,0.0,False,0.47976885584103274,False
27007,Beltrami,2022,0.129,5960.0,0.191,2190.0,,,0.1,2.0,0.826,0.174,0.89,0.11,3.99,24.75,4474000.0,7.0,MMG2025_2019-2023_Data_To_Share_v2.xlsx,True,1.9394728256495082,False,0.9690409627758417,False,1.4688043423162471,False,1.2106757327138475,False,,False,,False,1.330463514170828,False,,False,1.2208675861303793,False,-1.3556699559441974,False,1.3347877646929738,False,-1.585433267025447,False,-0.5073636638031448,False,-0.5387402430115068,False,0.9156420566686935,False
27007,Beltrami,2023,0.138,6390.0,0.2,2320.0,,0.31,0.1,2.0,0.781,0.219,0.88,0.12,3.51,21.94,4252000.0,7.0,MMG2025_2019-2023_Data_To_Share_v2.xlsx,True,2.0073903574888625,False,0.909416946377964,False,1.8898075169965582,False,1.1579033948573871,False,,False,1.1022264744174908,False,1.5255002399377633,False,,False,1.3343567054752072,False,-1.4573064826296365,False,1.1163064009022605,False,-1.3254753051046249,False,-0.698016665179744,False,-0.6745,False,0.8325019465895831,False
27007,Beltrami,2024,0.15,7000.0,0.207,2380.0,,0.29,0.11,2.0,0.758,0.242,0.82,0.18,3.59,22.47,4771000.0,7.0,MMG2026_2024_Data_To_Share.xlsx,True,1.5076665969643166,False,0.9885385993185885,False,1.1872180904188154,False,0.9379685644255156,False,,False,0.8029842524154338,False,1.3306317836565151,False,,False,1.1235038427741322,False,-1.1616928842724403,False,0.9633995533026121,False,-0.9904116485787191,False,-0.932958038349621,False,-0.9186270809517912,False,0.781659043669875,False
27009,Benton,2022,0.1,4140.0,0.152,1610.0,0.32,0.28,0.08,2.0,0.682,0.318,0.73,0.27,4.6,28.51,3580000.0,3.0,MMG2025_2019-2023_Data_To_Share_v2.xlsx,False,0.0,False,0.5930614479702726,False,0.16972124784107967,False,0.8798841613088569,False,0.21137519279789746,False,0.8957971317324541,False,0.0,False,,False,-0.3634996380437795,False,0.36568030711716754,False,0.08209775460170503,False,-0.08726195791340724,False,2.1762223677069015,False,2.2380357782824225,False,0.6987189080646057,False
27009,Benton,2023,0.115,4780.0,0.154,1630.0,0.36,0.3,0.09,2.0,0.63,0.37,0.72,0.28,4.11,25.66,3721000.0,3.0,MMG2025_2019-2023_Data_To_Share_v2.xlsx,False,0.3004498266367511,False,0.6244586549295341,False,0.11799450812080477,False,0.8001080063300705,False,0.12256953922295,False,0.8851859793070364,False,0.574685150266255,False,,False,-0.3458832556070649,False,0.34094281341665345,False,0.0,False,0.0,False,1.8028168257397403,False,1.773071030317179,False,0.7084519381601175,False
27009,Benton,2024,0.126,5250.0,0.179,1880.0,0.45,0.24,0.09,2.0,0.6,0.4,0.64,0.36,4.25,26.63,4241000.0,3.0,MMG2026_2024_Data_To_Share.xlsx,False,0.16929830645461222,False,0.6745,False,0.33882328406408346,False,0.7155876548320477,False,1.447802304146551,False,-0.5460157475845662,False,0.0,False,,False,-0.5945111289282994,False,0.5524168387403704,False,-0.3904180769606842,False,0.3549655373058953,False,2.005845178507903,False,1.9702119418709236,False,0.6745,False
27011,Big Stone,2022,0.108,560.0,0.156,170.0,,,0.08,2.0,0.727,0.273,0.7,0.3,3.93,24.36,414000.0,9.0,MMG2025_2019-2023_Data_To_Share_v2.xlsx,True,0.5400874454016393,False,-1.4699922070120617,False,0.30496870858611974,False,-1.532931357653791,False,,False,,False,0.0,False,,False,0.14573691692483406,False,-0.15116370020615644,False,-0.16563724502031116,False,0.17249713903656166,False,-0.7888423464618924,False,-0.8496679854424123,False,-1.4004980367601105,False
27011,Big Stone,2023,0.119,610.0,0.179,200.0,,,0.093,2.0,0.68,0.32,0.71,0.29,3.5,21.89,405000.0,9.0,MMG2025_2019-2023_Data_To_Share_v2.xlsx,True,0.5998237339541117,False,-1.3954039567955623,False,1.0895175779455863,False,-1.3231512332732156,False,,False,,False,0.860842532548534,False,,False,0.22713332767852626,False,-0.23156257928859567,False,-0.07317906281108744,False,0.07724801467325831,False,-0.7424613566221331,False,-0.710036779398362,False,-1.3540037921679253,False
27011,Big Stone,2024,0.134,690.0,0.192,220.0,,,0.1,2.0,0.617,0.383,0.69,0.31,3.6,22.56,472000.0,9.0,MMG2026_2024_Data_To_Share.xlsx,True,0.6185646848777977,False,-1.539702535342097,False,0.7351986193294969,False,-1.304655195606487,False,,False,,False,0.6683400966296782,False,,False,-0.4017001972175687,False,0.37753813817968795,False,0.0,False,0.0,False,-0.8853529049114204,False,-0.8508696724019529,False,-1.3234783503191037,False
27013,Blue Earth,2022,0.106,7350.0,0.147,1990.0,0.31,0.26,0.11,2.0,0.803,0.197,0.74,0.26,4.36,27.01,6022000.0,3.0,MMG2025_2019-2023_Data_To_Share_v2.xlsx,False,0.4054320495609026,False,1.1853582541775904,False,0.0,False,1.1077053023521648,False,0.1062946226244724,False,0.4514534656779878,False,1.986651043527015,False,,False,0.976380730726842,False,-1.0670139376635817,False,0.16372232067043016,False,-0.1752137408324462,False,1.1569957562058815,False,1.1752073137661694,False,1.2047851808216232,False
27013,Blue Earth,2023,0.117,8100.0,0.155,2150.0,0.37,0.28,0.11,2.0,0.759,0.241,0.72,0.28,3.84,23.99,5894000.0,3.0,MMG2025_2019-2023_Data_To_Share_v2.xlsx,False,0.450270788382844,False,1.1421982653331577,False,0.15725785511818152,False,1.0807621398114722,False,0.24424112504169707,False,0.44605088809774174,False,2.4677105501745253,False,,False,1.0986254582167567,False,-1.1818766441133748,False,0.0,False,0.0,False,0.7159112355963583,False,0.7195206665594138,False,1.1361666562000243,False
27013,Blue Earth,2024,0.132,9190.0,0.168,2310.0,0.37,0.29,0.12,2.0,0.73,0.27,0.7,0.3,3.95,24.73,6894000.0,3.0,MMG2026_2024_Data_To_Share.xlsx,False,0.506545925167866,False,1.2856950465594374,False,0.0,False,0.9098165924099183,False,0.16552507760543633,False,0.8029842524154338,False,1.9869835549341461,False,,False,0.8306029912296243,False,-0.8425742356680302,False,0.07669606247156295,False,-0.07261699794008987,False,0.7187357080606075,False,0.7089358862183532,False,1.1166270115275738,False
27015,Brown,2022,0.089,2310.0,0.125,700.0,,0.21,0.07,2.0,0.715,0.285,0.92,0.08,4.07,25.22,1767000.0,6.0,MMG2025_2019-2023_Data_To_Share_v2.xlsx,True,-0.749069032057747,False,-0.008893268912558478,False,-0.755670426416092,False,-0.015237288822350106,False,,False,-0.6910199989697903,False,-0.6745,False,,False,0.01124971082523017,False,-0.011573605021182367,False,1.5578132087418453,False,-1.8902699412374624,False,-0.13727839630487101,False,-0.1702302241184715,False,0.011634103371484128,False
27015,Brown,2023,0.098,2540.0,0.129,730.0,,0.26,0.078,2.0,0.656,0.344,0.82,0.18,3.68,22.97,1770000.0,6.0,MMG2025_2019-2023_Data_To_Share_v2.xlsx,True,-0.9839868831484506,False,0.0038714514606199004,False,-0.8748075785961192,False,-0.013779362200527188,False,,False,0.0,False,-0.5778749084135717,False,,False,-0.04575492250384473,False,0.04589756405347809,False,0.7092380557490262,False,-0.8074628306868815,False,0.042828519588769105,False,0.04081831594410205,False,0.01750134995150337,False
27015,Brown,2024,0.11,2830.0,0.141,790.0,,0.25,0.08,2.0,0.633,0.367,0.72,0.28,3.76,23.54,2021000.0,6.0,MMG2026_2024_Data_To_Share.xlsx,True,-0.7388905167806744,False,0.0,False,-0.8453763594883854,False,-0.10166296471546481,False,,False,-0.27191583064842983,False,-0.6745,False,,False,-0.22207391532042692,False,0.21097151165117423,False,0.22874393472874785,False,-0.2195419853602393,False,-0.13743218095639215,False,-0.1293804797881431,False,0.0,False
27017,Carlton,2022,0.115,4200.0,0.162,1300.0,0.18,,0.09,2.0,0.617,0.383,0.71,0.29,4.0,24.79,3158000.0,2.0,MMG2025_2019-2023_Data_To_Share_v2.xlsx,False,1.009474682172469,False,0.6079078915375159,False,0.5069649493173884,False,0.6499761125829365,False,-1.337864815259129,False,,False,0.6682833217153356,False,,False,-1.1236440039659976,False,1.0818951927815763,False,-0.08257646141493963,False,0.0865828696475769,False,-0.4607798230555425,False,-0.5071168851656508,False,0.5766691367504863,False
27017,Carlton,2023,0.12,4380.0,0.163,1310.0,0.3,,0.089,2.0,0.591,0.409,0.65,0.35,3.56,22.25,2956000.0,2.0,MMG2025_2019-2023_Data_To_Share_v2.xlsx,False,0.6745,False,0.53867622088906,False,0.47014628480620924,False,0.5786154757354636,False,-0.6267950348731075,False,,False,0.4791243094946488,False,,False,-0.8051735316584568,False,0.7731743084976451,False,-0.5214472041867975,False,0.528522078140969,False,-0.47726111831287793,False,-0.4558859855812709,False,0.4944232776399436,False
27017,Carlton,2024,0.13,4730.0,0.181,1420.0,0.54,,0.1,2.0,0.621,0.379,0.65,0.35,3.69,23.07,3310000.0,2.0,MMG2026_2024_Data_To_Share.xlsx,False,0.3943290773623748,False,0.5606452358894506,False,0.40008773825021526,False,0.4510114959821666,False,2.8083915649733884,False,,False,0.6683400966296782,False,,False,-0.3566275445961991,False,0.33607783997837887,False,-0.31139081303360766,False,0.28502815817624993,False,-0.46150551840443704,False,-0.4717337633418906,False,0.44895501060723875,False
27019,Carver,2022,0.06,6470.0,0.066,1830.0,,0.17,0.04,2.0,0.381,0.619,0.41,0.59,5.19,32.19,6318000.0,1.0,MMG2025_2019-2023_Data_To_Share_v2.xlsx,False,-2.760750479211152,False,1.05376504148336,False,-2.8576047379730287,False,1.017585894638651,False,,False,-1.639520729107363,False,-2.7364842732944172,False,,False,-4.166551072667882,True,3.42595726349116,False,-2.814444038655494,False,2.412905301524021,False,4.507004941467456,True,4.632299714134109,True,1.2514776288078142,False
27019,Carver,2023,0.073,7930.0,0.075,2090.0,,0.2,0.055,2.0,0.36,0.64,0.39,0.61,4.69,29.33,7055000.0,1.0,MMG2025_2019-2023_Data_To_Share_v2.xlsx,False,-2.909453715029497,False,1.1213759031604442,False,-3.0964815028325443,False,1.0520715289380782,False,,False,-1.3819153389930598,False,-2.8232607268182774,False,,False,-3.780429463041009,True,3.11093154314636,False,-2.6734448278014793,False,2.2768406785580955,False,3.9554339131795726,True,3.8735898482367057,True,1.3033698377775014,False
27019,Carver,2024,0.078,8570.0,0.104,2900.0,0.46,0.19,0.05,2.0,0.346,0.654,0.23,0.77,4.5,28.17,7324000.0,1.0,MMG2026_2024_Data_To_Share.xlsx,False,-2.595216250463432,False,1.2094435428998491,False,-2.036934333126881,False,1.1243276132209905,False,1.603088633893855,False,-1.9505455157373401,False,-2.7361217377913203,False,,False,-3.7481382167042487,True,2.938935661057843,False,-4.130269162324597,True,2.8519670386171367,False,3.0234495949504825,False,2.930424898949653,False,1.1716868763545871,False
27021,Cass,2022,0.115,3490.0,0.19,1190.0,,0.23,0.09,2.0,0.811,0.189,0.94,0.06,4.37,27.09,2868000.0,9.0,MMG2025_2019-2023_Data_To_Share_v2.xlsx,True,1.009474682172469,False,0.4168385879326002,False,1.4360291590715193,False,0.554945815286814,False,,False,-0.2284647272636052,False,0.6682833217153356,False,,False,1.061771589240765,False,-1.166782080205722,False,1.7045691646083778,False,-2.0982356709845638,False,1.2003669163520643,False,1.2333131476679047,False,0.48293642419978117,False
27021,Cass,2023,0.126,3860.0,0.201,1250.0,,0.28,0.092,2.0,0.759,0.241,0.89,0.11,4.04,25.27,2958000.0,9.0,MMG2025_2019-2023_Data_To_Share_v2.xlsx,True,1.1211621895818729,False,0.4146251630609909,False,1.9275663957099638,False,0.5311058306329016,False,,False,0.44605088809774174,False,0.7655441014450292,False,,False,1.0986254582167567,False,-1.1818766441133748,False,1.1828857279450615,False,-1.4145011914384047,False,1.5266424434049062,False,1.5330615925801252,False,0.4950522467969269,False
27021,Cass,2024,0.132,4090.0,0.199,1230.0,,0.24,0.09,2.0,0.774,0.226,0.91,0.09,4.18,26.18,3247000.0,9.0,MMG2026_2024_Data_To_Share.xlsx,True,0.506545925167866,False,0.40195556564946555,False,0.946844673795006,False,0.3155981843596088,False,,False,-0.5460157475845662,False,0.0,False,,False,1.2887882972186782,False,-1.347292346037078,False,1.590864525536048,False,-1.742244053846593,False,1.712222646667228,False,1.6795078151221468,False,0.4314677657581271,False
27023,Chippewa,2022,0.113,1410.0,0.162,470.0,,0.27,0.09,2.0,0.778,0.222,0.86,0.14,4.1,25.44,1088000.0,7.0,MMG2025_2019-2023_Data_To_Share_v2.xlsx,True,0.8756654158459577,False,-0.5180914956301118,False,0.5069649493173884,False,-0.4430029319023269,False,,False,0.6745,False,0.6682833217153356,False,,False,0.7070712917197213,False,-0.759481936099069,False,1.1081937624778218,False,-1.2887265475776486,False,0.0,False,0.0,False,-0.46026198235099786,False
27023,Chippewa,2023,0.13,1610.0,0.185,540.0,,0.3,0.094,2.0,0.687,0.313,0.78,0.22,3.61,22.58,1103000.0,7.0,MMG2025_2019-2023_Data_To_Share_v2.xlsx,True,1.4176166643494035,False,-0.4435368228321866,False,1.319617215556916,False,-0.3190312430863374,False,,False,0.8851859793070364,False,0.9560538137257533,False,,False,0.3059916790444298,False,-0.3134392244320739,False,0.4303338286380132,False,-0.47655486247950485,False,-0.2589129863483221,False,-0.22634791977781574,False,-0.4223053829643887,False
27023,Chippewa,2024,0.146,1810.0,0.225,680.0,,0.28,0.1,2.0,0.685,0.315,0.77,0.23,3.72,23.27,1278000.0,7.0,MMG2026_2024_Data_To_Share.xlsx,True,1.2865562307651999,False,-0.487761457281498,False,1.7222840677625373,False,-0.24292706616542814,False,,False,0.5374167161189786,False,0.6683400966296782,False,,False,0.34978944542477075,False,-0.3441586175124278,False,0.6012606801883922,False,-0.5971406164436135,False,-0.32202863662416387,False,-0.3252415453973702,False,-0.4170505226152636,False
27025,Chisago,2022,0.079,4480.0,0.108,1390.0,,,0.06,2.0,0.512,0.488,0.5,0.5,5.08,31.48,4278000.0,1.0,MMG2025_2019-2023_Data_To_Share_v2.xlsx,False,-1.4366360975558004,False,0.6745,False,-1.3497889420086997,False,0.7219316920275805,False,,False,,False,-1.355333425966273,False,,False,-2.4186019457950354,False,2.170626124325855,False,-1.9381755226542232,False,1.7646146012764343,False,4.089789481165964,True,4.191744269116301,True,0.8720499226225721,False
27025,Chisago,2023,0.088,5030.0,0.116,1510.0,,0.24,0.068,2.0,0.469,0.531,0.46,0.54,4.91,30.68,4680000.0,1.0,MMG2025_2019-2023_Data_To_Share_v2.xlsx,False,-1.7488602357871104,False,0.6745,False,-1.3997879734644634,False,0.7226053470205729,False,,False,-0.45318800443030594,False,-1.5481850882481047,False,,False,-2.3182497982554895,False,2.051889433212117,False,-2.056821051131836,False,1.8355982680809517,False,4.714992501044376,True,4.582838324249639,True,0.9216903699166974,False
27025,Chisago,2024,0.09,5230.0,0.138,1790.0,0.31,0.21,0.07,2.0,0.479,0.521,0.41,0.59,5.08,31.78,5041000.0,1.0,MMG2026_2024_Data_To_Share.xlsx,False,-1.892715228694654,False,0.6703336238430982,False,-0.9405392560084405,False,0.6693321542461352,False,-0.8463188663420917,False,-1.381778079737094,False,-1.3552745086803053,False,,False,-2.0291055968645386,False,1.7390000789065012,False,-2.3547947350433285,False,1.835657788111292,False,5.216517704465035,True,4.996028221725256,True,0.8317533747274884,False
27027,Clay,2022,0.108,7050.0,0.154,2480.0,0.37,0.2,0.09,2.0,0.647,0.353,0.62,0.38,4.23,26.21,5605000.0,3.0,MMG2025_2019-2023_Data_To_Share_v2.xlsx,False,0.5400874454016393,False,1.1423556108312003,False,0.23740357766266895,False,1.3443934642143973,False,0.7251157149766931,False,-0.925172709249665,False,0.6682833217153356,False,,False,-0.7690820220617892,False,0.755613069987902,False,-0.8482668795764855,False,0.836923944505301,False,0.5856883628637937,False,0.584848175677041,False,1.1349552731651842,False
27027,Clay,2023,0.116,7630.0,0.158,2570.0,0.41,0.24,0.1,2.0,0.611,0.389,0.6,0.41,3.71,23.18,5366000.0,3.0,MMG2025_2019-2023_Data_To_Share_v2.xlsx,False,0.37539386955769094,False,1.0835175121722616,False,0.27484425380299377,False,1.2616472307598972,False,0.7222049651268924,False,-0.45318800443030594,False,1.5255002399377633,False,,False,-0.5682509480007971,False,0.553033013236475,False,-0.9076368659126614,False,0.9601692053293134,False,0.17076713555390977,False,0.18288214101343483,False,1.0488906478002293,False
27027,Clay,2024,0.128,8480.0,0.165,2690.0,0.39,0.23,0.11,2.0,0.573,0.427,0.54,0.47,3.83,23.98,6167000.0,3.0,MMG2026_2024_Data_To_Share.xlsx,False,0.28191343964289645,False,1.197918479368291,False,-0.09296023807857108,False,1.0534363073533997,False,0.49298112867036287,False,-0.8223351212019561,False,1.3306317836565151,False,,False,-0.9049913397939767,False,0.8258473420710855,False,-1.2082943396031895,False,1.0920237325718058,False,0.18190998956905421,False,0.1852292839656993,False,1.0152172343837575,False
27029,Clearwater,2022,0.131,1120.0,0.179,380.0,,,0.1,2.0,0.745,0.255,0.75,0.25,3.99,24.75,841000.0,8.0,MMG2025_2019-2023_Data_To_Share_v2.xlsx,True,2.0713874465007662,False,-0.7555447281590028,False,1.0736733366980273,False,-0.6711218341355545,False,,False,,False,1.330463514170828,False,,False,0.34572564179875337,False,-0.36303566135136406,False,0.244879121615236,False,-0.26386634215742166,False,-0.5073636638031448,False,-0.5387402430115068,False,-0.7108392507148629,False
27029,Clearwater,2023,0.135,1160.0,0.183,390.0,,,0.1,2.0,0.707,0.293,0.72,0.28,3.51,21.94,772000.0,8.0,MMG2025_2019-2023_Data_To_Share_v2.xlsx,True,1.7867125145774418,False,-0.7651480012935992,False,1.2430470431703382,False,-0.6483361573227513,False,,False,,False,1.5255002399377633,False,,False,0.5295111334365337,False,-0.549800293867591,False,0.0,False,0.0,False,-0.698016665179744,False,-0.6745,False,-0.7541086217386529,False
27029,Clearwater,2024,0.151,1300.0,0.208,450.0,,,0.11,2.0,0.725,0.275,0.75,0.25,3.59,22.47,886000.0,8.0,MMG2026_2024_Data_To_Share.xlsx,True,1.5628240197306404,False,-0.8488691062337457,False,1.217152683696268,False,-0.6317070304459225,False,,False,,False,1.3306317836565151,False,,False,0.7778007926644631,False,-0.786329927757202,False,0.4535324440838711,False,-0.44429098246599913,False,-0.932958038349621,False,-0.9186270809517912,False,-0.750415848909117,False
27031,Cook,2022,0.1,560.0,0.161,130.0,,,0.06,2.0,0.581,0.419,0.7,0.3,4.04,25.01,425000.0,9.0,MMG2025_2019-2023_Data_To_Share_v2.xlsx,True,0.0,False,-1.4699922070120617,False,0.4733714445659089,False,-1.8195783059199255,False,,False,,False,-1.355333425966273,False,,False,-1.557905394733471,False,1.4642169199741941,False,-0.16563724502031116,False,0.17249713903656166,False,-0.27537150596154847,False,-0.3340604112620975,False,-1.3749803429178602,False
27031,Cook,2023,0.116,650.0,0.198,170.0,,,0.079,2.0,0.561,0.439,0.74,0.26,3.67,22.95,452000.0,9.0,MMG2025_2019-2023_Data_To_Share_v2.xlsx,True,0.37539386955769094,False,-1.3331454595279713,False,1.814195270483039,False,-1.4870790754774894,False,,False,,False,-0.48133940895086774,False,,False,-1.1662010485770686,False,1.0975954654382774,False,0.14509032940652036,False,-0.15632322742215868,False,0.0,False,0.02722357430618789,False,-1.2519021324483006,False
27031,Cook,2024,0.12,680.0,0.222,180.0,,,0.08,2.0,0.568,0.432,0.7,0.3,3.8,23.79,491000.0,9.0,MMG2026_2024_Data_To_Share.xlsx,True,-0.16975117807678747,False,-1.5556182333187303,False,1.6336546339420208,False,-1.4930244270489827,False,,False,,False,-0.6745,False,,False,-0.9630720856643125,False,0.8759144023722465,False,0.07669606247156295,False,-0.07261699794008987,False,0.04561951639137693,False,0.050060378604415916,False,-1.2875650293184124,False
27033,Cottonwood,2022,0.114,1310.0,0.159,450.0,,0.24,0.09,2.0,0.726,0.274,0.81,0.19,3.67,22.77,905000.0,9.0,MMG2025_2019-2023_Data_To_Share_v2.xlsx,True,0.9426000780227443,False,-0.5939564593165382,False,0.4060975427996585,False,-0.4896798680762803,False,,False,0.0,False,0.6682833217153356,False,,False,0.13456539696985015,False,-0.13948103882497387,False,0.7222891491080521,False,-0.8111492564680071,False,-2.049534269128966,False,-2.1688185564237243,False,-0.6394690851567183,False
27033,Cottonwood,2023,0.132,1510.0,0.179,520.0,,0.27,0.097,2.0,0.685,0.315,0.83,0.17,3.23,20.16,924000.0,9.0,MMG2025_2019-2023_Data_To_Share_v2.xlsx,True,1.5654506096451808,False,-0.5064538497452081,False,1.0895175779455863,False,-0.3572333287203481,False,,False,0.22390350605169151,False,1.2411663480277515,False,,False,0.2834941601796883,False,-0.29000144009040585,False,0.7780063029532448,False,-0.8919426579582274,False,-1.9813508162905022,False,-1.9899525010464263,False,-0.5869745940628304,False
27033,Cottonwood,2024,0.142,1630.0,0.195,560.0,,0.3,0.09,2.0,0.653,0.347,0.75,0.25,3.28,20.55,1016000.0,9.0,MMG2026_2024_Data_To_Share.xlsx,True,1.0646727498250064,False,-0.602057217260993,False,0.8260558585796004,False,-0.4258015463489236,False,,False,1.0665010536858475,False,0.0,False,,False,0.0,False,0.0,False,0.4535324440838711,False,-0.44429098246599913,False,-2.462580025596887,False,-2.429569711501765,False,-0.6258259506671761,False
27035,Crow Wing,2022,0.108,7200.0,0.166,2310.0,,0.26,0.09,2.0,0.747,0.253,0.85,0.15,4.37,27.07,5913000.0,4.0,MMG2025_2019-2023_Data_To_Share_v2.xlsx,True,0.5400874454016393,False,1.164080889700459,False,0.6410504879998078,False,1.2680363445082765,False,,False,0.4514534656779878,False,0.6682833217153356,False,,False,0.3678191478377304,False,-0.3867643242830929,False,1.031849518248029,False,-1.1915569989285542,False,1.2003669163520643,False,1.218802218135845,False,1.1870104544308395,False
27035,Crow Wing,2023,0.116,7790.0,0.169,2360.0,,0.29,0.099,2.0,0.672,0.328,0.83,0.17,3.8,23.76,5615000.0,4.0,MMG2025_2019-2023_Data_To_Share_v2.xlsx,True,0.37539386955769094,False,1.1038901548123863,False,0.7034033926915845,False,1.1752322309278045,False,,False,0.666469479224591,False,1.430808529261716,False,,False,0.13660615732867953,False,-0.13851926696615735,False,0.7780063029532448,False,-0.8919426579582274,False,0.5497499062604742,False,0.5689308542577897,False,1.0910712360666317,False
27035,Crow Wing,2024,0.129,8750.0,0.192,2660.0,,0.26,0.11,2.0,0.665,0.335,0.78,0.22,3.86,24.15,6411000.0,4.0,MMG2026_2024_Data_To_Share.xlsx,True,0.3381461512511778,False,1.2321349910634627,False,0.7351986193294969,False,1.0428597029752424,False,,False,0.0,False,1.3306317836565151,False,,False,0.13195823804460555,False,-0.12809175361763359,False,0.6745,False,-0.6745,False,0.3173565534786179,False,0.305301246298569,False,1.0505278627998502,False
27037,Dakota,2022,0.071,31260.0,0.114,12040.0,0.22,0.23,0.06,2.0,0.532,0.468,0.56,0.44,4.6,28.5,27023000.0,1.0,MMG2025_2019-2023_Data_To_Share_v2.xlsx,False,-1.9912934765277912,False,2.6792975201610494,False,-1.1390655494227722,False,3.0436838598054736,False,-0.8772212136950434,False,-0.2284647272636052,False,-1.355333425966273,False,,False,-2.1651471992513875,False,1.9692987152042907,False,-1.3827387247317084,False,1.3104355156355616,False,2.1762223677069015,False,2.2311307301899777,False,2.6656677582704043,False
27037,Dakota,2023,0.085,37370.0,0.118,12640.0,0.28,0.24,0.064,2.0,0.489,0.511,0.56,0.44,4.01,25.08,28430000.0,1.0,MMG2025_2019-2023_Data_To_Share_v2.xlsx,False,-1.9796935373801519,False,2.643277833916943,False,-1.3186249593468937,False,2.8768265707814535,False,-0.8842900716122226,False,-0.45318800443030594,False,-1.9388554479944102,False,,False,-2.0617833318402132,False,1.8494062876864594,False,-1.225379754165125,False,1.1691520776824664,False,1.4071058180644325,False,1.4148400644281163,False,2.599422576904296,False
27037,Dakota,2024,0.094,41960.0,0.14,15010.0,0.32,0.25,0.07,2.0,0.474,0.526,0.5,0.5,4.13,25.83,32882000.0,1.0,MMG2026_2024_Data_To_Share.xlsx,False,-1.6602658446185092,False,2.9436069496722466,False,-0.8770694955097613,False,2.6750585654308177,False,-0.6745,False,-0.27191583064842983,False,-1.3552745086803053,False,,False,-2.090884006286723,False,1.7859779942160707,False,-1.5504178971671831,False,1.2834741199619448,False,1.5000526983213418,False,1.4500574922192286,False,2.538300780986713,False
27039,Dodge,2022,0.07,1450.0,0.102,540.0,,0.22,0.05,2.0,0.582,0.418,0.65,0.35,4.67,28.97,1274000.0,3.0,MMG2025_2019-2023_Data_To_Share_v2.xlsx,False,-2.060916780352514,False,-0.4892410503990456,False,-1.5616565396187236,False,-0.293947870450184,False,,False,-0.458794493339184,False,-2.042620345517756,False,,False,-1.5457096126875096,False,1.4537284680033562,False,-0.5884096254090763,False,0.5923900878372668,False,2.4652772734639474,False,2.553164399018725,False,-0.30668729271421813,False
27039,Dodge,2023,0.08,1690.0,0.111,590.0,,0.23,0.059,2.0,0.51,0.49,0.53,0.47,4.04,25.24,1294000.0,3.0,MMG2025_2019-2023_Data_To_Share_v2.xlsx,False,-2.3658377540599194,False,-0.39595397676031796,False,-1.6033335838836031,False,-0.22938409233904913,False,,False,-0.682530520775409,False,-2.42926393226172,False,,False,-1.7961747693699126,False,1.6338939074829408,False,-1.4690801048589275,False,1.3738257162847103,False,1.5266424434049062,False,1.5144519929131202,False,-0.2737913547459303,False
27039,Dodge,2024,0.093,1960.0,0.137,730.0,,0.24,0.06,2.0,0.526,0.474,0.51,0.49,4.2,26.28,1562000.0,3.0,MMG2026_2024_Data_To_Share.xlsx,False,-1.7182984146413884,False,-0.4008812653570244,False,-0.9723159783333735,False,-0.17608444202449838,False,,False,-0.5460157475845662,False,-2.042441359763061,False,,False,-1.4583915668210838,False,1.2897041471750452,False,-1.464039208059523,False,1.2200861119790973,False,1.7965177420471559,False,1.744522517361389,False,-0.23443972837897536,False
27041,Douglas,2022,0.091,3570.0,0.128,1070.0,,0.26,0.07,2.0,0.662,0.338,0.79,0.21,4.18,25.93,2808000.0,6.0,MMG2025_2019-2023_Data_To_Share_v2.xlsx,True,-0.6123135050207593,False,0.440222368667533,False,-0.6517586383484361,False,0.44070226352787484,False,,False,0.4514534656779878,False,-0.6745,False,,False,-0.5942156505477503,False,0.5897488269847563,False,0.5649339412367194,False,-0.6257142539155012,False,0.36216483148890094,False,0.37411351599585396,False,0.46236275582594455,False
27041,Douglas,2023,0.1,3930.0,0.129,1090.0,,0.23,0.08,2.0,0.593,0.407,0.68,0.32,3.67,22.91,2731000.0,6.0,MMG2025_2019-2023_Data_To_Share_v2.xlsx,True,-0.8318483984316447,False,0.4322657601346522,False,-0.8748075785961192,False,0.3923215211968698,False,,False,-0.682530520775409,False,-0.3848933356236695,False,,False,-0.7813476413652946,False,0.7513012631442568,False,-0.2953118300672639,False,0.30544932437408207,False,0.0,False,0.0,False,0.4208014328143629,False
27041,Douglas,2024,0.11,4340.0,0.141,1200.0,,0.25,0.09,2.0,0.566,0.434,0.61,0.39,3.85,24.1,3173000.0,6.0,MMG2026_2024_Data_To_Share.xlsx,True,-0.7388905167806744,False,0.46671586181692015,False,-0.8453763594883854,False,0.2923217595430109,False,,False,-0.27191583064842983,False,0.0,False,,False,-0.9863562584085017,False,0.8958922952825531,False,-0.6304238762821357,False,0.561733125953043,False,0.2723008214190662,False,0.2700704216905298,False,0.41048858214413664,False
27043,Faribault,2022,0.107,1490.0,0.163,500.0,,0.29,0.08,2.0,0.752,0.248,0.88,0.12,4.06,25.16,1137000.0,8.0,MMG2025_2019-2023_Data_To_Share_v2.xlsx,True,0.4727901574664007,False,-0.4611752156634707,False,0.5405295564268064,False,-0.3765784638998149,False,,False,1.115372089346714,False,0.0,False,,False,0.4229424453267678,False,-0.4462520824830498,False,1.2596585539681064,False,-1.4856492564680075,False,-0.18321843231691318,False,-0.2169045726005995,False,-0.4173950164157304,False
27043,Faribault,2023,0.118,1650.0,0.172,520.0,,0.29,0.093,2.0,0.754,0.246,0.92,0.08,3.59,22.46,1124000.0,8.0,MMG2025_2019-2023_Data_To_Share_v2.xlsx,True,0.5250807032448448,False,-0.4194571653782961,False,0.8195833741232331,False,-0.3572333287203481,False,,False,0.666469479224591,False,0.860842532548534,False,,False,1.044639067709027,False,-1.1199601097893046,False,1.3805303436002716,False,-1.686472171129028,False,-0.3459667116295161,False,-0.3094424854204135,False,-0.4047668862905562,False
27043,Faribault,2024,0.129,1800.0,0.191,590.0,,0.27,0.1,2.0,0.753,0.247,0.83,0.18,3.67,23.0,1256000.0,8.0,MMG2026_2024_Data_To_Share.xlsx,True,0.3381461512511778,False,-0.493806863352878,False,0.7048620507702184,False,-0.3766538076565097,False,,False,0.2697662759130265,False,0.6683400966296782,False,,False,1.0715438336563976,False,-1.104183132559538,False,1.0346323062246199,False,-0.9904116485787191,False,-0.5549866443548114,False,-0.5232937684413633,False,-0.43285206326575304,False
27045,Fillmore,2022,0.09,1920.0,0.13,680.0,,,0.07,2.0,0.716,0.284,0.79,0.21,4.58,28.4,1654000.0,3.0,MMG2025_2019-2023_Data_To_Share_v2.xlsx,False,-0.6806599025882852,False,-0.19965304139252021,False,-0.5826375337204142,False,-0.04637505184656736,False,,False,,False,-0.6745,False,,False,0.02249286396379905,False,-0.023156220245704708,False,0.5649339412367194,False,-0.6257142539155012,False,2.092971399896165,False,2.161951226702186,False,-0.05267463437111112,False
27045,Fillmore,2023,0.099,2110.0,0.142,740.0,,,0.08,2.0,0.642,0.358,0.7,0.3,4.27,26.66,1707000.0,3.0,MMG2025_2019-2023_Data_To_Share_v2.xlsx,False,-0.9078830323947538,False,-0.17815005889348928,False,-0.3558376593689851,False,0.0,False,,False,,False,-0.3848933356236695,False,,False,-0.2067720731331388,False,0.20547019763725585,False,-0.14678733079017459,False,0.15389951362930265,False,2.420124302067904,False,2.372788989819693,False,-0.016201291970272466,False
27045,Fillmore,2024,0.1,2140.0,0.146,760.0,,,0.08,2.0,0.653,0.347,0.67,0.33,4.34,27.14,1762000.0,3.0,MMG2026_2024_Data_To_Share.xlsx,False,-1.3131805077253245,False,-0.3050012835360015,False,-0.687326176249265,False,-0.13814005585898284,False,,False,,False,-0.6745,False,,False,0.0,False,0.0,False,-0.15476307640570283,False,0.1435856539058311,False,2.377659515743513,False,2.2940071108930282,False,-0.12480038652565724,False
27047,Freeborn,2022,0.1,3080.0,0.152,1020.0,,0.27,0.08,2.0,0.82,0.18,0.95,0.05,4.06,25.16,2350000.0,7.0,MMG2025_2019-2023_Data_To_Share_v2.xlsx,True,0.0,False,0.28789951104697203,False,0.16972124784107967,False,0.389271120666059,False,,False,0.6745,False,0.0,False,,False,1.1573865787550268,False,-1.2798267916789503,False,1.7773807543464921,False,-2.2036946842663028,False,-0.18321843231691318,False,-0.2169045726005995,False,0.2890956505614508,False
27047,Freeborn,2023,0.11,3370.0,0.142,960.0,,0.31,0.082,2.0,0.756,0.244,0.81,0.19,3.59,22.46,2296000.0,7.0,MMG2025_2019-2023_Data_To_Share_v2.xlsx,True,-0.07528147674816593,False,0.28137858782923625,False,-0.3558376593689851,False,0.2636512314271218,False,,False,1.1022264744174908,False,-0.192268805725513,False,,False,1.0662520685426902,False,-1.1446968562168158,False,0.6400909182187641,False,-0.72369592184794,False,-0.3459667116295161,False,-0.3094424854204135,False,0.25945902941193666,False
27047,Freeborn,2024,0.128,3910.0,0.166,1110.0,,0.31,0.09,2.0,0.715,0.285,0.73,0.27,3.67,23.0,2728000.0,7.0,MMG2026_2024_Data_To_Share.xlsx,True,0.28191343964289645,False,0.3528286685489328,False,-0.06194692058899579,False,0.21883471990203085,False,,False,1.3279985492844626,False,0.0,False,,False,0.671735686520237,False,-0.6745,False,0.3041061450984691,False,-0.29386763586257897,False,-0.5549866443548114,False,-0.5232937684413633,False,0.27297920093731787,False
27049,Goodhue,2022,0.09,4300.0,0.127,1330.0,0.49,0.2,0.07,2.0,0.607,0.393,0.68,0.32,4.24,26.27,3427000.0,6.0,MMG2025_2019-2023_Data_To_Share_v2.xlsx,True,-0.6806599025882852,False,0.6321870039308503,False,-0.6863651624428001,False,0.6745,False,1.885351720926842,False,-0.925172709249665,False,-0.6745,False,,False,-1.2432946895576835,False,1.1890849107909756,False,-0.33323473961229666,False,0.3423606308600301,False,0.630136553421898,False,0.6297234013130292,False,0.6562163497265948,False
27049,Goodhue,2023,0.101,4810.0,0.136,1440.0,0.53,0.23,0.08,2.0,0.574,0.426,0.65,0.35,3.79,23.7,3458000.0,6.0,MMG2025_2019-2023_Data_To_Share_v2.xlsx,True,-0.7558828554675634,False,0.6306000353688109,False,-0.5946241532976331,False,0.6745,False,2.0787216419618835,False,-0.682530520775409,False,-0.3848933356236695,False,,False,-1.00891129194767,False,0.9578513458648574,False,-0.5214472041867975,False,0.528522078140969,False,0.5079932169373921,False,0.5294164809644736,False,0.6402860842326007,False
27049,Goodhue,2024,0.109,5200.0,0.145,1520.0,,0.22,0.08,2.0,0.554,0.446,0.56,0.44,3.89,24.32,3836000.0,6.0,MMG2026_2024_Data_To_Share.xlsx,True,-0.7960862042014806,False,0.6640540961011436,False,-0.7188809746885569,False,0.5151710344228623,False,,False,-1.1009101881268823,False,-0.6745,False,,False,-1.1266888493754432,False,1.0151776351501218,False,-1.0405507879484421,False,0.8966256376219776,False,0.45196959479463267,False,0.4245643166752117,False,0.5831639976817227,False
27051,Grant,2022,0.104,630.0,0.171,240.0,,,0.09,2.0,0.84,0.16,0.79,0.21,4.18,25.93,496000.0,9.0,MMG2025_2019-2023_Data_To_Share_v2.xlsx,True,0.2705329334137491,False,-1.3486377736226276,False,0.8080120322628481,False,-1.1638109098461749,False,,False,,False,0.6682833217153356,False,,False,1.3681824328123255,False,-1.5341555233569373,False,0.5649339412367194,False,-0.6257142539155012,False,0.36216483148890094,False,0.37411351599585396,False,-1.22464982152289,False
27051,Grant,2023,0.116,710.0,0.184,260.0,,,0.094,2.0,0.783,0.217,0.78,0.21,3.67,22.91,493000.0,9.0,MMG2025_2019-2023_Data_To_Share_v2.xlsx,True,0.37539386955769094,False,-1.2465873388541344,False,1.2813482970539762,False,-1.058240721623281,False,,False,,False,0.9560538137257533,False,,False,1.3556422365299934,False,-1.482591580822686,False,0.4303338286380132,False,-0.5582534289343021,False,0.0,False,0.0,False,-1.171159174571026,False
27051,Grant,2024,0.128,780.0,0.203,290.0,,,0.1,2.0,0.739,0.261,0.72,0.28,3.85,24.1,570000.0,9.0,MMG2026_2024_Data_To_Share.xlsx,True,0.28191343964289645,False,-1.4060279466723844,False,1.0672311941264827,False,-1.0450623261358407,False,,False,,False,0.6683400966296782,False,,False,0.9252635217569768,False,-0.9443742866433066,False,0.22874393472874785,False,-0.2195419853602393,False,0.2723008214190662,False,0.2700704216905298,False,-1.15179991486405,False
27053,Hennepin,2022,0.087,110400.0,0.143,39250.0,0.31,0.23,0.07,2.0,0.588,0.412,0.65,0.35,4.99,30.94,103605000.0,1.0,MMG2025_2019-2023_Data_To_Share_v2.xlsx,False,-0.8860759480726493,False,3.981493843910388,True,-0.13631054337642629,False,4.314835798759486,True,0.1062946226244724,False,-0.2284647272636052,False,-0.6745,False,,False,-1.472696420148821,False,1.3906420052618997,False,-0.5884096254090763,False,0.5923900878372668,False,3.7427779361253526,True,3.850177564368939,True,3.9734122628002346,True
27053,Hennepin,2023,0.103,131040.0,0.145,40020.0,0.35,0.25,0.077,2.0,0.541,0.459,0.65,0.35,4.44,27.76,110358000.0,1.0,MMG2025_2019-2023_Data_To_Share_v2.xlsx,False,-0.604158541082019,False,3.8750576025057404,True,-0.23691446582050757,False,4.045587443257317,True,0.0,False,-0.2256876165379926,False,-0.6745,False,,False,-1.4107615770193334,False,1.3101401971931794,False,-0.5214472041867975,False,0.528522078140969,False,3.055807066730444,False,3.007933263801894,False,3.860673981843367,True
27053,Hennepin,2024,0.113,143160.0,0.153,41950.0,0.36,0.25,0.08,2.0,0.523,0.477,0.6,0.41,4.56,28.56,124020000.0,1.0,MMG2026_2024_Data_To_Share.xlsx,False,-0.5676121107843041,False,4.283492840523831,True,-0.46721054586353195,False,3.6446325479727615,True,0.0,False,-0.27191583064842983,False,-0.6745,False,,False,-1.4942915066486848,False,1.318807833134735,False,-0.7114206796239065,False,0.6971135978018107,False,3.260788814937342,False,3.1655503906520983,False,3.746345546298938,True
27055,Houston,2022,0.084,1570.0,0.109,440.0,,,0.06,2.0,0.637,0.363,0.68,0.32,4.45,27.6,1314000.0,3.0,MMG2025_2019-2023_Data_To_Share_v2.xlsx,False,-1.0920597032943347,False,-0.4072343980710231,False,-1.3145892523336176,False,-0.5138004885938485,False,,False,,False,-1.355333425966273,False,,False,-0.8865466278949704,False,0.8651707705366368,False,-0.33323473961229666,False,0.3423606308600301,False,1.5444563019987805,False,1.5998922927217885,False,-0.27660459241331364,False
27055,Houston,2023,0.089,1670.0,0.108,440.0,,,0.069,2.0,0.604,0.396,0.63,0.37,3.94,24.63,1247000.0,3.0,MMG2025_2019-2023_Data_To_Share_v2.xlsx,False,-1.6720572223194916,False,-0.4076352426737052,False,-1.725901115813698,False,-0.5262966156441449,False,,False,,False,-1.4507461211813786,False,,False,-0.6508376061893422,False,0.6304409675396123,False,-0.6745,False,0.6745,False,1.1253800104927612,False,1.1313703367251906,False,-0.3081964837264414,False
27055,Houston,2024,0.092,1720.0,0.119,480.0,,,0.07,2.0,0.62,0.38,0.57,0.43,4.06,25.38,1324000.0,3.0,MMG2026_2024_Data_To_Share.xlsx,False,-1.7763841037289114,False,-0.5434143760556835,False,-1.5491263990482769,False,-0.5709506399389987,False,,False,,False,-1.3552745086803053,False,,False,-0.3678852721170141,False,0.3464541781976613,False,-0.9574837648583954,False,0.8305872389464253,False,1.1995144060116336,False,1.1506116165844822,False,-0.384871840822297,False
27057,Hubbard,2022,0.11,2360.0,0.157,710.0,,0.32,0.08,2.0,0.726,0.274,0.79,0.21,3.94,24.39,1746000.0,9.0,MMG2025_2019-2023_Data_To_Share_v2.xlsx,True,0.6745,False,0.013197845722948886,False,0.33870745116262474,False,0.0,False,,False,1.7640268556474341,False,0.0,False,,False,0.13456539696985015,False,-0.13948103882497387,False,0.5649339412367194,False,-0.6257142539155012,False,-0.741692136444554,False,-0.8255812702800857,False,0.0,False
27057,Hubbard,2023,0.117,2530.0,0.153,700.0,,,0.09,2.0,0.711,0.289,0.85,0.15,3.47,21.68,1663000.0,9.0,MMG2025_2019-2023_Data_To_Share_v2.xlsx,True,0.450270788382844,False,0.0,False,0.07869712267356571,False,-0.056277708356321975,False,,False,,False,0.574685150266255,False,,False,0.5739006356881724,False,-0.5975110100827886,False,0.9144225777371673,False,-1.0630903423727371,False,-0.8763904531275029,False,-0.8601438284934033,False,-0.04048572686190903,False
27057,Hubbard,2024,0.128,2800.0,0.189,860.0,,,0.09,2.0,0.726,0.274,0.84,0.16,3.64,22.79,1935000.0,9.0,MMG2026_2024_Data_To_Share.xlsx,True,0.28191343964289645,False,-0.011631475922963515,False,0.6441124241735837,False,-0.0216639422521134,False,,False,,False,0.0,False,,False,0.7883734657326584,False,-0.7975611232699803,False,1.1054768678307234,False,-1.1524065652706441,False,-0.6959616769638929,False,-0.6788809401893472,False,-0.039571559885139836,False
27059,Isanti,2022,0.095,3940.0,0.139,1330.0,,,0.07,2.0,0.632,0.368,0.69,0.31,4.25,26.33,3146000.0,1.0,MMG2025_2019-2023_Data_To_Share_v2.xlsx,False,-0.33955293957275495,False,0.5419717068317569,False,-0.2730989511598508,False,0.6745,False,,False,,False,-0.6745,False,,False,-0.9455482911062658,False,0.919648563021999,False,-0.2491880655816627,False,0.25775305506580154,False,0.6745,False,0.6745,False,0.5729644433148532,False
27059,Isanti,2023,0.102,4270.0,0.14,1360.0,,,0.079,2.0,0.592,0.408,0.63,0.37,3.74,23.35,3024000.0,1.0,MMG2025_2019-2023_Data_To_Share_v2.xlsx,False,-0.6799862780535559,False,0.5137100420763363,False,-0.43529347511054817,False,0.6165744522407678,False,,False,,False,-0.48133940895086774,False,,False,-0.7932568450087571,False,0.7622416695296146,False,-0.6745,False,0.6745,False,0.2978934373710823,False,0.2969854274818195,False,0.5155731186725682,False
27059,Isanti,2024,0.106,4500.0,0.145,1440.0,,,0.08,2.0,0.585,0.415,0.57,0.43,3.84,24.04,3282000.0,1.0,MMG2026_2024_Data_To_Share.xlsx,False,-0.9679832237060484,False,0.506233318987511,False,-0.7188809746885569,False,0.46419722046719186,False,,False,,False,-0.6745,False,,False,-0.7663473777384029,False,0.7049670351253466,False,-0.9574837648583954,False,0.8305872389464253,False,0.22715209500654057,False,0.2277006762419972,False,0.4412243589243617,False
27061,Itasca,2022,0.122,5480.0,0.177,1620.0,,0.2,0.1,2.0,0.716,0.284,0.65,0.35,4.02,24.89,4137000.0,6.0,MMG2025_2019-2023_Data_To_Share_v2.xlsx,True,1.475924295184801,False,0.8823990298994069,False,1.0074273897858153,False,0.8865409560979096,False,,False,-0.925172709249665,False,1.330463514170828,False,,False,0.02249286396379905,False,-0.023156220245704708,False,-0.5884096254090763,False,0.5923900878372668,False,-0.36789099438146594,False,-0.42827257545652064,False,0.8394367998622432,False
27061,Itasca,2023,0.133,6010.0,0.195,1790.0,,0.24,0.1,2.0,0.685,0.315,0.68,0.32,3.54,22.1,4029000.0,6.0,MMG2025_2019-2023_Data_To_Share_v2.xlsx,True,1.63926966457806,False,0.8492330454121653,False,1.7005398880629696,False,0.8950125488632136,False,,False,-0.45318800443030594,False,1.5255002399377633,False,,False,0.2834941601796883,False,-0.29000144009040585,False,-0.2953118300672639,False,0.30544932437408207,False,-0.565271481001674,False,-0.561300590077431,False,0.7824053997701584,False
27061,Itasca,2024,0.139,6300.0,0.198,1800.0,,0.25,0.11,2.0,0.715,0.285,0.67,0.34,3.67,22.98,4392000.0,6.0,MMG2026_2024_Data_To_Share.xlsx,True,0.8977495210111055,False,0.8735235742812343,False,0.91668529005394,False,0.6745850811214004,False,,False,-0.27191583064842983,False,1.3306317836565151,False,,False,0.671735686520237,False,-0.6745,False,-0.15476307640570283,False,0.21457079375963456,False,-0.5549866443548114,False,-0.5380528218372087,False,0.7063370041105558,False
27063,Jackson,2022,0.095,950.0,0.148,320.0,,,0.08,2.0,0.74,0.26,0.69,0.31,3.67,22.77,656000.0,9.0,MMG2025_2019-2023_Data_To_Share_v2.xlsx,True,-0.33955293957275495,False,-0.9252793360686864,False,0.03400336019870465,False,-0.855457835686228,False,,False,,False,0.0,False,,False,0.2903809017783642,False,-0.30387904860485143,False,-0.2491880655816627,False,0.25775305506580154,False,-2.049534269128966,False,-2.1688185564237243,False,-0.9525866594712886,False
27063,Jackson,2023,0.105,1040.0,0.15,330.0,,,0.083,2.0,0.69,0.31,0.63,0.37,3.23,20.16,636000.0,9.0,MMG2025_2019-2023_Data_To_Share_v2.xlsx,True,-0.4527090897353331,False,-0.8722621670292952,False,-0.03939985582634806,False,-0.8172818219343057,False,,False,,False,-0.09609001947562665,False,,False,0.33968799737687816,False,-0.34866292566129464,False,-0.6745,False,0.6745,False,-1.9813508162905022,False,-1.9899525010464263,False,-0.9343159949639647,False
27063,Jackson,2024,0.11,1090.0,0.17,370.0,,,0.08,2.0,0.63,0.37,0.49,0.51,3.28,20.55,679000.0,9.0,MMG2026_2024_Data_To_Share.xlsx,True,-0.7388905167806744,False,-1.0410675007160561,False,0.0618409377817502,False,-0.8159248285769374,False,,False,,False,-0.6745,False,,False,-0.2556193986342646,False,0.24235075245300117,False,-1.6373743744427562,False,1.3464409420579262,False,-2.462580025596887,False,-2.429569711501765,False,-0.9925635182218471,False
27065,Kanabec,2022,0.11,1770.0,0.162,560.0,,,0.08,2.0,0.803,0.197,0.84,0.16,3.94,24.41,1311000.0,8.0,MMG2025_2019-2023_Data_To_Share_v2.xlsx,True,0.6745,False,-0.28356088767242865,False,0.5069649493173884,False,-0.2548969544113804,False,,False,,False,0.0,False,,False,0.976380730726842,False,-1.0670139376635817,False,0.9550914820560782,False,-1.0952287556297622,False,-0.741692136444554,False,-0.8095392661428006,False,-0.2788288170793473,False
27065,Kanabec,2023,0.12,1960.0,0.167,580.0,,,0.092,2.0,0.749,0.251,0.8,0.2,3.51,21.94,1304000.0,8.0,MMG2025_2019-2023_Data_To_Share_v2.xlsx,True,0.6745,False,-0.2505157220076891,False,0.6257843133248437,False,-0.24669074878781883,False,,False,,False,0.7655441014450292,False,,False,0.9904985622605943,False,-1.0582915398231243,False,0.570560692099664,False,-0.6406299995414972,False,-0.698016665179744,False,-0.6745,False,-0.26663250136405503,False
27065,Kanabec,2024,0.131,2150.0,0.189,660.0,,,0.1,2.0,0.755,0.245,0.78,0.22,3.6,22.53,1469000.0,8.0,MMG2026_2024_Data_To_Share.xlsx,True,0.4504623060534549,False,-0.29991368091436926,False,0.6441124241735837,False,-0.27104906570554127,False,,False,,False,0.6683400966296782,False,,False,1.0923455997284202,False,-1.1271593139720726,False,0.6745,False,-0.6745,False,-0.8853529049114204,False,-0.8734266729346114,False,-0.2903003625764902,False
27067,Kandiyohi,2022,0.1,4380.0,0.172,1830.0,0.4,0.27,0.07,2.0,0.756,0.244,0.78,0.22,4.1,25.44,3380000.0,4.0,MMG2025_2019-2023_Data_To_Share_v2.xlsx,True,0.0,False,0.6512072606845198,False,0.8413187806434462,False,1.017585894638651,False,1.0244348923945432,False,0.6745,False,-0.6745,False,,False,0.46692793454489123,False,-0.4940141411729678,False,0.48559578971112655,False,-0.5341430160051193,False,0.0,False,0.0,False,0.6427783159330445,False
27067,Kandiyohi,2023,0.113,4930.0,0.167,1790.0,,0.27,0.08,2.0,0.692,0.308,0.76,0.24,3.61,22.58,3376000.0,4.0,MMG2025_2019-2023_Data_To_Share_v2.xlsx,True,0.15035988635895503,False,0.6547884602084777,False,0.6257843133248437,False,0.8950125488632136,False,,False,0.22390350605169151,False,-0.3848933356236695,False,,False,0.36211899488112814,False,-0.37219023556997266,False,0.2885224473138102,False,-0.31514773236525656,False,-0.2589129863483221,False,-0.22634791977781574,False,0.6179688486288919,False
27067,Kandiyohi,2024,0.129,5680.0,0.186,2010.0,0.37,0.31,0.09,2.0,0.652,0.348,0.66,0.34,3.72,23.27,4009000.0,4.0,MMG2026_2024_Data_To_Share.xlsx,True,0.3381461512511778,False,0.7604340080783247,False,0.5527961162801804,False,0.7786352711727259,False,0.16552507760543633,False,1.3279985492844626,False,0.0,False,,False,-0.01103972612724961,False,0.01062275221048264,False,-0.23284105814740652,False,0.21457079375963456,False,-0.32202863662416387,False,-0.3252415453973702,False,0.6233057430632465,False
27069,Kittson,2022,0.098,410.0,0.121,110.0,,,0.08,2.0,0.655,0.345,0.62,0.38,4.1,25.43,316000.0,9.0,MMG2025_2019-2023_Data_To_Share_v2.xlsx,True,-0.13563559944326656,False,-1.7910938650271544,False,-0.8946513511232675,False,-1.9977921618711603,False,,False,,False,0.0,False,,False,-0.6756227057609334,False,0.6673823087863548,False,-0.8482668795764855,False,0.836923944505301,False,0.0,False,-0.0077069583675814695,False,-1.663354363198609,False
27069,Kittson,2023,0.102,430.0,0.122,110.0,,,0.085,2.0,0.606,0.394,0.5,0.5,3.55,22.18,289000.0,9.0,MMG2025_2019-2023_Data_To_Share_v2.xlsx,True,-0.6799862780535559,False,-1.738040816027838,False,-1.1567336041455196,False,-1.9253251540876362,False,,False,,False,0.09600141640223077,False,,False,-0.627204698235306,False,0.6083640872854679,False,-1.717606517413269,False,1.5743642497284995,False,-0.5212179422762082,False,-0.5049945718979229,False,-1.6678177981852198,False
27069,Kittson,2024,0.098,400.0,0.142,130.0,,,0.08,2.0,0.614,0.386,0.52,0.48,3.68,23.05,280000.0,9.0,MMG2026_2024_Data_To_Share.xlsx,True,-1.428664817845481,False,-2.133835173720457,False,-0.8137109879348824,False,-1.7980328817166598,False,,False,,False,-0.6745,False,,False,-0.43557791701546233,False,0.4085547439161394,False,-1.3782306794695678,False,1.1562712455083057,False,-0.508196144842719,False,-0.4864498768434326,False,-1.7986709037526618,False
27071,Koochiching,2022,0.123,1490.0,0.205,440.0,,,0.1,2.0,0.664,0.336,0.72,0.28,4.02,24.89,1125000.0,7.0,MMG2025_2019-2023_Data_To_Share_v2.xlsx,True,1.542322287393128,False,-0.4611752156634707,False,1.9247894540882518,False,-0.5138004885938485,False,,False,,False,1.330463514170828,False,,False,-0.5710194617470371,False,0.5674932229775977,False,0.0,False,0.0,False,-0.36789099438146594,False,-0.42827257545652064,False,-0.4277197578232907,False
27071,Koochiching,2023,0.129,1540.0,0.2,420.0,,,0.1,2.0,0.6,0.4,0.73,0.27,3.54,22.1,1032000.0,7.0,MMG2025_2019-2023_Data_To_Share_v2.xlsx,True,1.3436015428439767,False,-0.4871518096204028,False,1.8898075169965582,False,-0.5733651769094716,False,,False,,False,1.5255002399377633,False,,False,-0.6981919533359046,False,0.6745,False,0.07275483397694352,False,-0.07785388764255147,False,-0.565271481001674,False,-0.561300590077431,False,-0.4841783639470376,False
27071,Koochiching,2024,0.143,1690.0,0.204,420.0,,,0.11,2.0,0.661,0.339,0.82,0.19,3.67,22.98,1178000.0,7.0,MMG2026_2024_Data_To_Share.xlsx,True,1.1202163952944162,False,-0.5626141242946034,False,1.0972652792085593,False,-0.6966471022255796,False,,False,,False,1.3306317836565151,False,,False,0.08807812820952679,False,-0.08526701577615947,False,0.9633995533026121,False,-0.9104409473260092,False,-0.5549866443548114,False,-0.5380528218372087,False,-0.4911959284244869,False
27073,Lac qui Parle,2022,0.098,660.0,0.142,200.0,,,0.07,2.0,0.687,0.313,0.61,0.39,3.99,24.76,496000.0,9.0,MMG2025_2019-2023_Data_To_Share_v2.xlsx,True,-0.13563559944326656,False,-1.3007007916181172,False,-0.1704627147984598,False,-1.3590481621615031,False,,False,,False,-0.6745,False,,False,-0.30624928831349174,False,0.3091318980885944,False,-0.9359564662980632,False,0.9172552869895991,False,-0.5073636638031448,False,-0.5308298005895746,False,-1.22464982152289,False
27073,Lac qui Parle,2023,0.103,690.0,0.14,200.0,,,0.078,2.0,0.65,0.35,0.58,0.42,3.55,22.21,465000.0,9.0,MMG2025_2019-2023_Data_To_Share_v2.xlsx,True,-0.604158541082019,False,-1.2746006177413733,False,-0.43529347511054817,False,-1.3231512332732156,False,,False,,False,-0.5778749084135717,False,,False,-0.11459494791870553,False,0.1144884183977069,False,-1.065502767715319,False,1.0303201671903492,False,-0.5212179422762082,False,-0.48392990045111933,False,-1.225533781487473,False
27073,Lac qui Parle,2024,0.112,750.0,0.149,220.0,,,0.08,2.0,0.655,0.345,0.52,0.48,3.66,22.89,521000.0,9.0,MMG2026_2024_Data_To_Share.xlsx,True,-0.6246535626227279,False,-1.4487931085878982,False,-0.5928267255178407,False,-1.304655195606487,False,,False,,False,-0.6745,False,,False,0.022059430582098267,False,-0.02126918362602046,False,-1.3782306794695678,False,1.1562712455083057,False,-0.601877445121581,False,-0.6046212527705265,False,-1.233596579722493,False
27075,Lake,2022,0.11,1200.0,0.148,310.0,,,0.08,2.0,0.647,0.353,0.59,0.41,4.25,26.33,959000.0,8.0,MMG2025_2019-2023_Data_To_Share_v2.xlsx,True,0.6745,False,-0.6844014986990911,False,0.03400336019870465,False,-0.8895029113970389,False,,False,,False,0.0,False,,False,-0.7690820220617892,False,0.755613069987902,False,-1.1129815589357301,False,1.0761985987120106,False,0.6745,False,0.6745,False,-0.5830721150567622,False
27075,Lake,2023,0.111,1210.0,0.157,330.0,,,0.082,2.0,0.643,0.357,0.7,0.3,3.75,23.44,860000.0,8.0,MMG2025_2019-2023_Data_To_Share_v2.xlsx,True,0.0,False,-0.7237506879324841,False,0.2356826692727102,False,-0.8172818219343057,False,,False,,False,-0.192268805725513,False,,False,-0.19522540234784236,False,0.1941268296549453,False,-0.14678733079017459,False,0.15389951362930265,False,0.340090134281859,False,0.35707096225679175,False,-0.6537246837456546,False
27075,Lake,2024,0.116,1270.0,0.185,380.0,,,0.09,2.0,0.681,0.319,0.7,0.3,3.84,24.04,926000.0,8.0,MMG2026_2024_Data_To_Share.xlsx,True,-0.39679475085284793,False,-0.8743398775621525,False,0.5223060096079639,False,-0.7908323061049041,False,,False,,False,0.0,False,,False,0.3064307871808362,False,-0.30068354097407524,False,0.07669606247156295,False,-0.07261699794008987,False,0.22715209500654057,False,0.2277006762419972,False,-0.710232634787278,False
27077,Lake of the Woods,2022,0.103,390.0,0.182,130.0,,,0.07,2.0,0.822,0.178,1.0,0.0,3.99,24.75,293000.0,9.0,MMG2025_2019-2023_Data_To_Share_v2.xlsx,True,0.2029917042111625,False,-1.8425787274698402,False,1.1728318484080744,False,-1.8195783059199255,False,,False,,False,-0.6745,False,,False,1.17857013790042,False,-1.305064912242469,False,2.1359270699693766,False,-2.7465263712321506,False,-0.5073636638031448,False,-0.5387402430115068,False,-1.7368907985696302,False
27077,Lake of the Woods,2023,0.102,390.0,0.162,120.0,,,0.075,2.0,0.786,0.214,0.99,0.01,3.51,21.94,260000.0,9.0,MMG2025_2019-2023_Data_To_Share_v2.xlsx,True,-0.6799862780535559,False,-1.8336685413947258,False,0.4311531372194557,False,-1.8378446178870622,False,,False,,False,-0.8680196258115306,False,,False,1.3875258072429528,False,-1.5205972471900953,False,1.8299451955358432,False,-2.3516419107073503,False,-0.698016665179744,False,-0.6745,False,-1.7661530647582984,False
27077,Lake of the Woods,2024,0.107,410.0,0.185,130.0,,,0.07,2.0,0.693,0.307,0.82,0.19,3.59,22.47,279000.0,9.0,MMG2026_2024_Data_To_Share.xlsx,True,-0.9106324643597218,False,-2.106942248888929,False,0.5223060096079639,False,-1.7980328817166598,False,,False,,False,-1.3552745086803053,False,,False,0.4361988283748364,False,-0.4315069156966938,False,0.9633995533026121,False,-0.9104409473260092,False,-0.932958038349621,False,-0.9186270809517912,False,-1.801926720064584,False
27079,Le Sueur,2022,0.087,2500.0,0.124,840.0,,,0.06,2.0,0.593,0.407,0.68,0.32,4.68,29.03,2201000.0,1.0,MMG2025_2019-2023_Data_To_Share_v2.xlsx,False,-0.8860759480726493,False,0.07264992276640439,False,-0.7903692756202371,False,0.18063652676353098,False,,False,,False,-1.355333425966273,False,,False,-1.4120625171388714,False,1.337864835676586,False,-0.33323473961229666,False,0.3423606308600301,False,2.5062792588428557,False,2.5939111010044242,False,0.22535428892718729,False
27079,Le Sueur,2023,0.099,2870.0,0.126,850.0,,,0.073,2.0,0.532,0.468,0.55,0.45,4.32,26.98,2349000.0,1.0,MMG2025_2019-2023_Data_To_Share_v2.xlsx,False,-0.9078830323947538,False,0.12375173488455256,False,-0.9954183759815983,False,0.14036939712531774,False,,False,,False,-1.0618996235738158,False,,False,-1.5218511596031865,False,1.4048364929356487,False,-1.3060885449439028,False,1.2378466064414362,False,2.609193934308903,False,2.560126779720254,False,0.2806811909767709,False
27079,Le Sueur,2024,0.106,3100.0,0.15,1000.0,,0.22,0.07,2.0,0.514,0.486,0.43,0.57,4.4,27.53,2588000.0,1.0,MMG2026_2024_Data_To_Share.xlsx,False,-0.9679832237060484,False,0.09945689793217802,False,-0.5613817306537608,False,0.1204724608344247,False,,False,-1.1009101881268823,False,-1.3552745086803053,False,,False,-1.602417158578698,False,1.4057655231226835,False,-2.1716938929058016,False,1.7157008463618912,False,2.6220704403684976,False,2.5376798681416775,False,0.2250372032264919,False
27081,Lincoln,2022,0.098,550.0,0.127,170.0,,,0.08,2.0,0.754,0.246,0.92,0.08,3.99,24.76,413000.0,9.0,MMG2025_2019-2023_Data_To_Share_v2.xlsx,True,-0.13563559944326656,False,-1.4885548921478722,False,-0.6863651624428001,False,-1.532931357653791,False,,False,,False,0.0,False,,False,0.4449477285614703,False,-0.470113945664606,False,1.5578132087418453,False,-1.8902699412374624,False,-0.5073636638031448,False,-0.5308298005895746,False,-1.4028513541242853,False
27081,Lincoln,2023,0.107,600.0,0.134,170.0,,,0.084,2.0,0.678,0.322,0.76,0.24,3.55,22.21,404000.0,9.0,MMG2025_2019-2023_Data_To_Share_v2.xlsx,True,-0.3015335073469865,False,-1.411605625082256,False,-0.6745,False,-1.4870790754774894,False,,False,,False,0.0,False,,False,0.20454201329906513,False,-0.2082489921863201,False,0.2885224473138102,False,-0.31514773236525656,False,-0.5212179422762082,False,-0.48392990045111933,False,-1.3563027522477658,False
27081,Lincoln,2024,0.122,680.0,0.167,210.0,,,0.1,2.0,0.696,0.304,0.73,0.27,3.66,22.89,472000.0,9.0,MMG2026_2024_Data_To_Share.xlsx,True,-0.056533287389270534,False,-1.5556182333187303,False,-0.030960189744333774,False,-1.348340000727386,False,,False,,False,0.6683400966296782,False,,False,0.4684971198479402,False,-0.46440043751755844,False,0.3041061450984691,False,-0.29386763586257897,False,-0.601877445121581,False,-0.6046212527705265,False,-1.3234783503191037,False
27083,Lyon,2022,0.106,2690.0,0.153,1010.0,0.26,0.3,0.08,2.0,0.785,0.215,0.78,0.22,3.99,24.76,2020000.0,7.0,MMG2025_2019-2023_Data_To_Share_v2.xlsx,True,0.4054320495609026,False,0.1482194618183041,False,0.20357708802037028,False,0.37868309616204016,False,-0.43143970378855717,False,1.3332514705260645,False,0.0,False,,False,0.7828577493957949,False,-0.8449520763962585,False,0.48559578971112655,False,-0.5341430160051193,False,-0.5073636638031448,False,-0.5308298005895746,False,0.14184856119875086,False
27083,Lyon,2023,0.115,2940.0,0.153,1010.0,0.39,0.3,0.09,2.0,0.765,0.235,0.74,0.26,3.55,22.21,1981000.0,7.0,MMG2025_2019-2023_Data_To_Share_v2.xlsx,True,0.3004498266367511,False,0.14740254034645814,False,0.07869712267356571,False,0.31508951047093925,False,0.4849423988026809,False,0.8851859793070364,False,0.574685150266255,False,,False,1.1632069264524592,False,-1.256506618981099,False,0.14509032940652036,False,-0.15632322742215868,False,-0.5212179422762082,False,-0.48392990045111933,False,0.12223220871573233,False
27083,Lyon,2024,0.13,3320.0,0.169,1120.0,0.35,0.28,0.09,2.0,0.701,0.299,0.74,0.26,3.66,22.89,2305000.0,7.0,MMG2026_2024_Data_To_Share.xlsx,True,0.3943290773623748,False,0.1742901236245848,False,0.030933694071653348,False,0.22728838963300582,False,-0.1667466759426042,False,0.5374167161189786,False,0.0,False,,False,0.5222008585670215,False,-0.5193915076356143,False,0.37903398873136585,False,-0.36878084700992775,False,-0.601877445121581,False,-0.6046212527705265,False,0.11965462826384599,False
27085,McLeod,2022,0.093,3430.0,0.13,1070.0,,0.26,0.07,2.0,0.69,0.31,0.75,0.25,4.16,25.78,2682000.0,4.0,MMG2025_2019-2023_Data_To_Share_v2.xlsx,True,-0.47580844612216344,False,0.39894636048305193,False,-0.5826375337204142,False,0.44070226352787484,False,,False,0.4514534656779878,False,-0.6745,False,,False,-0.271980469118494,False,0.27509939715426673,False,0.244879121615236,False,-0.26386634215742166,False,0.2721507127275769,False,0.2603168458975212,False,0.4176881056217111,False
27085,McLeod,2023,0.105,3850.0,0.136,1110.0,,0.28,0.081,2.0,0.599,0.401,0.73,0.27,3.71,23.18,2707000.0,4.0,MMG2025_2019-2023_Data_To_Share_v2.xlsx,True,-0.4527090897353331,False,0.41207900287295507,False,-0.5946241532976331,False,0.41074428858431156,False,,False,0.44605088809774174,False,-0.2885365229046153,False,,False,-0.710049037922821,False,0.6854950888924539,False,0.07275483397694352,False,-0.07785388764255147,False,0.17076713555390977,False,0.18288214101343483,False,0.4125930896874841,False
27085,McLeod,2024,0.12,4410.0,0.16,1290.0,,0.28,0.09,2.0,0.561,0.439,0.7,0.3,3.82,23.93,3201000.0,4.0,MMG2026_2024_Data_To_Share.xlsx,True,-0.16975117807678747,False,0.48418100304728623,False,-0.2484272274964161,False,0.3604959455383358,False,,False,0.5374167161189786,False,0.0,False,,False,-1.0446970400399698,False,0.9457153805530785,False,0.07669606247156295,False,-0.07261699794008987,False,0.13657411804287933,False,0.1497584575873777,False,0.4184836365349859,False
27087,Mahnomen,2022,0.157,850.0,0.245,410.0,,,0.09,2.0,0.955,0.045,1.0,0.0,4.17,25.84,666000.0,8.0,MMG2025_2019-2023_Data_To_Share_v2.xlsx,True,3.765363576571985,True,-1.0399429170871417,False,3.1989876846577596,False,-0.5895877782686447,False,,False,,False,0.6682833217153356,False,,False,2.5374876262462798,False,-3.0874514097316372,False,2.1359270699693766,False,-2.7465263712321506,False,0.31720129927211205,False,0.3059118165168719,False,-0.9378647881051073,False
27087,Mahnomen,2023,0.165,890.0,0.256,430.0,,,0.096,2.0,0.899,0.101,1.0,0.0,3.67,22.9,618000.0,8.0,MMG2025_2019-2023_Data_To_Share_v2.xlsx,True,3.96770770906386,True,-1.025022838232608,False,3.9573106132375035,True,-0.5495578522781659,False,,False,,False,1.1462155628680253,False,,False,2.551033550812032,False,-3.025070806953989,False,1.8928534661684164,False,-2.450412076765461,False,0.0,False,-0.006813009736066089,False,-0.9610143749502402,False
27087,Mahnomen,2024,0.167,900.0,0.261,430.0,,,0.1,2.0,0.863,0.137,0.98,0.03,3.79,23.72,647000.0,8.0,MMG2026_2024_Data_To_Share.xlsx,True,2.4388843302739467,False,-1.2499772056202954,False,2.769225069849247,False,-0.6745,False,,False,,False,0.6683400966296782,False,,False,2.1818123692680396,False,-2.4260591454521307,False,2.0587793760573256,False,-2.2787914095768307,False,0.0,False,0.0,False,-1.0364936921533952,False
27089,Marshall,2022,0.093,840.0,0.134,280.0,,,0.07,2.0,0.666,0.334,0.64,0.36,4.1,25.43,648000.0,8.0,MMG2025_2019-2023_Data_To_Share_v2.xlsx,True,-0.47580844612216344,False,-1.0521423200190698,False,-0.444761583338148,False,-0.9986235395114367,False,,False,,False,-0.6745,False,,False,-0.5478511362428748,False,0.5452042772291268,False,-0.6745,False,0.6745,False,0.0,False,-0.0077069583675814695,False,-0.9645266511930288,False
27089,Marshall,2023,0.103,920.0,0.145,310.0,,,0.079,2.0,0.593,0.407,0.57,0.43,3.55,22.18,619000.0,8.0,MMG2025_2019-2023_Data_To_Share_v2.xlsx,True,-0.604158541082019,False,-0.9925099726624481,False,-0.23691446582050757,False,-0.8804889072378217,False,,False,,False,-0.48133940895086774,False,,False,-0.7813476413652946,False,0.7513012631442568,False,-1.1451866780302002,False,1.099978837544883,False,-0.5212179422762082,False,-0.5049945718979229,False,-0.9595108504931872,False
27089,Marshall,2024,0.115,1030.0,0.159,330.0,,,0.09,2.0,0.648,0.352,0.69,0.31,3.68,23.05,720000.0,8.0,MMG2026_2024_Data_To_Share.xlsx,True,-0.45368279670430045,False,-1.1028255768428505,False,-0.27960102789064534,False,-0.9235540292131641,False,,False,,False,0.0,False,,False,-0.055265558377123804,False,0.053035103081221786,False,0.0,False,0.0,False,-0.508196144842719,False,-0.4864498768434326,False,-0.939210045065412,False
27091,Martin,2022,0.117,2330.0,0.17,750.0,,0.31,0.1,2.0,0.779,0.221,0.94,0.06,4.36,27.01,1909000.0,6.0,MMG2025_2019-2023_Data_To_Share_v2.xlsx,True,1.1430441468179473,False,0.0,False,0.7746768287328012,False,0.058878420914633516,False,,False,1.5494612615006833,False,1.330463514170828,False,,False,0.7179161773937223,False,-0.7716619355549912,False,1.7045691646083778,False,-2.0982356709845638,False,1.1569957562058815,False,1.1752073137661694,False,0.08685103445202716,False
27091,Martin,2023,0.125,2490.0,0.173,770.0,,0.3,0.1,2.0,0.757,0.243,0.88,0.12,3.84,23.99,1812000.0,6.0,MMG2025_2019-2023_Data_To_Share_v2.xlsx,True,1.0468840200756422,False,-0.015640295993183374,False,0.8582439575109718,False,0.04024914956940841,False,,False,0.8851859793070364,False,1.5255002399377633,False,,False,1.077049339645038,False,-1.1570801470648366,False,1.1163064009022605,False,-1.3254753051046249,False,0.7159112355963583,False,0.7195206665594138,False,0.03930976853753614,False
27091,Martin,2024,0.154,3040.0,0.222,1000.0,,0.28,0.12,2.0,0.826,0.174,0.97,0.03,3.95,24.73,2280000.0,6.0,MMG2026_2024_Data_To_Share.xlsx,True,1.7280092172909658,False,0.07812510479203319,False,1.6336546339420208,False,0.1204724608344247,False,,False,0.5374167161189786,False,1.9869835549341461,False,,False,1.8158491978036164,False,-1.9676696134362195,False,1.9929567297021544,False,-2.2787914095768307,False,0.7187357080606075,False,0.7089358862183532,False,0.10973083801587352,False
27093,Meeker,2022,0.089,2080.0,0.122,690.0,,,0.07,2.0,0.652,0.348,0.71,0.29,3.98,24.66,1556000.0,6.0,MMG2025_2019-2023_Data_To_Share_v2.xlsx,True,-0.749069032057747,False,-0.11708569468389471,False,-0.8598596828719643,False,-0.03069351168754569,False,,False,,False,-0.6745,False,,False,-0.7106169010206701,False,0.700530191427837,False,-0.08257646141493963,False,0.0865828696475769,False,-0.5540409526389368,False,-0.6100727795340669,False,-0.11210968041506286,False
27093,Meeker,2023,0.102,2380.0,0.13,730.0,,0.25,0.079,2.0,0.622,0.378,0.72,0.28,3.52,22.01,1589000.0,6.0,MMG2025_2019-2023_Data_To_Share_v2.xlsx,True,-0.6799862780535559,False,-0.059981932624503444,False,-0.8346751888348803,False,-0.013779362200527188,False,,False,-0.2256876165379926,False,-0.48133940895086774,False,,False,-0.4391941753460228,False,0.43060025063152907,False,0.0,False,0.0,False,-0.6536704116727269,False,-0.6248784178680438,False,-0.08281459891274932,False
27093,Meeker,2024,0.118,2770.0,0.159,880.0,,0.28,0.09,2.0,0.64,0.36,0.68,0.32,3.62,22.64,1902000.0,6.0,MMG2026_2024_Data_To_Share.xlsx,True,-0.28317142435127896,False,-0.02338820345591777,False,-0.27960102789064534,False,0.0,False,,False,0.5374167161189786,False,0.0,False,,False,-0.14404017087373155,False,0.13748465745133642,False,-0.07715123464583137,False,0.07206477208054776,False,-0.7904523214360387,False,-0.7908578063834127,False,-0.055224842117430985,False
27095,Mille Lacs,2022,0.119,3180.0,0.18,1130.0,,0.25,0.09,2.0,0.73,0.27,0.82,0.18,3.94,24.41,2355000.0,1.0,MMG2025_2019-2023_Data_To_Share_v2.xlsx,False,1.2763746677497385,False,0.3208648644899079,False,1.1067541808657602,False,0.4993399175114467,False,,False,0.22662964940164504,False,0.6682833217153356,False,,False,0.17921270547815116,False,-0.18626682739383768,False,0.8003159195377507,False,-0.9050387807419985,False,-0.741692136444554,False,-0.8095392661428006,False,0.291163872796964,False
27095,Mille Lacs,2023,0.128,3440.0,0.185,1160.0,,0.26,0.093,2.0,0.674,0.326,0.72,0.28,3.51,21.94,2289000.0,1.0,MMG2025_2019-2023_Data_To_Share_v2.xlsx,False,1.2695208341598292,False,0.3015571951362046,False,1.319617215556916,False,0.4553881804837923,False,,False,0.0,False,0.860842532548534,False,,False,0.15927849257993354,False,-0.161727442180195,False,0.0,False,0.0,False,-0.698016665179744,False,-0.6745,False,0.2566195439325176,False
27095,Mille Lacs,2024,0.135,3670.0,0.194,1220.0,,0.26,0.09,2.0,0.688,0.312,0.75,0.26,3.6,22.53,2508000.0,1.0,MMG2026_2024_Data_To_Share.xlsx,False,0.6745,False,0.28368623123968245,False,0.7957954806576785,False,0.3079030093185646,False,,False,0.0,False,0.0,False,,False,0.38224094559501676,False,-0.37685179795220797,False,0.4535324440838711,False,-0.36878084700992775,False,-0.8853529049114204,False,-0.8734266729346114,False,0.19646334597319406,False
27097,Morrison,2022,0.109,3700.0,0.151,1190.0,,0.17,0.09,2.0,0.723,0.277,0.66,0.34,3.99,24.7,2772000.0,6.0,MMG2025_2019-2023_Data_To_Share_v2.xlsx,True,0.6073240231004619,False,0.47712604479170034,False,0.13583600614686595,False,0.554945815286814,False,,False,-1.639520729107363,False,0.6682833217153356,False,,False,0.1010119608539508,False,-0.10448799602648483,False,-0.5028394375253304,False,0.5096696874524931,False,-0.5073636638031448,False,-0.578338592118318,False,0.44980647502758214,False
27097,Morrison,2023,0.116,3950.0,0.157,1240.0,,0.23,0.089,2.0,0.665,0.335,0.62,0.38,3.53,22.04,2641000.0,6.0,MMG2025_2019-2023_Data_To_Share_v2.xlsx,True,0.37539386955769094,False,0.43724825658413846,False,0.2356826692727102,False,0.5229665778259569,False,,False,-0.682530520775409,False,0.4791243094946488,False,,False,0.05703885856987594,False,-0.05756500662686563,False,-0.7517320819690898,False,0.7466917348512258,False,-0.6094221610157529,False,-0.6036582200301237,False,0.3896392561358734,False
27097,Morrison,2024,0.127,4350.0,0.18,1420.0,,0.2,0.1,2.0,0.689,0.311,0.63,0.38,3.64,22.81,3010000.0,6.0,MMG2026_2024_Data_To_Share.xlsx,True,0.22563085422620913,False,0.46922805240295323,False,0.36946849091594597,False,0.4510114959821666,False,,False,-1.664976851863946,False,0.6683400966296782,False,,False,0.39304529703226315,False,-0.38776613927144954,False,-0.4699286910721157,False,0.49331064921012396,False,-0.6959616769638929,False,-0.6640040624038468,False,0.36249737760677564,False
27099,Mower,2022,0.102,4100.0,0.164,1670.0,0.28,0.22,0.08,2.0,0.74,0.26,0.89,0.11,3.9,24.17,3006000.0,4.0,MMG2025_2019-2023_Data_To_Share_v2.xlsx,True,0.135389213114282,False,0.5830438253142413,False,0.574065315567816,False,0.9192207050469655,False,-0.21382846016103194,False,-0.458794493339184,False,0.0,False,,False,0.2903809017783642,False,-0.30387904860485143,False,1.3347877646929738,False,-1.585433267025447,False,-0.9308689563699534,False,-1.002882061903037,False,0.5286675364374638,False
27099,Mower,2023,0.113,4510.0,0.166,1710.0,,0.27,0.084,2.0,0.651,0.349,0.8,0.2,3.48,21.76,2977000.0,4.0,MMG2025_2019-2023_Data_To_Share_v2.xlsx,True,0.15035988635895503,False,0.5673858342643041,False,0.5869248756476364,False,0.8486700281182008,False,,False,0.22390350605169151,False,0.0,False,,False,-0.10310424403552741,False,0.1030778055453414,False,0.570560692099664,False,-0.6406299995414972,False,-0.8316478081992446,False,-0.8027969398887551,False,0.5010063316431833,False
27099,Mower,2024,0.122,4930.0,0.184,1900.0,0.26,0.26,0.08,2.0,0.71,0.29,0.81,0.19,3.58,22.43,3355000.0,4.0,MMG2026_2024_Data_To_Share.xlsx,True,-0.056533287389270534,False,0.6058513432472545,False,0.49179016202372455,False,0.7255657830597894,False,-1.7255765845389928,False,0.0,False,-0.6745,False,,False,0.6184709862914856,False,-0.6189109672361969,False,0.8917743314421499,False,-0.9104409473260092,False,-0.9806669998600994,False,-0.9488249279717816,False,0.46124330541952613,False
27101,Murray,2022,0.09,740.0,0.122,220.0,,,0.07,2.0,0.658,0.342,0.68,0.32,3.67,22.77,511000.0,9.0,MMG2025_2019-2023_Data_To_Share_v2.xlsx,True,-0.6806599025882852,False,-1.182791543141833,False,-0.8598596828719643,False,-1.25700635116993,False,,False,,False,-0.6745,False,,False,-0.6406918866818314,False,0.634160407737375,False,-0.33323473961229666,False,0.3423606308600301,False,-2.049534269128966,False,-2.1688185564237243,False,-1.1956577066202922,False
27101,Murray,2023,0.103,830.0,0.129,230.0,,,0.077,2.0,0.627,0.373,0.6,0.4,3.23,20.16,508000.0,9.0,MMG2025_2019-2023_Data_To_Share_v2.xlsx,True,-0.604158541082019,False,-1.0934685821489138,False,-0.8748075785961192,False,-1.182070616765604,False,,False,,False,-0.6745,False,,False,-0.3808210723878806,False,0.37462555671831976,False,-0.9076368659126614,False,0.8895189441653721,False,-1.9813508162905022,False,-1.9899525010464263,False,-1.1432870786423301,False
27101,Murray,2024,0.116,940.0,0.164,290.0,,,0.09,2.0,0.64,0.36,0.59,0.41,3.28,20.55,586000.0,9.0,MMG2026_2024_Data_To_Share.xlsx,True,-0.39679475085284793,False,-1.2025518326315456,False,-0.12400018787497218,False,-1.0450623261358407,False,,False,,False,0.0,False,,False,-0.14404017087373155,False,0.13748465745133642,False,-0.7929253032310547,False,0.6971135978018107,False,-2.462580025596887,False,-2.429569711501765,False,-1.1266079567856346,False
27103,Nicollet,2022,0.095,3270.0,0.13,970.0,,0.22,0.07,2.0,0.573,0.427,0.64,0.36,4.72,29.25,2901000.0,3.0,MMG2025_2019-2023_Data_To_Share_v2.xlsx,False,-0.33955293957275495,False,0.34965940807815216,False,-0.5826375337204142,False,0.3352570340360643,False,,False,-0.458794493339184,False,-0.6745,False,,False,-1.6557502648738698,False,1.5478594087473954,False,-0.6745,False,0.6745,False,2.66956849514305,False,2.742622302894819,False,0.4940692351631617,False
27103,Nicollet,2023,0.105,3620.0,0.136,1010.0,0.35,0.23,0.079,2.0,0.573,0.427,0.66,0.34,4.23,26.41,2900000.0,3.0,MMG2025_2019-2023_Data_To_Share_v2.xlsx,False,-0.4527090897353331,False,0.3516172553568152,False,-0.5946241532976331,False,0.31508951047093925,False,0.0,False,-0.682530520775409,False,-0.48133940895086774,False,,False,-1.0209642991401415,False,0.968646033541163,False,-0.44561510813177946,False,0.454720104047129,False,2.267572514394894,False,2.2249170866150907,False,0.4766371725626898,False
27103,Nicollet,2024,0.112,3840.0,0.155,1140.0,,0.19,0.08,2.0,0.534,0.466,0.48,0.52,4.28,26.8,3122000.0,3.0,MMG2026_2024_Data_To_Share.xlsx,False,-0.6246535626227279,False,0.33311042664122403,False,-0.404565782667469,False,0.2439718169547823,False,,False,-1.9505455157373401,False,-0.6745,False,,False,-1.3630023462586522,False,1.211803775606504,False,-1.724916421632702,False,1.4089921385377362,False,2.130486827314431,False,2.078803016563237,False,0.39574318075890585,False
27105,Nobles,2022,0.106,2350.0,0.17,1040.0,0.28,0.22,0.07,2.0,0.879,0.121,0.9,0.1,3.67,22.77,1623000.0,7.0,MMG2025_2019-2023_Data_To_Share_v2.xlsx,True,0.4054320495609026,False,0.008817289608282045,False,0.7746768287328012,False,0.4101395656894029,False,-0.21382846016103194,False,-0.458794493339184,False,-0.6745,False,,False,1.7727240265917787,False,-2.04296168073768,False,1.4095205133579922,False,-1.686120312573826,False,-2.049534269128966,False,-2.1688185564237243,False,-0.07108594860017337,False
27105,Nobles,2023,0.121,2660.0,0.163,1020.0,0.3,0.26,0.079,2.0,0.839,0.161,0.88,0.12,3.23,20.16,1627000.0,7.0,MMG2025_2019-2023_Data_To_Share_v2.xlsx,True,0.7491096205519451,False,0.049175858551641805,False,0.47014628480620924,False,0.32507133766957025,False,-0.6267950348731075,False,0.0,False,-0.48133940895086774,False,,False,1.942139964302998,False,-2.2079761499763584,False,1.1163064009022605,False,-1.3254753051046249,False,-1.9813508162905022,False,-1.9899525010464263,False,-0.06083760422161855,False
27105,Nobles,2024,0.152,3340.0,0.206,1310.0,0.32,0.26,0.08,2.0,0.776,0.224,0.89,0.11,3.28,20.55,2082000.0,7.0,MMG2026_2024_Data_To_Share.xlsx,True,1.6179335419935328,False,0.18084551736211466,False,1.1572586860375884,False,0.37499927850502157,False,-0.6745,False,0.0,False,-0.6745,False,,False,1.3093439578368948,False,-1.3706624050187655,False,1.4540217369018271,False,-1.5699398187053333,False,-2.462580025596887,False,-2.429569711501765,False,0.027060318271955878,False
27107,Norman,2022,0.101,650.0,0.14,210.0,,,0.08,2.0,0.703,0.297,0.77,0.23,4.23,26.21,517000.0,8.0,MMG2025_2019-2023_Data_To_Share_v2.xlsx,True,0.06772534888950556,False,-1.316433679687853,False,-0.23885686615519366,False,-1.3068177773888472,False,,False,,False,0.0,False,,False,-0.12418182510965958,False,0.12671896469764793,False,0.40581066032610835,False,-0.44331930674081843,False,0.5856883628637937,False,0.584848175677041,False,-1.184298471999489,False
27107,Norman,2023,0.112,720.0,0.151,220.0,,,0.094,2.0,0.672,0.328,0.84,0.17,3.71,23.18,506000.0,8.0,MMG2025_2019-2023_Data_To_Share_v2.xlsx,True,0.07521374711531983,False,-1.2328748419537872,False,0.0,False,-1.2269516330582149,False,,False,,False,0.9560538137257533,False,,False,0.13660615732867953,False,-0.13851926696615735,False,0.846399789457089,False,-0.8919426579582274,False,0.17076713555390977,False,0.18288214101343483,False,-1.1469554437285505,False
27107,Norman,2024,0.122,770.0,0.172,260.0,,,0.1,2.0,0.666,0.334,0.72,0.28,3.83,23.98,560000.0,8.0,MMG2026_2024_Data_To_Share.xlsx,True,-0.056533287389270534,False,-1.4200976973994528,False,0.1235762547814782,False,-1.1477094715494929,False,,False,,False,0.6683400966296782,False,,False,0.14291179398373563,False,-0.13881798712567983,False,0.22874393472874785,False,-0.2195419853602393,False,0.18190998956905421,False,0.1852292839656993,False,-1.167906553628113,False
27109,Olmsted,2022,0.08,12930.0,0.123,4810.0,0.35,0.23,0.06,2.0,0.565,0.435,0.59,0.41,4.34,26.92,10558000.0,3.0,MMG2025_2019-2023_Data_To_Share_v2.xlsx,False,-1.3675932567458238,False,1.768255201784353,False,-0.8250990094294409,False,2.056791453879832,False,0.5219057528888544,False,-0.2284647272636052,False,-1.355333425966273,False,,False,-1.7540940275217183,False,1.631034292066008,False,-1.1129815589357301,False,1.0761985987120106,False,1.0700101570282123,False,1.1096395483169925,False,1.7511453734818678,False
27109,Olmsted,2023,0.092,15090.0,0.126,4980.0,0.39,0.25,0.071,2.0,0.505,0.495,0.58,0.42,3.83,23.93,10952000.0,3.0,MMG2025_2019-2023_Data_To_Share_v2.xlsx,False,-1.4420706280837847,False,1.7529861382158867,False,-0.9954183759815983,False,1.9323378723493607,False,0.4849423988026809,False,-0.2256876165379926,False,-1.25614133795948,False,,False,-1.8590783301172251,False,1.6854806268843132,False,-1.065502767715319,False,1.0303201671903492,False,0.6745,False,0.6803704084364111,False,1.712340041290851,False
27109,Olmsted,2024,0.1,16490.0,0.139,5490.0,0.38,0.24,0.08,2.0,0.496,0.504,0.54,0.46,3.93,24.61,12310000.0,3.0,MMG2026_2024_Data_To_Share.xlsx,False,-1.3131805077253245,False,1.9239490107669348,False,-0.9087904447299847,False,1.7262834116657364,False,0.3298463258134781,False,-0.5460157475845662,False,-0.6745,False,,False,-1.8206102204381067,False,1.5781119817728546,False,-1.2082943396031895,False,1.0273376666648701,False,0.6301746551849843,False,0.626176950047479,False,1.6442106900389846,False
27111,Otter Tail,2022,0.098,5890.0,0.142,1840.0,0.36,0.28,0.08,2.0,0.725,0.275,0.82,0.18,3.85,23.84,4260000.0,6.0,MMG2025_2019-2023_Data_To_Share_v2.xlsx,True,-0.13563559944326656,False,0.9568497945295286,False,-0.1704627147984598,False,1.0234450300663718,False,0.6238842850233068,False,0.8957971317324541,False,0.0,False,,False,0.12338740264767763,False,-0.12780754391109664,False,0.8003159195377507,False,-0.9050387807419985,False,-1.1695235682818954,False,-1.2717603330887637,False,0.8679469015844601,False
27111,Otter Tail,2023,0.11,6610.0,0.151,1990.0,0.38,0.3,0.089,2.0,0.681,0.319,0.83,0.17,3.43,21.43,4296000.0,6.0,MMG2025_2019-2023_Data_To_Share_v2.xlsx,True,-0.07528147674816593,False,0.9426451200319755,False,0.0,False,1.002372929903191,False,0.3650278187706463,False,0.8851859793070364,False,0.4791243094946488,False,,False,0.23841890145933914,False,-0.24323262254488226,False,0.7780063029532448,False,-0.8919426579582274,False,-1.0563676224624765,False,-1.0406655119343964,False,0.8420754897864352,False
27111,Otter Tail,2024,0.119,7220.0,0.167,2200.0,0.39,0.31,0.09,2.0,0.675,0.325,0.78,0.22,3.56,22.26,4876000.0,6.0,MMG2026_2024_Data_To_Share.xlsx,True,-0.22643596156672097,False,1.0223193083404878,False,-0.030960189744333774,False,0.8638072295222682,False,0.49298112867036287,False,1.3279985492844626,False,0.0,False,,False,0.2411989648711315,False,-0.23571750836666147,False,0.6745,False,-0.6745,False,-1.0763982256557743,False,-1.0777435614497703,False,0.8014691530847133,False
27113,Pennington,2022,0.106,1480.0,0.155,490.0,,0.21,0.08,2.0,0.626,0.374,0.5,0.5,3.75,23.24,1043000.0,6.0,MMG2025_2019-2023_Data_To_Share_v2.xlsx,True,0.4054320495609026,False,-0.4681204469286515,False,0.27120076761343337,False,-0.39826739627632757,False,,False,-0.6910199989697903,False,0.0,False,,False,-1.0165893609707164,False,0.9847596888440826,False,-1.9381755226542232,False,1.7646146012764343,False,-1.6543040336733352,False,-1.7699109252388165,False,-0.5013656021698017,False
27113,Pennington,2023,0.119,1650.0,0.147,450.0,,0.25,0.095,2.0,0.63,0.37,0.58,0.42,3.48,21.76,1089000.0,6.0,MMG2025_2019-2023_Data_To_Share_v2.xlsx,True,0.5998237339541117,False,-0.4194571653782961,False,-0.15780531611805107,False,-0.5035569756065975,False,,False,-0.2256876165379926,False,1.0511781042273853,False,,False,-0.3458832556070649,False,0.34094281341665345,False,-1.065502767715319,False,1.0303201671903492,False,-0.8316478081992446,False,-0.8027969398887551,False,-0.4341842165740921,False
27113,Pennington,2024,0.14,1930.0,0.166,480.0,,0.31,0.1,2.0,0.585,0.415,0.52,0.48,3.6,22.51,1318000.0,6.0,MMG2026_2024_Data_To_Share.xlsx,True,0.9534393981240152,False,-0.4177130100257271,False,-0.06194692058899579,False,-0.5709506399389987,False,,False,1.3279985492844626,False,0.6683400966296782,False,,False,-0.7663473777384029,False,0.7049670351253466,False,-1.3782306794695678,False,1.1562712455083057,False,-0.8853529049114204,False,-0.8884806564292531,False,-0.38900509057176214,False
27115,Pine,2022,0.117,3410.0,0.17,960.0,0.22,,0.09,2.0,0.717,0.283,0.7,0.3,3.79,23.48,2428000.0,8.0,MMG2025_2019-2023_Data_To_Share_v2.xlsx,True,1.1430441468179473,False,0.3929126837176825,False,0.7746768287328012,False,0.3241209655898744,False,-0.8772212136950434,False,,False,0.6682833217153356,False,,False,0.03372946705647507,False,-0.03474785971362004,False,-0.16563724502031116,False,0.17249713903656166,False,-1.459178188485851,False,-1.5691866986278797,False,0.32086978342324896,False
27115,Pine,2023,0.126,3720.0,0.177,1000.0,0.19,0.3,0.1,2.0,0.674,0.326,0.69,0.31,3.47,21.71,2450000.0,8.0,MMG2025_2019-2023_Data_To_Share_v2.xlsx,True,1.1211621895818729,False,0.37836363336605794,False,1.0125574044940906,False,0.3050084587118862,False,-2.095132806521959,False,0.8851859793070364,False,1.5255002399377633,False,,False,0.15927849257993354,False,-0.161727442180195,False,-0.22082986834883622,False,0.2299636390067076,False,-0.8763904531275029,False,-0.838615075144957,False,0.3198297139090681,False
27115,Pine,2024,0.141,4190.0,0.202,1140.0,,0.28,0.1,2.0,0.68,0.32,0.67,0.33,3.64,22.78,2895000.0,8.0,MMG2026_2024_Data_To_Share.xlsx,True,1.0090804458776528,False,0.42832239997859617,False,1.0371721326713979,False,0.2439718169547823,False,,False,0.5374167161189786,False,0.6683400966296782,False,,False,0.2955750017557363,False,-0.28983537224970884,False,-0.15476307640570283,False,0.1435856539058311,False,-0.6959616769638929,False,-0.686324069802016,False,0.32704825428255185,False
27117,Pipestone,2022,0.106,1000.0,0.166,420.0,,0.3,0.08,2.0,0.714,0.286,0.76,0.24,4.04,25.02,759000.0,8.0,MMG2025_2019-2023_Data_To_Share_v2.xlsx,True,0.4054320495609026,False,-0.8723959714977236,False,0.6410504879998078,False,-0.5637275280155031,False,,False,1.3332514705260645,False,0.0,False,,False,0.0,False,0.0,False,0.3255734881363228,False,-0.3532310201954802,False,-0.27537150596154847,False,-0.3262290276554856,False,-0.8106691977558885,False
27117,Pipestone,2023,0.111,1040.0,0.149,380.0,,,0.085,2.0,0.762,0.238,0.93,0.07,3.59,22.41,707000.0,8.0,MMG2025_2019-2023_Data_To_Share_v2.xlsx,True,0.0,False,-0.8722621670292952,False,-0.07883398730367068,False,-0.674610825273842,False,,False,,False,0.09600141640223077,False,,False,1.1309436816221108,False,-1.2191464194826718,False,1.4457261978186886,False,-1.7788106955010017,False,-0.3459667116295161,False,-0.34419073742530787,False,-0.8358995700378672,False
27117,Pipestone,2024,0.123,1150.0,0.161,400.0,,0.26,0.09,2.0,0.752,0.248,0.96,0.04,3.68,23.03,803000.0,8.0,MMG2026_2024_Data_To_Share.xlsx,True,0.0,False,-0.9826165655317092,False,-0.2172802894927561,False,-0.742564837611283,False,,False,0.0,False,0.0,False,,False,1.0611340491408172,False,-1.0927088570379606,False,1.9267991066052228,False,-2.187230582708001,False,-0.508196144842719,False,-0.5011782333692699,False,-0.8399256677111674,False
27119,Polk,2022,0.111,3440.0,0.158,1200.0,,0.33,0.08,2.0,0.685,0.315,0.7,0.3,3.75,23.24,2425000.0,3.0,MMG2025_2019-2023_Data_To_Share_v2.xlsx,False,0.7416154852417424,False,0.40195002229812543,False,0.37241704579375334,False,0.5639403041851523,False,,False,1.9769730713877562,False,0.0,False,,False,-0.3291290403002085,False,0.33177706000146806,False,-0.16563724502031116,False,0.17249713903656166,False,-1.6543040336733352,False,-1.7699109252388165,False,0.31966669461377967,False
27119,Polk,2023,0.118,3630.0,0.16,1220.0,,0.37,0.084,2.0,0.66,0.34,0.74,0.26,3.48,21.76,2396000.0,3.0,MMG2025_2019-2023_Data_To_Share_v2.xlsx,False,0.5250807032448448,False,0.35432492066439303,False,0.3530660700633193,False,0.5064894411056824,False,,False,2.3706613825410003,False,0.0,False,,False,0.0,False,0.0,False,0.14509032940652036,False,-0.15632322742215868,False,-0.8316478081992446,False,-0.8027969398887551,False,0.2991040261290585,False
27119,Polk,2024,0.13,3980.0,0.182,1360.0,,0.37,0.09,2.0,0.602,0.398,0.63,0.37,3.6,22.51,2717000.0,3.0,MMG2026_2024_Data_To_Share.xlsx,False,0.3943290773623748,False,0.3721971005262456,False,0.43068107001022343,False,0.4103111560914633,False,,False,2.8562504620685503,False,0.0,False,,False,-0.5717214359351678,False,0.5319534214643942,False,-0.4699286910721157,False,0.4243905500836017,False,-0.8853529049114204,False,-0.8884806564292531,False,0.2693024177130874,False
27121,Pope,2022,0.098,1110.0,0.123,290.0,,,0.07,2.0,0.581,0.419,0.65,0.35,4.18,25.93,873000.0,8.0,MMG2025_2019-2023_Data_To_Share_v2.xlsx,True,-0.13563559944326656,False,-0.7647926168395575,False,-0.8250990094294409,False,-0.961006608723834,False,,False,,False,-0.6745,False,,False,-1.557905394733471,False,1.4642169199741941,False,-0.5884096254090763,False,0.5923900878372668,False,0.36216483148890094,False,0.37411351599585396,False,-0.6745,False
27121,Pope,2023,0.107,1210.0,0.134,330.0,,,0.078,2.0,0.574,0.426,0.62,0.38,3.67,22.91,841000.0,8.0,MMG2025_2019-2023_Data_To_Share_v2.xlsx,True,-0.3015335073469865,False,-0.7237506879324841,False,-0.6745,False,-0.8172818219343057,False,,False,,False,-0.5778749084135717,False,,False,-1.00891129194767,False,0.9578513458648574,False,-0.7517320819690898,False,0.7466917348512258,False,0.0,False,0.0,False,-0.6745,False
27121,Pope,2024,0.112,1280.0,0.137,330.0,,,0.08,2.0,0.57,0.43,0.56,0.44,3.85,24.1,936000.0,8.0,MMG2026_2024_Data_To_Share.xlsx,True,-0.6246535626227279,False,-0.8657834266602997,False,-0.9723159783333735,False,-0.9235540292131641,False,,False,,False,-0.6745,False,,False,-0.9398175931993521,False,0.8559085878694742,False,-1.0405507879484421,False,0.8966256376219776,False,0.2723008214190662,False,0.2700704216905298,False,-0.7004580835947056,False
27123,Ramsey,2022,0.105,57430.0,0.19,24000.0,0.31,0.25,0.08,2.0,0.683,0.317,0.81,0.19,4.81,29.81,51931000.0,1.0,MMG2025_2019-2023_Data_To_Share_v2.xlsx,False,0.3380130116535156,False,3.3070082010725987,False,1.4360291590715193,False,3.7857019277575383,True,0.1062946226244724,False,0.22662964940164504,False,0.0,False,,False,-0.35203596539542864,False,0.35438780676139814,False,0.7222891491080521,False,-0.8111492564680071,False,3.032832744085045,False,3.116333166058862,False,3.3013225702340336,False
27123,Ramsey,2023,0.119,64830.0,0.194,24470.0,0.35,0.27,0.091,2.0,0.659,0.341,0.83,0.17,4.22,26.35,51819000.0,1.0,MMG2025_2019-2023_Data_To_Share_v2.xlsx,False,0.5998237339541117,False,3.1841398867135244,False,1.6625913456420054,False,3.5467134997296514,True,0.0,False,0.22390350605169151,False,0.6701583607268385,False,,False,-0.011428386112026184,False,0.011487222718209754,False,0.7780063029532448,False,-0.8919426579582274,False,2.2292522629401264,False,2.189227153698902,False,3.1576713623484878,False
27123,Ramsey,2024,0.131,71270.0,0.2,25060.0,0.36,0.27,0.1,2.0,0.639,0.361,0.79,0.21,4.33,27.11,58611000.0,1.0,MMG2026_2024_Data_To_Share.xlsx,False,0.4504623060534549,False,3.521985496043085,True,0.9769789142370019,False,3.1585908838059824,False,0.0,False,0.2697662759130265,False,0.6683400966296782,False,,False,-0.15516743371858668,False,0.14800590595639446,False,0.7473290133466374,False,-0.7524960934608818,False,2.3366575352638344,False,2.2751233933447557,False,3.0642797376070723,False
27125,Red Lake,2022,0.101,400.0,0.138,130.0,,,0.07,2.0,0.637,0.363,0.67,0.33,3.75,23.24,282000.0,8.0,MMG2025_2019-2023_Data_To_Share_v2.xlsx,True,0.06772534888950556,False,-1.8165152850247837,False,-0.30737111265937495,False,-1.8195783059199255,False,,False,,False,-0.6745,False,,False,-0.8865466278949704,False,0.8651707705366368,False,-0.4177831878030932,False,0.4263296528273682,False,-1.6543040336733352,False,-1.7699109252388165,False,-1.7741268109039456,False
27125,Red Lake,2023,0.103,410.0,0.125,120.0,,,0.073,2.0,0.602,0.398,0.57,0.43,3.48,21.76,271000.0,8.0,MMG2025_2019-2023_Data_To_Share_v2.xlsx,True,-0.604158541082019,False,-1.7846908647484618,False,-1.0356933953120313,False,-1.8378446178870622,False,,False,,False,-1.0618996235738158,False,,False,-0.6745,False,0.6524862416551753,False,-1.1451866780302002,False,1.099978837544883,False,-0.8316478081992446,False,-0.8027969398887551,False,-1.72761947516749,False
27125,Red Lake,2024,0.11,430.0,0.135,130.0,,,0.07,2.0,0.593,0.407,0.52,0.48,3.6,22.51,294000.0,8.0,MMG2026_2024_Data_To_Share.xlsx,True,-0.7388905167806744,False,-2.055065624255357,False,-1.035953352722662,False,-1.7980328817166598,False,,False,,False,-1.3552745086803053,False,,False,-0.6745,False,0.6238092956950216,False,-1.3782306794695678,False,1.1562712455083057,False,-0.8853529049114204,False,-0.8884806564292531,False,-1.7542718654686844,False
27127,Redwood,2022,0.096,1490.0,0.129,500.0,,0.2,0.07,2.0,0.738,0.262,0.86,0.14,3.99,24.76,1119000.0,9.0,MMG2025_2019-2023_Data_To_Share_v2.xlsx,True,-0.2715184836167343,False,-0.4611752156634707,False,-0.6171827802076615,False,-0.3765784638998149,False,,False,-0.925172709249665,False,-0.6745,False,,False,0.2681984626880387,False,-0.28028210709291207,False,1.1081937624778218,False,-1.2887265475776486,False,-0.5073636638031448,False,-0.5308298005895746,False,-0.43292350146397024,False
27127,Redwood,2023,0.116,1790.0,0.145,550.0,,0.24,0.082,2.0,0.679,0.321,0.79,0.21,3.55,22.21,1206000.0,9.0,MMG2025_2019-2023_Data_To_Share_v2.xlsx,True,0.37539386955769094,False,-0.33954565526221964,False,-0.23691446582050757,False,-0.3004566312493857,False,,False,-0.45318800443030594,False,-0.192268805725513,False,,False,0.2158410342939955,False,-0.21990137362744078,False,0.5006431089622551,False,-0.5582534289343021,False,-0.5212179422762082,False,-0.48392990045111933,False,-0.3392855161397547,False
27127,Redwood,2024,0.13,1990.0,0.164,620.0,,0.21,0.09,2.0,0.692,0.308,0.78,0.22,3.66,22.89,1382000.0,9.0,MMG2026_2024_Data_To_Share.xlsx,True,0.3943290773623748,False,-0.384305073263755,False,-0.12400018787497218,False,-0.3299401455728886,False,,False,-1.381778079737094,False,0.0,False,,False,0.4254200115953551,False,-0.42055918441987955,False,0.6745,False,-0.6745,False,-0.601877445121581,False,-0.6046212527705265,False,-0.34585615970801975,False
27129,Renville,2022,0.103,1520.0,0.157,540.0,,0.28,0.07,2.0,0.752,0.248,0.77,0.23,4.1,25.44,1173000.0,9.0,MMG2025_2019-2023_Data_To_Share_v2.xlsx,True,0.2029917042111625,False,-0.44061562200699095,False,0.33870745116262474,False,-0.293947870450184,False,,False,0.8957971317324541,False,-0.6745,False,,False,0.4229424453267678,False,-0.4462520824830498,False,0.40581066032610835,False,-0.44331930674081843,False,0.0,False,0.0,False,-0.3870622405811775,False
27129,Renville,2023,0.116,1690.0,0.158,540.0,,0.3,0.081,2.0,0.718,0.282,0.8,0.2,3.61,22.58,1157000.0,9.0,MMG2025_2019-2023_Data_To_Share_v2.xlsx,True,0.37539386955769094,False,-0.39595397676031796,False,0.27484425380299377,False,-0.3190312430863374,False,,False,0.8851859793070364,False,-0.2885365229046153,False,,False,0.651333139432836,False,-0.6813621308353288,False,0.570560692099664,False,-0.6406299995414972,False,-0.2589129863483221,False,-0.22634791977781574,False,-0.3778577734116544,False
27129,Renville,2024,0.13,1890.0,0.185,630.0,,0.29,0.08,2.0,0.722,0.278,0.8,0.2,3.72,23.27,1334000.0,9.0,MMG2026_2024_Data_To_Share.xlsx,True,0.3943290773623748,False,-0.44056674967283704,False,0.5223060096079639,False,-0.314869166461935,False,,False,0.8029842524154338,False,-0.6745,False,,False,0.7460459598103041,False,-0.7526891180388199,False,0.8197522919237519,False,-0.8311394648059667,False,-0.32202863662416387,False,-0.3252415453973702,False,-0.3780245379398596,False
27131,Rice,2022,0.086,5750.0,0.142,2040.0,0.37,0.22,0.07,2.0,0.591,0.409,0.75,0.25,4.53,28.09,4899000.0,4.0,MMG2025_2019-2023_Data_To_Share_v2.xlsx,True,-0.9546739660992619,False,0.9320267381103369,False,-0.1704627147984598,False,1.1343865958114816,False,0.7251157149766931,False,-0.458794493339184,False,-0.6745,False,,False,-1.4362932096009018,False,1.3589981751738065,False,0.244879121615236,False,-0.26386634215742166,False,1.883531455897973,False,1.945989666058494,False,1.0039490235251354,False
27131,Rice,2023,0.098,6580.0,0.141,2060.0,0.41,0.23,0.078,2.0,0.526,0.474,0.65,0.35,3.99,24.96,4981000.0,4.0,MMG2025_2019-2023_Data_To_Share_v2.xlsx,True,-0.9839868831484506,False,0.9381796841129553,False,-0.3955481579878137,False,1.0374159927365372,False,0.7222049651268924,False,-0.682530520775409,False,-0.5778749084135717,False,,False,-1.5962740393264931,False,1.4676453686203932,False,-0.5214472041867975,False,0.528522078140969,False,1.3270164101847228,False,1.3397292493481334,False,0.9796553527049319,False
27131,Rice,2024,0.11,7490.0,0.163,2370.0,0.38,0.26,0.08,2.0,0.527,0.473,0.67,0.33,4.11,25.73,5845000.0,4.0,MMG2026_2024_Data_To_Share.xlsx,True,-0.7388905167806744,False,1.0623979434490138,False,-0.15506681575785147,False,0.9339979220766577,False,0.3298463258134781,False,0.0,False,-0.6745,False,,False,-1.4464406021823837,False,1.2799897538964031,False,-0.15476307640570283,False,0.1435856539058311,False,1.4146051280231322,False,1.3839503074020576,False,0.9664175146357702,False
27133,Rock,2022,0.088,850.0,0.126,310.0,,,0.07,2.0,0.759,0.241,0.82,0.18,4.09,25.33,653000.0,2.0,MMG2025_2019-2023_Data_To_Share_v2.xlsx,False,-0.8175410086921969,False,-1.0399429170871417,False,-0.7210024069354221,False,-0.8895029113970389,False,,False,,False,-0.6745,False,,False,0.49985134850734414,False,-0.529936577548793,False,0.8003159195377507,False,-0.9050387807419985,False,-0.045669535135132146,False,-0.08493731696690791,False,-0.9570470055037266,False
27133,Rock,2023,0.098,940.0,0.141,330.0,,,0.083,2.0,0.716,0.284,0.87,0.13,3.63,22.67,646000.0,2.0,MMG2025_2019-2023_Data_To_Share_v2.xlsx,False,-0.9839868831484506,False,-0.9714178872006984,False,-0.3955481579878137,False,-0.8172818219343057,False,,False,,False,-0.09609001947562665,False,,False,0.6292418076641748,False,-0.6573580397084839,False,1.049371982436297,False,-1.2372407704505664,False,-0.17223611820034973,False,-0.1643040369852217,False,-0.9198082166800324,False
27133,Rock,2024,0.105,1010.0,0.146,340.0,,,0.09,2.0,0.649,0.351,0.7,0.3,3.72,23.26,712000.0,2.0,MMG2026_2024_Data_To_Share.xlsx,False,-1.0253858607250703,False,-1.1242130883132522,False,-0.687326176249265,False,-0.8954738840704324,False,,False,,False,0.0,False,,False,-0.04419904492369262,False,0.042443790761768296,False,0.07669606247156295,False,-0.07261699794008987,False,-0.32202863662416387,False,-0.3325374381538099,False,-0.9493777673059497,False
27135,Roseau,2022,0.095,1450.0,0.145,530.0,,,0.08,2.0,0.681,0.319,0.69,0.31,3.75,23.24,1022000.0,9.0,MMG2025_2019-2023_Data_To_Share_v2.xlsx,True,-0.33955293957275495,False,-0.4892410503990456,False,-0.06809574740319546,False,-0.31401812809256907,False,,False,,False,0.0,False,,False,-0.3749701282201289,False,0.37696424281503993,False,-0.2491880655816627,False,0.25775305506580154,False,-1.6543040336733352,False,-1.7699109252388165,False,-0.5211581014404073,False
27135,Roseau,2023,0.107,1640.0,0.157,570.0,,,0.089,2.0,0.638,0.362,0.66,0.34,3.48,21.76,1082000.0,9.0,MMG2025_2019-2023_Data_To_Share_v2.xlsx,True,-0.3015335073469865,False,-0.42542193960726205,False,0.2356826692727102,False,-0.26429788298799467,False,,False,,False,0.4791243094946488,False,,False,-0.2530291843060109,False,0.25076029304950903,False,-0.44561510813177946,False,0.454720104047129,False,-0.8316478081992446,False,-0.8027969398887551,False,-0.4401810243169883,False
27135,Roseau,2024,0.118,1800.0,0.172,630.0,,,0.09,2.0,0.63,0.37,0.71,0.29,3.6,22.51,1229000.0,9.0,MMG2026_2024_Data_To_Share.xlsx,True,-0.28317142435127896,False,-0.493806863352878,False,0.1235762547814782,False,-0.314869166461935,False,,False,,False,0.0,False,,False,-0.2556193986342646,False,0.24235075245300117,False,0.1529422920780899,False,-0.14579475045059626,False,-0.8853529049114204,False,-0.8884806564292531,False,-0.45262753742188266,False
27137,St. Louis,2022,0.115,23040.0,0.158,5930.0,0.4,0.24,0.1,2.0,0.724,0.276,0.72,0.28,4.25,26.33,18404000.0,2.0,MMG2025_2019-2023_Data_To_Share_v2.xlsx,False,1.009474682172469,False,2.364420834897316,False,0.37241704579375334,False,2.281929658226575,False,1.0244348923945432,False,0.0,False,1.330463514170828,False,,False,0.11220292644963345,False,-0.11614320109138628,False,0.0,False,0.0,False,0.6745,False,0.6745,False,2.2918808231377095,False
27137,St. Louis,2023,0.124,24820.0,0.165,6200.0,0.44,0.26,0.11,2.0,0.69,0.31,0.7,0.3,3.75,23.44,17650000.0,2.0,MMG2025_2019-2023_Data_To_Share_v2.xlsx,False,0.9725397961636382,False,2.2415209137674266,False,0.54803209653547,False,2.1545167526744002,False,1.0718620311267106,False,0.0,False,2.4677105501745253,False,,False,0.33968799737687816,False,-0.34866292566129464,False,-0.14678733079017459,False,0.15389951362930265,False,0.340090134281859,False,0.35707096225679175,False,2.1561159028089576,False
27137,St. Louis,2024,0.138,27590.0,0.186,6900.0,0.53,0.29,0.11,2.0,0.7,0.3,0.68,0.32,3.84,24.04,20119000.0,2.0,MMG2026_2024_Data_To_Share.xlsx,False,0.842010728760496,False,2.485869754996597,False,0.5527961162801804,False,1.9419083950164893,False,2.6611983926653955,False,0.8029842524154338,False,1.3306317836565151,False,,False,0.5114727507197467,False,-0.5083763797763976,False,-0.07715123464583137,False,0.07206477208054776,False,0.22715209500654057,False,0.2277006762419972,False,2.0912520665589405,False
27139,Scott,2022,0.062,9310.0,0.094,3760.0,0.25,0.2,0.04,2.0,0.505,0.495,0.59,0.41,4.59,28.48,8043000.0,1.0,MMG2025_2019-2023_Data_To_Share_v2.xlsx,False,-2.6202570515129997,False,1.4292955010207502,False,-1.845948167823022,False,1.7919239898676091,False,-0.5415440981898588,False,-0.925172709249665,False,-2.7364842732944172,False,,False,-2.5081038635365145,False,2.240451984665315,False,-1.1129815589357301,False,1.0761985987120106,False,2.1346341159179065,False,2.217313609143775,False,1.486383060478079,False
27139,Scott,2023,0.07,10640.0,0.09,3640.0,0.27,0.22,0.049,2.0,0.441,0.559,0.54,0.46,4.05,25.34,8177000.0,1.0,MMG2025_2019-2023_Data_To_Share_v2.xlsx,False,-3.1435184716075195,False,1.40996126609286,False,-2.468348616777081,False,1.6145327732590127,False,-1.0145503251117163,False,-0.9137452416369045,False,-3.4170657321724414,False,,False,-2.6832310780068855,False,2.330965937459296,False,-1.3873197263537238,False,1.306069004125175,False,1.5663299197755922,False,1.5764014762648384,False,1.4406171996680739,False
27139,Scott,2024,0.071,11040.0,0.107,4270.0,0.34,0.19,0.05,2.0,0.48,0.52,0.51,0.49,4.2,26.28,8801000.0,1.0,MMG2026_2024_Data_To_Share.xlsx,False,-3.00862885850855,False,1.4859207508369088,False,-1.9388446682724696,False,1.4892366301754807,False,-0.3347331155026095,False,-1.9505455157373401,False,-2.7361217377913203,False,,False,-2.0167749800594805,False,1.729585966139229,False,-1.464039208059523,False,1.2200861119790973,False,1.7965177420471559,False,1.744522517361389,False,1.3388623357590848,False
27141,Sherburne,2022,0.072,7040.0,0.102,2590.0,0.26,0.18,0.05,2.0,0.517,0.483,0.52,0.48,4.52,27.99,5977000.0,1.0,MMG2025_2019-2023_Data_To_Share_v2.xlsx,False,-1.9217351501309143,False,1.140890868219197,False,-1.5616565396187236,False,1.3910611946351743,False,-0.43143970378855717,False,-1.3993895804839762,False,-2.042620345517756,False,,False,-2.354925332451766,False,2.12054910463371,False,-1.7505989657202095,False,1.6152721898475766,False,1.8414162938456726,False,1.8758334527878089,False,1.1974863000130345,False
27141,Sherburne,2023,0.08,7900.0,0.105,2700.0,0.3,0.2,0.059,2.0,0.514,0.486,0.57,0.43,4.01,25.07,6008000.0,1.0,MMG2025_2019-2023_Data_To_Share_v2.xlsx,False,-2.3658377540599194,False,1.1176550845904243,False,-1.8488009595790136,False,1.311672132274026,False,-0.6267950348731075,False,-1.3819153389930598,False,-2.42926393226172,False,,False,-1.7460017078881467,False,1.5924997391696671,False,-1.1451866780302002,False,1.099978837544883,False,1.4071058180644325,False,1.4085940434362927,False,1.1539813728102404,False
27141,Sherburne,2024,0.083,8370.0,0.121,3130.0,0.32,0.17,0.06,2.0,0.502,0.498,0.51,0.49,4.14,25.9,6576000.0,1.0,MMG2026_2024_Data_To_Share.xlsx,False,-2.3015618120653687,False,1.183665045249388,False,-1.4845799188308157,False,1.196307916117271,False,-0.6745,False,-2.528953535512591,False,-2.042441359763061,False,,False,-1.7475888546264542,False,1.5208934194536643,False,-1.464039208059523,False,1.2200861119790973,False,1.5426516410565254,False,1.496186081377475,False,1.0736523014577988,False
27143,Sibley,2022,0.096,1430.0,0.13,450.0,,0.28,0.07,2.0,0.618,0.382,0.62,0.38,4.16,25.78,1118000.0,8.0,MMG2025_2019-2023_Data_To_Share_v2.xlsx,True,-0.2715184836167343,False,-0.5035654645429914,False,-0.5826375337204142,False,-0.4896798680762803,False,,False,0.8957971317324541,False,-0.6745,False,,False,-1.1117196581994429,False,1.071133623773879,False,-0.8482668795764855,False,0.836923944505301,False,0.2721507127275769,False,0.2603168458975212,False,-0.43379350397085603,False
27143,Sibley,2023,0.111,1650.0,0.139,470.0,,0.36,0.079,2.0,0.613,0.387,0.71,0.29,3.71,23.18,1160000.0,8.0,MMG2025_2019-2023_Data_To_Share_v2.xlsx,True,0.0,False,-0.4194571653782961,False,-0.4750736718490973,False,-0.4595524390782695,False,,False,2.163161216274772,False,-0.48133940895086774,False,,False,-0.5447206643632698,False,0.5308447942106279,False,-0.07317906281108744,False,0.07724801467325831,False,0.17076713555390977,False,0.18288214101343483,False,-0.37544966578646743,False
27143,Sibley,2024,0.123,1850.0,0.163,550.0,,0.31,0.08,2.0,0.608,0.392,0.65,0.35,3.82,23.93,1343000.0,8.0,MMG2026_2024_Data_To_Share.xlsx,True,0.0,False,-0.46390911492153053,False,-0.15506681575785147,False,-0.4427700474715829,False,,False,1.3279985492844626,False,-0.6745,False,,False,-0.5035226766293813,False,0.47038705581489587,False,-0.31139081303360766,False,0.28502815817624993,False,0.13657411804287933,False,0.1497584575873777,False,-0.37190570997070493,False
27145,Stearns,2022,0.102,16140.0,0.167,6160.0,0.4,0.22,0.08,2.0,0.684,0.316,0.71,0.29,4.11,25.47,12471000.0,3.0,MMG2025_2019-2023_Data_To_Share_v2.xlsx,False,0.135389213114282,False,1.997098557502476,False,0.6745,False,2.322857346575843,False,1.0244348923945432,False,-0.458794493339184,False,0.0,False,,False,-0.34057910217584125,False,0.34308672873647295,False,-0.08257646141493963,False,0.0865828696475769,False,0.04558007467603316,False,0.02310339790398362,False,1.9131877662512897,False
27145,Stearns,2023,0.113,18080.0,0.168,6300.0,0.41,0.26,0.09,2.0,0.652,0.348,0.7,0.31,3.62,22.6,12392000.0,3.0,MMG2025_2019-2023_Data_To_Share_v2.xlsx,False,0.15035988635895503,False,1.9304591592828877,False,0.6646104666830545,False,2.170740830184328,False,0.7222049651268924,False,0.0,False,0.574685150266255,False,,False,-0.09162049789052087,False,0.09165873098448783,False,-0.14678733079017459,False,0.2299636390067076,False,-0.2155276491705307,False,-0.21253994986503544,False,1.8272135139344616,False
27145,Stearns,2024,0.122,19670.0,0.172,6550.0,0.41,0.24,0.1,2.0,0.654,0.346,0.68,0.32,3.72,23.26,13879000.0,3.0,MMG2026_2024_Data_To_Share.xlsx,False,-0.056533287389270534,False,2.1164664281906203,False,0.1235762547814782,False,1.8928045188952607,False,0.8157590758747707,False,-0.5460157475845662,False,0.6683400966296782,False,,False,0.011033049546177672,False,-0.010630641369922747,False,-0.07715123464583137,False,0.07206477208054776,False,-0.32202863662416387,False,-0.3325374381538099,False,1.7533791541132298,False
27147,Steele,2022,0.088,3290.0,0.122,1120.0,0.29,0.23,0.07,2.0,0.697,0.303,0.87,0.13,4.3,26.64,2658000.0,5.0,MMG2025_2019-2023_Data_To_Share_v2.xlsx,True,-0.8175410086921969,False,0.35595054289637323,False,-0.8598596828719643,False,0.48978626142189424,False,-0.1062946226244724,False,-0.2284647272636052,False,-0.6745,False,,False,-0.1922558792915156,False,0.19538617199748953,False,1.184128652224836,False,-1.386752226626131,False,0.8950572976170684,False,0.9042909280526736,False,0.40894109621247293,False
27147,Steele,2023,0.094,3530.0,0.124,1140.0,0.34,0.26,0.073,2.0,0.636,0.364,0.78,0.22,3.83,23.94,2563000.0,5.0,MMG2025_2019-2023_Data_To_Share_v2.xlsx,True,-1.2890969819613873,False,0.32690624913506716,False,-1.0760042305825592,False,0.43776574826458936,False,-0.12348084527730596,False,0.0,False,-1.0618996235738158,False,,False,-0.27620011715647763,False,0.2733554861567286,False,0.4303338286380132,False,-0.47655486247950485,False,0.6745,False,0.686901990451598,False,0.3617606871724936,False
27147,Steele,2024,0.11,4100.0,0.146,1330.0,0.36,0.26,0.08,2.0,0.624,0.376,0.73,0.27,3.94,24.68,3070000.0,5.0,MMG2026_2024_Data_To_Share.xlsx,True,-0.7388905167806744,False,0.4046210883283903,False,-0.687326176249265,False,0.389283021898179,False,0.0,False,0.0,False,-0.6745,False,,False,-0.32289598453574925,False,0.3049036179723423,False,0.3041061450984691,False,-0.29386763586257897,False,0.6745,False,0.6745,False,0.38045853919356476,False
27149,Stevens,2022,0.096,930.0,0.127,270.0,,0.22,0.07,2.0,0.693,0.307,0.69,0.31,4.18,25.93,732000.0,7.0,MMG2025_2019-2023_Data_To_Share_v2.xlsx,True,-0.2715184836167343,False,-0.9472154960032031,False,-0.6863651624428001,False,-1.0376036956403865,False,,False,-0.458794493339184,False,-0.6745,False,,False,-0.23777242823359443,False,0.2409888697834508,False,-0.2491880655816627,False,0.25775305506580154,False,0.36216483148890094,False,0.37411351599585396,False,-0.8459160115352226,False
27149,Stevens,2023,0.108,1050.0,0.134,290.0,,0.23,0.084,2.0,0.67,0.33,0.75,0.25,3.67,22.91,730000.0,7.0,MMG2025_2019-2023_Data_To_Share_v2.xlsx,True,-0.22604810783503657,False,-0.862875873566394,False,-0.6745,False,-0.9478987956932527,False,,False,-0.682530520775409,False,0.0,False,,False,0.11390668582289808,False,-0.11534601753689028,False,0.21701129250088222,False,-0.23541782749546405,False,0.0,False,0.0,False,-0.8061289172808679,False
27149,Stevens,2024,0.13,1270.0,0.172,370.0,,0.25,0.09,2.0,0.65,0.35,0.67,0.33,3.85,24.1,929000.0,7.0,MMG2026_2024_Data_To_Share.xlsx,True,0.3943290773623748,False,-0.8743398775621525,False,0.1235762547814782,False,-0.8159248285769374,False,,False,-0.27191583064842983,False,0.0,False,,False,-0.03313924048155557,False,0.031844635929699355,False,-0.15476307640570283,False,0.1435856539058311,False,0.2723008214190662,False,0.2700704216905298,False,-0.707289229644928,False
27151,Swift,2022,0.113,1110.0,0.179,400.0,,0.33,0.09,2.0,0.862,0.138,1.0,0.0,4.1,25.44,856000.0,9.0,MMG2025_2019-2023_Data_To_Share_v2.xlsx,True,0.8756654158459577,False,-0.7647926168395575,False,1.0736733366980273,False,-0.6160850441352325,False,,False,1.9769730713877562,False,0.6682833217153356,False,,False,1.597427611576354,False,-1.8190320310673684,False,2.1359270699693766,False,-2.7465263712321506,False,0.0,False,0.0,False,-0.6936361368754842,False
27151,Swift,2023,0.125,1220.0,0.181,410.0,,0.38,0.096,2.0,0.821,0.179,1.0,0.0,3.61,22.58,835000.0,9.0,MMG2025_2019-2023_Data_To_Share_v2.xlsx,True,1.0468840200756422,False,-0.7156766389894357,False,1.1663473103626225,False,-0.5977448474742908,False,,False,2.5766524433367515,False,1.1462155628680253,False,,False,1.755593481480429,False,-1.9710696104260257,False,1.8928534661684164,False,-2.450412076765461,False,-0.2589129863483221,False,-0.22634791977781574,False,-0.6811582389544181,False
27151,Swift,2024,0.157,1530.0,0.221,480.0,,0.41,0.11,2.0,0.808,0.192,0.95,0.05,3.72,23.27,1080000.0,9.0,MMG2026_2024_Data_To_Share.xlsx,True,1.892765547564283,False,-0.6711376576158717,False,1.604063130597412,False,-0.5709506399389987,False,,False,3.8383400002393566,True,1.3306317836565151,False,,False,1.6351230947877415,False,-1.749867572789574,False,1.860303079872194,False,-2.096545949437872,False,-0.32202863662416387,False,-0.3252415453973702,False,-0.5702360241833795,False
27153,Todd,2022,0.109,2750.0,0.167,1010.0,,0.24,0.08,2.0,0.793,0.207,0.85,0.15,4.18,25.92,2162000.0,8.0,MMG2025_2019-2023_Data_To_Share_v2.xlsx,True,0.6073240231004619,False,0.17097799087437485,False,0.6745,False,0.37868309616204016,False,,False,0.0,False,0.0,False,,False,0.8691077697601264,False,-0.9432372794451891,False,1.031849518248029,False,-1.1915569989285542,False,0.36216483148890094,False,0.36654681425550323,False,0.20795715888263092,False
27153,Todd,2023,0.116,2940.0,0.172,1070.0,,0.28,0.09,2.0,0.792,0.208,0.89,0.11,3.77,23.57,2102000.0,8.0,MMG2025_2019-2023_Data_To_Share_v2.xlsx,True,0.37539386955769094,False,0.14740254034645814,False,0.8195833741232331,False,0.3735578877790726,False,,False,0.44605088809774174,False,0.574685150266255,False,,False,1.451132595245946,False,-1.5968911506091084,False,1.1828857279450615,False,-1.4145011914384047,False,0.42421767516373277,False,0.4434716929371515,False,0.17736548079402142,False
27153,Todd,2024,0.126,3220.0,0.187,1180.0,,0.27,0.09,2.0,0.787,0.213,0.91,0.09,3.91,24.49,2392000.0,8.0,MMG2026_2024_Data_To_Share.xlsx,True,0.16929830645461222,False,0.14090942676391865,False,0.5832605254300317,False,0.2764788477007926,False,,False,0.2697662759130265,False,0.0,False,,False,1.4219879393824704,False,-1.4998842406823554,False,1.590864525536048,False,-1.742244053846593,False,0.5412535970398981,False,0.5430293207741974,False,0.15336945825977005,False
27155,Traverse,2022,0.098,330.0,0.147,110.0,,,0.07,2.0,0.775,0.225,0.88,0.12,4.18,25.93,260000.0,9.0,MMG2025_2019-2023_Data_To_Share_v2.xlsx,True,-0.13563559944326656,False,-2.0145083400627577,False,0.0,False,-1.9977921618711603,False,,False,,False,-0.6745,False,,False,0.6745,False,-0.7230016517707886,False,1.2596585539681064,False,-1.4856492564680075,False,0.36216483148890094,False,0.37411351599585396,False,-1.8531668815375235,False
27155,Traverse,2023,0.116,380.0,0.166,120.0,,,0.088,2.0,0.727,0.273,0.88,0.12,3.67,22.91,264000.0,9.0,MMG2025_2019-2023_Data_To_Share_v2.xlsx,True,0.37539386955769094,False,-1.8591051666718954,False,0.5869248756476364,False,-1.8378446178870622,False,,False,,False,0.38347567740084687,False,,False,0.7504269240093087,False,-0.7898460175368899,False,1.1163064009022605,False,-1.3254753051046249,False,0.0,False,0.0,False,-1.7519554206117907,False
27155,Traverse,2024,0.132,430.0,0.177,120.0,,,0.1,2.0,0.774,0.226,0.89,0.11,3.85,24.1,314000.0,9.0,MMG2026_2024_Data_To_Share.xlsx,True,0.506545925167866,False,-2.055065624255357,False,0.277454815474566,False,-1.8729470802856725,False,,False,,False,0.6683400966296782,False,,False,1.2887882972186782,False,-1.347292346037078,False,1.4540217369018271,False,-1.5699398187053333,False,0.2723008214190662,False,0.2700704216905298,False,-1.6943818399470736,False
27157,Wabasha,2022,0.089,1910.0,0.122,560.0,,0.33,0.06,2.0,0.58,0.42,0.65,0.35,4.03,24.98,1447000.0,3.0,MMG2025_2019-2023_Data_To_Share_v2.xlsx,False,-0.749069032057747,False,-0.20503957486836077,False,-0.8598596828719643,False,-0.2548969544113804,False,,False,1.9769730713877562,False,-1.355333425966273,False,,False,-1.5701088931874432,False,1.474697983108937,False,-0.5884096254090763,False,0.5923900878372668,False,-0.32158526630005,False,-0.35757264030186214,False,-0.18278187158890527,False
27157,Wabasha,2023,0.099,2140.0,0.131,620.0,,0.39,0.072,2.0,0.523,0.477,0.57,0.43,4.28,26.76,1737000.0,3.0,MMG2025_2019-2023_Data_To_Share_v2.xlsx,False,-0.9078830323947538,False,-0.1642956594096163,False,-0.7945782987596195,False,-0.17916861463843173,False,,False,2.7811561910848828,False,-1.158975181852806,False,,False,-1.6335952836018615,False,1.4989539961589826,False,-1.1451866780302002,False,1.099978837544883,False,2.4580813281717995,False,2.431563862472783,False,0.0,False
27157,Wabasha,2024,0.097,2080.0,0.127,600.0,,0.34,0.07,2.0,0.517,0.483,0.54,0.46,4.13,25.85,1631000.0,3.0,MMG2026_2024_Data_To_Share.xlsx,False,-1.4864858796111677,False,-0.3360350416360101,False,-1.291629179601345,False,-0.3608241874716291,False,,False,2.1006788691600207,False,-1.3552745086803053,False,,False,-1.5663040220049123,False,1.3768382826681926,False,-1.2082943396031895,False,1.0273376666648701,False,1.5000526983213418,False,1.4632493583459965,False,-0.19510371803406285,False
27159,Wadena,2022,0.12,1700.0,0.17,630.0,,,0.11,2.0,0.837,0.163,0.84,0.16,3.94,24.39,1258000.0,9.0,MMG2025_2019-2023_Data_To_Share_v2.xlsx,True,1.3429505911801107,False,-0.32518174821217183,False,0.7746768287328012,False,-0.12840674710160657,False,,False,,False,1.986651043527015,False,,False,1.3367095479451638,False,-1.4957279466658204,False,0.9550914820560782,False,-1.0952287556297622,False,-0.741692136444554,False,-0.8255812702800857,False,-0.31898569136337046,False
27159,Wadena,2023,0.129,1820.0,0.179,660.0,,,0.12,2.0,0.778,0.222,0.74,0.26,3.47,21.68,1197000.0,9.0,MMG2025_2019-2023_Data_To_Share_v2.xlsx,True,1.3436015428439767,False,-0.3232363297597551,False,1.0895175779455863,False,-0.11586285833633841,False,,False,,False,3.4014704299280596,False,,False,1.3023835489634428,False,-1.4194565135367736,False,0.14509032940652036,False,-0.15632322742215868,False,-0.8763904531275029,False,-0.8601438284934033,False,-0.3462513195244844,False
27159,Wadena,2024,0.139,1990.0,0.19,710.0,,,0.12,2.0,0.762,0.238,0.73,0.27,3.64,22.79,1376000.0,9.0,MMG2026_2024_Data_To_Share.xlsx,True,0.8977495210111055,False,-0.384305073263755,False,0.6745,False,-0.20225597408536408,False,,False,,False,1.9869835549341461,False,,False,1.1649655580494942,False,-1.2078676273668179,False,0.3041061450984691,False,-0.29386763586257897,False,-0.6959616769638929,False,-0.6788809401893472,False,-0.3498155667565302,False
27161,Waseca,2022,0.088,1670.0,0.126,550.0,,0.27,0.06,2.0,0.721,0.279,0.64,0.36,4.3,26.64,1349000.0,6.0,MMG2025_2019-2023_Data_To_Share_v2.xlsx,True,-0.8175410086921969,False,-0.3435462447001131,False,-0.7210024069354221,False,-0.27424522068789836,False,,False,0.6745,False,-1.355333425966273,False,,False,0.07861053131710523,False,-0.08120494197193645,False,-0.6745,False,0.6745,False,0.8950572976170684,False,0.9042909280526736,False,-0.25102412900432397,False
27161,Waseca,2023,0.102,1940.0,0.139,610.0,,0.32,0.075,2.0,0.7,0.3,0.62,0.38,3.83,23.94,1409000.0,6.0,MMG2025_2019-2023_Data_To_Share_v2.xlsx,True,-0.6799862780535559,False,-0.2605803802974938,False,-0.4750736718490973,False,-0.19563237647171475,False,,False,1.3176164554972396,False,-0.8680196258115306,False,,False,0.4515786238623657,False,-0.466660601444209,False,-0.7517320819690898,False,0.7466917348512258,False,0.6745,False,0.686901990451598,False,-0.19461517881781412,False
27161,Waseca,2024,0.109,2060.0,0.161,690.0,,0.2,0.08,2.0,0.722,0.278,0.52,0.48,3.94,24.68,1542000.0,6.0,MMG2026_2024_Data_To_Share.xlsx,True,-0.7960862042014806,False,-0.34657879858700663,False,-0.2172802894927561,False,-0.22917429741651296,False,,False,-1.664976851863946,False,-0.6745,False,,False,0.7460459598103041,False,-0.7526891180388199,False,-1.3782306794695678,False,1.1562712455083057,False,0.6745,False,0.6745,False,-0.2461667251764087,False
27163,Washington,2022,0.065,17390.0,0.088,5700.0,0.15,0.19,0.05,2.0,0.471,0.529,0.47,0.53,4.67,28.95,15271000.0,1.0,MMG2025_2019-2023_Data_To_Share_v2.xlsx,False,-2.41001222570932,False,2.0740799433161183,False,-2.060534519991936,False,2.2393830262681553,False,-1.6937135374272314,False,-1.1612848792099446,False,-2.042620345517756,False,,False,-2.94883498486265,False,2.575021327341913,False,-2.224282687966437,False,1.9849355156355617,False,2.4652772734639474,False,2.5395640352281337,False,2.1102885405106075,False
27163,Washington,2023,0.077,21010.0,0.097,6360.0,0.2,0.22,0.06,2.0,0.432,0.568,0.44,0.56,4.07,25.4,16190000.0,1.0,MMG2025_2019-2023_Data_To_Share_v2.xlsx,False,-2.598383312292203,False,2.0779100718056385,False,-2.178172299908037,False,2.180352136899061,False,-1.9561521027389328,False,-0.9137452416369045,False,-2.330997262662428,False,,False,-2.8020540602223134,False,2.419605511962467,False,-2.2299296399814144,False,1.9636815908532672,False,1.6454696483944171,False,1.613458374018887,False,2.0758237752304955,False
27163,Washington,2024,0.081,22480.0,0.113,7460.0,0.28,0.19,0.06,2.0,0.436,0.564,0.4,0.6,4.17,26.11,17807000.0,1.0,MMG2026_2024_Data_To_Share.xlsx,False,-2.4188605717061873,False,2.26224873721899,False,-1.7434603043384627,False,2.015517223436338,False,-1.369757072695213,False,-1.9505455157373401,False,-2.042441359763061,False,,False,-2.567364411310511,False,2.138059175544578,False,-2.447321423736765,False,1.8950715994076723,False,1.6699529713279804,False,1.6338550417441164,False,1.980165279568081,False
27165,Watonwan,2022,0.109,1220.0,0.15,410.0,,0.25,0.08,2.0,0.715,0.285,0.67,0.33,4.07,25.22,933000.0,8.0,MMG2025_2019-2023_Data_To_Share_v2.xlsx,True,0.6073240231004619,False,-0.667356396629363,False,0.10192131182687368,False,-0.5895877782686447,False,,False,0.22662964940164504,False,0.0,False,,False,0.01124971082523017,False,-0.011573605021182367,False,-0.4177831878030932,False,0.4263296528273682,False,-0.13727839630487101,False,-0.1702302241184715,False,-0.6098185525754366,False
27165,Watonwan,2023,0.117,1310.0,0.154,440.0,,0.27,0.091,2.0,0.731,0.269,0.72,0.28,3.68,22.97,913000.0,8.0,MMG2025_2019-2023_Data_To_Share_v2.xlsx,True,0.450270788382844,False,-0.6458510975583881,False,0.11799450812080477,False,-0.5262966156441449,False,,False,0.22390350605169151,False,0.6701583607268385,False,,False,0.7943029555601946,False,-0.8383074936948586,False,0.0,False,0.0,False,0.042828519588769105,False,0.04081831594410205,False,-0.5981116153809681,False
27165,Watonwan,2024,0.149,1670.0,0.188,550.0,,0.26,0.08,2.0,0.68,0.32,0.78,0.22,3.76,23.54,1193000.0,8.0,MMG2026_2024_Data_To_Share.xlsx,True,1.4524611903530844,False,-0.5756041353160886,False,0.6136992803375679,False,-0.4427700474715829,False,,False,0.0,False,-0.6745,False,,False,0.2955750017557363,False,-0.28983537224970884,False,0.6745,False,-0.6745,False,-0.13743218095639215,False,-0.1293804797881431,False,-0.47968161820667443,False
27167,Wilkin,2022,0.111,720.0,0.139,190.0,,,0.1,2.0,0.695,0.305,0.84,0.16,3.85,23.84,521000.0,8.0,MMG2025_2019-2023_Data_To_Share_v2.xlsx,True,0.7416154852417424,False,-1.2110301712663514,False,-0.2730989511598508,False,-1.4139444911628596,False,,False,,False,1.330463514170828,False,,False,-0.21500072704883563,False,0.21820499319531209,False,0.9550914820560782,False,-1.0952287556297622,False,-1.1695235682818954,False,-1.2717603330887637,False,-1.1767986527237209,False
27167,Wilkin,2023,0.124,790.0,0.153,220.0,,,0.1,2.0,0.66,0.34,0.78,0.22,3.43,21.43,513000.0,8.0,MMG2025_2019-2023_Data_To_Share_v2.xlsx,True,0.9725397961636382,False,-1.1419025116856905,False,0.07869712267356571,False,-1.2269516330582149,False,,False,,False,1.5255002399377633,False,,False,0.0,False,0.0,False,0.4303338286380132,False,-0.47655486247950485,False,-1.0563676224624765,False,-1.0406655119343964,False,-1.1341789807969176,False
27167,Wilkin,2024,0.128,810.0,0.154,220.0,,,0.1,2.0,0.676,0.324,0.75,0.25,3.56,22.26,547000.0,8.0,MMG2026_2024_Data_To_Share.xlsx,True,0.28191343964289645,False,-1.3648749262454123,False,-0.4358745930412715,False,-1.304655195606487,False,,False,,False,0.6683400966296782,False,,False,0.25208714595743165,False,-0.246524725147816,False,0.4535324440838711,False,-0.44429098246599913,False,-1.0763982256557743,False,-1.0777435614497703,False,-1.189280647152955,False
27169,Winona,2022,0.099,4950.0,0.12,1060.0,,0.24,0.09,2.0,0.743,0.257,0.72,0.28,4.28,26.5,3980000.0,4.0,MMG2025_2019-2023_Data_To_Share_v2.xlsx,True,-0.0677869453953911,False,0.7774408598412493,False,-0.929474069506537,False,0.43061087052574926,False,,False,0.0,False,0.6682833217153356,False,,False,0.3236067991647339,False,-0.33934478293072906,False,0.0,False,0.0,False,0.8070850919527256,False,0.8008352038127696,False,0.8017885307033645,False
27169,Winona,2023,0.109,5410.0,0.139,1230.0,0.43,0.25,0.098,2.0,0.681,0.319,0.69,0.31,3.79,23.71,3891000.0,4.0,MMG2025_2019-2023_Data_To_Share_v2.xlsx,True,-0.15063080521957298,False,0.7459898254237642,False,-0.4750736718490973,False,0.51476147274354,False,0.9561256938859451,False,-0.2256876165379926,False,1.336030617653717,False,,False,0.23841890145933914,False,-0.24323262254488226,False,-0.22082986834883622,False,0.2299636390067076,False,0.5079932169373921,False,0.5360088710713071,False,0.7499954352017371,False
27169,Winona,2024,0.123,6110.0,0.154,1350.0,,0.25,0.1,2.0,0.667,0.333,0.64,0.36,3.9,24.39,4521000.0,4.0,MMG2026_2024_Data_To_Share.xlsx,True,0.0,False,0.8400949988210032,False,-0.4358745930412715,False,0.403353726112202,False,,False,-0.27191583064842983,False,0.6683400966296782,False,,False,0.15385877713162854,False,-0.1495522643041509,False,-0.3904180769606842,False,0.3549655373058953,False,0.49665714901125696,False,0.4734400663787643,False,0.7326802221666634,False
27171,Wright,2022,0.068,9730.0,0.089,3480.0,0.06,,0.05,2.0,0.489,0.511,0.55,0.45,4.61,28.55,8426000.0,1.0,MMG2025_2019-2023_Data_To_Share_v2.xlsx,False,-2.2003588066664297,False,1.4748300509982875,False,-2.0246880743300486,False,1.708699490983117,False,-2.8197865980174917,False,,False,-2.042620345517756,False,,False,-2.71425282572974,False,2.398833983425323,False,-1.473811855372846,False,1.387431273444967,False,2.2177364209698114,False,2.2656325914444135,False,1.5316516174899917,False
27171,Wright,2023,0.077,11210.0,0.096,3840.0,0.13,,0.057,2.0,0.453,0.547,0.54,0.46,4.06,25.37,8626000.0,1.0,MMG2025_2019-2023_Data_To_Share_v2.xlsx,False,-2.598383312292203,False,1.4611924853999578,False,-2.219512504573995,False,1.6687635729284702,False,-2.9543639147932383,False,,False,-2.626075954407711,False,,False,-2.5259496830573336,False,2.211980505728794,False,-1.3873197263537238,False,1.306069004125175,False,1.605938884766889,False,1.5949404646486172,False,1.4903271884427882,False
27171,Wright,2024,0.079,11730.0,0.116,4680.0,0.23,0.19,0.06,2.0,0.476,0.524,0.49,0.51,4.19,26.21,9325000.0,1.0,MMG2026_2024_Data_To_Share.xlsx,False,-2.536376551396307,False,1.5521047473987557,False,-1.6461627507932737,False,1.575714360526535,False,-2.270038400894731,False,-1.9505455157373401,False,-2.042441359763061,False,,False,-2.0661475321665326,False,1.7672053253657878,False,-1.6373743744427562,False,1.3464409420579262,False,1.7544107989561997,False,1.6990373080270271,False,1.3914910890926862,False
27173,Yellow Medicine,2022,0.097,930.0,0.135,300.0,,,0.08,2.0,0.748,0.252,0.74,0.26,3.99,24.76,698000.0,9.0,MMG2025_2019-2023_Data_To_Share_v2.xlsx,True,-0.20354607459677554,False,-0.9472154960032031,False,-0.4103685856431912,False,-0.924660766225759,False,,False,,False,0.0,False,,False,0.37885641776013157,False,-0.3986428626422035,False,0.16372232067043016,False,-0.1752137408324462,False,-0.5073636638031448,False,-0.5308298005895746,False,-0.8921978898671734,False
27173,Yellow Medicine,2023,0.102,970.0,0.14,310.0,,,0.081,2.0,0.756,0.244,0.75,0.25,3.55,22.21,653000.0,9.0,MMG2025_2019-2023_Data_To_Share_v2.xlsx,True,-0.6799862780535559,False,-0.940605772164534,False,-0.43529347511054817,False,-0.8804889072378217,False,,False,,False,-0.2885365229046153,False,,False,1.0662520685426902,False,-1.1446968562168158,False,0.21701129250088222,False,-0.23541782749546405,False,-0.5212179422762082,False,-0.48392990045111933,False,-0.9097857821437465,False
27173,Yellow Medicine,2024,0.11,1040.0,0.159,340.0,,0.29,0.08,2.0,0.755,0.245,0.74,0.26,3.66,22.89,722000.0,9.0,MMG2026_2024_Data_To_Share.xlsx,True,-0.7388905167806744,False,-1.0922869086566807,False,-0.27960102789064534,False,-0.8954738840704324,False,,False,0.8029842524154338,False,-0.6745,False,,False,1.0923455997284202,False,-1.1271593139720726,False,0.37903398873136585,False,-0.36878084700992775,False,-0.601877445121581,False,-0.6046212527705265,False,-0.9366857669360119,False
