year,county_geoid,county,population,poverty_rate,poverty_count,deep_poverty_count,below_185_count,below_200_count,deep_poverty_rate,below_185_rate,below_200_rate,child_poverty_rate,adult_poverty_rate,senior_60_poverty_rate,senior_65_poverty_rate,population_outlier_score,population_outlier_flag,poverty_rate_outlier_score,poverty_rate_outlier_flag,poverty_count_outlier_score,poverty_count_outlier_flag,deep_poverty_count_outlier_score,deep_poverty_count_outlier_flag,below_185_count_outlier_score,below_185_count_outlier_flag,below_200_count_outlier_score,below_200_count_outlier_flag,deep_poverty_rate_outlier_score,deep_poverty_rate_outlier_flag,below_185_rate_outlier_score,below_185_rate_outlier_flag,below_200_rate_outlier_score,below_200_rate_outlier_flag,child_poverty_rate_outlier_score,child_poverty_rate_outlier_flag,adult_poverty_rate_outlier_score,adult_poverty_rate_outlier_flag,senior_60_poverty_rate_outlier_score,senior_60_poverty_rate_outlier_flag,senior_65_poverty_rate_outlier_score,senior_65_poverty_rate_outlier_flag,fips
2022,27001,AITKIN,15627,12.4,1931,702,4430,4876,4.5,28.3,31.2,14.3,12.8,12.1,10.7,-0.31906064780400056,False,0.8748661381514414,False,-0.09295201212509824,False,-0.2263072936076883,False,-0.17566299142167843,False,-0.2073729270389557,False,0.22646764568738872,False,0.8262345897637522,False,0.8180883870510447,False,0.6971727785655601,False,1.0874752079872287,False,1.4783458053044063,False,0.7829942725947278,False,27001
2022,27003,ANOKA,360581,6.3,22852,10706,55722,63620,3.0,15.5,17.6,7.8,5.7,6.5,6.9,2.701266486680249,False,-1.9469576708115262,False,2.330812128187347,False,2.26845907930506,False,2.334244303841102,False,2.567461965575208,False,-1.0593257671019514,False,-2.3211399486267457,False,-2.3141261551023597,False,-1.0059115551854387,False,-1.8910076809412766,False,-1.0875883513895597,False,-0.8573419263109325,False,27003
2022,27005,BECKER,34515,10.9,3754,1655,9324,10288,4.8,27.0,29.8,15.7,9.8,8.8,8.2,0.4434260358434565,False,0.3233229473047979,False,0.5590021589691653,False,0.5585961188993124,False,0.5619860211246485,False,0.5991714608795287,False,0.4409046482095829,False,0.5774875202751717,False,0.5643871823147675,False,0.9667709848737106,False,0.07705120158284812,False,0.14304300150001592,False,-0.22104600316682763,False,27005
2022,27007,BELTRAMI,44355,16.1,7160,3349,14818,16393,7.6,33.4,37.0,20.7,15.7,11.1,10.8,0.6847948734093482,False,2.0076450821149816,False,1.1923442213266306,False,1.2040275253123838,False,1.02119762690324,False,1.1024507475310998,False,2.0313383167136667,False,1.705775395326719,False,1.7633359274983154,False,1.7732127226785506,False,1.873728761065346,False,1.1130074544268866,False,0.8185416756525324,False,27007
2022,27009,BENTON,40545,9.3,3780,1461,9291,10241,3.6,22.9,25.3,11.0,8.5,8.9,9.8,0.5983699099021158,False,-0.34751838935361207,False,0.5657717898218477,False,0.4444524068258272,False,0.5584714808993568,False,0.5942250437055552,False,-0.4950209174353209,False,-0.29030738518237226,False,-0.33706250027138296,False,-0.0508962915623162,False,-0.4516284656271165,False,0.1897524985990935,False,0.4486723195527757,False,27009
2022,27011,BIG STONE,4994,10.5,523,202,1303,1435,4.0,26.1,28.7,13.7,9.6,9.9,9.6,-1.416685500602887,False,0.1644735447692088,False,-1.3730735136938474,False,-1.3642211268132851,False,-1.388290267482802,False,-1.5283067613888441,False,-0.1583581214145626,False,0.3984169364606932,False,0.3568247684539249,False,0.5739901311339337,False,0.0,False,0.6324828500151001,False,0.370599118423313,False,27011
2022,27013,BLUE EARTH,65569,16.4,10756,4608,20038,21564,7.0,30.6,32.9,11.9,19.7,7.9,7.7,1.0609292537030541,False,2.0884452478636173,False,1.5915492886911249,False,1.4963044547700315,False,1.3203622429732362,False,1.3986407048043499,False,1.7393353624978847,False,1.2404362788760546,False,1.1117226855550353,False,0.17179027370226774,False,2.758850741177688,False,-0.30016159059534253,False,-0.4544472027303324,False,27013
2022,27015,BROWN,24810,7.7,1918,899,5525,6229,3.6,22.3,25.1,8.6,7.0,8.5,8.8,0.125736359128649,False,-1.1318419887467925,False,-0.09957573706334545,False,0.0,False,0.04326912195502948,False,0.05715123359866441,False,-0.4950209174353209,False,-0.4296639260682229,False,-0.3806301725127311,False,-0.7379899922800865,False,-1.160015720303272,False,0.0,False,0.042839295008052065,False,27015
2022,27017,CARLTON,34539,12.7,4396,2104,8262,9005,6.1,23.9,26.1,15.8,12.1,11.5,11.0,0.44409491892298525,False,0.9777314271784792,False,0.7138488528875517,False,0.7783740643933102,False,0.4421187744361044,False,0.45528318791971345,False,1.2574591594377922,False,-0.06564224583306445,False,-0.16604334256677386,False,0.9851540575840835,False,0.872892675531577,False,1.2626416491574237,False,0.8887415574888319,False,27017
2022,27019,CARVER,106049,3.8,4012,2129,9456,10625,2.0,8.9,10.0,3.6,3.7,4.8,4.6,1.5235956673101354,False,-3.89478723661041,True,0.6241951735573728,False,0.7891898146025205,False,0.5759208958214729,False,0.6339901044510052,False,-2.2208750836599713,False,-5.121006871447059,True,-5.311998172314938,True,-3.003345640821131,False,-3.3524845284345712,False,-2.2702132715859586,False,-2.294560933114635,False,27019
2022,27021,CASS,29867,12.2,3653,1597,8984,9834,5.3,30.1,32.9,19.4,11.1,9.7,8.9,0.30424351153035073,False,0.8050017775929489,False,0.5322524236461359,False,0.5259357223606645,False,0.5251642801094536,False,0.5504166509539401,False,0.7747819218481777,False,1.1530171687612776,False,1.1117226855550353,False,1.5829906237459448,False,0.5455684678414232,False,0.5472795641594498,False,0.08524366580596836,False,27021
2022,27023,CHIPPEWA,12195,11.2,1368,533,3379,3756,4.4,27.7,30.8,12.1,12.0,8.3,7.9,-0.5576687875142698,False,0.4389942938224697,False,-0.43090692015278353,False,-0.4781945501519676,False,-0.4440748026518836,False,-0.4892515501970983,False,0.1523808967362726,False,0.7128292612005827,False,0.7467457412418564,False,0.21916283167404355,False,0.8413054001661235,False,-0.09789403240137566,False,-0.35951596526560164,False,27023
2022,27025,CHISAGO,55475,6.3,3471,1887,7827,9069,3.4,14.1,16.3,6.9,6.0,5.5,6.1,0.9000637410204865,False,-1.9469576708115262,False,0.4821278336186232,False,0.6787065726787609,False,0.3885050626284081,False,0.4629335446046037,False,-0.6745,False,-2.8071218041114316,False,-2.727651734811906,False,-1.338118449528898,False,-1.7104480462481688,False,-1.7459732878154612,False,-1.3032898346730915,False,27025
2022,27027,CLAY,62141,14.7,9165,3721,15380,16961,6.0,24.8,27.3,17.3,15.0,7.7,9.0,1.0092574277876987,False,1.6108033989386685,False,1.4345231295717131,False,1.3004918516891213,False,1.0580990687200489,False,1.1392482701257145,False,1.200187071051771,False,0.12897211555404098,False,0.08124460819330812,False,1.2484901311339351,False,1.6972196257743777,False,-0.4047307724398842,False,0.12722185481194942,False,27027
2022,27029,CLEARWATER,8381,11.3,943,336,2301,2543,4.0,27.5,30.3,9.8,10.7,14.1,14.6,-0.9185518642273134,False,0.47692015689608186,False,-0.7955807994438402,False,-0.8998795651718923,False,-0.8248557352396902,False,-0.9104693023399006,False,-0.1583581214145626,False,0.6745,False,0.6562947617609164,False,-0.3753177063265373,False,0.4069967888617827,False,2.1320455621536953,False,1.9845832132076664,False,27029
2022,27031,COOK,5557,8.6,477,178,1013,1151,3.2,18.2,20.7,11.1,10.3,6.7,3.9,-1.3139110025593252,False,-0.6745,False,-1.4632153281785878,False,-1.4794828990424205,False,-1.6376519739686746,False,-1.766379000650872,False,-0.8623298911936376,False,-1.4904855585926233,False,-1.4343362227960124,False,-0.025342986956857095,False,0.2636042696110841,False,-0.9665064700909225,False,-2.852294139201587,False,27031
2022,27033,COTTONWOOD,11262,12.9,1448,588,3173,3411,5.2,28.2,30.3,15.1,11.5,13.8,13.5,-0.6342534248568611,False,1.0450643800426238,False,-0.37518879231900887,False,-0.3883905785479127,False,-0.5064149296894644,False,-0.5933150292648018,False,0.710178711097989,False,0.8074958979556341,False,0.6562947617609164,False,0.8541063853573583,False,0.6796329429119518,False,2.0397177960323027,False,1.6791665288024236,False,27033
2022,27035,CROW WING,65574,10.4,6841,2616,16483,18621,4.0,25.1,28.4,14.0,10.3,8.5,7.5,1.06100263048083,False,0.1238978071469336,False,1.1476372195746052,False,0.977817473247495,False,1.1267583031936252,False,1.2401203302669734,False,-0.1583581214145626,False,0.1923377000811804,False,0.2988817596194105,False,0.6361974091554542,False,0.2636042696110841,False,0.0,False,-0.5515863401530396,False,27035
2022,27037,DAKOTA,436007,5.6,24600,10651,61267,69773,2.4,14.1,16.0,7.0,5.1,5.4,5.6,2.884046855393534,False,-2.4152854590174613,False,2.4031217267476497,False,2.2637411900368822,False,2.428289895863228,False,2.667199328418448,False,-1.7155145586976543,False,-2.8071218041114316,False,-2.8274910856588944,False,-1.2993864226962513,False,-2.2777397791896488,False,-1.8173056615955088,False,-1.6083008277907314,False,27037
2022,27039,DODGE,20619,4.9,1018,409,3059,3496,2.0,14.8,17.0,5.5,4.9,3.8,4.0,-0.05231375350646093,False,-2.9361703652356277,False,-0.7205770066005266,False,-0.720259218228231,False,-0.5426768077575451,False,-0.5667305673926905,False,-2.2208750836599713,False,-2.5587464034417673,False,-2.501268735557431,False,-1.9387403216546837,False,-2.4151564793821194,False,-3.1408865585581807,False,-2.76791157939769,False,27039
2022,27041,DOUGLAS,38550,8.5,3281,1423,7964,8789,3.7,20.7,22.8,9.2,8.9,7.2,6.9,0.5498169873653911,False,-0.7231485327490346,False,0.4269152647618878,False,0.42032684812713483,False,0.40570514980951566,False,0.42905580783695585,False,-0.4081871506897269,False,-0.8195927071369077,False,-0.9071305227884027,False,-0.5513173525683749,False,-0.2816200717314588,False,-0.6770496514626728,False,-0.8573419263109325,False,27041
2022,27043,FARIBAULT,13609,11.4,1555,629,3739,4062,4.6,27.5,29.8,16.0,10.8,9.4,8.5,-0.4521075961078342,False,0.5145389245915518,False,-0.3052925621539913,False,-0.32674399583300245,False,-0.34373879171989385,False,-0.40465771574763804,False,0.2992194253643823,False,0.6745,False,0.5643871823147675,False,1.0215941933297814,False,0.44207886669553054,False,0.41644100470897594,False,-0.08701970267688257,False,27043
2022,27045,FILLMORE,20713,8.7,1805,693,4743,5341,3.3,22.9,25.8,11.9,7.4,8.0,8.6,-0.04793690478154843,False,-0.6263556061941661,False,-0.15911675357618343,False,-0.23811096530316983,False,-0.10799696895331323,False,-0.10898387053438649,False,-0.7673228128861694,False,-0.29030738518237226,False,-0.22957651086369757,False,0.17179027370226774,False,-0.9588968446653197,False,-0.2487549558277933,False,-0.043283233430983524,False,27045
2022,27047,FREEBORN,30330,9.5,2895,1541,8576,9243,5.1,28.3,30.5,12.5,9.6,7.3,6.4,0.31904620162733255,False,-0.25817155062163794,False,0.30416108564369776,False,0.49325667108075794,False,0.4790932244054543,False,0.4834631846275705,False,0.6445249957151513,False,0.8262345897637522,False,0.6926473518512785,False,0.31177599439123305,False,0.0,False,-0.6212811389895916,False,-1.1304322852875734,False,27047
2022,27049,GOODHUE,46803,9.1,4253,2164,9055,10171,4.6,19.3,21.7,11.7,8.4,7.7,8.3,0.736490272613327,False,-0.43861723807202985,False,0.6814118969278334,False,0.8041204915777047,False,0.5329673196334163,False,0.5868158003469708,False,0.2992194253643823,False,-1.1851322666438011,False,-1.1772054712272206,False,0.12367748962363721,False,-0.4952491823569212,False,-0.4047307724398842,False,-0.1758910266401017,False,27049
2022,27051,GRANT,6005,10.1,607,269,1679,1875,4.5,28.0,31.2,14.7,8.0,9.2,10.7,-1.2393129116307156,False,0.0,False,-1.2272046153830962,False,-1.102939501764655,False,-1.1371205366710666,False,-1.2395452461016074,False,0.22646764568738872,False,0.769825220356352,False,0.8180883870510447,False,0.7766392672473954,False,-0.6745,False,0.3271013831016933,False,0.7829942725947278,False,27051
2022,27053,HENNEPIN,1248688,9.8,122904,58346,243947,265267,4.7,19.5,21.2,11.2,9.8,8.6,8.1,3.8965679611399215,True,-0.12729268667431642,False,3.9812980297362657,True,3.821687839892007,True,3.79805711418073,True,4.1100100355445335,True,0.37068349508538034,False,-1.131395934117086,False,-1.3043229162932621,False,0.0,False,0.07705120158284812,False,0.048176837550566884,False,-0.2666944864759839,False,27053
2022,27055,HOUSTON,18588,7.2,1337,607,3439,3956,3.3,18.5,21.3,6.0,7.4,8.7,7.9,-0.1520960299767589,False,-1.4068271180719658,False,-0.4533779631140868,False,-0.35930612300627374,False,-0.4266309703420318,False,-0.43321776916221016,False,-0.7673228128861694,False,-1.4055061506935984,False,-1.2786719187389581,False,-1.7105503491464003,False,-0.9588968446653197,False,0.09585442427902194,False,-0.35951596526560164,False,27055
2022,27057,HUBBARD,21138,10.1,2143,777,5289,5908,3.7,25.0,27.9,10.0,10.6,9.7,9.3,-0.028392716663296742,False,0.0,False,0.009194742467898448,False,-0.13344425599088613,False,0.0,False,0.0,False,-0.4081871506897269,False,0.1712971290790821,False,0.20098334990614386,False,-0.3188178544676683,False,0.3716135736304926,False,0.5472795641594498,False,0.2506829018229948,False,27057
2022,27059,ISANTI,40871,8.8,3591,1355,8218,9265,3.3,20.1,22.7,11.1,8.4,7.5,7.0,0.6060761025266366,False,-0.5787050097450669,False,0.5154630395507656,False,0.37550231614529034,False,0.4368257046403787,False,0.4860313246222836,False,-0.7673228128861694,False,-0.9732774111679989,False,-0.9311614523910129,False,-0.025342986956857095,False,-0.4952491823569212,False,-0.5117320124600709,False,-0.8048029361078679,False,27059
2022,27061,ITASCA,43883,11.8,5161,2636,11413,12711,6.0,26.0,29.0,14.6,12.1,9.1,8.7,0.6745,False,0.6620399616423621,False,0.8712143566477224,False,0.9847918761879247,False,0.7623823469249807,False,0.8276383068978381,False,1.200187071051771,False,0.3781542072274752,False,0.41418542563764155,False,0.7569640850757993,False,0.872892675531577,False,0.2817724849467033,False,0.0,False,27061
2022,27063,JACKSON,9839,9.7,958,367,2117,2577,3.7,21.5,26.2,12.3,9.3,7.2,8.4,-0.7642286598810267,False,-0.17051060229245033,False,-0.7801142914187623,False,-0.8192642186891841,False,-0.9074424970133874,False,-0.8961260397402128,False,-0.4081871506897269,False,-0.6211615522700336,False,-0.1450218184379003,False,0.2658175959405695,False,-0.11834648054205109,False,-0.6770496514626728,False,-0.13121900029582415,False,27063
2022,27065,KANABEC,15854,9.8,1549,618,4363,4818,3.9,27.5,30.4,11.1,9.2,9.8,9.9,-0.3051835821386495,False,-0.12729268667431642,False,-0.3090829281313465,False,-0.34288038968873297,False,-0.19076765937794637,False,-0.22029829140340285,False,-0.23992886608173158,False,0.6745,False,0.6745,False,-0.025342986956857095,False,-0.15856259723157506,False,0.5900784397339709,False,0.4871683952697521,False,27065
2022,27067,KANDIYOHI,42567,10.9,4640,2394,11099,12316,5.6,26.1,28.9,16.8,10.0,6.1,6.2,0.6452008674852878,False,0.3233229473047979,False,0.7668339628134867,False,0.8966109003991921,False,0.7347276457485448,False,0.7935353619164343,False,0.9626118130418153,False,0.3984169364606932,False,0.3951291897413303,False,1.163189509211259,False,0.152688539572882,False,-1.3397526041104053,False,-1.2448721740439233,False,27067
2022,27069,KITTSON,4029,11.0,443,200,903,1058,5.0,22.4,26.3,8.8,7.9,17.4,20.1,-1.6232633853734562,False,0.3622009350720776,False,-1.5356048618150586,False,-1.3732913335965042,False,-1.751489314941321,False,-1.85731854105983,False,0.5777860459398649,False,-0.4061903911960895,False,-0.12407743769030141,False,-0.6745,False,-0.7205576776428991,False,3.041430004169754,False,3.245984077789572,False,27069
2022,27071,KOOCHICHING,11757,11.7,1375,663,2793,3167,5.6,23.8,26.9,21.2,11.4,6.1,5.8,-0.5928641014010265,False,0.6256014028765198,False,-0.4259032642202705,False,-0.2785925176985322,False,-0.6328322411005408,False,-0.6734764382999457,False,0.9626118130418153,False,-0.08769886318438969,False,0.0,False,1.8433559729619797,False,0.6465233732233773,False,-1.3397526041104053,False,-1.4836111310728552,False,27071
2022,27073,LAC QUI PARLE,6571,8.7,570,247,1446,1623,3.8,22.0,24.7,10.2,8.8,8.1,7.2,-1.1526489363751944,False,-0.6263556061941661,False,-1.2888018704504893,False,-1.1808003732719001,False,-1.2851327486684365,False,-1.3953880941104577,False,-0.3231815997475238,False,-0.5006938015178843,False,-0.46877613072849067,False,-0.2633360735498517,False,-0.3234693577230267,False,-0.19791636179763597,False,-0.7016669639891896,False,27073
2022,27075,LAKE,10705,8.6,921,450,2359,2586,4.2,22.0,24.2,6.5,10.0,6.9,7.2,-0.6830600029283095,False,-0.6745,False,-0.8187153981816393,False,-0.6329471445262543,False,-0.8001872799809135,False,-0.8923609541706676,False,0.0,False,-0.5006938015178843,False,-0.5809081726869394,False,-1.4981105671588655,False,0.152688539572882,False,-0.8485295971413803,False,-0.7016669639891896,False,27075
2022,27077,LAKE OF THE WOODS,3734,10.7,399,210,1103,1192,5.6,29.5,31.9,19.1,8.7,11.6,8.7,-1.6964160242567459,False,0.2445771227023884,False,-1.6379895340856552,False,-1.328812529708185,False,-1.5533491786717153,False,-1.7285967785605874,False,0.9626118130418153,False,1.0462398565653823,False,0.9408315553375594,False,1.537372670376413,False,-0.3657478746479192,False,1.29930197019003,False,0.0,False,27077
2022,27079,LE SUEUR,28513,7.4,2123,1051,5027,5622,3.7,17.6,19.7,9.6,6.9,5.9,6.5,0.25960004104646156,False,-1.2948724856937155,False,0.0,False,0.14295814014480956,False,-0.05035736042801489,False,-0.05359850682686066,False,-0.4081871506897269,False,-1.6645021429570677,False,-1.7036001819121576,False,-0.4328736911174402,False,-1.2118669607613495,False,-1.4712142889016642,False,-1.0743670858009913,False,27079
2022,27081,LINCOLN,5440,9.1,496,190,1398,1522,3.5,25.7,28.0,7.8,7.9,11.7,13.4,-1.3343843761066752,False,-0.43861723807202985,False,-1.424973840874227,False,-1.4200404253841314,False,-1.3185762198847133,False,-1.4647587877667985,False,-0.583763270618155,False,0.3169126537345542,False,0.2206978335799793,False,-1.0059115551854387,False,-0.7205576776428991,False,1.3356724832828475,False,1.6502612601657145,False,27081
2022,27083,LYON,24401,12.4,3017,1278,6776,7765,5.2,27.8,31.8,12.2,12.1,12.3,13.5,0.10974100585637667,False,0.8748661381514414,False,0.34464392203836225,False,0.3219474695444773,False,0.24557738849903035,False,0.29524182850545305,False,0.710178711097989,False,0.7318938439525181,False,0.9234576078304005,False,0.24257857594849505,False,0.872892675531577,False,1.548056926017825,False,1.6791665288024236,False,27083
2022,27085,MCLEOD,36326,7.1,2587,1278,7276,8427,3.5,20.0,23.2,7.8,6.1,8.1,9.6,0.492636391715029,False,-1.4638326483166786,False,0.19384436654776266,False,0.3219474695444773,False,0.3161469162015068,False,0.3836206440995538,False,-0.583763270618155,False,-0.9993157594975064,False,-0.8120060316467305,False,-1.0059115551854387,False,-1.6519772890887907,False,-0.19791636179763597,False,0.370599118423313,False,27085
2022,27087,MAHNOMEN,5267,20.6,1083,565,2375,2495,10.7,45.1,47.4,26.9,19.8,12.6,11.6,-1.3654782861528598,False,3.0929945499360936,False,-0.659911302333189,False,-0.42488010919150193,False,-0.7934888385624108,False,-0.9310483872846644,False,3.274223626083632,False,3.3103913002768226,False,3.1440187601124814,False,2.547048935082249,False,2.7787164146361625,False,1.6506822800643661,False,1.0925280540787619,False,27087
2022,27089,MARSHALL,8837,7.4,655,209,1810,2061,2.4,20.5,23.3,9.6,6.5,7.8,7.5,-0.8675749421332345,False,-1.2948724856937155,False,-1.152656981799995,False,-1.3331644780419212,False,-1.06268347156982,False,-1.1374130372916533,False,-1.7155145586976543,False,-0.8703436439434677,False,-0.7884705865477794,False,-0.4328736911174402,False,-1.42605120158285,False,-0.35214910358431056,False,-0.5515863401530396,False,27089
2022,27091,MARTIN,19695,11.7,2305,1092,5523,6125,5.5,28.0,31.1,14.4,10.8,10.5,11.4,-0.09643126049352864,False,0.6256014028765198,False,0.08065717163213633,False,0.1779828437470187,False,0.04291025659064683,False,0.03896394645059778,False,0.9009676456873886,False,0.769825220356352,False,0.8003361570351349,False,0.7172324946787313,False,0.44207886669553054,False,0.879015711645317,False,1.025697913972837,False,27091
2022,27093,MEEKER,22968,7.6,1736,558,4572,5111,2.4,19.9,22.3,8.6,7.0,7.5,7.9,0.05150299494185654,False,-1.1855523259840148,False,-0.19733437545514165,False,-0.43628040531287166,False,-0.14439120510906406,False,-0.15653027234461758,False,-1.7155145586976543,False,-1.0254783963567145,False,-1.0283099655940102,False,-0.7379899922800865,False,-1.160015720303272,False,-0.5117320124600709,False,-0.35951596526560164,False,27093
2022,27095,MILLE LACS,26131,11.0,2871,1218,6977,7583,4.7,26.7,29.0,14.7,9.7,10.0,10.4,0.1756542285372741,False,0.3622009350720776,False,0.2959967791087122,False,0.2779317946605942,False,0.2745528392305656,False,0.26962144723960574,False,0.37068349508538034,False,0.5184449886834476,False,0.41418542563764155,False,0.7766392672473954,False,0.038705629584149887,False,0.6745,False,0.6745,False,27095
2022,27097,MORRISON,33452,10.3,3448,1275,8503,9385,3.8,25.4,28.1,10.7,9.8,11.2,11.4,0.4133238407698047,False,0.08296456943395075,False,0.4756071760864656,False,0.31979619638037476,False,0.47061946685383305,False,0.49993290128990675,False,-0.3231815997475238,False,0.25497909064344115,False,0.24034445314821531,False,-0.1288537601045852,False,0.07705120158284812,False,1.1508747130180021,False,1.025697913972837,False,27097
2022,27099,MOWER,39300,11.9,4665,1687,10737,11555,4.3,27.3,29.4,18.6,9.5,9.5,9.8,0.5683585056860784,False,0.6981949489840329,False,0.7721045881479341,False,0.5761293507798363,False,0.7018576751934017,False,0.7246341194774673,False,0.07690926883732921,False,0.635900812201467,False,0.4897804029600975,False,1.4598079763143197,False,-0.039072513057708806,False,0.46046857462826557,False,0.4486723195527757,False,27099
2022,27101,MURRAY,8044,7.4,595,223,1570,1793,2.8,19.5,22.3,7.4,6.6,8.1,9.1,-0.9580405746020139,False,-1.2948724856937155,False,-1.2467615122774731,False,-1.274041810077712,False,-1.2036227600792861,False,-1.2878313652449092,False,-1.2664283179564368,False,-1.131395934117086,False,-1.0283099655940102,False,-1.1491539187302362,False,-1.3714527972347292,False,-0.19791636179763597,False,0.16878234346773882,False,27101
2022,27103,NICOLLET,31983,10.3,3308,1838,6784,7241,5.7,21.2,22.6,11.7,10.2,8.2,8.9,0.3701111055745263,False,0.08296456943395075,False,0.43495322193313,False,0.6546171317010676,False,0.24674696900133802,False,0.21976958489661583,False,1.0233289652313853,False,-0.6947339591419351,False,-0.9552939929917592,False,0.12367748962363721,False,0.22696296822186918,False,-0.14763339193899347,False,0.08524366580596836,False,27103
2022,27105,NOBLES,21771,12.2,2665,1023,7073,7859,4.7,32.5,36.1,15.8,10.5,12.6,12.1,0.0,False,0.8050017775929489,False,0.22297616181820645,False,0.11824533592841871,False,0.288098608413353,False,0.3082401567574087,False,0.37068349508538034,False,1.560466272103263,False,1.6265356735482064,False,0.9851540575840835,False,0.33592400640437864,False,1.6506822800643661,False,1.2550697564046673,False,27105
2022,27107,NORMAN,6286,8.9,562,345,1535,1639,5.5,24.4,26.1,10.0,9.2,7.6,7.0,-1.1953117171476926,False,-0.5315381840494132,False,-1.30264438355223,False,-0.8757354133077689,False,-1.225958944399313,False,-1.384796153451659,False,0.9009676456873886,False,0.0433287791198639,False,-0.16604334256677386,False,-0.3188178544676683,False,-0.15856259723157506,False,-0.45792033532377563,False,-0.8048029361078679,False,27107
2022,27109,OLMSTED,159431,7.9,12551,6146,27549,29776,3.9,17.3,18.7,8.0,8.1,7.2,6.9,1.9159318370461516,False,-1.026248979198077,False,1.7429515423896615,False,1.7600936421448954,False,1.635935869654909,False,1.7472376883915957,False,-0.23992886608173158,False,-1.753627066254931,False,-1.9861993590128064,False,-0.9367141367427007,False,-0.6289512573863852,False,-0.6770496514626728,False,-0.8573419263109325,False,27109
2022,27111,OTTER TAIL,59024,8.7,5110,2345,14032,15470,4.0,23.8,26.2,9.7,8.4,8.1,8.4,0.9597365146247244,False,-0.6263556061941661,False,0.8614732732438998,False,0.8776741001104897,False,0.9671697480891651,False,1.0398453883315875,False,-0.1583581214145626,False,-0.08769886318438969,False,-0.1450218184379003,False,-0.4039612201643129,False,-0.4952491823569212,False,-0.19791636179763597,False,-0.13121900029582415,False,27111
2022,27113,PENNINGTON,13765,9.6,1325,430,2678,3164,3.1,19.5,23.0,13.5,9.1,8.2,6.5,-0.4411402972929133,False,-0.21413432587052927,False,-0.46221650794034175,False,-0.6745,False,-0.6745,False,-0.6745,False,-0.9596265156542082,False,-1.131395934117086,False,-0.8593700989005764,False,0.5318092587306237,False,-0.19917493819827525,False,-0.14763339193899347,False,-1.0743670858009913,False,27113
2022,27115,PINE,27571,10.6,2933,1371,7199,8067,5.0,26.1,29.3,12.2,10.4,9.7,9.7,0.22727212968053692,False,0.20469797289557168,False,0.31695053946500057,False,0.3862482857154098,False,0.30560110314271777,False,0.3364583370847968,False,0.5777860459398649,False,0.3984169364606932,False,0.47097532054789637,False,0.24257857594849505,False,0.29992273595573166,False,0.5472795641594498,False,0.40981813566494024,False,27115
2022,27117,PIPESTONE,9190,13.0,1198,515,2309,2694,5.6,25.1,29.3,19.1,11.9,6.5,7.5,-0.8298873021814187,False,1.0783684110207241,False,-0.5609898551539958,False,-0.5096062012146906,False,-0.8214164757337906,False,-0.8481746050710453,False,0.9626118130418153,False,0.1923377000811804,False,0.47097532054789637,False,1.537372670376413,False,0.809474205201531,False,-1.0875883513895597,False,-0.5515863401530396,False,27117
2022,27119,POLK,30000,11.6,3468,1488,7886,8460,5.0,26.3,28.2,14.0,10.7,10.2,10.7,0.30851904903776206,False,0.5888747892743301,False,0.4812797668548497,False,0.46121617643538293,False,0.3959490133449943,False,0.38784259117284925,False,0.5777860459398649,False,0.4387190446240728,False,0.2599236742321614,False,0.6361974091554542,False,0.4069967888617827,False,0.7574003680066258,False,0.7829942725947278,False,27119
2022,27121,POPE,11093,9.6,1067,371,2207,2404,3.3,19.9,21.7,10.8,8.9,9.9,10.2,-0.6488020454872031,False,-0.21413432587052927,False,-0.6745,False,-0.8093605178923227,False,-0.8661869370443888,False,-0.9711728133869167,False,-0.7673228128861694,False,-1.0254783963567145,False,-1.1772054712272206,False,-0.10264802292264959,False,-0.2816200717314588,False,0.6324828500151001,False,0.6005725010950027,False,27121
2022,27123,RAMSEY,533522,12.9,68789,30960,139205,150752,5.8,26.1,28.3,18.6,11.8,9.0,8.6,3.0782789668807715,False,1.0450643800426238,False,3.411929736347352,False,3.241184480576441,False,3.2419008006272105,False,3.4994956167318114,False,1.083146570902183,False,0.3984169364606932,False,0.27943595767751134,False,1.4598079763143197,False,0.777395294166767,False,0.23599254557311325,False,-0.043283233430983524,False,27123
2022,27125,RED LAKE,3900,9.3,363,99,844,914,2.5,21.6,23.4,9.5,8.0,10.9,12.3,-1.6545703118357025,False,-0.34751838935361207,False,-1.7305150859388196,False,-2.012840964417837,False,-1.8183992859065365,False,-2.015221298390094,False,-1.5984740585480652,False,-0.5968552507285859,False,-0.7650317965264134,False,-0.46206021801246583,False,-0.6745,False,1.0363249135577544,False,1.3183557345259882,False,27125
2022,27127,REDWOOD,15079,10.1,1519,753,3787,4217,5.0,25.1,28.0,10.2,10.3,8.8,9.4,-0.3534097590420865,False,0.0,False,-0.32825758096533664,False,-0.16214895635509766,False,-0.33109633909223235,False,-0.3642092673378916,False,0.5777860459398649,False,0.1923377000811804,False,0.2206978335799793,False,-0.2633360735498517,False,0.2636042696110841,False,0.14304300150001592,False,0.2910387196109686,False,27127
2022,27129,RENVILLE,14327,10.4,1489,690,3758,4108,4.8,26.2,28.7,13.4,10.1,7.0,7.7,-0.40263494975272807,False,0.1238978071469336,False,-0.3478144778597135,False,-0.24207956386243082,False,-0.3387151923297816,False,-0.3924948394860782,False,0.4409046482095829,False,0.41860503300465535,False,0.3568247684539249,False,0.5105001388538472,False,0.1899930409095384,False,-0.7906565580111994,False,-0.4544472027303324,False,27129
2022,27131,RICE,59518,9.2,5503,2485,12848,13902,4.2,21.6,23.4,11.6,9.0,6.7,6.9,0.9677568080029859,False,-0.39284452864385083,False,0.9341510956113908,False,0.9307732647825817,False,0.8797851256298788,False,0.9243942523222998,False,0.0,False,-0.5968552507285859,False,-0.7650317965264134,False,0.09933621240369754,False,-0.24019138869565915,False,-0.9665064700909225,False,-0.8573419263109325,False,27131
2022,27133,ROCK,9404,8.8,827,358,2274,2515,3.8,24.2,26.7,9.6,7.9,9.4,10.3,-0.8077383198029053,False,-0.5787050097450669,False,-0.9242120831570066,False,-0.8419469472608545,False,-0.8365521217662827,False,-0.9224260805962221,False,-0.3231815997475238,False,0.0,False,-0.04106015802296102,False,-0.4328736911174402,False,-0.7205576776428991,False,0.41644100470897594,False,0.6376998090958976,False,27133
2022,27135,ROSEAU,15047,10.4,1563,654,3240,3834,4.3,21.5,25.5,14.2,9.2,8.5,9.1,-0.35545394409474373,False,0.1238978071469336,False,-0.30026141348629043,False,-0.29109422894860093,False,-0.4857059950953984,False,-0.4670514000199412,False,0.07690926883732921,False,-0.6211615522700336,False,-0.29382488932228534,False,0.6769815223907177,False,-0.15856259723157506,False,0.0,False,0.16878234346773882,False,27135
2022,27137,ST. LOUIS,192749,13.7,26458,13167,51869,56930,6.8,26.9,29.5,13.3,15.4,10.1,9.0,2.098553728776093,False,1.3050422652229787,False,2.4745528537560335,False,2.45798932463229,False,2.2632105825798674,False,2.4474290517407398,False,1.6371118130418172,False,0.5578772595880738,False,0.5085237280118045,False,0.48904252217044714,False,1.7990055198224753,False,0.7161368990696322,False,0.12722185481194942,False,27137
2022,27139,SCOTT,149421,5.0,7517,3700,18867,21047,2.5,12.6,14.1,6.9,4.3,4.9,4.6,1.8535334520664548,False,-2.858086301538332,False,1.2400738658296941,False,1.295308555783837,False,1.260669139343149,False,1.372424370223302,False,-1.5984740585480652,False,-3.380577649313164,False,-3.5039167192982505,True,-1.338118449528898,False,-2.85723534607765,False,-2.1915644171546025,False,-2.294560933114635,False,27139
2022,27141,SHERBURNE,95780,5.8,5570,2418,13237,15084,2.5,13.8,15.7,5.9,5.2,8.3,9.0,1.4255889542712443,False,-2.2765918036118964,False,0.9460215453088601,False,0.9057451686952395,False,0.9093530935321955,False,1.012548311984405,False,-1.5984740585480652,False,-2.9171133616870795,False,-2.9291080848093767,False,-1.7548555096871963,False,-2.2107119728542717,False,-0.09789403240137566,False,0.12722185481194942,False,27141
2022,27143,SIBLEY,14802,8.6,1278,548,2801,3275,3.7,18.9,22.1,10.0,7.3,9.4,11.1,-0.37125031494991956,False,-0.6745,False,-0.4976217906864211,False,-0.4528166557812932,False,-0.6299977415046999,False,-0.6372595511827264,False,-0.4081871506897269,False,-1.2942117276311815,False,-1.0775114543420874,False,-0.3188178544676683,False,-1.0082641324935864,False,0.41644100470897594,False,0.9234039526720998,False,27143
2022,27145,STEARNS,152308,12.7,19300,7408,39027,42386,4.9,25.6,27.8,14.2,13.0,9.1,9.1,1.8719488231552164,False,0.9777314271784792,False,2.165084085189165,False,1.931155104466823,False,1.9812054955560985,False,2.1287219502277455,False,0.5099253807711152,False,0.2963457927725272,False,0.1812005316635655,False,0.6769815223907177,False,1.1467872998294801,False,0.2817724849467033,False,0.16878234346773882,False,27145
2022,27147,STEELE,36886,8.5,3121,1382,8212,8896,3.7,22.3,24.1,9.0,8.2,8.3,8.7,0.5073575753791059,False,-0.7231485327490346,False,0.3778821079178224,False,0.39356369113423595,False,0.4361017278129637,False,0.4421276600095956,False,-0.4081871506897269,False,-0.4296639260682229,False,-0.6036013928380453,False,-0.6122927219784796,False,-0.5839003252032323,False,-0.09789403240137566,False,0.0,False,27147
2022,27149,STEVENS,9349,11.7,1095,590,2262,2354,6.3,24.2,25.2,8.2,15.0,6.1,4.6,-0.8133823227954754,False,0.6256014028765198,False,-0.6491104023409293,False,-0.38528520811194206,False,-0.8417951426689094,False,-0.9938704821175901,False,1.3696223311914364,False,0.0,False,-0.35880476408478285,False,-0.8690376645068117,False,1.6972196257743777,False,-1.3397526041104053,False,-2.294560933114635,False,27149
2022,27151,SWIFT,9644,10.7,1034,406,2970,3220,4.2,30.8,33.4,13.0,11.4,7.5,6.8,-0.7834901139775152,False,0.2445771227023884,False,-0.7052922286550777,False,-0.7269869111441474,False,-0.571938270301047,False,-0.6555516030948774,False,0.0,False,1.2750172264887976,False,1.1952869506727173,False,0.42375762716791865,False,0.6465233732233773,False,-0.5117320124600709,False,-0.9105502210019701,False,27151
2022,27153,TODD,24891,12.0,2988,1150,7230,7983,4.6,29.0,32.1,19.3,10.0,8.6,9.1,0.12887284380322767,False,0.7340707444487824,False,0.335171205407571,False,0.2253488632286551,False,0.3098603200478466,False,0.32515110445865203,False,0.2992194253643823,False,0.9556417275026469,False,0.9754215845403454,False,1.5678596078770233,False,0.152688539572882,False,0.048176837550566884,False,0.16878234346773882,False,27153
2022,27155,TRAVERSE,3245,8.4,273,106,831,924,3.3,25.6,28.5,10.6,7.8,7.1,7.8,-1.8314501109268149,False,-0.7723118743441273,False,-2.0091647621725905,False,-1.9508599995906808,False,-1.8337696024474703,False,-2.0034780382738924,False,-0.7673228128861694,False,0.2963457927725272,False,0.3182615315464586,False,-0.1552844419871467,False,-0.7671357920347289,False,-0.7335024572286998,False,-0.40671188717779083,False,27155
2022,27157,WABASHA,21211,7.6,1606,550,3675,4166,2.6,17.3,19.6,9.1,7.4,5.7,6.5,-0.02507530024132147,False,-1.1855523259840148,False,-0.27365234682198325,False,-0.44948543974184707,False,-0.3608501646752013,False,-0.37735166768020095,False,-1.4847309163055447,False,-1.753627066254931,False,-1.7312386734485743,False,-0.5816541056751907,False,-0.9588968446653197,False,-1.6065430434281673,False,-1.0743670858009913,False,27157
2022,27159,WADENA,13761,11.9,1642,646,4286,4652,4.7,31.1,33.8,12.8,11.9,10.3,10.6,-0.44141995429914593,False,0.6981949489840329,False,-0.25191694321554314,False,-0.30235192394240473,False,-0.20841583043453243,False,-0.25816984269823606,False,0.37068349508538034,False,1.3264829756529974,False,1.261268464144121,False,0.3794524666271234,False,0.809474205201531,False,0.7982970457012178,False,0.7471417378826083,False,27159
2022,27161,WASECA,18111,6.6,1198,602,3679,4481,3.3,20.3,24.7,5.3,7.1,6.8,6.7,-0.17711130639304326,False,-1.7598494678211143,False,-0.5609898551539958,False,-0.3668708513875853,False,-0.3597720073549243,False,-0.2986218913660324,False,-0.7673228128861694,False,-0.9215688954434583,False,-0.46877613072849067,False,-2.0349717639106215,False,-1.108808611304341,False,-0.9071398922536947,False,-0.9644450932647433,False,27161
2022,27163,WASHINGTON,265165,4.7,12377,5981,29341,34977,2.3,11.1,13.2,4.3,4.5,5.6,5.8,2.4054908134639623,False,-3.0963894294634753,False,1.729256454367401,False,1.7351677477511809,False,1.698409150696253,False,1.9211587881020307,False,-1.8360493165580207,False,-4.021118344983457,True,-3.854648461286105,True,-2.56718166743176,False,-2.7045468065047675,False,-1.6757300005469833,False,-1.4836111310728552,False,27163
2022,27165,WATONWAN,11059,13.3,1467,618,2795,3280,5.6,25.3,29.7,21.4,11.5,8.0,8.1,-0.6517557529210183,False,1.1768715869696535,False,-0.3624081076548523,False,-0.34288038968873297,False,-0.6321228560554011,False,-0.6356118929503077,False,0.9626118130418153,False,0.2341780713126819,False,0.5458267192947847,False,1.8709719027644678,False,0.6796329429119518,False,-0.2487549558277933,False,-0.2666944864759839,False,27165
2022,27167,WILKIN,6323,13.5,856,430,1691,1829,6.8,26.7,28.9,11.7,12.7,18.4,18.5,-1.1896650288635322,False,1.241398907967649,False,-0.8904389163848406,False,-0.6745,False,-1.1300645242628335,False,-1.2663663685706386,False,1.6371118130418172,False,0.5184449886834476,False,0.3951291897413303,False,0.12367748962363721,False,1.0574960266512003,False,3.2849178203877694,False,2.9166080041274824,False,27167
2022,27169,WINONA,46485,14.0,6518,2666,12666,13608,5.7,27.2,29.3,9.0,15.9,11.7,12.8,0.7299298158384626,False,1.3989018701441551,False,1.1001934716732475,False,0.9951549211037074,False,0.8656425020555978,False,0.9013031892394541,False,1.0233289652313853,False,0.6164988025075825,False,0.47097532054789637,False,-0.6122927219784796,False,1.9228021890279061,False,1.3356724832828475,False,1.4724984904298721,False,27169
2022,27171,WRIGHT,141270,4.8,6771,3559,17432,19724,2.5,12.3,14.0,5.1,4.1,6.6,7.4,1.7995537421138281,False,-3.0155892637148383,False,1.1375482473366816,False,1.2597255784420271,False,1.182249740776384,False,1.3022882250050993,False,-1.5984740585480652,False,-3.5028368895452946,True,-3.541839366121573,True,-2.1343079763143193,False,-3.0157979433092237,False,-1.0266491035843126,False,-0.601016439517936,False,27171
2022,27173,YELLOW MEDICINE,9398,10.0,941,328,2252,2612,3.5,24.0,27.8,9.6,10.1,10.4,10.1,-0.8083524230475314,False,-0.04204456230301926,False,-0.797661546438299,False,-0.9218886334068814,False,-0.8461856084732549,False,-0.8815571712025848,False,-0.583763270618155,False,-0.04367403199486189,False,0.1812005316635655,False,-0.4328736911174402,False,0.1899930409095384,False,0.8388333955617643,False,0.5631122083091246,False,27173
2023,27001,AITKIN,15687,12.3,1937,655,4201,4730,4.2,26.8,30.2,14.5,12.9,11.7,10.5,-0.3088881516046238,False,0.8455288346759251,False,-0.04921479162587791,False,-0.29870521111690607,False,-0.24501484954318586,False,-0.2606377523751233,False,0.0,False,0.5944984564276337,False,0.7489055895912345,False,0.612900458226011,False,1.1968555460718393,False,1.3093821761049318,False,0.6745,False,27001
2023,27003,ANOKA,363694,6.6,24172,10691,59271,66584,2.9,16.3,18.3,8.2,5.8,6.9,7.5,2.7085367243481167,False,-1.5322014286655352,False,2.4937667812529485,False,2.2233033578102406,False,2.5036736270920232,False,2.5269648187669356,False,-1.1615493165580209,False,-2.0617529266618697,False,-2.020748802122411,False,-0.8198600783475647,False,-2.073648275842843,False,-1.0886427904115088,False,-0.8961487708440034,False,27003
2023,27005,BECKER,34555,11.0,3802,1639,8670,9637,4.7,25.1,27.9,16.3,9.7,9.1,8.6,0.44914477278488835,False,0.40850199690487815,False,0.6301017966390235,False,0.5292483262838776,False,0.5073588867639309,False,0.48948964683037005,False,0.37068349508538034,False,0.2411336925204866,False,0.30733844655807147,False,0.914666805740766,False,0.0,False,0.1523104331227774,False,-0.26381255931463826,False,27005
2023,27007,BELTRAMI,44394,16.0,7084,3014,14768,16172,6.8,33.3,36.4,19.3,16.2,10.7,10.0,0.6896480480232011,False,1.888409079121662,False,1.2570749573715692,False,1.0794491112175972,False,1.060452223795024,False,1.0351622992847167,False,1.6371118130418172,False,1.771113415145534,False,1.7940721525346977,False,1.3538979597970289,False,2.171285491181174,False,0.895113518316107,False,0.44352902981873776,False,27007
2023,27009,BENTON,40723,9.8,3976,1739,9556,10201,4.3,23.5,25.0,9.0,10.0,10.9,9.9,0.6067982468949374,False,-0.03916029576400577,False,0.6751832849169199,False,0.5827309532904283,False,0.6084023335857741,False,0.5494408044453789,False,0.07690926883732921,False,-0.11313541975129181,False,-0.30242490038108666,False,-0.5908387778197896,False,0.12648770719834912,False,0.9807299180101261,False,0.3960767249655319,False,27009
2023,27011,BIG STONE,4991,11.5,572,230,1323,1439,4.6,26.5,28.8,17.8,10.2,8.9,8.4,-1.4080513003837,False,0.5819490187247323,False,-1.277109135842737,False,-1.241823747468106,False,-1.4444772742884073,False,-1.514573202472878,False,0.2992194253643823,False,0.5337382277167793,False,0.4841740371887619,False,1.1430529659156916,False,0.2089106088790177,False,0.05128213237268775,False,-0.3732058896757844,False,27011
2023,27013,BLUE EARTH,65697,16.3,10695,5052,20036,21563,7.7,30.5,32.8,12.8,19.5,7.4,7.0,1.0658798643519707,False,1.9627350912912087,False,1.6721316152213643,False,1.5460483398903662,False,1.3772720576907418,False,1.338429827978144,False,2.0780164612513983,False,1.294228597667329,False,1.2104601120344116,False,0.2938165172365273,False,2.9741543522758325,False,-0.7786531054600226,False,-1.2111537764498255,False,27013
2023,27015,BROWN,24750,7.7,1908,912,5319,6074,3.7,21.5,24.5,7.4,7.0,9.2,9.9,0.12880545580317945,False,-0.9578624477149872,False,-0.06440767505607953,False,0.0,False,0.0,False,0.0029540926846598017,False,-0.4081871506897269,False,-0.5900202372294995,False,-0.4143964416374104,False,-1.0697290269214523,False,-1.3302302523418545,False,0.2020768125501034,False,0.3960767249655319,False,27015
2023,27017,CARLTON,34604,11.1,3846,1830,7649,8649,5.3,22.1,25.0,12.7,10.1,12.3,12.5,0.45050496099314297,False,0.4437624649392089,False,0.6416936318282654,False,0.6287935317304196,False,0.3772468285177714,False,0.3754759852475295,False,0.7747819218481777,False,-0.44264297355809484,False,-0.30242490038108666,False,0.27384068778007115,False,0.16788479771584755,False,1.5425580350342658,False,1.5076390097363315,False,27017
2023,27019,CARVER,107417,4.2,4534,2355,10184,11486,2.2,9.5,10.7,4.0,3.9,5.6,5.9,1.5378324437772652,False,-3.1446004667281913,False,0.807490041895557,False,0.8565919405309804,False,0.6745,False,0.6745,False,-1.96029341278934,False,-4.858014290819823,True,-4.906902298849285,True,-2.494681492884642,False,-3.572604275858329,True,-1.9968221376694477,False,-1.9797454807426251,False,27019
2023,27021,CASS,30287,12.7,3861,1662,8841,9802,5.5,29.2,32.4,20.3,11.4,10.5,9.8,0.32259916899220953,False,0.9714302539082351,False,0.6456151111460382,False,0.5418326230037279,False,0.5276413381734237,False,0.5073841185342572,False,0.9009676456873886,False,1.0582125777066582,False,1.1418122395330534,False,1.4859745789480656,False,0.6745,False,0.8080209012805329,False,0.3481870655168615,False,27021
2023,27023,CHIPPEWA,12099,14.4,1748,777,3236,3728,6.4,26.7,30.8,20.5,14.0,8.7,8.5,-0.5581698596795482,False,1.4684267671717925,False,-0.1526160127657473,False,-0.1445832725944483,False,-0.5159952288455627,False,-0.5115279395821197,False,1.4245567096601017,False,0.5743182082511393,False,0.8587442093560944,False,1.5116445269475454,False,1.5452440606352473,False,-0.051808112136013586,False,-0.31822134199348384,False,27023
2023,27025,CHISAGO,55999,5.9,3322,1866,7719,8887,3.3,13.8,15.9,6.2,5.6,6.0,6.7,0.9125648449546626,False,-1.9427555202797981,False,0.4941422483121538,False,0.6463870210527953,False,0.38670698356681416,False,0.4040892005290913,False,-0.7673228128861694,False,-2.935799121964968,False,-2.7864713412471676,False,-1.4931292181684817,False,-2.2102060967007993,False,-1.6996042588964215,False,-1.4097508645297003,False,27025
2023,27027,CLAY,62608,14.4,9003,3696,14926,16493,5.9,23.8,26.3,16.1,14.9,8.0,8.7,1.0196507468834666,False,1.4684267671717925,False,1.4986067839001256,False,1.2637113884638955,False,1.0715040566905116,False,1.0558805396827267,False,1.1420908956064961,False,-0.04498026438745648,False,-0.021083581756607035,False,0.882728487230084,False,1.811786282165694,False,-0.4301530943143075,False,-0.20996760836206588,False,27027
2023,27029,CLEARWATER,8393,11.2,940,386,2259,2501,4.6,26.9,29.8,10.2,10.5,14.1,14.2,-0.9092006179715351,False,0.47873272006996076,False,-0.7772379257976358,False,-0.7755636494126015,False,-0.8891394658253965,False,-0.9321965339912531,False,0.2992194253643823,False,0.6146062439519961,False,0.6745,False,-0.2795629074406921,False,0.3298255065160393,False,2.183716351916605,False,2.1239134116648564,False,27029
2023,27031,COOK,5572,11.3,628,191,1160,1278,3.4,20.8,22.9,23.5,11.4,6.7,4.9,-1.3023673293560398,False,0.5134175005465809,False,-1.1831467057792397,False,-1.4089182066550732,False,-1.5809218602251538,False,-1.6395611455657735,False,-0.6745,False,-0.7670105427829932,False,-0.7880560890615862,False,1.8704143376164408,False,0.6745,False,-1.218169032209425,False,-2.79327695299119,False,27031
2023,27033,COTTONWOOD,11220,14.2,1594,660,3276,3471,5.9,29.2,30.9,18.7,11.8,15.4,14.8,-0.6305653657296241,False,1.4128852963669156,False,-0.24549509721497434,False,-0.2918441864007107,False,-0.5032399847213156,False,-0.5868059125406329,False,1.1420908956064961,False,1.0582125777066582,False,0.8768489438094854,False,1.271491845657897,False,0.8197295718578285,False,2.60088159329465,False,2.32507367891454,False,27033
2023,27035,CROW WING,66076,9.7,6390,2492,15744,17454,3.8,23.8,26.4,12.2,9.2,8.6,8.5,1.0714015477256413,False,-0.07868487857870862,False,1.1531932654182295,False,0.9076643854671009,False,1.1269136908914337,False,1.115577958050999,False,-0.3231815997475238,False,-0.04498026438745648,False,0.0,False,0.17172244152535024,False,-0.21891006042459868,False,-0.10415310546002046,False,-0.31822134199348384,False,27035
2023,27037,DAKOTA,439231,5.6,24512,11423,62316,69745,2.6,14.2,15.9,6.4,5.1,5.7,6.0,2.889684901305213,False,-2.1316249256864555,False,2.507841445708998,False,2.283139809465426,False,2.5557037565510545,False,2.5758582851660847,False,-1.4847309163055447,False,-2.7864565967156345,False,-2.7864713412471676,False,-1.417873429973321,False,-2.5705771912202042,False,-1.9208621099709122,False,-1.9049817265787923,False,27037
2023,27039,DODGE,20684,5.4,1127,400,2930,3372,1.9,14.2,16.3,6.5,5.3,4.0,4.5,-0.04345863172777454,False,-2.2623694572785418,False,-0.5945860838703999,False,-0.74345291880207,False,-0.6191299318547997,False,-0.6173013688525517,False,-2.357756481390254,False,-2.7864565967156345,False,-2.651579735571966,False,-1.3810048973005509,False,-2.4230048038015664,False,-3.3992085177928417,False,-3.158057668059075,False,27039
2023,27041,DOUGLAS,38794,8.3,3213,1410,7531,8418,3.6,19.4,21.7,8.6,8.7,7.2,6.9,0.5602170497421377,False,-0.6745,False,0.4605341116466196,False,0.39335019383555375,False,0.36110202199680264,False,0.3469412710828937,False,-0.4950209174353209,False,-1.13871177906172,False,-1.0851013225818495,False,-0.702963098687721,False,-0.44882514776741106,False,-0.9003757822075081,False,-1.2765130189632705,False,27041
2023,27043,FARIBAULT,13619,11.8,1609,650,3931,4303,4.8,28.9,31.6,14.7,11.1,11.1,10.8,-0.44457907256696955,False,0.6827172677539081,False,-0.2360626895277671,False,-0.305618730794104,False,-0.3139896192922873,False,-0.36035412756456503,False,0.4409046482095829,False,1.0023051635189253,False,1.0020150124753842,False,0.6481145872773141,False,0.5624695691796956,False,1.0649193110833082,False,0.8083097448866223,False,27043
2023,27045,FILLMORE,20841,8.9,1858,682,4546,5100,3.3,21.8,24.5,12.9,7.3,8.1,8.3,-0.03620032560727907,False,-0.4088596301707922,False,-0.09115256223527947,False,-0.26225964281475167,False,-0.16306332933838405,False,-0.1812582991786955,False,-0.7673228128861694,False,-0.5158467977734317,False,-0.4143964416374104,False,0.31364811561968753,False,-1.161830354430373,False,-0.37433764626600585,False,-0.4287785185389925,False,27045
2023,27047,FREEBORN,30186,9.8,2959,1432,7771,8978,4.7,25.7,29.7,11.3,10.3,7.8,6.9,0.3193928257105621,False,-0.03916029576400577,False,0.37757416648333125,False,0.4073301052512329,False,0.3936791631621294,False,0.4148275273959862,False,0.37068349508538034,False,0.36841218967726336,False,0.6557476153874027,False,-0.02224031943874764,False,0.24957174134127577,False,-0.5436690322094229,False,-1.2765130189632705,False,27047
2023,27049,GOODHUE,46887,9.3,4344,2301,9192,10273,4.9,19.6,21.9,11.6,8.4,8.3,9.1,0.7420930977903198,False,-0.24056586794346743,False,0.7643616674062711,False,0.8356403788143809,False,0.5680725623747795,False,0.5568544577853496,False,0.5099253807711152,False,-1.0840770744024228,False,-1.0345189527394925,False,0.043947568662638464,False,-0.592533739633673,False,-0.26452361154318504,False,0.0,False,27049
2023,27051,GRANT,6029,10.7,645,264,1701,1889,4.4,28.2,31.3,14.8,9.4,8.0,9.7,-1.2267128324657506,False,0.30093012430313354,False,-1.15627342796072,False,-1.1177495341513082,False,-1.183640789160586,False,-1.2279072133123305,False,0.1523808967362726,False,0.8696421417950421,False,0.9487047419877755,False,0.6655537851869666,False,-0.13008499215304822,False,-0.4301530943143075,False,0.29985191446862364,False,27051
2023,27053,HENNEPIN,1245699,10.0,124654,58474,240024,260599,4.7,19.3,20.9,11.7,9.8,8.8,8.6,3.8903275362992624,True,0.03880266249809173,False,4.146691449059611,True,3.75860074329103,True,3.956241688706287,True,3.965395669437337,True,0.37068349508538034,False,-1.1662303248981367,False,-1.2919882009817385,False,0.06566044413555072,False,0.04255237459549007,False,0.0,False,-0.26381255931463826,False,27053
2023,27055,HOUSTON,18539,6.5,1213,522,3361,3882,2.8,18.1,20.9,4.2,6.5,9.0,8.8,-0.1485487612682792,False,-1.588478569459815,False,-0.5205466575766802,False,-0.5034406155140241,False,-0.47664430662316615,False,-0.4688675994796298,False,-1.2664283179564368,False,-1.5074533909461314,False,-1.2919882009817385,False,-2.386955354611668,False,-1.6254518611232909,False,0.10204885770931763,False,-0.1566749230494167,False,27055
2023,27057,HUBBARD,21413,9.7,2072,869,5424,6057,4.1,25.3,28.3,7.9,10.2,10.4,10.1,-0.01021080370399392,False,-0.07868487857870862,False,0.018643254003122108,False,-0.04359171932916772,False,0.020298679330567195,False,0.0,False,-0.0784027456558379,False,0.2838820894867409,False,0.3866022813668264,False,-0.9109180674136285,False,0.2089106088790177,False,0.7639049295742432,False,0.4905518961603245,False,27057
2023,27059,ISANTI,41465,7.8,3238,1683,7961,9006,4.1,19.2,21.7,8.9,7.3,8.3,8.2,0.6241307322085113,False,-0.9093034961696661,False,0.468342055537327,False,0.553171549740815,False,0.41876373229948327,False,0.41810974146182084,False,-0.0784027456558379,False,-1.1938847653390434,False,-1.0851013225818495,False,-0.6184436779554099,False,-1.161830354430373,False,-0.26452361154318504,False,-0.4849519442194701,False,27059
2023,27061,ITASCA,43971,12.7,5593,3008,11552,12966,6.8,26.3,29.5,16.9,12.9,9.7,9.0,0.6804580019162396,False,0.9714302539082351,False,1.0189730712480032,False,1.077649125335949,False,0.8053916363513376,False,0.8022573860934648,False,1.6371118130418172,False,0.49286204032417924,False,0.6180588983017524,False,1.008312163771032,False,1.1968555460718393,False,0.4438093793262177,False,-0.05170183223035317,False,27061
2023,27063,JACKSON,9818,9.1,896,315,1954,2524,3.2,19.9,25.7,10.0,8.6,8.1,9.4,-0.7586834461510809,False,-0.32387955716230576,False,-0.8254933701461042,False,-0.9587060407807303,False,-1.0397075977200332,False,-0.9225501379026848,False,-0.8623298911936376,False,-1.0031116234299058,False,-0.1492300373674247,False,-0.3290536958327294,False,-0.496228134482463,False,-0.37433764626600585,False,0.15208865085294687,False,27063
2023,27065,KANABEC,16009,9.8,1562,693,4353,4755,4.3,27.2,29.7,9.2,10.0,10.0,9.5,-0.28938507768082494,False,-0.03916029576400577,False,-0.2659175962770534,False,-0.24782285241927773,False,-0.20810947764032303,False,-0.25508184211198975,False,0.07690926883732921,False,0.6745,False,0.6557476153874027,False,-0.5364476055343894,False,0.12648770719834912,False,0.5834840843963128,False,0.20181143477586383,False,27065
2023,27067,KANDIYOHI,42603,10.0,4260,2250,10484,11599,5.3,24.6,27.2,13.4,9.3,7.8,7.9,0.65011986925934,False,0.03880266249809173,False,0.7446896951157782,False,0.8153965172615553,False,0.7046496555457086,False,0.6848194729698625,False,0.7747819218481777,False,0.1328128528380949,False,0.1659496739350813,False,0.41071349689636977,False,-0.1742819280757929,False,-0.5436690322094229,False,-0.6572105239649442,False,27067
2023,27069,KITTSON,4019,9.7,389,180,816,974,4.5,20.3,24.2,7.2,7.4,15.5,17.1,-1.6159260754129872,False,-0.07868487857870862,False,-1.6648060624747671,False,-1.4622286715931239,False,-1.94587762578461,False,-1.925660636473601,False,0.22646764568738872,False,-0.8969470636312374,False,-0.4826381041997869,False,-1.1359169150228394,False,-1.1070470974612738,False,2.6315883544384464,False,3.031219275116325,False,27069
2023,27071,KOOCHICHING,11642,10.7,1247,623,2646,2870,5.4,22.7,24.7,19.6,9.6,6.4,7.1,-0.5951270005342124,False,0.30093012430313354,False,-0.4927127201398254,False,-0.34389425776043153,False,-0.7249788931316616,False,-0.7871735568574404,False,0.838367716810497,False,-0.29904503367368884,False,-0.36934657823209716,False,1.3941920483589898,False,-0.0429519332525524,False,-1.4189072342700437,False,-1.1466064710062938,False,27071
2023,27073,LAC QUI PARLE,6535,8.0,520,245,1360,1559,3.7,20.8,23.9,8.8,8.0,7.7,7.2,-1.1493642294677566,False,-0.8138194326119094,False,-1.3729762326118957,False,-1.184975279522181,False,-1.4158515815288657,False,-1.4301941032151282,False,-0.4081871506897269,False,-0.7670105427829932,False,-0.5516970516032191,False,-0.6463288356744222,False,-0.7914497432638994,False,-0.601398193731087,False,-1.0828511770372584,False,27073
2023,27075,LAKE,10718,8.3,893,438,2438,2617,4.1,22.7,24.4,6.3,9.7,7.2,7.0,-0.6745,False,-0.6745,False,-0.8288692131592205,False,-0.6616434635946247,False,-0.8099752590436456,False,-0.8844210096048533,False,-0.0784027456558379,False,-0.29904503367368884,False,-0.4370540471597031,False,-1.4552435907076926,False,0.0,False,-0.9003757822075081,False,-1.2111537764498255,False,27075
2023,27077,LAKE OF THE WOODS,3753,8.2,306,125,983,1095,3.3,26.2,29.2,8.6,7.5,13.3,9.3,-1.6816420254399236,False,-0.7204340907630108,False,-1.9059448317924357,False,-1.7895235825246438,False,-1.7527149508783098,False,-1.8023378639300387,False,-0.7673228128861694,False,0.4723115115410279,False,0.5610598854041641,False,-0.702963098687721,False,-1.052912178283988,False,1.9087506970267274,False,0.10188544611988908,False,27077
2023,27079,LE SUEUR,28671,7.1,2034,926,4588,5390,3.2,16.0,18.8,6.7,7.5,7.9,6.1,0.2699663314475686,False,-1.2614817252807933,False,0.0,False,0.013750587738594545,False,-0.15351412166852102,False,-0.12296837927000473,False,-0.8623298911936376,False,-2.159714832434968,False,-1.8732636989700395,False,-1.3087200822924718,False,-1.052912178283988,False,-0.48659219155810834,False,-1.8312784870157128,False,27079
2023,27081,LINCOLN,5412,9.2,496,205,1299,1426,3.8,24.0,26.3,7.0,8.2,12.3,13.7,-1.3303297789221031,False,-0.2820185090628855,False,-1.4204988237580158,False,-1.3453226385488348,False,-1.4634762680876887,False,-1.5241332872823175,False,-0.3231815997475238,False,0.0,False,-0.021083581756607035,False,-1.203739236045802,False,-0.6909105910428158,False,1.5425580350342658,False,1.9501182383052384,False,27081
2023,27083,LYON,24693,12.5,3076,1386,6718,7830,5.6,27.2,31.7,12.5,12.5,11.2,12.2,0.1265922755644187,False,0.908945862903752,False,0.4166380338085888,False,0.3778485822522832,False,0.24247378005260278,False,0.27061804449829685,False,0.9626118130418153,False,0.6745,False,1.0196761386441902,False,0.23344783564162072,False,1.0632884721543452,False,1.1064935922951415,False,1.3908702469539227,False,27083
2023,27085,MCLEOD,36248,7.7,2799,1271,7142,7982,3.5,19.7,22.0,8.7,6.7,8.6,9.6,0.49505822346592676,False,-0.9578624477149872,False,0.32157708336736046,False,0.29964022314061317,False,0.3060283135059926,False,0.2908835918173227,False,-0.583763270618155,False,-1.0569583153096225,False,-1.0093931910409997,False,-0.6745,False,-1.5050673533393168,False,-0.10415310546002046,False,0.25106290559869354,False,27085
2023,27087,MAHNOMEN,5261,20.9,1101,559,2341,2435,10.6,44.5,46.3,28.2,19.3,14.1,13.0,-1.3574880518575723,False,2.9645323517122497,False,-0.6180848106814782,False,-0.4416752535525023,False,-0.8521239091243213,False,-0.9603778858489412,False,3.2395657778094202,False,3.353492076495879,False,3.1482401768420134,False,2.3524418394220104,False,2.9293074510763435,False,2.183716351916605,False,1.696604971299019,False,27087
2023,27089,MARSHALL,8803,7.4,655,284,1691,1919,3.2,19.2,21.8,9.4,6.7,7.7,7.3,-0.8634230911601805,False,-1.106960623453872,False,-1.1407940422132303,False,-1.0520047190379678,False,-1.1897609170561299,False,-1.2113056737794492,False,-0.8623298911936376,False,-1.1938847653390434,False,-1.059754674358021,False,-0.48311263954681594,False,-1.5050673533393168,False,-0.601398193731087,False,-1.019868693550551,False,27089
2023,27091,MARTIN,19606,11.1,2168,747,5392,6104,3.8,27.5,31.1,14.1,9.8,10.1,11.0,-0.09483550963186035,False,0.4437624649392089,False,0.0642606924456706,False,-0.18011573849212265,False,0.014154337809685032,False,0.008147088275574513,False,-0.3231815997475238,False,0.7337599477955205,False,0.9128887685420697,False,0.5410881469940263,False,0.04255237459549007,False,0.6291970357720896,False,0.8956393849048317,False,27091
2023,27093,MEEKER,23054,8.3,1915,637,4896,5331,2.8,21.2,23.1,8.4,7.7,9.4,9.9,0.06066738113369778,False,-0.6745,False,-0.060719400413711065,False,-0.32384542167341357,False,-0.08604712767740376,False,-0.1345690526031744,False,-1.2664283179564368,False,-0.6651893230227651,False,-0.740002867754341,False,-0.7607897491491605,False,-0.9465272140436775,False,0.3001623537339964,False,0.3960767249655319,False,27093
2023,27095,MILLE LACS,26401,10.5,2783,1077,6535,7308,4.1,24.8,27.7,13.7,9.6,10.9,9.6,0.19079107643829554,False,0.22767206790474703,False,0.31580235010245383,False,0.1501110134728731,False,0.21379438194720984,False,0.19789703242320658,False,-0.0784027456558379,False,0.17639293899377165,False,0.26729416627841757,False,0.4673477599096685,False,-0.0429519332525524,False,0.9807299180101261,False,0.25106290559869354,False,27095
2023,27097,MORRISON,33520,10.0,3341,1324,8007,8984,3.9,23.9,26.8,10.9,9.2,11.2,11.2,0.41995454242594105,False,0.03880266249809173,False,0.49988752291277483,False,0.33652667586907137,False,0.4247468176164802,False,0.4155317197890252,False,-0.23992886608173158,False,-0.02244497116430919,False,0.08357179884000028,False,-0.11304741428735936,False,-0.21891006042459868,False,1.1064935922951415,False,0.981525493515407,False,27097
2023,27099,MOWER,39366,12.1,4782,1925,9760,10673,4.9,24.8,27.1,18.4,10.5,8.6,8.5,0.5742669174601455,False,0.7811509058925916,False,0.8611422647838961,False,0.6745,False,0.6303382220487455,False,0.597118124926941,False,0.5099253807711152,False,0.17639293899377165,False,0.14546527162428177,False,1.2293427150648522,False,0.3298255065160393,False,-0.10415310546002046,False,-0.31822134199348384,False,27099
2023,27101,MURRAY,7999,8.1,647,264,1576,1839,3.3,19.7,23.0,6.5,8.0,8.9,9.5,-0.9553492725671717,False,-0.7668702033867326,False,-1.1531584696937058,False,-1.1177495341513082,False,-1.2628635888530628,False,-1.2561709967275694,False,-0.7673228128861694,False,-1.0569583153096225,False,-0.763979422824264,False,-1.3810048973005509,False,-0.7914497432638994,False,0.05128213237268775,False,0.20181143477586383,False,27101
2023,27103,NICOLLET,31884,9.6,3061,1734,6824,7533,5.4,21.4,23.6,9.7,10.0,8.1,8.0,0.37192367577630286,False,-0.1185805896648773,False,0.41171366403011744,False,0.5801306849815059,False,0.2587307224404506,False,0.22985927240261236,False,0.838367716810497,False,-0.6149646562410757,False,-0.6215930975326815,False,-0.40500317375089984,False,0.12648770719834912,False,-0.37433764626600585,False,-0.5991541516183234,False,27103
2023,27105,NOBLES,21642,12.6,2729,1208,6850,7744,5.6,31.7,35.8,15.5,10.8,13.6,13.5,0.0,False,0.9403029204539041,False,0.29606462708849,False,0.25374052556483334,False,0.26267971084260083,False,0.2589770513093166,False,0.9626118130418153,False,1.5035992561592098,False,1.7008137340902647,False,0.7846228997513613,False,0.44762636707940134,False,2.0136246368301074,False,1.8789391626336072,False,27105
2023,27107,NORMAN,6248,10.3,641,329,1596,1688,5.3,25.5,27.0,12.8,10.1,7.7,7.8,-1.1924682962875084,False,0.1531287170813163,False,-1.1625323809830805,False,-0.9195349026030266,False,-1.24977478677997,False,-1.3464389613435626,False,0.7747819218481777,False,0.32630663185121234,False,0.12490784098683255,False,0.2938165172365273,False,0.16788479771584755,False,-0.601398193731087,False,-0.7159229144007324,False,27107
2023,27109,OLMSTED,160516,7.9,12714,6128,27260,29138,3.8,17.0,18.2,7.7,8.3,7.3,7.0,1.923404700647213,False,-0.8612932450852623,False,1.8463735601082079,False,1.7204864224812781,False,1.6970273105703868,False,1.6557918507715703,False,-0.3231815997475238,False,-1.8396269827984515,False,-2.050703950974579,False,-0.9733449465148534,False,-0.6414577063402915,False,-0.8391478003945992,False,-1.2111537764498255,False,27109
2023,27111,OTTER TAIL,59247,8.9,5273,2358,14221,15515,4.0,24.0,26.2,9.4,8.6,8.8,9.1,0.9666853401003512,False,-0.4088596301707922,False,0.959614687260179,False,0.8577417934290338,False,1.0212557721163056,False,0.9914441083441449,False,-0.1583581214145626,False,0.0,False,-0.0422445346287847,False,-0.48311263954681594,False,-0.496228134482463,False,0.0,False,0.0,False,27111
2023,27113,PENNINGTON,13627,9.9,1352,450,2920,3390,3.3,21.4,24.9,11.4,10.3,8.2,6.8,-0.4440154096214238,False,0.0,False,-0.4113095723617194,False,-0.6372754444656424,False,-0.622679431886957,False,-0.6116907206238068,False,-0.7673228128861694,False,-0.6149646562410757,False,-0.3246459420854467,False,0.0,False,0.24957174134127577,False,-0.31913221532520264,False,-1.3427048856702084,False,27113
2023,27115,PINE,27907,10.5,2931,1390,7015,7927,5.0,25.1,28.4,11.8,10.5,10.2,9.5,0.244041202233804,False,0.22767206790474703,False,0.3679966098243009,False,0.38045072260721136,False,0.28739655418246435,False,0.28359556347730175,False,0.5777860459398649,False,0.2411336925204866,False,0.4062491596113122,False,0.08720302079303917,False,0.3298255065160393,False,0.6745,False,0.20181143477586383,False,27115
2023,27117,PIPESTONE,9163,11.4,1043,416,2523,2867,4.5,27.5,31.3,12.8,11.4,7.9,9.2,-0.8249528418065621,False,0.5478214295167876,False,-0.6725677113983917,False,-0.7081000434830482,False,-0.7743967128307274,False,-0.7882756750688371,False,0.22646764568738872,False,0.7337599477955205,False,0.9487047419877755,False,0.2938165172365273,False,0.6745,False,-0.48659219155810834,False,0.05119244629118152,False,27117
2023,27119,POLK,29746,11.7,3467,1458,7882,8460,4.9,26.5,28.4,12.7,11.8,10.3,9.8,0.3052982718875396,False,0.6493926889770304,False,0.5371806812851758,False,0.4235777130984551,False,0.40840731537967456,False,0.3521871813011474,False,0.5099253807711152,False,0.5337382277167793,False,0.4062491596113122,False,0.27384068778007115,False,0.8197295718578285,False,0.7194002658857279,False,0.3481870655168615,False,27119
2023,27121,POPE,11159,9.8,1094,306,2328,2533,2.7,20.9,22.7,11.2,8.6,10.7,11.3,-0.6357979416719083,False,-0.03916029576400577,False,-0.6245061500061744,False,-0.9848148668373238,False,-0.8579049452797012,False,-0.918799359579843,False,-1.3741044199397352,False,-0.7413811488077059,False,-0.836513123684106,False,-0.04466219451385569,False,-0.496228134482463,False,0.895113518316107,False,1.0239419843173987,False,27121
2023,27123,RAMSEY,530673,12.4,65817,30886,137359,149091,5.8,25.9,28.1,17.6,11.2,9.2,9.1,3.0712247310024243,False,0.8773556652392351,False,3.503124767271189,True,3.1818701713429625,False,3.376569355629294,False,3.376719454944261,False,1.083146570902183,False,0.4102035239949436,False,0.34710655719069927,False,1.113676595584092,False,0.6001187305383339,False,0.2020768125501034,False,0.0,False,27123
2023,27125,RED LAKE,3909,7.8,305,70,768,864,1.8,19.6,22.1,5.2,6.9,11.3,12.7,-1.6425585469810864,False,-0.9093034961696661,False,-1.9092325612895291,False,-2.307826140003327,False,-2.0087618612042846,False,-2.051853895990295,False,-2.499441704235455,False,-1.0840770744024228,False,-0.9843764351589431,False,-1.9038427150648516,False,-1.3877699705468103,False,1.1477284878346274,False,1.584052023164404,False,27125
2023,27127,REDWOOD,15071,12.0,1812,931,3988,4340,6.2,26.5,28.8,12.1,11.8,11.0,12.5,-0.3473399418633784,False,0.7485924169720175,False,-0.11640097295037793,False,0.018611237510895353,False,-0.29904195215689156,False,-0.3513304724646646,False,1.3139302132942923,False,0.5337382277167793,False,0.4841740371887619,False,0.150835158785715,False,0.8197295718578285,False,1.0230000111457151,False,1.5076390097363315,False,27127
2023,27129,RENVILLE,14243,10.7,1531,660,3772,4143,4.6,26.5,29.1,12.7,10.4,8.8,9.4,-0.40157814117354274,False,0.30093012430313354,False,-0.2861045938950194,False,-0.2918441864007107,False,-0.3568599880141517,False,-0.40028981108152784,False,0.2992194253643823,False,0.5337382277167793,False,0.5419343183306895,False,0.27384068778007115,False,0.2898746212848481,False,0.0,False,0.15208865085294687,False,27129
2023,27131,RICE,59693,9.3,5550,2348,12139,13143,3.9,20.3,22.0,10.6,9.3,7.4,7.5,0.973884234024883,False,-0.24056586794346743,False,1.0111972421807407,False,0.8539032463913951,False,0.8568644617946185,False,0.8165496005124986,False,-0.23992886608173158,False,-0.8969470636312374,False,-1.0093931910409997,False,-0.18317882703409202,False,-0.1742819280757929,False,-0.7786531054600226,False,-0.8961487708440034,False,27131
2023,27133,ROCK,9379,9.5,889,387,2382,2551,4.1,25.4,27.2,10.6,9.3,8.3,8.4,-0.8025896344002038,False,-0.1588544647861142,False,-0.8333880018839097,False,-0.7732317962119342,False,-0.8340993760380807,False,-0.9113376030946579,False,-0.0784027456558379,False,0.3051345355210758,False,0.1659496739350813,False,-0.18317882703409202,False,-0.1742819280757929,False,-0.26452361154318504,False,-0.3732058896757844,False,27133
2023,27135,ROSEAU,15049,11.0,1654,726,3336,3881,4.8,22.2,25.8,14.3,9.8,9.7,10.5,-0.34874211961160634,False,0.40850199690487815,False,-0.2082839204775763,False,-0.2058468939570069,False,-0.48439611674419547,False,-0.46913911937119573,False,0.4409046482095829,False,-0.41845281581896604,False,-0.1276735517530507,False,0.5772289900497025,False,0.04255237459549007,False,0.4438093793262177,False,0.6745,False,27135
2023,27137,ST. LOUIS,193031,13.4,25849,12405,51324,56671,6.4,26.6,29.4,12.7,14.9,10.8,9.7,2.100467446882153,False,1.1831611337527819,False,2.5613567547604985,False,2.357653508983645,False,2.354160242020528,False,2.3570326371719337,False,1.4245567096601017,False,0.5540649752931278,False,0.5991217608009195,False,0.27384068778007115,False,1.811786282165694,False,0.9381031110117071,False,0.29985191446862364,False,27137
2023,27139,SCOTT,151098,4.1,6230,3343,17524,19368,2.2,11.6,12.8,4.4,3.7,5.3,5.9,1.8653636399909335,False,-3.2271052340953355,False,1.1276444224035467,False,1.1730322690961705,False,1.2381516914969772,False,1.2252625532627954,False,-1.96029341278934,False,-3.8370112374465744,True,-3.954994154350255,True,-2.2832953376492418,False,-3.763229661392211,True,-2.2318062109200465,False,-1.9797454807426251,False,27139
2023,27141,SHERBURNE,97121,4.8,4702,2210,14025,15819,2.3,14.4,16.3,3.5,4.7,8.0,8.6,1.4411112574474298,False,-2.6806277432306485,False,0.8441452234492961,False,0.7991954088733515,False,1.0068430366500143,False,1.0118985090401298,False,-1.8360493165580207,False,-2.7132527725002955,False,-2.651579735571966,False,-2.784071475007322,False,-2.880821300473689,False,-0.4301530943143075,False,-0.26381255931463826,False,27141
2023,27143,SIBLEY,14766,9.9,1460,588,3111,3535,4.0,21.1,23.9,11.5,8.8,9.5,11.2,-0.36696427092380746,False,0.0,False,-0.3339223599831372,False,-0.3960534047082116,False,-0.5568960369458319,False,-0.5675510215611886,False,-0.1583581214145626,False,-0.6904715908359201,False,-0.5516970516032191,False,0.02206168040622147,False,-0.4019083540997911,False,0.348500011145713,False,0.981525493515407,False,27143
2023,27145,STEARNS,152879,12.2,18584,7613,38354,42341,5.0,25.1,27.7,12.5,12.6,9.9,10.0,1.8766120056005178,False,0.8134617993459954,False,2.2288641923956325,False,1.9165272134932363,False,2.0516283040055674,False,2.0497395394432525,False,0.5777860459398649,False,0.2411336925204866,False,0.26729416627841757,False,0.23344783564162072,False,1.097047645915695,False,0.537353657368203,False,0.44352902981873776,False,27145
2023,27147,STEELE,36897,7.4,2746,1262,7437,8326,3.4,20.2,22.6,8.4,7.0,7.8,7.5,0.5120924999241451,False,-1.106960623453872,False,0.3023201517778758,False,0.2932241539551359,False,0.3480588614373796,False,0.335358186729835,False,-0.6745,False,-0.9233001137177398,False,-0.8608952030825076,False,-0.7607897491491605,False,-1.3302302523418545,False,-0.5436690322094229,False,-0.8961487708440034,False,27147
2023,27149,STEVENS,9277,10.3,959,523,2287,2373,5.6,24.7,25.6,4.6,13.8,6.9,5.7,-0.813085143910787,False,0.1531287170813163,False,-0.757094092749904,False,-0.5017145545998934,False,-0.8763511267848977,False,-0.9875556531807733,False,0.9626118130418153,False,0.1546452891028257,False,-0.17086741054692206,False,-2.1834056225055436,False,1.4838425040561392,False,-1.0886427904115088,False,-2.132579771443068,False,27149
2023,27151,SWIFT,9609,10.8,1041,423,2939,3239,4.4,30.6,33.7,11.8,11.3,9.0,8.7,-0.7793361399990412,False,0.33709087033917884,False,-0.6745,False,-0.6930577263129,False,-0.6159457207805688,False,-0.6597100526115859,False,0.1523808967362726,False,1.3119782569290592,False,1.3619934411981054,False,0.08720302079303917,False,0.6374605483766855,False,0.10204885770931763,False,-0.20996760836206588,False,27151
2023,27153,TODD,25022,11.8,2945,1140,7493,8260,4.6,29.9,33.0,18.7,9.6,8.5,9.4,0.13929688854226424,False,0.6827172677539081,False,0.3727967668281135,False,0.20143290386161347,False,0.3558489637404835,False,0.32696947424168754,False,0.2992194253643823,False,1.1865327245397777,False,1.2444799935215327,False,1.271491845657897,False,-0.0429519332525524,False,-0.1570462238621545,False,0.15208865085294687,False,27153
2023,27155,TRAVERSE,3177,10.1,321,113,847,934,3.6,26.7,29.4,12.9,9.8,8.9,8.2,-1.8415354367420003,False,0.0772541648643082,False,-1.857874277640408,False,-1.8799582564387514,False,-1.9071992057072413,False,-1.9698210607173008,False,-0.4950209174353209,False,0.5743182082511393,False,0.5991217608009195,False,0.31364811561968753,False,0.04255237459549007,False,0.05128213237268775,False,-0.4849519442194701,False,27155
2023,27157,WABASHA,21294,8.4,1797,775,3628,4137,3.6,17.0,19.4,10.3,7.7,7.3,8.5,-0.015560052521894203,False,-0.6290571923517411,False,-0.1247728421811932,False,-0.14690912359233807,False,-0.39727468137892813,False,-0.4018172336716375,False,-0.4950209174353209,False,-1.8396269827984515,False,-1.7011209697877252,False,-0.2551479516282084,False,-0.9465272140436775,False,-0.8391478003945992,False,-0.31822134199348384,False,27157
2023,27159,WADENA,13797,11.4,1570,656,4006,4442,4.8,29.0,32.2,11.4,12.0,9.3,9.6,-0.43211515842412357,False,0.5478214295167876,False,-0.26077303783069794,False,-0.29732883215499234,False,-0.2943659841349738,False,-0.32684714310345153,False,0.4409046482095829,False,1.021003053373251,False,1.107179383555724,False,0.0,False,0.8906511054058069,False,0.251357658584207,False,0.25106290559869354,False,27159
2023,27161,WASECA,18062,7.2,1309,618,3949,4771,3.4,21.9,26.4,5.9,7.9,6.9,6.8,-0.1735689395969507,False,-1.2093477949690825,False,-0.4438550916644952,False,-0.3511637467984359,False,-0.30924602094879705,False,-0.2515413653224718,False,-0.6745,False,-0.4913390439582889,False,0.0,False,-1.6100261978283248,False,-0.8425603004913547,False,-1.0886427904115088,False,-1.3427048856702084,False,27161
2023,27163,WASHINGTON,269034,5.0,13484,6611,30318,36173,2.5,11.3,13.4,5.3,4.5,5.8,6.4,2.4191462978908387,False,-2.5365847281275724,False,1.905621149654394,False,1.7890280565843495,False,1.8074467947530437,False,1.883771262797087,False,-1.5984740585480652,False,-3.9719578349509206,True,-3.709580386133522,True,-1.859895146402213,False,-3.044208214560189,False,-1.84602745749203,False,-1.6162412651943305,False,27163
2023,27165,WATONWAN,11025,13.0,1438,556,2815,3365,5.0,25.5,30.5,22.9,10.6,6.0,6.9,-0.6473935940612389,False,1.0634669647306734,False,-0.34921171558999553,False,-0.44652894085652906,False,-0.6607004749985853,False,-0.619491377597537,False,0.5777860459398649,False,0.32630663185121234,False,0.804086423950528,False,1.8023117304109146,False,0.36943049229661606,False,-1.6996042588964215,False,-1.2765130189632705,False,27165
2023,27167,WILKIN,6276,14.7,921,418,1750,1860,6.7,27.9,29.6,15.7,14.5,12.9,14.0,-1.1881767829726915,False,1.5504009242337573,False,-0.7977926650225869,False,-0.7037766255996126,False,-1.1541626723832277,False,-1.2442077797471278,False,1.5850128381537225,False,0.8118101702439634,False,0.6369340483349133,False,0.8177156427588772,False,1.6952360975588552,False,1.7654433081233212,False,2.055091329124302,False,27167
2023,27169,WINONA,46528,13.4,6239,2514,12091,13142,5.4,26.0,28.2,11.0,14.6,10.8,11.8,0.7347151634264384,False,1.1831611337527819,False,1.1290988679728153,False,0.9156033492775109,False,0.8527498996676138,False,0.8164693953940995,False,0.838367716810497,False,0.43098281614375167,False,0.3668882341772021,False,-0.0900626404617099,False,1.7246532232651963,False,0.9381031110117071,False,1.230980977208517,False,27169
2023,27171,WRIGHT,144135,4.9,7128,3923,17901,20274,2.7,12.4,14.1,5.4,4.1,7.0,7.7,1.8200766753631914,False,-2.607995854693272,False,1.2633136547529216,False,1.3175563473963963,False,1.260256891393243,False,1.2734539444817812,False,-1.3741044199397352,False,-3.492286248164728,False,-3.4358715678774128,False,-1.8166396942718122,False,-3.3896059821831357,False,-1.0251042588964203,False,-0.7753063181090204,False,27171
2023,27173,YELLOW MEDICINE,9367,8.5,795,341,2244,2628,3.6,24.0,28.1,7.4,8.5,9.3,9.6,-0.8038184606427125,False,-0.5840952699977756,False,-0.9458684528163948,False,-0.8872603069852393,False,-0.8960556913743069,False,-0.8800009780846526,False,-0.4950209174353209,False,0.0,False,0.34710655719069927,False,-1.0697290269214523,False,-0.5441274965745413,False,0.251357658584207,False,0.25106290559869354,False,27173
2024,27001,AITKIN,15824,13.1,2075,697,4255,4854,4.4,26.9,30.7,14.6,14.3,12.1,10.7,-0.2987118213831043,False,0.8342884973350649,False,-0.009964390875437658,False,-0.26290761063856166,False,-0.23437737419629007,False,-0.24749822952871847,False,-0.1591298593087188,False,0.6943046775413982,False,0.870515237008995,False,0.6918417332546307,False,1.3488863449440378,False,1.2301388653178558,False,0.5368418228591502,False,27001
2024,27003,ANOKA,366968,7.0,25759,12501,61324,68292,3.4,16.7,18.6,9.3,6.1,6.8,7.2,2.709923476619934,False,-1.3900991050394835,False,2.483294831754039,False,2.6092070866428996,False,2.6431519682449167,False,2.574375599932417,False,-1.055226013309007,False,-1.8156340911096784,False,-1.798987416535608,False,-0.47643064517297656,False,-1.7052238400722006,False,-1.3188234685117088,False,-1.3958390937666065,False,27003
2024,27005,BECKER,34696,12.9,4476,1789,9067,10040,5.2,26.1,28.9,19.1,11.6,10.7,9.7,0.45262457790645644,False,0.7782171341858367,False,0.7508799723160221,False,0.6745,False,0.5814931018733743,False,0.5281148001727333,False,0.44535922507113374,False,0.5338396361627993,False,0.5459343225744226,False,1.4051110137213594,False,0.576541638758057,False,0.6745,False,0.05105396727816105,False,27005
2024,27007,BELTRAMI,44479,16.1,7178,2925,14050,15694,6.6,31.6,35.3,18.4,16.3,12.7,12.5,0.6903404502967035,False,1.5914216266529835,False,1.2183766503712847,False,1.1636538194583752,False,1.0538535336906152,False,1.0048658777956756,False,1.33622454894843,False,1.55300366741691,False,1.6228657664704262,False,1.305354900870503,False,1.8375932455858897,False,1.450301351153838,False,1.3149108126830864,False,27007
2024,27009,BENTON,40889,9.9,4034,1670,9190,9933,4.1,22.5,24.3,10.5,9.6,10.2,9.9,0.6098015511444612,False,-0.17603527291460697,False,0.6479699596588216,False,0.6060239651330197,False,0.5960249806085813,False,0.5166796878877076,False,-0.4092315791211028,False,-0.2523166099823703,False,-0.38160992457419224,False,-0.1662911487411234,False,-0.11102002078253999,False,0.45978724832872536,False,0.15174587392363917,False,27009
2024,27011,BIG STONE,4985,12.9,645,290,1230,1308,5.8,24.7,26.2,19.0,11.4,10.4,10.8,-1.4040524615634704,False,0.7782171341858367,False,-1.1657183876081942,False,-1.1337676591346086,False,-1.572373521167644,False,-1.6465304206821485,False,0.8495468971475058,False,0.2412772929330908,False,0.020450700763232497,False,1.3910748110252176,False,0.5128929335058678,False,0.5468008574148042,False,0.5831162091181328,False,27011
2024,27013,BLUE EARTH,66125,15.7,10363,5088,19772,21629,7.7,29.9,32.7,11.4,19.2,6.5,6.6,1.0698284217425316,False,1.4985195695280045,False,1.5818922317319337,False,1.7145458904107043,False,1.4223261350030143,False,1.3472086256010254,False,1.9276938055975592,False,1.2576097906327468,False,1.2102149805787692,False,0.04576121650235403,False,2.4540818617507703,False,-1.5116380077083749,False,-1.808990242138756,False,27013
2024,27015,BROWN,24753,8.5,2096,908,5288,6121,3.7,21.4,24.7,6.2,8.0,11.2,12.1,0.12946440121448213,False,-0.7155991050394819,False,0.0,False,0.0,False,0.0,False,0.0,False,-0.7666210631043017,False,-0.5167313533051973,False,-0.29451231147463325,False,-1.4841100798442926,False,-0.7619311944488513,False,0.8802262749759724,False,1.1513734454841416,False,27015
2024,27017,CARLTON,34638,11.9,4120,2012,7986,9028,5.8,23.1,26.1,14.7,10.8,11.4,12.1,0.4510234366943263,False,0.48517595952995246,False,0.6688491430858357,False,0.7913689264571534,False,0.444580431815326,False,0.41472413820189924,False,0.8495468971475058,False,-0.11326058688590628,False,0.0,False,0.7098242404885565,False,0.31559832461977366,False,0.9601652813560173,False,1.1513734454841416,False,27017
2024,27019,CARVER,108941,4.4,4817,2799,9687,11516,2.6,8.9,10.6,3.5,4.2,6.4,7.0,1.5476343672660091,False,-2.9327632268223804,False,0.8235534788325666,False,1.1198399785308908,False,0.6528271381857188,False,0.6745,False,-1.9332784762686084,False,-5.020360633545953,True,-4.711335557427957,True,-2.806819112623966,False,-2.944104175528093,False,-1.5776274625623485,False,-1.5300979537810666,False,27019
2024,27021,CASS,30602,12.8,3919,1691,8744,9687,5.5,28.6,31.7,18.0,11.8,11.5,10.9,0.332463177887631,False,0.749878175925243,False,0.6193437338992107,False,0.6184553664264633,False,0.5423729859843694,False,0.4899155116805918,False,0.6521184224188767,False,1.0205393889076182,False,1.0429626066115993,False,1.2467225133284532,False,0.6391879604313334,False,0.999652566518423,False,0.6290000895726184,False,27021
2024,27023,CHIPPEWA,12083,14.5,1756,806,3244,3764,6.7,26.8,31.2,21.1,14.2,8.9,7.4,-0.556833982214296,False,1.2058427588408098,False,-0.17513537467611834,False,-0.11847239467987304,False,-0.5269069791718274,False,-0.5188854891078245,False,1.3934226036508817,False,0.6745,False,0.9574083872621141,False,1.672064825202973,False,1.3228012730355014,False,-0.14676136333536208,False,-1.2648157039854113,False,27023
2024,27025,CHISAGO,56590,6.0,3368,1933,7622,9020,3.4,13.5,15.9,6.8,5.7,5.7,5.7,0.9208056783418784,False,-1.9142002960180833,False,0.4693790069105878,False,0.7515178568291822,False,0.39426927682938895,False,0.41377800540114473,False,-1.055226013309007,False,-2.9155322821414913,False,-2.6219355459109908,False,-1.258849665115505,False,-1.9358947858136681,False,-2.0661565128180936,False,-2.4942998034854877,False,27025
2024,27027,CLAY,63129,13.3,8374,3912,14239,15655,6.2,22.6,24.8,12.9,13.9,9.6,11.1,1.0254543566738183,False,0.8895700966770277,False,1.3709305807050447,False,1.452981044097218,False,1.068264962453782,False,1.002210338558341,False,1.0996486169598887,False,-0.22889578171522076,False,-0.27294972522868965,False,0.3671274073189549,False,1.2435037792393369,False,0.18910564383249914,False,0.7196223134574349,False,27027
2024,27029,CLEARWATER,8429,12.6,1060,517,2401,2603,6.1,28.5,30.9,12.6,11.7,14.2,14.9,-0.9014503909542283,False,0.69257892956002,False,-0.6745,False,-0.5597757088228231,False,-0.8513620623818355,False,-0.9124187235897308,False,1.0384505721472839,False,1.0018740689988197,False,0.9054358488479631,False,0.3057230919483424,False,0.6079881203998905,False,1.9610863656397077,False,2.2045979537810667,False,27029
2024,27031,COOK,5586,10.2,568,178,1140,1265,3.2,20.4,22.6,20.1,9.2,8.1,7.2,-1.2951331286857528,False,-0.06946957756741078,False,-1.2913714459227958,False,-1.6174635506057644,False,-1.6542621195695222,False,-1.6821813525019214,False,-1.2587784762686076,False,-0.7686288609151722,False,-0.7678191543142361,False,1.541752064627082,False,-0.2640373169479709,False,-0.5609970572074389,False,-1.3958390937666065,False,27031
2024,27033,COTTONWOOD,11206,15.0,1681,727,3087,3360,6.5,27.5,30.0,21.3,12.4,14.7,14.0,-0.628940937900184,False,1.3304541350246901,False,-0.2183244726522505,False,-0.22101978405291606,False,-0.5803961949876839,False,-0.6400403344116404,False,1.2782688821106307,False,0.8116622276758996,False,0.7465339682082416,False,1.6974186255743335,False,0.8214164262786545,False,2.1201986539053306,False,1.8877778056342973,False,27033
2024,27035,CROW WING,66624,9.9,6574,2813,15739,17416,4.2,23.6,26.1,12.6,9.2,8.9,9.0,1.0770233275809398,False,-0.17603527291460697,False,1.1313677844815115,False,1.1248045131251678,False,1.1762862855064267,False,1.1159824939314629,False,-0.3242660186364386,False,0.0,False,0.0,False,0.3057230919483424,False,-0.2640373169479709,False,-0.14676136333536208,False,-0.3168201481467667,False,27035
2024,27037,DAKOTA,442814,5.8,25893,12666,63863,71423,2.9,14.4,16.1,6.2,5.5,6.1,6.6,2.889727178398561,False,-2.027974310504154,False,2.488431458320585,False,2.6222581596410577,False,2.6869085271050177,False,2.622221620287023,False,-1.583044494905047,False,-2.5833893325141486,False,-2.5566129221166465,False,-1.4841100798442926,False,-2.0564482300076476,False,-1.7810830028226499,False,-1.808990242138756,False,27037
2024,27039,DODGE,20653,7.0,1454,671,3258,3730,3.2,15.8,18.1,8.8,6.5,6.6,6.6,-0.043834666560685874,False,-1.3900991050394835,False,-0.36185598869746394,False,-0.30069326454131423,False,-0.5222635882633357,False,-0.5285680805517399,False,-1.2587784762686076,False,-2.1034696626996525,False,-1.9424672085573413,False,-0.6164721131168598,False,-1.4871989108204144,False,-1.446522611096907,False,-1.808990242138756,False,27039
2024,27041,DOUGLAS,38945,9.0,3496,1484,7597,8412,3.8,19.5,21.6,8.8,9.2,8.8,8.7,0.5631846208877803,False,-0.5142765834259817,False,0.5062965397421191,False,0.4885608417818908,False,0.39072616968150575,False,0.3393010376472113,False,-0.6745,False,-1.005612189622606,False,-1.0082185625500877,False,-0.6164721131168598,False,-0.2640373169479709,False,-0.19667184859190598,False,-0.48243318155399373,False,27041
2024,27043,FARIBAULT,13628,10.4,1413,600,3608,4122,4.4,26.5,30.2,11.4,9.7,11.3,11.0,-0.44168515143410475,False,0.0,False,-0.3901542045347956,False,-0.41184158094428086,False,-0.412236096714157,False,-0.42193413648955364,False,-0.1591298593087188,False,0.6146556866710409,False,0.782240579883925,False,0.04576121650235403,False,-0.07366801666080165,False,0.9203582576112094,False,0.6745,False,27043
2024,27045,FILLMORE,20904,8.4,1753,577,4494,5024,2.8,21.5,24.0,11.6,6.5,9.0,9.6,-0.0322742299161923,False,-0.7571331293179169,False,-0.17682724358729784,False,-0.45068264742017855,False,-0.17544752836173397,False,-0.21076372964695336,False,-1.6967025442800665,False,-0.49216295290892065,False,-0.4478416321382332,False,0.09079022204526707,False,-1.4871989108204144,False,-0.09735249948346913,False,0.0,False,27045
2024,27047,FREEBORN,30061,10.6,3194,1477,7658,8724,4.9,25.5,29.0,12.1,11.6,7.7,6.8,0.31539328086580715,False,0.0682613495548172,False,0.41687909069480816,False,0.48385768766634113,False,0.39935099038995914,False,0.3781681012726578,False,0.22834340109945728,False,0.4103509682609306,False,0.5644731009998056,False,0.2003080414511079,False,0.576541638758057,False,-0.7819843988460324,False,-1.667756130921914,False,27047
2024,27049,GOODHUE,47029,9.3,4363,2402,9034,9997,5.1,19.2,21.3,11.0,8.4,9.1,9.9,0.7436916755805022,False,-0.39826039311891576,False,0.725570861753425,False,0.9676438337721346,False,0.5775607629470941,False,0.5235340947213541,False,0.3742098708139457,False,-1.0869246711441218,False,-1.0824160004966332,False,-0.04651763440953723,False,-0.588949192828833,False,-0.048435274271122195,False,0.15174587392363917,False,27049
2024,27051,GRANT,6054,11.6,703,294,1678,1806,4.9,27.7,29.8,14.6,11.0,8.7,10.0,-1.2181469640291658,False,0.3928204356743811,False,-1.0805971699644439,False,-1.1201785453778006,False,-1.237609361531026,False,-1.3024100181373879,False,0.22834340109945728,False,0.8502329916373488,False,0.7105962441688904,False,0.6918417332546307,False,0.3824563557514637,False,-0.24709424519082412,False,0.20140108265533407,False,27051
2024,27053,HENNEPIN,1245143,10.0,123902,59740,240632,262423,4.8,19.3,21.1,10.9,9.9,9.0,8.9,3.8791677284540858,True,-0.14019092636785568,False,4.038303516767882,True,4.166121867661065,True,4.117678902924269,True,4.01120140375114,True,0.15354518863767164,False,-1.0596871008815365,False,-1.1324375908938389,False,-0.07006800453223413,False,0.0,False,-0.09735249948346913,False,-0.371465910295877,False,27053
2024,27055,HOUSTON,18431,6.6,1213,508,3453,3932,2.8,18.7,21.3,4.5,6.0,9.2,10.0,-0.1527657091738734,False,-1.5914216266529835,False,-0.5411348808341522,False,-0.5772220835910806,False,-0.4595838414830686,False,-0.47229045567999717,False,-1.6967025442800665,False,-1.2251674157282628,False,-1.0824160004966332,False,-2.2420810446904733,False,-1.7616497395055122,False,0.0,False,0.20140108265533407,False,27055
2024,27057,HUBBARD,21579,10.8,2325,991,5632,6216,4.6,26.1,28.8,11.2,10.4,11.3,11.2,-0.001860826573693011,False,0.1353557811084967,False,0.10260847542088568,False,0.08697494905870853,False,0.06796526459980474,False,0.016435825144952697,False,0.0,False,0.5338396361627993,False,0.5273334375726785,False,0.0,False,0.17841372283518644,False,0.9203582576112094,False,0.7643732456390475,False,27057
2024,27059,ISANTI,42117,7.5,3139,1831,7785,8848,4.3,18.5,21.0,8.1,6.8,9.1,8.9,0.6381200629803542,False,-1.1521517888906536,False,0.3996880106847482,False,0.6975856615683659,False,0.4170893179125599,False,0.3932306186240778,False,-0.24091894859995933,False,-1.281449503774481,False,-1.1576184004027261,False,-0.8250306817517894,False,-1.3311805136360844,False,-0.048435274271122195,False,-0.371465910295877,False,27059
2024,27061,ITASCA,44125,12.2,5403,2874,11309,12944,6.5,25.6,29.3,14.7,13.0,9.8,8.7,0.6826932447051267,False,0.5754081786716262,False,0.93718906485983,False,1.1461513022289125,False,0.8197923621880608,False,0.7992583416207282,False,1.2782688821106307,False,0.431125368599208,False,0.6197209098677574,False,0.7098242404885565,False,0.9956614725868106,False,0.2809987973112606,False,-0.48243318155399373,False,27061
2024,27063,JACKSON,9790,8.6,842,331,1807,2269,3.4,18.5,23.2,8.3,7.7,9.1,11.0,-0.758213174421454,False,-0.6745,False,-0.90220594036888,False,-1.002563988589683,False,-1.1577688927778238,False,-1.0589334994353725,False,-1.055226013309007,False,-1.281449503774481,False,-0.6284220676674158,False,-0.763848863341938,False,-0.8967901842339225,False,-0.048435274271122195,False,0.6745,False,27063
2024,27065,KANABEC,16144,10.0,1617,756,4401,4792,4.7,27.3,29.7,9.4,9.9,11.9,11.0,-0.27955240962117545,False,-0.14019092636785568,False,-0.2567302599056144,False,-0.1821377679699861,False,-0.19799730525069817,False,-0.26121650952655073,False,0.07744607267982331,False,0.7728198363788233,False,0.6925397762876032,False,-0.4492395852712129,False,0.0,False,1.1545044416137549,False,0.6745,False,27065
2024,27067,KANDIYOHI,43149,9.1,3930,2175,9962,11098,5.0,23.1,25.7,11.8,8.1,8.5,8.5,0.6612873485748764,False,-0.47522224460514423,False,0.6221179748058259,False,0.8688719401037763,False,0.6830171625743694,False,0.6350407128359189,False,0.30188444105531537,False,-0.11326058688590628,False,-0.0825644801789243,False,0.13511007984429202,False,-0.7179753968007375,False,-0.3495175450950123,False,-0.595712436504456,False,27067
2024,27069,KITTSON,3950,9.1,361,180,770,920,4.6,19.5,23.3,7.8,8.2,10.7,12.4,-1.6267225578092188,False,-0.47522224460514423,False,-1.7390966346324475,False,-1.6064035798996597,False,-2.077039842994016,False,-2.0217687387115433,False,0.0,False,-1.005612189622606,False,-0.6055257095300418,False,-0.9193720119107992,False,-0.6745,False,0.6745,False,1.2744852913935554,False,27069
2024,27071,KOOCHICHING,11546,10.9,1255,638,2843,3071,5.5,24.6,26.6,17.6,9.1,9.5,10.1,-0.6003377911874621,False,0.1684777385814192,False,-0.5074627671859566,False,-0.35081487439115294,False,-0.669177365330793,False,-0.7360060275128373,False,0.6521184224188767,False,0.21977396445191158,False,0.10150847582853638,False,1.1868425350281988,False,-0.3032293503415531,False,0.142506806105714,False,0.2506069168203386,False,27071
2024,27073,LAC QUI PARLE,6527,8.1,531,255,1299,1556,3.9,19.9,23.8,9.3,8.7,6.8,6.0,-1.146161973394574,False,-0.884439272973199,False,-1.3579377055621598,False,-1.2613223608765491,False,-1.5135499151268674,False,-1.4613469241853176,False,-0.5842784762686075,False,-0.8990272928526395,False,-0.49243913279156415,False,-0.47643064517297656,False,-0.4639768456202508,False,-1.3188234685117088,False,-2.2561358521321795,False,27073
2024,27075,LAKE,10685,8.6,915,462,2456,2650,4.3,23.0,24.8,7.9,10.2,5.7,5.8,-0.6745,False,-0.6745,False,-0.8199849473546221,False,-0.6715061098826585,False,-0.8269434257524023,False,-0.8933256429027967,False,-0.24091894859995933,False,-0.13619449422850327,False,-0.27294972522868965,False,-0.8875722068225791,False,0.10800552706636526,False,-2.0661565128180936,False,-2.413747106955312,False,27075
2024,27077,LAKE OF THE WOODS,3778,6.4,240,113,855,922,3.0,22.6,24.4,5.5,5.2,10.4,9.4,-1.6693197493775263,False,-1.696092594148797,False,-2.14188563181175,False,-2.0665696361560344,False,-1.9642385622014908,False,-2.019453431955597,False,-1.4722641759045731,False,-0.22889578171522076,False,-0.3597070994054064,False,-1.771948618050887,False,-2.244418278586455,False,0.5468008574148042,False,-0.10356898982393634,False,27077
2024,27079,LE SUEUR,28831,6.4,1858,880,4446,5221,3.1,15.4,18.1,4.8,7.1,7.9,6.5,0.27541192297679173,False,-1.696092594148797,False,-0.11926737052876513,False,-0.031143142990884453,False,-0.18702724190741418,False,-0.16971853739041706,False,-1.3642194549155422,False,-2.2363820403366463,False,-1.9424672085573413,False,-2.092616569735576,False,-1.1810510282776048,False,-0.6702491215924496,False,-1.881007289244747,False,27079
2024,27081,LINCOLN,5424,11.9,648,311,1390,1520,5.7,25.6,28.0,13.6,10.8,11.6,12.9,-1.3232936356853313,False,0.48517595952995246,False,-1.1611313907527614,False,-1.0644091634172095,False,-1.440573857905021,False,-1.4863154544621822,False,0.7847221725775249,False,0.431125368599208,False,0.37623951611265277,False,0.5053992140509477,False,0.31559832461977366,False,1.0388252086155305,False,1.4736726775129596,False,27081
2024,27083,LYON,24766,12.2,3015,1143,6633,7287,4.6,26.8,29.4,12.0,12.2,10.8,12.4,0.12996687600874315,False,0.5754081786716262,False,0.35979856509950636,False,0.22888038779615183,False,0.24438595928922996,False,0.18608318528616796,False,0.0,False,0.6745,False,0.6380153546892738,False,0.17874278031924987,False,0.7615963634893619,False,0.7163397467723344,False,1.2744852913935554,False,27083
2024,27085,MCLEOD,36168,8.7,3134,1514,7366,7881,4.2,20.4,21.8,9.3,7.6,10.1,11.2,0.49238881793635164,False,-0.6338268000846867,False,0.398110281187091,False,0.5084692478681531,False,0.3574252039431069,False,0.26971321604220017,False,-0.3242660186364386,False,-0.7686288609151722,False,-0.9592987837136864,False,-0.47643064517297656,False,-0.9427786642011118,False,0.41569600594936035,False,0.7643732456390475,False,27085
2024,27087,MAHNOMEN,5240,18.3,961,507,2054,2161,9.7,39.2,41.2,22.9,18.0,14.0,11.6,-1.3563168737935727,False,2.0664425257496863,False,-0.7714756148084766,False,-0.5791795810218524,False,-1.0196502781637204,False,-1.1109629546532818,False,2.833093788059131,False,2.708822933724925,False,2.4590647974592006,False,1.8924232132495005,False,2.2104572185559466,False,1.8959709690282398,False,0.9397822497956527,False,27087
2024,27089,MARSHALL,8769,8.3,728,313,1926,2139,3.6,22.0,24.4,9.8,7.6,9.0,8.4,-0.8636089756031398,False,-0.7991113761838802,False,-1.0460498737343162,False,-1.0580488406727113,False,-1.0890160840517593,False,-1.121879754566415,False,-0.8607233754508672,False,-0.37093616601856394,False,-0.3597070994054064,False,-0.34302876131844845,False,-0.9427786642011118,False,-0.09735249948346913,False,-0.653249561426598,False,27089
2024,27091,MARTIN,19529,13.1,2564,900,6321,7020,4.6,32.4,35.9,13.9,12.0,14.3,14.9,-0.09738803253359113,False,0.8342884973350649,False,0.19944126582773083,False,-0.008799059488150579,False,0.19242768711914449,False,0.14624572171886355,False,0.0,False,1.6867216532886342,False,1.713890083397113,False,0.5626402275033396,False,0.7008629820846759,False,1.993323468511711,False,2.2045979537810667,False,27091
2024,27093,MEEKER,23099,9.1,2096,653,5180,5668,2.8,22.4,24.5,7.8,8.8,10.5,11.1,0.06328076637390598,False,-0.47522224460514423,False,0.0,False,-0.3277190094275275,False,-0.0222525379732878,False,-0.08205417181115493,False,-1.6967025442800665,False,-0.2758373141518725,False,-0.33789033663992196,False,-0.9193720119107992,False,-0.42317690629860105,False,0.5897368558522946,False,0.7196223134574349,False,27093
2024,27095,MILLE LACS,26655,10.4,2768,1238,6689,7397,4.6,25.1,27.8,12.7,9.7,11.3,9.6,0.2003114067410007,False,0.0,False,0.2752056707781038,False,0.30828611115509374,False,0.25345252958510167,False,0.20207274748950513,False,0.0,False,0.32646194781776355,False,0.3378147331380364,False,0.32634042083969905,False,-0.07366801666080165,False,0.9203582576112094,False,0.0,False,27095
2024,27097,MORRISON,33734,11.0,3694,1595,8384,9380,4.7,24.9,27.8,12.0,9.9,12.3,12.5,0.4257151307895005,False,0.20132252161350012,False,0.5608222647429913,False,0.5603140459458702,False,0.4970314571063598,False,0.4555448990999748,False,0.07744607267982331,False,0.2840340711505094,False,0.3378147331380364,False,0.17874278031924987,False,0.0,False,1.3046272687190765,False,1.3149108126830864,False,27097
2024,27099,MOWER,39626,10.4,4119,1805,10127,11361,4.6,25.6,28.7,15.5,8.7,8.8,8.7,0.5797745670358269,False,0.0,False,0.6686088749011222,False,0.6833577859079644,False,0.7007337155720154,False,0.6600375925047177,False,0.0,False,0.431125368599208,False,0.5086700284701922,False,0.8496916722055071,False,-0.4639768456202508,False,-0.19667184859190598,False,-0.48243318155399373,False,27099
2024,27101,MURRAY,7995,9.3,745,351,1673,1933,4.4,20.9,24.2,10.1,9.5,7.9,8.2,-0.9520351081440254,False,-0.39826039311891576,False,-1.0232279467660186,False,-0.9443376177290014,False,-1.2408261599429997,False,-1.2299126527982724,False,-0.1591298593087188,False,-0.6412422110096212,False,-0.403599493831346,False,-0.2659211213079327,False,-0.14872607761350443,False,-0.6702491215924496,False,-0.7701832631819767,False,27101
2024,27103,NICOLLET,31929,8.0,2557,1498,6063,6878,4.7,19.0,21.5,5.7,8.8,8.2,8.3,0.3730875991312008,False,-0.9278090917976899,False,0.1967357496595914,False,0.4979010039591282,False,0.14748712227318264,False,0.12443711390011951,False,0.07744607267982331,False,-1.1418066838511116,False,-1.032841037403157,False,-1.6866617031746216,False,-0.42317690629860105,False,-0.5072682101495976,False,-0.7114020683387081,False,27103
2024,27105,NOBLES,21621,14.0,3027,1055,7368,7720,4.9,34.1,35.7,17.9,12.2,13.8,12.9,0.0,False,1.0771450432270002,False,0.36372984114639106,False,0.14920690730775363,False,0.35771798128150967,False,0.24768534773348067,False,0.22834340109945728,False,1.9605447261847737,False,1.6837141450992559,False,1.2318715405711118,False,0.7615963634893619,False,1.8299815141742641,False,1.4736726775129596,False,27105
2024,27107,NORMAN,6223,10.1,630,299,1466,1654,4.8,23.6,26.6,11.0,10.0,8.7,9.4,-1.1918011601249945,False,-0.10467096749581506,False,-1.1889776809588426,False,-1.103448956235115,False,-1.3831964611119656,False,-1.3961953904029127,False,0.15354518863767164,False,0.0,False,0.10150847582853638,False,-0.04651763440953723,False,0.0363286471178005,False,-0.24709424519082412,False,-0.10356898982393634,False,27107
2024,27109,OLMSTED,161772,7.5,12131,6341,27156,29415,3.9,16.8,18.2,6.8,7.8,7.4,7.4,1.9260276035052402,False,-1.1521517888906536,False,1.737829421210694,False,1.9336433654614233,False,1.7645821262070267,False,1.6753752360350378,False,-0.5842784762686075,False,-1.7845602243041592,False,-1.9134731009998058,False,-1.258849665115505,False,-0.8513272984026449,False,-0.9544982598961782,False,-1.2648157039854113,False,27109
2024,27111,OTTER TAIL,59440,8.7,5187,2146,13930,15303,3.6,23.4,25.7,8.6,8.9,8.3,8.4,0.9678291583558383,False,-0.6338268000846867,False,0.8968048009237644,False,0.8555170201047688,False,1.044602458111348,False,0.9779386653920423,False,-0.8607233754508672,False,-0.04502552978797387,False,-0.0825644801789243,False,-0.6745,False,-0.3827911867109531,False,-0.4541202268688862,False,-0.653249561426598,False,27111
2024,27113,PENNINGTON,13534,10.5,1416,490,2829,3234,3.6,20.9,23.9,12.2,10.0,10.2,9.9,-0.44830878334980195,False,0.03427907088575944,False,-0.3880559521416361,False,-0.6130598908277816,False,-0.6745,False,-0.6808236022653682,False,-0.8607233754508672,False,-0.6412422110096212,False,-0.4700956057374506,False,0.22170930661504432,False,0.0363286471178005,False,0.45978724832872536,False,0.15174587392363917,False,27113
2024,27115,PINE,28201,11.1,3138,1449,7155,7999,5.1,25.4,28.4,11.3,11.4,11.8,10.2,0.2542680419049934,False,0.2338947306902704,False,0.3993726658659463,False,0.46481964869052655,False,0.32608197384650045,False,0.28557397981517585,False,0.3742098708139457,False,0.38949802557960644,False,0.45230041760223416,False,0.02297361987849566,False,0.5128929335058678,False,1.116246345249359,False,0.2993714371125663,False,27115
2024,27117,PIPESTONE,9100,10.5,958,370,2427,2733,4.1,26.7,30.0,11.1,10.8,7.7,8.9,-0.8281530250719461,False,0.03427907088575944,False,-0.7745678350742776,False,-0.8920092337682838,False,-0.8397497827609284,False,-0.8604203266390632,False,-0.4092315791211028,False,0.6546239540970565,False,0.7465339682082416,False,-0.023162705295754944,False,0.31559832461977366,False,-0.7819843988460324,False,-0.371465910295877,False,27117
2024,27119,POLK,29556,11.9,3510,1369,7257,7823,4.6,24.6,26.5,12.9,11.9,10.9,10.4,0.2991797574684591,False,0.48517595952995246,False,0.5102521245428877,False,0.40832862587452684,False,0.34134743668492556,False,0.26182999572144283,False,0.0,False,0.21977396445191158,False,0.08135470059707955,False,0.3671274073189549,False,0.6701449976908967,False,0.7578264113042722,False,0.3956077116423107,False,27119
2024,27121,POPE,11221,9.4,1058,304,2284,2438,2.7,20.4,21.7,10.2,8.8,10.6,10.2,-0.627660844266699,False,-0.3603380819945983,False,-0.6763679723470942,False,-1.086995901924809,False,-0.9052222935951201,False,-0.9822884929558597,False,-1.8133918295759517,False,-0.7686288609151722,False,-0.9837047965492164,False,-0.2406810166362845,False,-0.42317690629860105,False,0.6323011093788733,False,0.2993714371125663,False,27121
2024,27123,RAMSEY,529185,12.3,65292,31190,135154,148065,5.9,25.5,28.0,16.8,11.4,9.4,9.3,3.0602602214190036,False,0.605030422432591,False,3.4040794424742704,False,3.519230765472449,True,3.495492539160867,False,3.4003499425254033,False,0.9134252415090224,False,0.4103509682609306,False,0.37623951611265277,False,1.063119191547558,False,0.5128929335058678,False,0.09546203971319467,False,-0.15610280494064474,False,27123
2024,27125,RED LAKE,3903,7.2,281,88,728,841,2.3,18.7,21.5,4.3,6.8,10.7,11.2,-1.6381755028381688,False,-1.293182361997815,False,-1.9863426600899645,False,-2.3129897413381295,False,-2.1374567709043766,False,-2.117489247925046,False,-2.3140044895776155,False,-1.2251674157282628,False,-1.032841037403157,False,-2.346324547481869,False,-1.3311805136360844,False,0.6745,False,0.7643732456390475,False,27125
2024,27127,REDWOOD,15053,13.3,1997,921,4107,4474,6.1,27.3,29.7,14.2,12.9,11.9,13.2,-0.3465133460863839,False,0.8895700966770277,False,-0.047878672433602325,False,0.014134625925376057,False,-0.2725524666424638,False,-0.33449067844613767,False,1.0384505721472839,False,0.7728198363788233,False,0.6925397762876032,False,0.6187401477379904,False,0.9671455138301489,False,1.1545044416137549,False,1.5897740474539968,False,27127
2024,27129,RENVILLE,14237,11.0,1572,669,3754,4227,4.7,26.4,29.7,13.8,10.4,9.2,9.6,-0.3998485351187401,False,0.20132252161350012,False,-0.2846550990925013,False,-0.3036601434077274,False,-0.3694617818160841,False,-0.39509225265782927,False,0.07744607267982331,False,0.5945624157448289,False,0.6925397762876032,False,0.5436889585363593,False,0.17841372283518644,False,0.0,False,0.0,False,27129
2024,27131,RICE,60338,10.2,6157,2579,12791,13891,4.3,21.2,23.0,13.2,9.9,7.4,7.1,0.982179442140322,False,-0.06946957756741078,False,1.066498839849644,False,1.0383874321126805,False,0.9526022556545569,False,0.874617433820078,False,-0.24091894859995933,False,-0.566198920486837,False,-0.6745,False,0.42722049779278015,False,0.0,False,-0.9544982598961782,False,-1.462554134049189,False,27131
2024,27133,ROCK,9398,10.6,998,513,2278,2399,5.5,24.2,25.5,11.0,11.1,7.6,8.7,-0.7973181334042474,False,0.0682613495548172,False,-0.7341117447006672,False,-0.5674919267097086,False,-0.9080582068188299,False,-0.9994936118565441,False,0.6521184224188767,False,0.13291237763699376,False,-0.12431173685311657,False,-0.04651763440953723,False,0.4154686548556987,False,-0.8388190268979562,False,-0.48243318155399373,False,27133
2024,27135,ROSEAU,15071,12.2,1833,786,3549,3921,5.2,23.5,26.0,16.6,10.5,11.0,11.5,-0.3453697006276485,False,0.5754081786716262,False,-0.13267165124852312,False,-0.1434520524411388,False,-0.43001465561311325,False,-0.47527986971704433,False,0.44535922507113374,False,-0.02246682034826342,False,-0.02052630426511809,False,1.0313193864593375,False,0.2131559455204453,False,0.7989659030263475,False,0.8964576574875307,False,27135
2024,27137,ST. LOUIS,193487,13.2,25560,12434,51705,57268,6.4,26.7,29.6,12.5,14.7,10.9,9.5,2.0973583166073793,False,0.8620266245699295,False,2.475617040112753,False,2.603858319934809,False,2.459129380129327,False,2.386469917340602,False,1.2195352636525452,False,0.6546239540970565,False,0.6744243964981168,False,0.28495360427201427,False,1.451549054665253,False,0.7578264113042722,False,-0.05153789835111395,False,27137
2024,27139,SCOTT,152827,4.6,7034,4074,19630,21762,2.7,12.8,14.2,4.9,4.0,6.3,7.1,1.871590169777004,False,-2.7900228176315833,False,1.198316359835134,False,1.4933603197221723,False,1.4145522701385973,False,1.3537515607287163,False,-1.8133918295759517,False,-3.1884443261270596,False,-3.210586617851531,False,-2.0445085126746494,False,-3.1001225727124218,False,-1.6445147606426402,False,-1.462554134049189,False,27139
2024,27141,SHERBURNE,98661,5.1,5025,2352,14135,15862,2.4,14.3,16.1,3.8,4.8,8.9,9.4,1.452776564896462,False,-2.4543543873617444,False,0.8653974171743739,False,0.946713981027205,False,1.060358700830785,False,1.0162301912050222,False,-2.1833801960809915,False,-2.6193216861075266,False,-2.5566129221166465,False,-2.625191398370137,False,-2.509713846125929,False,-0.14676136333536208,False,-0.10356898982393634,False,27141
2024,27143,SIBLEY,14840,9.0,1337,626,3107,3480,4.2,20.9,23.5,8.6,8.5,9.5,11.2,-0.36015128433154303,False,-0.5142765834259817,False,-0.4448497281869467,False,-0.3696853376067744,False,-0.5734330222690265,False,-0.6025963545838104,False,-0.3242660186364386,False,-0.6412422110096212,False,-0.5600143155358023,False,-0.6745,False,-0.546853993536375,False,0.142506806105714,False,0.7643732456390475,False,27143
2024,27145,STEARNS,154441,12.9,19912,8482,39676,43764,5.5,25.7,28.3,13.3,13.3,10.3,10.8,1.8816443736879904,False,0.7782171341858367,False,2.2284127672682907,False,2.223171602636118,False,2.173515972313977,False,2.099431148574882,False,0.6521184224188767,False,0.45182181603248717,False,0.43338265149846045,False,0.4469697213438314,False,1.080002989822574,False,0.5034865633692608,False,0.5831162091181328,False,27145
2024,27147,STEELE,36946,8.3,3079,1434,7685,8644,3.9,20.8,23.4,9.7,7.6,8.9,8.8,0.5127566070217346,False,-0.7991113761838802,False,0.380587256479787,False,0.4544689094295818,False,0.40314662495116277,False,0.36833631273652817,False,-0.5842784762686075,False,-0.6664852608800775,False,-0.5827233818757491,False,-0.3692080459777005,False,-0.9427786642011118,False,-0.14676136333536208,False,-0.4266664612385452,False,27147
2024,27149,STEVENS,9255,11.1,1030,634,2407,2515,6.9,26.0,27.2,5.4,14.8,6.2,6.1,-0.8119908191285992,False,0.2338947306902704,False,-0.7028965465588267,False,-0.35706536351865664,False,-0.8486711877020384,False,-0.9491126994933037,False,1.5056233378161676,False,0.5134492367136877,False,0.2209186475158882,False,-1.815581318525844,False,1.4768060233978535,False,-1.7123246712004494,False,-2.1790110474250466,False,27149
2024,27151,SWIFT,9562,12.0,1150,497,2942,3288,5.2,30.8,34.4,10.7,13.6,11.0,9.6,-0.7807630695662083,False,0.5154844396189017,False,-0.5938928830198074,False,-0.5989692412537841,False,-0.6322701603093895,False,-0.6631539087965749,False,0.44535922507113374,False,1.4159631578835365,False,1.4834686798236059,False,-0.11776834658966134,False,1.162593344961685,False,0.7989659030263475,False,0.0,False,27151
2024,27153,TODD,25220,11.5,2900,1049,7340,8116,4.2,29.1,32.2,18.6,9.4,8.1,8.9,0.14735138215811117,False,0.36154593818751835,False,0.32131040569084296,False,0.1435351704650772,False,0.3536118488138506,False,0.30107101341903897,False,-0.3242660186364386,False,1.1129301047695304,False,1.127218532665512,False,1.334219285253277,False,-0.18679296343576934,False,-0.5609970572074389,False,-0.371465910295877,False,27153
2024,27155,TRAVERSE,3141,11.3,356,114,892,989,3.6,28.4,31.5,15.0,11.0,9.1,8.6,-1.8459893202480393,False,0.2982392646551685,False,-1.75286632878782,False,-2.0578762435809037,False,-1.9185966546583615,False,-1.9446577041826245,False,-0.8607233754508672,False,0.9831453692743426,False,1.0088989477456944,False,0.7630924454347549,False,0.3824563557514637,False,-0.048435274271122195,False,-0.5387778056342974,False,27155
2024,27157,WABASHA,21356,7.1,1510,618,3445,3886,2.9,16.1,18.2,5.9,6.7,8.0,9.2,-0.011801994172651039,False,-1.341341600169398,False,-0.32446691781455217,False,-0.3824673703623381,False,-0.4620849248253363,False,-0.4848477298815038,False,-1.583044494905047,False,-2.005845932432596,False,-1.9134731009998058,False,-1.6038835941758782,False,-1.382509731767613,False,-0.615319605198556,False,-0.20914915317424781,False,27157
2024,27159,WADENA,13923,12.5,1737,728,3903,4437,5.2,28.0,31.9,14.0,12.5,9.6,10.4,-0.4211909951342689,False,0.6636125348552919,False,-0.18589970158021665,False,-0.21965343226286943,False,-0.32749012921898496,False,-0.34335243065221266,False,0.44535922507113374,False,0.9075880675896129,False,1.0768185589494659,False,0.5814647311809256,False,0.8509924674431555,False,0.18910564383249914,False,0.3956077116423107,False,27159
2024,27161,WASECA,17851,7.5,1339,623,3818,4972,3.5,21.4,27.9,6.0,7.4,9.1,9.7,-0.18336491497231525,False,-1.1521517888906536,False,-0.4433709750363629,False,-0.3744593857163532,False,-0.3512332335354623,False,-0.2218665526637413,False,-0.9568940352132921,False,-0.5167313533051973,False,0.35706036412331293,False,-1.563390049415958,False,-1.0363820231339498,False,-0.048435274271122195,False,0.05105396727816105,False,27161
2024,27163,WASHINGTON,273029,5.1,13989,6842,31646,37600,2.5,11.6,13.8,5.0,4.7,6.4,6.7,2.426930711200638,False,-2.4543543873617444,False,1.8789042276391694,False,2.0093246947750187,False,1.9296158442624198,False,1.937402489368311,False,-2.056542652173181,False,-3.69020797209411,True,-3.3586582990227645,False,-1.997209032779674,False,-2.578897489257136,False,-1.5776274625623485,False,-1.7379146213300773,False,27163
2024,27165,WATONWAN,11061,13.2,1459,550,3045,3348,5.0,27.5,30.3,21.7,10.7,6.9,8.4,-0.6414042580035542,False,0.8620266245699295,False,-0.3584596730158684,False,-0.498301031230393,False,-0.5951668372105733,False,-0.6438580052332217,False,0.30188444105531537,False,0.8116622276758996,False,0.8000081437820384,False,1.7474511043385283,False,0.2817431482559224,False,-1.2561966270391933,False,-0.653249561426598,False,27165
2024,27167,WILKIN,6241,14.1,879,391,1698,1816,6.3,27.2,29.1,13.5,14.6,13.5,13.3,-1.1890373639646965,False,1.103224399428689,False,-0.8596794643608059,False,-0.8372034405787333,False,-1.2248372560083265,False,-1.2965195175579713,False,1.1600025238559606,False,0.7532955796402356,False,0.582950186204888,False,0.4860571942250235,False,1.4261306984562374,False,1.7293061753807655,False,1.627930046612462,False,27167
2024,27169,WINONA,46730,14.8,6917,3001,12364,13584,6.4,26.5,29.1,10.6,16.6,12.5,13.0,0.7375877285717816,False,1.2810833121335259,False,1.1817126694669684,False,1.1891779646869403,False,0.915983986748264,False,0.8507653446490246,False,1.2195352636525452,False,0.6146556866710409,False,0.582950186204888,False,-0.14192517136543922,False,1.9059839136896788,False,1.3780038633131528,False,1.5126492427468639,False,27169
2024,27171,WRIGHT,147237,5.2,7620,4320,18997,21866,2.9,12.9,14.9,5.6,4.4,7.8,7.8,1.8359281783218466,False,-2.3905330028368628,False,1.277528169179983,False,1.5517060410577408,False,1.3792000905774764,False,1.3588400426825002,False,-1.583044494905047,False,-3.148620349731104,False,-2.9605989762558824,False,-1.7289820917550927,False,-2.7939746901696125,False,-0.7257993236221674,False,-1.0118767229789634,False,27171
2024,27173,YELLOW MEDICINE,9326,8.6,798,297,2225,2585,3.2,23.9,27.7,8.1,8.7,9.6,8.8,-0.8046776610709054,False,-0.6745,False,-0.955277235326311,False,-1.110107088904655,False,-0.9334380062117988,False,-0.9198223786802127,False,-1.2587784762686076,False,0.06685653699146447,False,0.31850216069284853,False,-0.8250306817517894,False,-0.4639768456202508,False,0.18910564383249914,False,-0.4266664612385452,False,27173
