year,month,county_code,county,snap_cases,snap_people,snap_expenditure,date,snap_cases_outlier_score,snap_cases_outlier_flag,snap_people_outlier_score,snap_people_outlier_flag,snap_expenditure_outlier_score,snap_expenditure_outlier_flag
2022,January,1,AITKIN,685,1231,275717.0,2022-01-01,,False,,False,,False
2022,February,1,AITKIN,686,1230,286856.0,2022-02-01,,False,,False,,False
2022,March,1,AITKIN,688,1222,281177.0,2022-03-01,,False,,False,,False
2022,April,1,AITKIN,690,1213,279020.0,2022-04-01,,False,,False,,False
2022,May,1,AITKIN,700,1215,282679.0,2022-05-01,0.12626711103487087,False,-0.06070546142342965,False,0.06190582278538986,False
2022,June,1,AITKIN,705,1242,286912.0,2022-06-01,0.16440240390478889,False,0.10941034702977127,False,0.13618905833915115,False
2022,July,1,AITKIN,709,1249,292838.0,2022-07-01,0.19273448073848054,False,0.12529983718679785,False,0.25611609241112787,False
2022,August,1,AITKIN,706,1240,292006.0,2022-08-01,0.1543987301594501,False,0.054571495090933786,False,0.21895793534314234,False
2022,September,1,AITKIN,710,1237,266386.0,2022-09-01,0.14399613434223507,False,0.03550782562215231,False,-0.4498883710531841,False
2022,October,1,AITKIN,734,1271,320511.0,2022-10-01,0.3194608191422722,False,0.2155135406955365,False,0.8472003380033247,False
2022,November,1,AITKIN,733,1270,333445.0,2022-11-01,0.28630816053479125,False,0.19382413465044207,False,1.0645718380392568,False
2022,December,1,AITKIN,751,1313,294696.0,2022-12-01,0.42575172814975404,False,0.4018586404210936,False,0.18187134429254667,False
2023,January,1,AITKIN,758,1329,336681.0,2023-01-01,0.48347367935137836,False,0.4753309554308144,False,1.079587371099085,False
2023,February,1,AITKIN,760,1341,351889.0,2023-02-01,0.4821699665966204,False,0.5223218675284179,False,1.3175698008291563,False
2023,March,1,AITKIN,749,1312,343824.0,2023-03-01,0.3649348970915662,False,0.35059777087805266,False,1.0922342723189078,False
2023,April,1,AITKIN,715,1280,188940.0,2023-04-01,-0.060101742364325965,False,0.1090481090326103,False,-2.976909411730707,False
2023,May,1,AITKIN,728,1281,187699.0,2023-05-01,0.03763126032116981,False,0.0554717564173373,False,-3.0213579730487954,False
2023,June,1,AITKIN,729,1282,183523.0,2023-06-01,-0.013805977410915748,False,0.034300629882751295,False,-2.8264426444003354,False
2023,July,1,AITKIN,747,1306,182097.0,2023-07-01,0.14586869604003394,False,0.13289838034526533,False,-2.4525693839296157,False
2023,August,1,AITKIN,734,1283,180880.0,2023-08-01,0.004591559592835818,False,0.007884791696013922,False,-2.19956646010552,False
2023,September,1,AITKIN,725,1263,182561.0,2023-09-01,-0.08310166719733435,False,-0.10326156390165701,False,-1.3359186527729765,False
2023,October,1,AITKIN,737,1284,191103.0,2023-10-01,0.02747457973960441,False,0.007878651687223525,False,-0.5418463171998057,False
2023,November,1,AITKIN,733,1286,193282.0,2023-11-01,-0.02292040905547684,False,0.013115428609932813,False,0.11486159249895184,False
2023,December,1,AITKIN,738,1317,193450.0,2023-12-01,0.022870669735237194,False,0.16578611448517064,False,0.12072174480663941,False
2024,January,1,AITKIN,730,1306,190508.0,2024-01-01,-0.05054502104812826,False,0.1092562597843036,False,0.017355881915682964,False
2024,February,1,AITKIN,742,1317,195638.0,2024-02-01,0.07760986402353909,False,0.16578611448517064,False,0.20709852687810776,False
2024,March,1,AITKIN,730,1293,187610.0,2024-03-01,-0.03221617158549323,False,0.0418316306743306,False,-0.07552003522606432,False
2024,April,1,AITKIN,734,1300,186252.0,2024-04-01,0.022995425182006337,False,0.07822092895577352,False,-0.07442369455342245,False
2024,May,1,AITKIN,745,1310,195831.0,2024-05-01,0.10478921577661757,False,0.10632914072551664,False,0.2876698110909545,False
2024,June,1,AITKIN,729,1273,194195.0,2024-06-01,-0.04604113439984581,False,-0.12325907871505444,False,0.18098794035550012,False
2024,July,1,AITKIN,722,1261,196160.0,2024-07-01,-0.11103131372971389,False,-0.18709236270881532,False,0.18668231336832586,False
2024,August,1,AITKIN,700,1216,188870.0,2024-08-01,-0.3148692595494364,False,-0.3955082400597711,False,-0.1175138652266264,False
2024,September,1,AITKIN,695,1234,189223.0,2024-09-01,-0.34474763305291384,False,-0.2964770973369237,False,-0.1049192226537054,False
2024,October,1,AITKIN,699,1241,186592.0,2024-10-01,-0.30609423214081355,False,-0.25835426674249323,False,-0.1993608520815131,False
2024,November,1,AITKIN,703,1245,185573.0,2024-11-01,-0.2538487737262589,False,-0.23666614516243661,False,-0.22578019091373921,False
2024,December,1,AITKIN,735,1302,196601.0,2024-12-01,0.05059506642477813,False,0.09928249820884308,False,0.23517058045336145,False
2025,January,1,AITKIN,741,1343,203766.0,2025-01-01,0.10535856076248566,False,0.30824896520723793,False,0.4766132758833281,False
2025,February,1,AITKIN,745,1345,204980.0,2025-02-01,0.14162208897286918,False,0.31827870683228354,False,0.45203346595066946,False
2025,March,1,AITKIN,754,1354,200340.46,2025-03-01,0.22250913428317726,False,0.3632288917033539,False,0.2976128886065508,False
2025,April,1,AITKIN,755,1345,210460.0,2025-04-01,0.21303313234029309,False,0.3000840576915651,False,0.5142240232464248,False
2025,May,1,AITKIN,754,1363,211800.0,2025-05-01,0.1995199518761644,False,0.38450635882190864,False,0.5230795043900683,False
2025,June,1,AITKIN,741,1313,201929.0,2025-06-01,0.08236937835547278,False,0.13261002134645006,False,0.1879328126249257,False
2025,July,1,AITKIN,746,1326,208075.0,2025-07-01,0.0726807757257234,False,0.09475474643943058,False,0.3190459322837042,False
2025,August,1,AITKIN,755,1352,213372.0,2025-08-01,0.12607843716697198,False,0.16407894744883136,False,0.39842479715477397,False
2025,September,1,AITKIN,768,1360,212097.0,2025-09-01,0.2229461800463959,False,0.12771134724603458,False,0.30082220130223003,False
2025,October,1,AITKIN,771,1382,220222.0,2025-10-01,0.22655886636951109,False,0.18792457656080142,False,0.5038071938743888,False
2025,November,1,AITKIN,765,1364,216990.0,2025-11-01,0.13348828869752094,False,0.09454599656004034,False,0.333510121959163,False
2025,December,1,AITKIN,754,1363,216309.0,2025-12-01,0.0,False,0.072109238359743,False,0.22333156213900834,False
2026,January,1,AITKIN,759,1359,216941.0,2026-01-01,0.04452161379147036,False,0.029825027427729436,False,0.1831690952025429,False
2026,February,1,AITKIN,749,1338,198864.0,2026-02-01,-0.04928137246056102,False,-0.09254146968109288,False,-0.4298021296012686,False
2026,March,1,AITKIN,765,1360,218873.0,2026-03-01,0.09309858439247427,False,0.017379481516088858,False,0.21684115007145172,False
2022,January,2,ANOKA,9812,20078,4422330.0,2022-01-01,,False,,False,,False
2022,February,2,ANOKA,9770,20034,4545920.0,2022-02-01,,False,,False,,False
2022,March,2,ANOKA,9849,20193,4611066.0,2022-03-01,,False,,False,,False
2022,April,2,ANOKA,9923,20372,4600588.0,2022-04-01,,False,,False,,False
2022,May,2,ANOKA,9904,20234,4632521.0,2022-05-01,0.05024980446803989,False,0.03294100601010937,False,0.08697060434426324,False
2022,June,2,ANOKA,10004,20390,4566952.0,2022-06-01,0.10531314418470966,False,0.06548111055849573,False,-0.04949545648231451,False
2022,July,2,ANOKA,10016,20430,4642527.0,2022-07-01,0.09461941283620316,False,0.07185921191418083,False,0.08595662481977846,False
2022,August,2,ANOKA,10160,20678,4710583.0,2022-08-01,0.17211339497253691,False,0.14639964657440963,False,0.15936784547739785,False
2022,September,2,ANOKA,10241,20721,4513982.0,2022-09-01,0.21920602513944434,False,0.13748873953757668,False,-0.13585710778316912,False
2022,October,2,ANOKA,10391,21266,5336738.0,2022-10-01,0.3108110403188277,False,0.2896713145995684,False,1.0011634088638834,False
2022,November,2,ANOKA,10448,21505,5393374.0,2022-11-01,0.32029147224000926,False,0.3620709595767362,False,1.0646951293347604,False
2022,December,2,ANOKA,10492,21494,4784029.0,2022-12-01,0.3212198339448211,False,0.3556417460659563,False,0.24837790658922002,False
2023,January,2,ANOKA,10657,21871,5426384.0,2023-01-01,0.4224155741578124,False,0.466307405701863,False,1.0825240066650812,False
2023,February,2,ANOKA,10702,22046,5594410.0,2023-02-01,0.3986552654653029,False,0.4727605189548083,False,1.2652798918796908,False
2023,March,2,ANOKA,10898,22522,5728992.0,2023-03-01,0.4461423196414097,False,0.5691410368302754,False,1.3692640366678013,False
2023,April,2,ANOKA,10293,21184,3265047.25,2023-04-01,-0.014875389098037707,False,0.06149502426744423,False,-2.5244717163375188,False
2023,May,2,ANOKA,10480,21667,3244403.0,2023-05-01,0.08947481197868379,False,0.13902482371487143,False,-2.567254404571846,False
2023,June,2,ANOKA,10482,21708,3225518.0,2023-06-01,0.04035950179322565,False,0.10278340165169594,False,-2.130548951113289,False
2023,July,2,ANOKA,10481,21612,3230741.0,2023-07-01,0.01095599293847691,False,0.03520099178084537,False,-1.9863966204479588,False
2023,August,2,ANOKA,10453,21451,3198612.0,2023-08-01,-0.017719904119669845,False,-0.033695285673981376,False,-1.7876595069081762,False
2023,September,2,ANOKA,10380,21276,3177117.0,2023-09-01,-0.06498527631671382,False,-0.0889449568502452,False,-1.2991611988636416,False
2023,October,2,ANOKA,10405,21368,3404954.0,2023-10-01,-0.04876118613522572,False,-0.05984300296708677,False,-0.46773793451627793,False
2023,November,2,ANOKA,10476,21445,3387728.0,2023-11-01,-0.0028964305694001613,False,-0.035582086935768364,False,0.10729037641293582,False
2023,December,2,ANOKA,10433,21251,3330826.72,2023-12-01,-0.03063641515228501,False,-0.09514941587445838,False,0.010142285769333022,False
2024,January,2,ANOKA,10423,21391,3331689.91,2024-01-01,-0.03549486410172661,False,-0.04410834035883022,False,0.06901663941489572,False
2024,February,2,ANOKA,10409,21454,3362178.84,2024-02-01,-0.035860782017816555,False,0.0018866033732475348,False,0.13046068656080234,False
2024,March,2,ANOKA,10472,21562,3377401.7,2024-03-01,0.018706072710692058,False,0.03575435782484217,False,0.1609309314778734,False
2024,April,2,ANOKA,10547,21547,3395964.91,2024-04-01,0.06683671792740715,False,0.0310606599712676,False,0.197901949044244,False
2024,May,2,ANOKA,10553,21641,3422484.61,2024-05-01,0.05809020930538087,False,0.05900574137293156,False,0.18222748541931447,False
2024,June,2,ANOKA,10618,21687,3459541.14,2024-06-01,0.09950393219126116,False,0.0733270022343251,False,0.22326968578013895,False
2024,July,2,ANOKA,10771,22203,3557017.83,2024-07-01,0.19599335287522118,False,0.23192448479413563,False,0.3647327244323159,False
2024,August,2,ANOKA,10877,22356,3580962.8,2024-08-01,0.26204191759201495,False,0.27824252322902193,False,0.38445554543265054,False
2024,September,2,ANOKA,10921,22379,3592676.0,2024-09-01,0.2818577407253003,False,0.2701193167507453,False,0.38799667735096166,False
2024,October,2,ANOKA,11073,22522,3626733.38,2024-10-01,0.3510144875715811,False,0.29614641143214643,False,0.4345307516847173,False
2024,November,2,ANOKA,11045,22354,3580936.67,2024-11-01,0.30924320690801743,False,0.23096655720368253,False,0.33149673914746675,False
2024,December,2,ANOKA,11164,22542,3622814.81,2024-12-01,0.35889465838886997,False,0.2679593218698225,False,0.347366888220379,False
2025,January,2,ANOKA,11012,22181,3494047.25,2025-01-01,0.19748605232661867,False,0.07261239819191959,False,-0.026767517541872718,False
2025,February,2,ANOKA,10973,22191,3473573.83,2025-02-01,0.09228880421331319,False,-0.0003031029839528365,False,-0.09987746327578395,False
2025,March,2,ANOKA,11068,22128,3505696.93,2025-03-01,0.10378973997713349,False,-0.020998484670217914,False,-0.03778737252427378,False
2025,April,2,ANOKA,11002,22013,3513309.0,2025-04-01,0.03381937404619208,False,-0.05614230157522732,False,-0.03438326275457683,False
2025,May,2,ANOKA,11006,22011,3536305.0,2025-05-01,0.01135205946668045,False,-0.056755121273100076,False,0.002306652366126842,False
2025,June,2,ANOKA,10910,21831,3467029.0,2025-06-01,-0.05786025437401995,False,-0.11213815298659449,False,-0.15314126862830724,False
2025,July,2,ANOKA,10869,21764,3482388.0,2025-07-01,-0.08325351700026894,False,-0.13286964165658377,False,-0.1233267981880624,False
2025,August,2,ANOKA,10925,21979,3547765.0,2025-08-01,-0.04859387017171564,False,-0.06322464467674288,False,0.04382539028373035,False
2025,September,2,ANOKA,10997,22005,3556232.0,2025-09-01,-0.004291576255625608,False,-0.045663069258324133,False,0.05990364199584373,False
2025,October,2,ANOKA,10995,22106,3676981.0,2025-10-01,-0.00551827444941229,False,0.010862892617704246,False,0.2851223516731659,False
2025,November,2,ANOKA,10764,21478,3570192.0,2025-11-01,-0.1459656424266642,False,-0.18016396763895728,False,0.08632932029265532,False
2025,December,2,ANOKA,10711,21385,3582968.0,2025-12-01,-0.17710950720769145,False,-0.19490813739019294,False,0.1104233395900275,False
2026,January,2,ANOKA,10586,21029,3464306.0,2026-01-01,-0.24891323812783336,False,-0.3069073585460053,False,-0.1167426868718881,False
2026,February,2,ANOKA,10566,20911,3438738.0,2026-02-01,-0.24012953312802665,False,-0.3399539985290384,False,-0.16670815099583286,False
2026,March,2,ANOKA,10542,20841,3425323.0,2026-03-01,-0.23604956951826989,False,-0.3357976977654021,False,-0.1930727954360091,False
2022,January,3,BECKER,1061,2035,452408.0,2022-01-01,,False,,False,,False
2022,February,3,BECKER,1072,2057,462718.0,2022-02-01,,False,,False,,False
2022,March,3,BECKER,1082,2112,471654.0,2022-03-01,,False,,False,,False
2022,April,3,BECKER,1116,2146,483803.0,2022-04-01,,False,,False,,False
2022,May,3,BECKER,1111,2147,471757.0,2022-05-01,0.209523172564141,False,0.19975647076706243,False,0.06598141102901416,False
2022,June,3,BECKER,1115,2148,471668.0,2022-06-01,0.20245721811709186,False,0.11394921403343153,False,0.00020020692785298165,False
2022,July,3,BECKER,1138,2186,488304.0,2022-07-01,0.25093492664189365,False,0.17834193420846545,False,0.23390029979536242,False
2022,August,3,BECKER,1134,2150,484154.0,2022-08-01,0.13808670968306144,False,0.012554680218461416,False,0.17623089799832972,False
2022,September,3,BECKER,1144,2188,461844.0,2022-09-01,0.18514422747346526,False,0.1291024753375456,False,-0.1426059491031462,False
2022,October,3,BECKER,1162,2223,558051.0,2022-10-01,0.27824480459961876,False,0.23452499725788353,False,1.1343382139700902,False
2022,November,3,BECKER,1174,2271,572288.0,2022-11-01,0.3444634778400933,False,0.37698212199298364,False,1.3036216852554474,False
2022,December,3,BECKER,1206,2343,499646.0,2022-12-01,0.5226796415810906,False,0.5858454335968786,False,0.3874038426854019,False
2023,January,3,BECKER,1220,2362,586889.0,2023-01-01,0.5465514618757868,False,0.6371614622434092,False,1.3878809091016808,False
2023,February,3,BECKER,1238,2406,607145.0,2023-02-01,0.5794827462229083,False,0.7024874521589994,False,1.5292722971536337,False
2023,March,3,BECKER,1246,2442,613681.0,2023-03-01,0.5933104752155473,False,0.7435621370052001,False,1.570264475172222,False
2023,April,3,BECKER,1188,2342,324752.0,2023-04-01,0.20173527713945114,False,0.4050781386023032,False,-2.8285571404974363,False
2023,May,3,BECKER,1186,2329,322073.0,2023-05-01,0.10315536613783616,False,0.24203979879465407,False,-2.884429756592264,False
2023,June,3,BECKER,1190,2298,317062.0,2023-06-01,0.05695922334521161,False,-0.005329483758996333,False,-2.2210959464499447,False
2023,July,3,BECKER,1189,2313,319719.0,2023-07-01,0.011348060871336786,False,-0.001306020238391654,False,-1.8357615862451138,False
2023,August,3,BECKER,1169,2244,309932.0,2023-08-01,-0.11148954577500869,False,-0.22742404498232272,False,-1.6084818201044095,False
2023,September,3,BECKER,1170,2251,301133.0,2023-09-01,-0.1057270507641121,False,-0.20642558461596108,False,-1.314917804102073,False
2023,October,3,BECKER,1168,2247,327712.0,2023-10-01,-0.11725696810161586,False,-0.21841669888522963,False,-0.5033124670960615,False
2023,November,3,BECKER,1193,2282,334872.0,2023-11-01,0.025469474479219444,False,-0.11421025632836902,False,0.1763803747176027,False
2023,December,3,BECKER,1204,2311,327926.0,2023-12-01,0.08165677897067815,False,-0.029070932222986342,False,0.03500292977237167,False
2024,January,3,BECKER,1203,2276,326635.0,2024-01-01,0.0760569446930317,False,-0.10580546077359083,False,0.008396457084082369,False
2024,February,3,BECKER,1219,2308,333955.0,2024-02-01,0.16510114217886013,False,0.010258686857817834,False,0.16898653578201467,False
2024,March,3,BECKER,1183,2205,326845.0,2024-03-01,-0.03692727162234748,False,-0.29316108657016726,False,0.023833219692581006,False
2024,April,3,BECKER,1170,2166,322818.0,2024-04-01,-0.1057270507641121,False,-0.3752822498228216,False,-0.05978668559943668,False
2024,May,3,BECKER,1189,2192,328323.0,2024-05-01,0.008512835819944456,False,-0.2624082076430433,False,0.07440967895097443,False
2024,June,3,BECKER,1193,2213,335497.0,2024-06-01,0.022634249427833104,False,-0.15201823258130778,False,0.17839336966496422,False
2024,July,3,BECKER,1197,2214,326965.0,2024-07-01,0.04519279888343602,False,-0.10574418209879416,False,-0.006458193797281977,False
2024,August,3,BECKER,1179,2184,328868.0,2024-08-01,-0.06823729373027272,False,-0.1872236499502993,False,0.031447129377230286,False
2024,September,3,BECKER,1191,2196,326899.0,2024-09-01,9.494236599931759e-06,False,-0.10491088257033203,False,-0.01895554272400347,False
2024,October,3,BECKER,1202,2214,335224.0,2024-10-01,0.05630486677793045,False,0.001522917162929609,False,0.15066525154370872,False
2024,November,3,BECKER,1178,2192,332212.0,2024-11-01,-0.08527294358536534,False,-0.06580522808086307,False,0.08350549646349843,False
2024,December,3,BECKER,1174,2200,328037.0,2024-12-01,-0.10254183520091577,False,-0.027513360973164192,False,-0.0017976695685164043,False
2025,January,3,BECKER,1150,2179,317515.0,2025-01-01,-0.23042139592825947,False,-0.07231641556159946,False,-0.22283442844254964,False
2025,February,3,BECKER,1113,2125,305118.0,2025-02-01,-0.42809692303940783,False,-0.22771132177182227,False,-0.4914631343448534,False
2025,March,3,BECKER,1123,2172,311029.0,2025-03-01,-0.3393594043078175,False,-0.06794191382680431,False,-0.348065284378916,False
2025,April,3,BECKER,1123,2162,314861.0,2025-04-01,-0.3250872712853775,False,-0.09290780502527618,False,-0.265472239701634,False
2025,May,3,BECKER,1121,2157,308359.0,2025-05-01,-0.33709974106773777,False,-0.108517624535706,False,-0.40621689015348017,False
2025,June,3,BECKER,1141,2210,331253.0,2025-06-01,-0.20360641369083876,False,0.0674618232002643,False,0.08856320477379583,False
2025,July,3,BECKER,1138,2213,315573.0,2025-07-01,-0.1402889460984879,False,0.0766075873133771,False,-0.23851702069472563,False
2025,August,3,BECKER,1143,2227,333451.0,2025-08-01,-0.0146719096842935,False,0.11912461237998402,False,0.2320796984964162,False
2025,September,3,BECKER,1161,2228,334093.0,2025-09-01,0.11120249697287818,False,0.10368024803126652,False,0.24505346011006104,False
2025,October,3,BECKER,1139,2207,337618.0,2025-10-01,-0.017724104204379205,False,0.033697968905349235,False,0.30412670601088293,False
2025,November,3,BECKER,1125,2135,335595.0,2025-11-01,-0.08925764465712598,False,-0.18991366944714083,False,0.26358935591695276,False
2025,December,3,BECKER,1123,2159,337250.0,2025-12-01,-0.09237764464870117,False,-0.09449824575208246,False,0.2967707404293054,False
2026,January,3,BECKER,1108,2113,323753.0,2026-01-01,-0.14132392938691526,False,-0.19651491122184803,False,-0.011620714858838602,False
2026,February,3,BECKER,1137,2160,331544.0,2026-02-01,0.07749799351452283,False,-0.02179543280255489,False,0.08315800283338022,False
2026,March,3,BECKER,1128,2137,330444.0,2026-03-01,-0.017804422679523566,False,-0.0939687197007368,False,-0.019454393996986664,False
2022,January,4,BELTRAMI,1972,3598,813810.0,2022-01-01,,False,,False,,False
2022,February,4,BELTRAMI,2012,3666,858763.0,2022-02-01,,False,,False,,False
2022,March,4,BELTRAMI,2059,3757,900075.0,2022-03-01,,False,,False,,False
2022,April,4,BELTRAMI,2102,3806,886922.0,2022-04-01,,False,,False,,False
2022,May,4,BELTRAMI,2112,3838,906980.0,2022-05-01,0.24917833548482213,False,0.2265073589994986,False,0.2596510959180596,False
2022,June,4,BELTRAMI,2118,3880,891712.0,2022-06-01,0.190467309789115,False,0.21722914216261438,False,0.03632966847393065,False
2022,July,4,BELTRAMI,2142,3932,908509.0,2022-07-01,0.19676026154663925,False,0.2633133621922558,False,0.14403707668201327,False
2022,August,4,BELTRAMI,2150,3964,920694.0,2022-08-01,0.15222084679612768,False,0.27428122749510925,False,0.21573536953415728,False
2022,September,4,BELTRAMI,2140,3925,869570.0,2022-09-01,0.10479161456990406,False,0.17937922223140115,False,-0.20108046609136648,False
2022,October,4,BELTRAMI,2182,4050,1040140.0,2022-10-01,0.21982858110906925,False,0.36255621612176714,False,1.038508952455066,False
2022,November,4,BELTRAMI,2225,4149,1089322.0,2022-11-01,0.3418348725603893,False,0.4887153830190822,False,1.3186469150500857,False
2022,December,4,BELTRAMI,2261,4223,955928.0,2022-12-01,0.44048288876038083,False,0.5712319861459552,False,0.40607893638384335,False
2023,January,4,BELTRAMI,2312,4327,1115637.0,2023-01-01,0.5560358032225121,False,0.6964115872725916,False,1.4223948042402428,False
2023,February,4,BELTRAMI,2366,4399,1149107.0,2023-02-01,0.6737139881684739,False,0.7628105736062855,False,1.5903197088877457,False
2023,March,4,BELTRAMI,2383,4438,1163182.0,2023-03-01,0.7062687194193902,False,0.7889960484317552,False,1.6218226674554737,False
2023,April,4,BELTRAMI,2240,4067,632762.0,2023-04-01,0.2266706548671505,False,0.10061292925259882,False,-2.6562503832283255,False
2023,May,4,BELTRAMI,2238,4088,624060.0,2023-05-01,0.1050612828787213,False,0.048852822107846375,False,-2.7496539591528855,False
2023,June,4,BELTRAMI,2235,4123,631099.0,2023-06-01,0.01059477659031549,False,0.07485335496770416,False,-2.117091473331152,False
2023,July,4,BELTRAMI,2200,4008,624941.0,2023-07-01,-0.11093598567571634,False,-0.16201604738007042,False,-1.6983579157879187,False
2023,August,4,BELTRAMI,2179,3940,607031.0,2023-08-01,-0.1755997998144568,False,-0.27740502497348324,False,-1.5613842596312464,False
2023,September,4,BELTRAMI,2173,3905,604874.0,2023-09-01,-0.19418961406230983,False,-0.337574915513755,False,-1.165374691116825,False
2023,October,4,BELTRAMI,2200,4029,666018.0,2023-10-01,-0.11093598567571634,False,-0.126776509578572,False,-0.4190735832892861,False
2023,November,4,BELTRAMI,2188,4004,659363.0,2023-11-01,-0.1478107927799902,False,-0.16874926480969776,False,0.105010628584209,False
2023,December,4,BELTRAMI,2202,4032,657689.0,2023-12-01,-0.10480973638989785,False,-0.07564816905948689,False,0.12173279164843437,False
2024,January,4,BELTRAMI,2195,4026,662206.0,2024-01-01,-0.07161023444785847,False,-0.039183830817969015,False,0.17647196983573282,False
2024,February,4,BELTRAMI,2211,4101,671902.0,2024-02-01,0.030562596482916055,False,0.11693276157699818,False,0.274515866536038,False
2024,March,4,BELTRAMI,2209,4086,662594.0,2024-03-01,0.024461284443183337,False,0.09222275714301073,False,0.18042283958807998,False
2024,April,4,BELTRAMI,2209,4034,657096.0,2024-04-01,0.024461284443183337,False,0.005853687350770204,False,0.12422150692434142,False
2024,May,4,BELTRAMI,2197,3976,653243.0,2024-05-01,-0.012262944209640228,False,-0.09180403457216992,False,-0.042709019755392166,False
2024,June,4,BELTRAMI,2187,3938,645028.0,2024-06-01,-0.03995682680605819,False,-0.15154089252037567,False,-0.12806997933816597,False
2024,July,4,BELTRAMI,2162,3891,641937.0,2024-07-01,-0.11286868705924125,False,-0.21488621276012648,False,-0.16046993223349618,False
2024,August,4,BELTRAMI,2164,3898,643451.0,2024-08-01,-0.09896485478755064,False,-0.19939920545595208,False,-0.1445806928237255,False
2024,September,4,BELTRAMI,2150,3814,626306.0,2024-09-01,-0.1427231176215116,False,-0.3463015637619099,False,-0.32674132921177296,False
2024,October,4,BELTRAMI,2164,3872,641245.0,2024-10-01,-0.09896485478755064,False,-0.2445280408165681,False,-0.16774486778830164,False
2024,November,4,BELTRAMI,2153,3857,638021.0,2024-11-01,-0.11948492546690563,False,-0.22856618870901543,False,-0.17886673235758882,False
2024,December,4,BELTRAMI,2121,3754,618240.0,2024-12-01,-0.21889996308454315,False,-0.3550503240652139,False,-0.3287826587989066,False
2025,January,4,BELTRAMI,2076,3741,601388.0,2025-01-01,-0.315528254372988,False,-0.3116410503676276,False,-0.46425413350080363,False
2025,February,4,BELTRAMI,2086,3727,605663.0,2025-02-01,-0.2474924865090829,False,-0.29644099858496376,False,-0.4002766434484271,False
2025,March,4,BELTRAMI,2072,3733,603951.0,2025-03-01,-0.2897747830197613,False,-0.26302962064688085,False,-0.40778730558322557,False
2025,April,4,BELTRAMI,2078,3720,597201.0,2025-04-01,-0.2531017675727266,False,-0.2569622964285108,False,-0.4629602576013561,False
2025,May,4,BELTRAMI,2070,3705,594895.0,2025-05-01,-0.2603444009905352,False,-0.2333207584822278,False,-0.40955717913486106,False
2025,June,4,BELTRAMI,2091,3724,737671.51,2025-06-01,-0.14181631649793144,False,-0.10756671811124709,False,1.147597436936463,False
2025,July,4,BELTRAMI,2071,3706,657777.73,2025-07-01,-0.11281328705598075,False,-0.07508083680463411,False,0.3744088156011159,False
2025,August,4,BELTRAMI,2052,3675,609027.0,2025-08-01,-0.11886004676092968,False,-0.112809666287897,False,-0.1449855555785308,False
2025,September,4,BELTRAMI,2057,3686,606356.0,2025-09-01,-0.08143023384151017,False,-0.08001493484755474,False,-0.08028151834555933,False
2025,October,4,BELTRAMI,2050,3700,625728.0,2025-10-01,-0.08821311862513272,False,-0.04631333462844311,False,0.19729656119066566,False
2025,November,4,BELTRAMI,2028,3656,620594.0,2025-11-01,-0.1512069030867332,False,-0.12064451960047491,False,0.14172669994864387,False
2025,December,4,BELTRAMI,2013,3660,611070.0,2025-12-01,-0.19312813232307216,False,-0.0969347734788452,False,0.03741163335029932,False
2026,January,4,BELTRAMI,2024,3703,596488.0,2026-01-01,-0.15313344045193764,False,-0.004550913769500573,False,-0.12549600047645224,False
2026,February,4,BELTRAMI,2042,3692,610452.0,2026-02-01,-0.07057829105049904,False,-0.021881363126322995,False,0.03058669932420116,False
2026,March,4,BELTRAMI,2033,3654,610433.0,2026-03-01,-0.07091753771073349,False,-0.08709205981312036,False,0.007671800173113689,False
2022,January,5,BENTON,1909,3698,843032.0,2022-01-01,,False,,False,,False
2022,February,5,BENTON,1918,3785,876160.0,2022-02-01,,False,,False,,False
2022,March,5,BENTON,1941,3810,883235.0,2022-03-01,,False,,False,,False
2022,April,5,BENTON,1951,3831,872083.52,2022-04-01,,False,,False,,False
2022,May,5,BENTON,1993,3854,881411.0,2022-05-01,0.21841239523254938,False,0.09962479446372048,False,0.05603113392300644,False
2022,June,5,BENTON,1989,3848,876931.0,2022-06-01,0.16468773350971966,False,0.0669222200046797,False,0.005932823113526532,False
2022,July,5,BENTON,1994,3812,871152.0,2022-07-01,0.16429215642265974,False,-0.014993866041385475,False,-0.0416303866569203,False
2022,August,5,BENTON,2006,3810,871505.0,2022-08-01,0.18742049439816197,False,-0.003538824845080608,False,-0.035931386529967135,False
2022,September,5,BENTON,2032,3803,827339.0,2022-09-01,0.20921621630085824,False,-0.014169941194409352,False,-0.37099098449464807,False
2022,October,5,BENTON,2050,3910,992621.0,2022-10-01,0.20365070818666473,False,0.17470544133176283,False,0.8732318545466112,False
2022,November,5,BENTON,2078,3977,1007179.0,2022-11-01,0.2883376459618171,False,0.2875071699301456,False,0.9557093064010044,False
2022,December,5,BENTON,2074,3999,874823.0,2022-12-01,0.2685756620546345,False,0.32293765124891144,False,-0.01030056425684367,False
2023,January,5,BENTON,2088,4070,1033604.0,2023-01-01,0.3122403604192511,False,0.4248479829494054,False,1.1198162102990021,False
2023,February,5,BENTON,2083,4101,1040312.0,2023-02-01,0.27416107291940106,False,0.44432378879204026,False,1.1553325028579373,False
2023,March,5,BENTON,2114,4147,1069985.0,2023-03-01,0.3101216792579031,False,0.4993600025360629,False,1.3248767340964087,False
2023,April,5,BENTON,1944,3779,569585.0,2023-04-01,-0.32819841098627694,False,-0.18115749169035064,False,-2.9277854798637692,False
2023,May,5,BENTON,1981,3802,566833.0,2023-05-01,-0.20109253612809977,False,-0.14024084241318832,False,-2.9604534657936563,False
2023,June,5,BENTON,1951,3792,560241.0,2023-06-01,-0.3039669248275647,False,-0.15274708337077655,False,-2.2764110409613907,False
2023,July,5,BENTON,1975,3814,563090.0,2023-07-01,-0.22154227387450534,False,-0.0820463391009361,False,-1.899949569919497,False
2023,August,5,BENTON,1981,3804,566684.0,2023-08-01,-0.20109253612809977,False,-0.10151824590873092,False,-1.696136374370121,False
2023,September,5,BENTON,1969,3804,569471.0,2023-09-01,-0.24205420047813037,False,-0.10151824590873092,False,-1.2580207637765275,False
2023,October,5,BENTON,1995,3873,623797.0,2023-10-01,-0.06793415346774598,False,0.019700018503216926,False,-0.3648692023908139,False
2023,November,5,BENTON,1959,3765,591805.0,2023-11-01,-0.09902559551045159,False,-0.13895161780002355,False,-0.04849190339204538,False
2023,December,5,BENTON,2005,3848,605570.0,2023-12-01,0.08118453074748658,False,0.06869813713550073,False,0.28414988479698366,False
2024,January,5,BENTON,1972,3786,593994.0,2024-01-01,-0.03069790381006194,False,-0.04083543806575274,False,0.1539652282025289,False
2024,February,5,BENTON,1955,3748,591320.0,2024-02-01,-0.07884194079772847,False,-0.10000712726134194,False,0.1235325662002595,False
2024,March,5,BENTON,1937,3723,585221.18,2024-03-01,-0.1258509060743145,False,-0.14336329357310815,False,0.05636911735790372,False
2024,April,5,BENTON,1928,3652,579279.0,2024-04-01,-0.14699143080341048,False,-0.26254911159969774,False,0.022496446795764364,False
2024,May,5,BENTON,1954,3695,593104.0,2024-05-01,-0.056686271383252815,False,-0.1836163833570506,False,0.12466572752824663,False
2024,June,5,BENTON,1954,3653,583603.0,2024-06-01,-0.034391504199323256,False,-0.24648420679812955,False,-0.05364044177591059,False
2024,July,5,BENTON,2003,3776,608953.0,2024-07-01,0.13258090190245106,False,0.0009190342620591618,False,0.23315736670539466,False
2024,August,5,BENTON,2037,3825,611148.0,2024-08-01,0.24605710629548808,False,0.09677816406891472,False,0.21969708874670263,False
2024,September,5,BENTON,2049,3844,612753.0,2024-09-01,0.2856560458647749,False,0.13019108600115145,False,0.22722816729198728,False
2024,October,5,BENTON,2071,3857,623327.0,2024-10-01,0.3525238788552635,False,0.1529575622435408,False,0.3301791459434356,False
2024,November,5,BENTON,2086,3893,622279.05,2024-11-01,0.40117761229710674,False,0.2156050714298955,False,0.318829790232856,False
2024,December,5,BENTON,2056,3847,618789.0,2024-12-01,0.22864474536239063,False,0.11669818904727446,False,0.21074482738552328,False
2025,January,5,BENTON,2060,3830,600353.0,2025-01-01,0.24174819775933873,False,0.08683357455930682,False,-0.012055576412998804,False
2025,February,5,BENTON,2040,3856,601348.0,2025-02-01,0.06665965338481038,False,0.09790179889106065,False,-0.03679830114049346,False
2025,March,5,BENTON,2055,3835,605060.0,2025-03-01,0.05435079369049082,False,0.013201911963845035,False,-0.0008756265802633133,False
2025,April,5,BENTON,2040,3800,599951.0,2025-04-01,-0.014838694190500452,False,-0.05742572509168304,False,-0.0788244528664231,False
2025,May,5,BENTON,2033,3810,606787.0,2025-05-01,-0.03801172311853569,False,-0.03970369702998703,False,-0.002404821084783606,False
2025,June,5,BENTON,2039,3813,609165.0,2025-06-01,-0.01814425661882714,False,-0.03439615577250967,False,0.014364875493046101,False
2025,July,5,BENTON,2059,3869,631399.0,2025-07-01,0.04766114338766101,False,0.06391896330654172,False,0.24297382811731666,False
2025,August,5,BENTON,2066,3892,632909.0,2025-08-01,0.04584718366245033,False,0.09158488236951777,False,0.24695085166568892,False
2025,September,5,BENTON,2080,3912,632440.0,2025-09-01,0.07988149554608485,False,0.11561452972051342,False,0.23310555536004338,False
2025,October,5,BENTON,2057,3865,636742.0,2025-10-01,-0.001636737142386342,False,0.023599235832849872,False,0.24577253648751635,False
2025,November,5,BENTON,2003,3726,617389.0,2025-11-01,-0.17770674332227504,False,-0.22338081231657614,False,0.03758672544569719,False
2025,December,5,BENTON,1970,3617,603785.0,2025-12-01,-0.28642272173387956,False,-0.4051752388000535,False,-0.10506033081234924,False
2026,January,5,BENTON,1935,3562,577817.0,2026-01-01,-0.38093822064323796,False,-0.4935662164128077,False,-0.3431599675822816,False
2026,February,5,BENTON,1937,3595,578916.0,2026-02-01,-0.3492788330723524,False,-0.41638379348231574,False,-0.33034327710362343,False
2026,March,5,BENTON,1942,3572,586643.0,2026-03-01,-0.3302465008874084,False,-0.4376121296550292,False,-0.24091101479316887,False
2022,January,6,BIG STONE,214,408,89724.0,2022-01-01,,False,,False,,False
2022,February,6,BIG STONE,215,413,95324.0,2022-02-01,,False,,False,,False
2022,March,6,BIG STONE,215,419,88579.0,2022-03-01,,False,,False,,False
2022,April,6,BIG STONE,214,403,91672.0,2022-04-01,,False,,False,,False
2022,May,6,BIG STONE,219,420,93709.0,2022-05-01,0.13941462037128935,False,0.15407110270743835,False,0.2206710378452704,False
2022,June,6,BIG STONE,214,409,91932.0,2022-06-01,-0.03129936010861187,False,-0.0654859512863475,False,0.019102874331078466,False
2022,July,6,BIG STONE,216,418,91732.0,2022-07-01,0.04680446985500873,False,0.11371633706624945,False,-0.005138277133293423,False
2022,August,6,BIG STONE,223,431,96499.0,2022-08-01,0.2452997599325467,False,0.2870645992547825,False,0.3417072624760024,False
2022,September,6,BIG STONE,225,435,93578.0,2022-09-01,0.3052557102618754,False,0.3087442572259554,False,0.1270412795676806,False
2022,October,6,BIG STONE,223,429,112109.0,2022-10-01,0.2452997599325467,False,0.17479187772309795,False,1.3383461463468576,False
2022,November,6,BIG STONE,224,443,109228.0,2022-11-01,0.25976695813876877,False,0.38285798238486884,False,1.1028990344839178,False
2022,December,6,BIG STONE,221,429,93350.0,2022-12-01,0.15365129109812306,False,0.15871320503175834,False,-0.016453867892994595,False
2023,January,6,BIG STONE,229,450,112395.0,2023-01-01,0.34613221379841297,False,0.47230895956865565,False,1.2440616867253373,False
2023,February,6,BIG STONE,231,452,112280.0,2023-02-01,0.3277052014516575,False,0.42279753849028145,False,1.224212134509959,False
2023,March,6,BIG STONE,226,442,116106.0,2023-03-01,0.11998208766667992,False,0.20089686635652518,False,1.450220370248937,False
2023,April,6,BIG STONE,215,414,53772.0,2023-04-01,-0.2452997599325467,False,-0.2551422936961666,False,-3.845341195776436,True
2023,May,6,BIG STONE,219,419,54853.0,2023-05-01,-0.1215348196155603,False,-0.17436288508606726,False,-3.711091226494213,True
2023,June,6,BIG STONE,219,413,52312.0,2023-06-01,-0.1215348196155603,False,-0.27141491920047955,False,-2.643847254966898,False
2023,July,6,BIG STONE,214,406,53199.0,2023-07-01,-0.27659912004115855,False,-0.38643597684192343,False,-2.3561920406348875,False
2023,August,6,BIG STONE,212,400,51873.0,2023-08-01,-0.33963696205216704,False,-0.4866110854694137,False,-2.4399921340139854,False
2023,September,6,BIG STONE,208,396,52032.0,2023-09-01,-0.43726125074273303,False,-0.5385810193628132,False,-1.9685685162106126,False
2023,October,6,BIG STONE,199,386,49644.0,2023-10-01,-0.6733877330710977,False,-0.6313000755961564,False,-0.7702488335324583,False
2023,November,6,BIG STONE,201,391,56794.0,2023-11-01,-0.5757521811755532,False,-0.4249672138744422,False,0.3016701070711765,False
2023,December,6,BIG STONE,200,387,53690.0,2023-12-01,-0.5473437251297194,False,-0.4456212904449172,False,-0.07741848027395379,False
2024,January,6,BIG STONE,201,398,55241.0,2024-01-01,-0.4363375608042639,False,-0.1914107077088945,False,0.1869383323195208,False
2024,February,6,BIG STONE,207,422,55341.0,2024-02-01,-0.19174023113018682,False,0.3101679661705868,False,0.19913720709082958,False
2024,March,6,BIG STONE,212,440,58428.0,2024-03-01,0.0639355641037125,False,0.5912503033924211,False,0.5652573449110725,False
2024,April,6,BIG STONE,218,433,56517.0,2024-04-01,0.2513087240059367,False,0.48332800101067724,False,0.3409647103077696,False
2024,May,6,BIG STONE,221,438,60828.0,2024-05-01,0.34307884712216163,False,0.5605911596954765,False,0.7696476610971356,False
2024,June,6,BIG STONE,219,432,61589.0,2024-06-01,0.2820377065403192,False,0.46776859388023756,False,0.8297365667521641,False
2024,July,6,BIG STONE,216,422,62062.0,2024-07-01,0.1894275560240386,False,0.3101679661705868,False,0.7791970665702463,False
2024,August,6,BIG STONE,219,426,62461.0,2024-08-01,0.2820377065403192,False,0.2436105818020982,False,0.7454083579647695,False
2024,September,6,BIG STONE,222,437,63257.0,2024-09-01,0.3733935048921394,False,0.23504120282198854,False,0.7434195280112762,False
2024,October,6,BIG STONE,228,462,67694.0,2024-10-01,0.42579326030310766,False,0.5777022213645377,False,1.0885216179474126,False
2024,November,6,BIG STONE,221,446,63925.0,2024-11-01,0.12271070710717401,False,0.2616906483665936,False,0.47071108209942886,False
2024,December,6,BIG STONE,233,468,67404.0,2024-12-01,0.43148761420820775,False,0.5309099942281373,False,0.6504615944830263,False
2025,January,6,BIG STONE,237,466,67065.0,2025-01-01,0.5304478937674175,False,0.46336487647853186,False,0.5487222767129251,False
2025,February,6,BIG STONE,233,440,62155.0,2025-02-01,0.3856025526500953,False,0.03835013904839224,False,-0.011512575614793965,False
2025,March,6,BIG STONE,241,466,69863.0,2025-03-01,0.5818260221983281,False,0.4017127299362124,False,0.7719492794013671,False
2025,April,6,BIG STONE,240,470,66515.0,2025-04-01,0.5387390467809566,False,0.45923973110023625,False,0.38144683775960975,False
2025,May,6,BIG STONE,244,475,67511.0,2025-05-01,0.5450723738882642,False,0.4695607240121833,False,0.4035633106839402,False
2025,June,6,BIG STONE,234,452,66360.0,2025-06-01,0.10160637437182578,False,-0.028670963857020292,False,0.11820742153248427,False
2025,July,6,BIG STONE,229,444,66782.0,2025-07-01,-0.1162959844007438,False,-0.19381964988606784,False,0.03488871322906309,False
2025,August,6,BIG STONE,233,458,71051.0,2025-08-01,0.0,False,0.015112983761020356,False,0.43145380410913875,False
2025,September,6,BIG STONE,234,457,69938.0,2025-09-01,0.02876336981465405,False,-0.04397367648483027,False,0.2971884125833389,False
2025,October,6,BIG STONE,239,459,76582.0,2025-10-01,0.1563869299467057,False,-0.0145836517712246,False,0.8780432974383648,False
2025,November,6,BIG STONE,234,451,71751.0,2025-11-01,0.0,False,-0.1109968662426797,False,0.4385432038929375,False
2025,December,6,BIG STONE,231,449,72243.0,2025-12-01,-0.0866607210130918,False,-0.14090822346543644,False,0.4622820586736644,False
2026,January,6,BIG STONE,232,453,70889.0,2026-01-01,-0.05764992360170444,False,-0.06652255606538461,False,0.2138262963258776,False
2026,February,6,BIG STONE,226,433,68977.0,2026-02-01,-0.23361642499028923,False,-0.3334637413123047,False,-0.08970412357616889,False
2026,March,6,BIG STONE,229,431,64513.0,2026-03-01,-0.14505935421539784,False,-0.3646185311130105,False,-0.5409807677693063,False
2022,January,7,BLUE EARTH,2680,5183,1167460.0,2022-01-01,,False,,False,,False
2022,February,7,BLUE EARTH,2730,5219,1191572.0,2022-02-01,,False,,False,,False
2022,March,7,BLUE EARTH,2744,5266,1213185.0,2022-03-01,,False,,False,,False
2022,April,7,BLUE EARTH,2733,5196,1185777.0,2022-04-01,,False,,False,,False
2022,May,7,BLUE EARTH,2719,5167,1181169.0,2022-05-01,-0.030925218548664087,False,-0.052635973228453356,False,-0.04270406845880528,False
2022,June,7,BLUE EARTH,2753,5239,1181258.0,2022-06-01,0.056567332461463414,False,0.05557854575831849,False,-0.025754301290697154,False
2022,July,7,BLUE EARTH,2755,5222,1198423.0,2022-07-01,0.05776123078078881,False,0.01876783093024464,False,0.08442987135494716,False
2022,August,7,BLUE EARTH,2801,5307,1174158.0,2022-08-01,0.1657092013400724,False,0.11276098481116621,False,-0.06641769525710768,False
2022,September,7,BLUE EARTH,2799,5222,1135966.0,2022-09-01,0.14735134115659299,False,0.0019376616448040273,False,-0.27658336868038674,False
2022,October,7,BLUE EARTH,2827,5268,1336015.0,2022-10-01,0.20092459987625225,False,0.05914448875879488,False,0.8303852615008631,False
2022,November,7,BLUE EARTH,2840,5303,1333670.0,2022-11-01,0.22082027353080125,False,0.103800851631301,False,0.8056587599256921,False
2022,December,7,BLUE EARTH,2905,5497,1210734.0,2022-12-01,0.36236274685678144,False,0.34610240974858125,False,0.14048832670104325,False
2023,January,7,BLUE EARTH,2955,5598,1416577.0,2023-01-01,0.47498037977808066,False,0.4579267272617353,False,1.1831230003985356,False
2023,February,7,BLUE EARTH,2972,5626,1437263.0,2023-02-01,0.4577943389410612,False,0.4632818158746077,False,1.2451302690453874,False
2023,March,7,BLUE EARTH,2963,5631,1429756.0,2023-03-01,0.3815192891050867,False,0.45065943842793926,False,1.1560054027940343,False
2023,April,7,BLUE EARTH,2784,5291,784310.0,2023-04-01,-0.07219662239545202,False,0.0070507117111574666,False,-2.8940578617443684,False
2023,May,7,BLUE EARTH,2805,5244,779104.0,2023-05-01,-0.021527451905060863,False,-0.06781090957055169,False,-2.938978215362017,False
2023,June,7,BLUE EARTH,2820,5287,801780.0,2023-06-01,0.009622195511478878,False,-0.012738924141461414,False,-2.673386905599362,False
2023,July,7,BLUE EARTH,2809,5296,782543.0,2023-07-01,-0.03471048956629781,False,-0.001268916653756751,False,-2.1898818958437536,False
2023,August,7,BLUE EARTH,2778,5145,769535.0,2023-08-01,-0.10953501785406533,False,-0.19952535495879556,False,-1.6687052372245432,False
2023,September,7,BLUE EARTH,2735,5050,763994.0,2023-09-01,-0.2147175663494858,False,-0.31756937776641914,False,-1.4397635813008427,False
2023,October,7,BLUE EARTH,2776,5157,820881.0,2023-10-01,-0.11439102958288772,False,-0.17617620926692823,False,-0.4910224384372467,False
2023,November,7,BLUE EARTH,2767,5153,809538.0,2023-11-01,-0.11475214490986559,False,-0.18140894808640112,False,-0.014451079928886213,False
2023,December,7,BLUE EARTH,2818,5220,828618.67,2023-12-01,0.026372812530246904,False,-0.08855658871541071,False,0.18960897595061232,False
2024,January,7,BLUE EARTH,2818,5263,824185.0,2024-01-01,0.026372812530246904,False,-0.0031463952958228963,False,0.1534218107875478,False
2024,February,7,BLUE EARTH,2770,5212,809511.25,2024-02-01,-0.0894654549336519,False,-0.0534724184495206,False,0.03225242658339916,False
2024,March,7,BLUE EARTH,2798,5214,820889.0,2024-03-01,0.00848711885900105,False,-0.02322310032937624,False,0.1265052607193574,False
2024,April,7,BLUE EARTH,2818,5214,833739.0,2024-04-01,0.06493526283505026,False,-0.003877923002969971,False,0.23127187627091014,False
2024,May,7,BLUE EARTH,2844,5249,846768.0,2024-05-01,0.10152554757527538,False,0.04511722507711523,False,0.3033867434147997,False
2024,June,7,BLUE EARTH,2845,5281,853818.0,2024-06-01,0.09909182515154041,False,0.08610481797276597,False,0.31227371441040125,False
2024,July,7,BLUE EARTH,2869,5302,871998.0,2024-07-01,0.15573316570213538,False,0.11286819744172355,False,0.40742519836831254,False
2024,August,7,BLUE EARTH,2888,5356,884084.0,2024-08-01,0.1894549774715386,False,0.18120461686885803,False,0.48672282072374157,False
2024,September,7,BLUE EARTH,2852,5299,869357.0,2024-09-01,0.08086486137037084,False,0.1051734300475435,False,0.3418113589549783,False
2024,October,7,BLUE EARTH,2880,5336,886566.0,2024-10-01,0.14673912058045632,False,0.1295389514826934,False,0.43515546308633707,False
2024,November,7,BLUE EARTH,2872,5266,863605.0,2024-11-01,0.09702102525790952,False,0.01282430349291264,False,0.18509547796119769,False
2024,December,7,BLUE EARTH,2921,5351,880454.0,2024-12-01,0.1789416778638007,False,0.10990475377779309,False,0.23516604682116757,False
2025,January,7,BLUE EARTH,2916,5307,859413.0,2025-01-01,0.15792004379380756,False,0.04271095395618537,False,0.005617402864277431,False
2025,February,7,BLUE EARTH,2859,5266,853749.0,2025-02-01,-0.0035069020145230253,False,-0.030655193444402068,False,-0.06101050179379411,False
2025,March,7,BLUE EARTH,2867,5235,855661.0,2025-03-01,0.007069403713989345,False,-0.07047155204392426,False,-0.0459217515356588,False
2025,April,7,BLUE EARTH,2860,5248,847427.0,2025-04-01,-0.018833808447801526,False,-0.053745744713097156,False,-0.11114292333180448,False
2025,May,7,BLUE EARTH,2835,5175,830452.0,2025-05-01,-0.07803201185793054,False,-0.14820963882079322,False,-0.24762492838362363,False
2025,June,7,BLUE EARTH,2867,5282,852831.0,2025-06-01,-0.0023509934726923727,False,-0.010196409986554461,False,-0.06826700701559915,False
2025,July,7,BLUE EARTH,2901,5353,873698.0,2025-07-01,0.07714039450988512,False,0.07920974378558873,False,0.0947822157070675,False
2025,August,7,BLUE EARTH,2875,5286,864445.0,2025-08-01,0.01291389937541426,False,-0.005729824327907878,False,0.022967638003388555,False
2025,September,7,BLUE EARTH,2923,5383,873732.0,2025-09-01,0.1245578275592118,False,0.1251807559934707,False,0.09504469230133229,False
2025,October,7,BLUE EARTH,2949,5430,912234.0,2025-10-01,0.174874650058207,False,0.18380618285432415,False,0.3859079467874058,False
2025,November,7,BLUE EARTH,2966,5439,919362.0,2025-11-01,0.2136325731628779,False,0.19497443119746835,False,0.4384070243371977,False
2025,December,7,BLUE EARTH,2931,5367,899698.0,2025-12-01,0.09972136389773033,False,0.08918476968822561,False,0.2892961692854328,False
2026,January,7,BLUE EARTH,2931,5324,879924.0,2026-01-01,0.09972136389773033,False,0.03493683862983179,False,0.13939807919701797,False
2026,February,7,BLUE EARTH,2954,5285,884334.0,2026-02-01,0.15242589569074627,False,-0.025428840494339668,False,0.11752197353645023,False
2026,March,7,BLUE EARTH,2959,5268,881468.0,2026-03-01,0.1080071464873272,False,-0.04715600281546939,False,0.05958839237831065,False
2022,January,8,BROWN,735,1449,317529.0,2022-01-01,,False,,False,,False
2022,February,8,BROWN,731,1459,322076.0,2022-02-01,,False,,False,,False
2022,March,8,BROWN,745,1483,327568.0,2022-03-01,,False,,False,,False
2022,April,8,BROWN,745,1468,330655.0,2022-04-01,,False,,False,,False
2022,May,8,BROWN,753,1497,333883.0,2022-05-01,0.11746086011334647,False,0.15258349222028772,False,0.18581762467342683,False
2022,June,8,BROWN,753,1499,332417.0,2022-06-01,0.07194734883930094,False,0.14085725763128198,False,0.0991143568557926,False
2022,July,8,BROWN,762,1526,324824.0,2022-07-01,0.15198124763929768,False,0.2269254430328665,False,-0.0883734230329055,False
2022,August,8,BROWN,749,1511,337806.0,2022-08-01,0.036069604672887244,False,0.12607843716696598,False,0.20758416433544402,False
2022,September,8,BROWN,763,1546,322731.0,2022-09-01,0.14278076221737723,False,0.24876609974468572,False,-0.13197525008555538,False
2022,October,8,BROWN,785,1595,393701.0,2022-10-01,0.316229786887747,False,0.4274280459753188,False,1.2403755389807085,False
2022,November,8,BROWN,786,1591,389581.0,2022-11-01,0.3068668854449289,False,0.4060023975849162,False,1.137785245475199,False
2022,December,8,BROWN,807,1618,342170.0,2022-12-01,0.4665495625111205,False,0.5149373566315677,False,0.23089519122774482,False
2023,January,8,BROWN,818,1658,402725.0,2023-01-01,0.5577556233752904,False,0.6526854442686144,False,1.3120410650921415,False
2023,February,8,BROWN,812,1646,412841.0,2023-02-01,0.46814286228631596,False,0.5435545880944578,False,1.446610489926264,False
2023,March,8,BROWN,816,1652,410162.0,2023-03-01,0.4568131153597989,False,0.4909046068953037,False,1.3484635350496401,False
2023,April,8,BROWN,753,1549,202944.0,2023-04-01,-0.1846101292179221,False,-0.0836339433911064,False,-3.4801344363998448,False
2023,May,8,BROWN,762,1553,204640.0,2023-05-01,-0.10457623041792537,False,-0.0727836575245611,False,-3.424001075468085,False
2023,June,8,BROWN,779,1592,201162.0,2023-06-01,0.04405583683454839,False,0.08571115159137806,False,-2.502531418293467,False
2023,July,8,BROWN,791,1574,208798.0,2023-07-01,0.07713606118773325,False,-0.07453081262333139,False,-2.080788838909691,False
2023,August,8,BROWN,794,1620,196647.0,2023-08-01,0.07250601308827526,False,0.11964404823690153,False,-2.068609807084725,False
2023,September,8,BROWN,790,1595,199808.0,2023-09-01,0.012836730910987349,False,0.006345251166257424,False,-1.6052952360781252,False
2023,October,8,BROWN,795,1598,213876.0,2023-10-01,0.038240818329795076,False,0.012666670389227204,False,-0.5029999480747336,False
2023,November,8,BROWN,780,1581,216416.0,2023-11-01,-0.10708768989720345,False,-0.06576103240075103,False,0.16066945486592785,False
2023,December,8,BROWN,782,1581,218009.0,2023-12-01,-0.08983704110792134,False,-0.06576103240075103,False,0.21013614620439736,False
2024,January,8,BROWN,778,1570,215305.0,2024-01-01,-0.10737118579237194,False,-0.10014575147537161,False,0.125954086251165,False
2024,February,8,BROWN,775,1565,215266.0,2024-02-01,-0.09485366488958133,False,-0.0919333555716698,False,0.12473220285057413,False
2024,March,8,BROWN,801,1633,224822.0,2024-03-01,0.17034284999631785,False,0.21814090223789875,False,0.4176966091725337,False
2024,April,8,BROWN,801,1620,220215.0,2024-04-01,0.17034284999631785,False,0.16426350363748218,False,0.2780444660493432,False
2024,May,8,BROWN,808,1641,224867.0,2024-05-01,0.18605128203413013,False,0.22771498322699066,False,0.31616150529083764,False
2024,June,8,BROWN,781,1575,218517.0,2024-06-01,-0.08144546521244433,False,-0.07871262254130929,False,0.10049170389841891,False
2024,July,8,BROWN,791,1574,216718.0,2024-07-01,0.004260897597734598,False,-0.059625205825820975,False,0.0267634613847518,False
2024,August,8,BROWN,769,1571,213941.0,2024-08-01,-0.1857516675426356,False,-0.0724850762608939,False,-0.08228490285170319,False
2024,September,8,BROWN,778,1559,216718.0,2024-09-01,-0.06882790912719686,False,-0.09445730432668646,False,0.004702888538676201,False
2024,October,8,BROWN,772,1539,212783.0,2024-10-01,-0.08238794699588085,False,-0.1686756816941759,False,-0.12359549363022346,False
2024,November,8,BROWN,774,1527,210879.0,2024-11-01,-0.056333672335076204,False,-0.2064842878025515,False,-0.18422168071093337,False
2024,December,8,BROWN,784,1598,221617.0,2024-12-01,0.03878931175418283,False,0.10843566003565484,False,0.1507750016056024,False
2025,January,8,BROWN,781,1605,217775.0,2025-01-01,0.012962860289963801,False,0.13789904541837228,False,0.032817312347818914,False
2025,February,8,BROWN,785,1610,212953.0,2025-02-01,0.03441333995687408,False,0.15029527592112468,False,-0.1346175032706128,False
2025,March,8,BROWN,788,1578,214765.0,2025-03-01,0.04719538339518525,False,-0.03603500986231647,False,-0.07746790485381215,False
2025,April,8,BROWN,796,1580,221420.0,2025-04-01,0.11524135772976782,False,0.014951606916622385,False,0.1447765902351629,False
2025,May,8,BROWN,798,1594,221729.0,2025-05-01,0.13214612848328833,False,0.07441672759051392,False,0.15418288893596827,False
2025,June,8,BROWN,799,1586,222668.0,2025-06-01,0.1405826524099345,False,0.04050087988936186,False,0.1826868433808456,False
2025,July,8,BROWN,787,1578,226371.0,2025-07-01,0.02143449540272493,False,-0.0042689879117903205,False,0.293934151297049,False
2025,August,8,BROWN,777,1578,215780.0,2025-08-01,-0.06470971510542166,False,-0.0042689879117903205,False,-0.04566562690080692,False
2025,September,8,BROWN,770,1526,214720.0,2025-09-01,-0.12567204100401538,False,-0.23013684036641907,False,-0.07888133530042189,False
2025,October,8,BROWN,774,1533,215511.0,2025-10-01,-0.09076898770034345,False,-0.19928739096712186,False,-0.03945093557191717,False
2025,November,8,BROWN,765,1504,211211.0,2025-11-01,-0.16955638578838417,False,-0.32802114396692283,False,-0.17539117677840554,False
2025,December,8,BROWN,750,1486,204840.0,2025-12-01,-0.30294899953958415,False,-0.4091785401923498,False,-0.38197905999772663,False
2026,January,8,BROWN,756,1503,212280.0,2026-01-01,-0.23636175052097133,False,-0.3282353732358023,False,-0.10609500364535476,False
2026,February,8,BROWN,762,1510,220706.0,2026-02-01,-0.16581656424546196,False,-0.296915250624675,False,0.1723563484007353,False
2026,March,8,BROWN,773,1536,223402.0,2026-03-01,-0.02173848192307734,False,-0.08433107945881144,False,0.2383481791045148,False
2022,January,9,CARLTON,1409,2481,570414.0,2022-01-01,,False,,False,,False
2022,February,9,CARLTON,1422,2531,601388.0,2022-02-01,,False,,False,,False
2022,March,9,CARLTON,1445,2594,614398.0,2022-03-01,,False,,False,,False
2022,April,9,CARLTON,1443,2559,589462.0,2022-04-01,,False,,False,,False
2022,May,9,CARLTON,1443,2522,599671.0,2022-05-01,0.049406185296441626,False,-0.06110775560387891,False,0.04826636156742844,False
2022,June,9,CARLTON,1458,2527,580927.0,2022-06-01,0.06970437507724384,False,-0.01066403384191041,False,-0.21419431556732807,False
2022,July,9,CARLTON,1450,2508,589432.0,2022-07-01,0.03261837099490448,False,-0.056217705953658034,False,-0.05825210071971292,False
2022,August,9,CARLTON,1455,2481,585980.0,2022-08-01,0.05582100825453582,False,-0.12386376019231181,False,-0.039961340052289115,False
2022,September,9,CARLTON,1464,2497,567384.0,2022-09-01,0.09271785166479894,False,-0.0738453477552227,False,-0.2573110913235109,False
2022,October,9,CARLTON,1502,2573,655517.0,2022-10-01,0.2607751025461132,False,0.13498390452877596,False,0.716755434572145,False
2022,November,9,CARLTON,1511,2623,679243.0,2022-11-01,0.2894025141870047,False,0.25807245575246596,False,0.9563999201193198,False
2022,December,9,CARLTON,1526,2696,600866.0,2022-12-01,0.3443460929958292,False,0.4364795253032601,False,0.129245391680399,False
2023,January,9,CARLTON,1571,2752,706047.0,2023-01-01,0.5286443134781643,False,0.5697652309917101,False,1.1593699087675764,False
2023,February,9,CARLTON,1597,2772,720005.0,2023-02-01,0.6207473256955245,False,0.5761672434906124,False,1.226789501161854,False
2023,March,9,CARLTON,1595,2765,743346.54,2023-03-01,0.5915179041886393,False,0.5036359932695247,False,1.4419829416655865,False
2023,April,9,CARLTON,1454,2513,396560.0,2023-04-01,-0.13256134659623836,False,-0.14069445186804705,False,-2.7961286224018,False
2023,May,9,CARLTON,1482,2601,407802.0,2023-05-01,-0.003993805315615377,False,0.13379103675021078,False,-2.6075766040595103,False
2023,June,9,CARLTON,1440,2522,381792.0,2023-06-01,-0.23896030828530682,False,-0.17147189569426347,False,-2.616341111021366,False
2023,July,9,CARLTON,1412,2467,377251.0,2023-07-01,-0.37131213709494226,False,-0.32013549728268975,False,-2.0286644395095808,False
2023,August,9,CARLTON,1418,2446,378559.0,2023-08-01,-0.3427315858575942,False,-0.3777736913573771,False,-1.650819710884666,False
2023,September,9,CARLTON,1383,2391,366971.0,2023-09-01,-0.5111848647840712,False,-0.5311074281275235,False,-1.3891063381791486,False
2023,October,9,CARLTON,1405,2459,398877.0,2023-10-01,-0.40480990016231416,False,-0.3420348671695712,False,-0.5271928037814475,False
2023,November,9,CARLTON,1399,2467,398077.0,2023-11-01,-0.3241933343354443,False,-0.25264354501829883,False,-0.08817026369383217,False
2023,December,9,CARLTON,1391,2431,385776.0,2023-12-01,-0.265955666395757,False,-0.23572375958552688,False,-0.21848608737674885,False
2024,January,9,CARLTON,1399,2441,391727.0,2024-01-01,-0.14280932848603398,False,-0.13371444765324114,False,-0.09558473923814467,False
2024,February,9,CARLTON,1342,2332,372573.0,2024-02-01,-0.35699823627657834,False,-0.37942724721096033,False,-0.37949476185211606,False
2024,March,9,CARLTON,1348,2343,374814.0,2024-03-01,-0.2958921645521381,False,-0.33674990060145754,False,-0.24606455372959407,False
2024,April,9,CARLTON,1339,2332,380760.0,2024-04-01,-0.3098713775284457,False,-0.339658465230173,False,-0.053266262647010613,False
2024,May,9,CARLTON,1337,2297,378427.0,2024-05-01,-0.30552337430286486,False,-0.4168470748704876,False,-0.050583446927656886,False
2024,June,9,CARLTON,1342,2324,376650.0,2024-06-01,-0.26103812173930896,False,-0.3173227801297714,False,-0.05365109245677874,False
2024,July,9,CARLTON,1326,2269,365006.0,2024-07-01,-0.30311324610451496,False,-0.40903075272617034,False,-0.24473338126588168,False
2024,August,9,CARLTON,1325,2274,368319.0,2024-08-01,-0.20237580263919036,False,-0.26989646360847386,False,-0.18378829938019667,False
2024,September,9,CARLTON,1309,2235,363798.0,2024-09-01,-0.18284083059867387,False,-0.302299953432771,False,-0.25004330424045956,False
2024,October,9,CARLTON,1313,2227,362613.0,2024-10-01,-0.1472433329937114,False,-0.31061177572134974,False,-0.2720496066883715,False
2024,November,9,CARLTON,1316,2233,361138.0,2024-11-01,-0.1243194084730588,False,-0.2808875348210395,False,-0.2671888371931674,False
2024,December,9,CARLTON,1300,2221,357592.0,2024-12-01,-0.19418577311088678,False,-0.2662380870145706,False,-0.2970407292857643,False
2025,January,9,CARLTON,1291,2199,344580.0,2025-01-01,-0.20813014911575523,False,-0.2600349636879129,False,-0.488099999214585,False
2025,February,9,CARLTON,1286,2223,356641.0,2025-02-01,-0.20390064138973216,False,-0.14550695470068792,False,-0.1868489849235047,False
2025,March,9,CARLTON,1309,2235,359284.0,2025-03-01,-0.0589143377328466,False,-0.050895328986044694,False,-0.0953950678145631,False
2025,April,9,CARLTON,1328,2254,359849.0,2025-04-01,0.06887055311386187,False,0.05707226212876818,False,-0.06261339328199635,False
2025,May,9,CARLTON,1324,2246,363055.0,2025-05-01,0.04853896273809525,False,0.0331006687052387,False,0.021962904722705023,False
2025,June,9,CARLTON,1331,2266,362305.0,2025-06-01,0.0840791277647774,False,0.09287066548847633,False,0.008014691822801366,False
2025,July,9,CARLTON,1315,2233,355820.0,2025-07-01,0.002567561759116574,False,-0.00603579458621509,False,-0.11094342458115587,False
2025,August,9,CARLTON,1318,2253,362424.0,2025-08-01,0.020487918967474626,False,0.0570983651834283,False,0.03603485541855386,False
2025,September,9,CARLTON,1341,2291,371450.0,2025-09-01,0.13708984564001525,False,0.16986386010288154,False,0.20195781792634807,False
2025,October,9,CARLTON,1309,2277,371015.0,2025-10-01,-0.03338431422566097,False,0.12853769143637708,False,0.1940542334284083,False
2025,November,9,CARLTON,1307,2290,376030.0,2025-11-01,-0.04368989300662731,False,0.14735214161140173,False,0.28461529089076437,False
2025,December,9,CARLTON,1291,2281,365645.0,2025-12-01,-0.10873331006086952,False,0.09376256221394763,False,0.08483479195725918,False
2026,January,9,CARLTON,1275,2213,359730.0,2026-01-01,-0.19278424191391186,False,-0.12226904319776119,False,-0.04921710191075524,False
2026,February,9,CARLTON,1295,2254,374858.0,2026-02-01,-0.08788321617842779,False,0.0014958971192252158,False,0.2286325520508784,False
2026,March,9,CARLTON,1303,2276,379711.0,2026-03-01,-0.04637539287924351,False,0.0654859512863475,False,0.30842015878162954,False
2022,January,10,CARVER,1358,2736,599530.0,2022-01-01,,False,,False,,False
2022,February,10,CARVER,1369,2759,624577.0,2022-02-01,,False,,False,,False
2022,March,10,CARVER,1398,2813,642848.0,2022-03-01,,False,,False,,False
2022,April,10,CARVER,1413,2843,641124.0,2022-04-01,,False,,False,,False
2022,May,10,CARVER,1415,2865,651699.0,2022-05-01,0.15211173930386215,False,0.18884995126765478,False,0.19853232757522773,False
2022,June,10,CARVER,1436,2887,642409.0,2022-06-01,0.1807654024843497,False,0.1750817344723875,False,0.0135054017159068,False
2022,July,10,CARVER,1454,2925,667938.0,2022-07-01,0.2287618622057845,False,0.22748906881261663,False,0.2696061795833422,False
2022,August,10,CARVER,1457,2907,649596.0,2022-08-01,0.2066874809260201,False,0.15010355194072925,False,0.0750411027397956,False
2022,September,10,CARVER,1492,2977,628898.0,2022-09-01,0.3619248098067508,False,0.28455477915328775,False,-0.1456759676482879,False
2022,October,10,CARVER,1495,3013,751408.0,2022-10-01,0.3706976744737068,False,0.33961594903468756,False,1.0570992087120672,False
2022,November,10,CARVER,1507,3029,758155.0,2022-11-01,0.37493747436849995,False,0.349538339823719,False,1.1150892996521207,False
2022,December,10,CARVER,1537,3090,670843.0,2022-12-01,0.45815590558937386,False,0.4581908320953486,False,0.287517504045139,False
2023,January,10,CARVER,1578,3148,774072.0,2023-01-01,0.5936273246329269,False,0.5603074991748954,False,1.2177097156105,False
2023,February,10,CARVER,1599,3217,818428.0,2023-02-01,0.6338132301395207,False,0.662420497103048,False,1.5474270879704224,False
2023,March,10,CARVER,1606,3223,824485.0,2023-03-01,0.5763097345609829,False,0.5947653734168524,False,1.5032552442378624,False
2023,April,10,CARVER,1537,3054,471183.0,2023-04-01,0.19352532783414192,False,0.13165953600890137,False,-2.3682913191316257,False
2023,May,10,CARVER,1553,3062,469121.0,2023-05-01,0.22961785890402606,False,0.0909190115780216,False,-2.397873630196498,False
2023,June,10,CARVER,1553,3124,473232.0,2023-06-01,0.13624010746516624,False,0.18051762964705428,False,-1.9483272829376923,False
2023,July,10,CARVER,1545,3093,478172.0,2023-07-01,0.034993593406592506,False,0.07674152020842841,False,-1.6818343293924192,False
2023,August,10,CARVER,1562,3130,485319.0,2023-08-01,0.09126079979716849,False,0.11741491521251496,False,-1.1091415036738197,False
2023,September,10,CARVER,1580,3170,489843.0,2023-09-01,0.13359118112508728,False,0.1690788569245164,False,-0.8105000268602951,False
2023,October,10,CARVER,1618,3261,525522.0,2023-10-01,0.27638597144903765,False,0.32302470413948003,False,-0.295708955937319,False
2023,November,10,CARVER,1612,3218,521118.0,2023-11-01,0.23186711455480113,False,0.1934289925171305,False,0.18034752299038295,False
2023,December,10,CARVER,1649,3336,529139.0,2023-12-01,0.33101690878067025,False,0.41045690834150284,False,0.3117562560484999,False
2024,January,10,CARVER,1660,3351,536143.91,2024-01-01,0.33721751527557914,False,0.3978957369615363,False,0.4004626640864019,False
2024,February,10,CARVER,1659,3337,537212.0,2024-02-01,0.2885983732222748,False,0.2965662049250995,False,0.41388646123885736,False
2024,March,10,CARVER,1671,3342,535523.0,2024-03-01,0.32245951119443544,False,0.3056141524677554,False,0.39264674560721374,False
2024,April,10,CARVER,1671,3338,534422.0,2024-04-01,0.3098911736669312,False,0.2975387249841404,False,0.3787652213425717,False
2024,May,10,CARVER,1681,3288,529347.0,2024-05-01,0.2700112846392776,False,0.10035169821217112,False,0.07729682768844313,False
2024,June,10,CARVER,1696,3365,541217.0,2024-06-01,0.25340968337490627,False,0.18388934014344308,False,0.17536091450722746,False
2024,July,10,CARVER,1688,3346,544803.0,2024-07-01,0.13719459966162187,False,0.06904545380880696,False,0.19544678325229034,False
2024,August,10,CARVER,1723,3440,563074.0,2024-08-01,0.2531294339777391,False,0.20599307102704806,False,0.38443784325657776,False
2024,September,10,CARVER,1725,3442,569043.0,2024-09-01,0.23665790299713915,False,0.20789163302041497,False,0.41644355943313227,False
2024,October,10,CARVER,1737,3470,566899.0,2024-10-01,0.261129384658757,False,0.2574752168259978,False,0.3801335526949573,False
2024,November,10,CARVER,1748,3434,565608.08,2024-11-01,0.2835743552367124,False,0.17908252112076395,False,0.35413676002724326,False
2024,December,10,CARVER,1756,3415,563162.0,2024-12-01,0.28023930069048336,False,0.13260314876970297,False,0.2931424021063817,False
2025,January,10,CARVER,1738,3383,545966.0,2025-01-01,0.18083967788290956,False,0.05002970569806924,False,0.03665508397181332,False
2025,February,10,CARVER,1740,3387,544132.0,2025-02-01,0.11942077498228534,False,0.025954814186045453,False,-0.015504147293215186,False
2025,March,10,CARVER,1740,3351,536897.0,2025-03-01,0.0622750898674417,False,-0.06807004523438705,False,-0.10578981650671963,False
2025,April,10,CARVER,1751,3399,543950.0,2025-04-01,0.07748104772956421,False,0.02783204428597786,False,-0.01776057236967365,False
2025,May,10,CARVER,1745,3414,548964.0,2025-05-01,0.029036053459178666,False,0.04161590006925329,False,0.04412829607312575,False
2025,June,10,CARVER,1752,3426,549709.0,2025-06-01,0.050207472265685824,False,0.038505724944889734,False,0.02761575444649416,False
2025,July,10,CARVER,1777,3450,559046.0,2025-07-01,0.14184381768168408,False,0.069744376780763,False,0.11817760384452383,False
2025,August,10,CARVER,1783,3478,564501.0,2025-08-01,0.1548953842533061,False,0.11241983744894811,False,0.12229844569661023,False
2025,September,10,CARVER,1812,3482,568902.0,2025-09-01,0.2481964735337624,False,0.12017048466778606,False,0.1746802407178296,False
2025,October,10,CARVER,1811,3483,586540.0,2025-10-01,0.23290561451509376,False,0.12210675567289837,False,0.3806228084592758,False
2025,November,10,CARVER,1794,3431,582815.44,2025-11-01,0.1616218197031899,False,0.020676272849066427,False,0.3376552071141728,False
2025,December,10,CARVER,1797,3428,581017.0,2025-12-01,0.16327438358006086,False,0.014777715411500417,False,0.3168094801990588,False
2026,January,10,CARVER,1795,3433,568586.0,2026-01-01,0.11569764846924792,False,0.011795684926986086,False,0.17093265602728047,False
2026,February,10,CARVER,1787,3409,563333.0,2026-02-01,0.026467994648624007,False,-0.04042707655901919,False,0.018777845564185946,False
2026,March,10,CARVER,1793,3420,572374.0,2026-03-01,0.03014953068781835,False,-0.01870403040723155,False,0.10040645019018296,False
2022,January,11,CASS,2067,4195,956815.0,2022-01-01,,False,,False,,False
2022,February,11,CASS,2089,4250,997816.0,2022-02-01,,False,,False,,False
2022,March,11,CASS,2116,4272,1002964.0,2022-03-01,,False,,False,,False
2022,April,11,CASS,2105,4273,1002563.0,2022-04-01,,False,,False,,False
2022,May,11,CASS,2117,4269,1006744.0,2022-05-01,0.06404382447432619,False,0.012671320372417083,False,0.04407647116575237,False
2022,June,11,CASS,2129,4270,984743.0,2022-06-01,0.07643141273441241,False,0.0015794403537774926,False,-0.12096677678605952,False
2022,July,11,CASS,2117,4216,981508.0,2022-07-01,0.02075466344573384,False,-0.08503377512826048,False,-0.1271551336131883,False
2022,August,11,CASS,2110,4187,958732.0,2022-08-01,-0.01914381606774853,False,-0.1307891533964844,False,-0.2695117973542638,False
2022,September,11,CASS,2118,4219,947089.0,2022-09-01,0.01594112474888642,False,-0.06440739970823754,False,-0.3074483992961363,False
2022,October,11,CASS,2144,4328,1113035.0,2022-10-01,0.0886263337328143,False,0.12263974221611362,False,0.8260263363063881,False
2022,November,11,CASS,2209,4465,1148876.0,2022-11-01,0.28839189010058347,False,0.3177509814127118,False,0.9953220241662905,False
2022,December,11,CASS,2223,4504,1045349.0,2022-12-01,0.3293929465155221,False,0.36135706046433763,False,0.31389303485259407,False
2023,January,11,CASS,2273,4619,1176940.0,2023-01-01,0.4793546592658802,False,0.5305873009423581,False,1.0976208203374085,False
2023,February,11,CASS,2272,4609,1182726.0,2023-02-01,0.4747959396464052,False,0.5136033046349132,False,1.1133440218324135,False
2023,March,11,CASS,2278,4628,1191585.0,2023-03-01,0.47352342202484665,False,0.5389774720442039,False,1.149642818689539,False
2023,April,11,CASS,2144,4374,716702.0,2023-04-01,0.023666763791286998,False,0.11441649484979499,False,-2.4189647868400184,False
2023,May,11,CASS,2140,4363,708990.0,2023-05-01,-0.01258983100007204,False,0.018666948274579976,False,-2.491936893562231,False
2023,June,11,CASS,2148,4292,708597.0,2023-06-01,0.01256637531624955,False,-0.11913022134926714,False,-2.2325298616972225,False
2023,July,11,CASS,2141,4274,706547.0,2023-07-01,-0.01572335714871017,False,-0.1474705991774694,False,-1.7604797693912946,False
2023,August,11,CASS,2128,4194,692848.0,2023-08-01,-0.05678412548908963,False,-0.2748887920346172,False,-1.511255592300034,False
2023,September,11,CASS,2123,4181,692683.0,2023-09-01,-0.07264352616506634,False,-0.2958235110009659,False,-1.383608863290799,False
2023,October,11,CASS,2111,4156,721336.0,2023-10-01,-0.11085892584321073,False,-0.33626613126488875,False,-0.5520934816076536,False
2023,November,11,CASS,2128,4194,725609.0,2023-11-01,-0.05678412548908963,False,-0.2748887920346172,False,0.06157307306928091,False
2023,December,11,CASS,2165,4291,749544.0,2023-12-01,0.07043389610632317,False,-0.056891402888468376,False,0.28047311339365966,False
2024,January,11,CASS,2199,4347,761415.0,2024-01-01,0.17548869959932545,False,0.08665073690003539,False,0.38646068358993513,False
2024,February,11,CASS,2198,4356,757172.0,2024-02-01,0.17242209349967522,False,0.10059789867595802,False,0.34876897177927624,False
2024,March,11,CASS,2187,4324,754928.0,2024-03-01,0.1385970852977365,False,0.05087641113734397,False,0.32874943459015193,False
2024,April,11,CASS,2197,4327,753762.0,2024-04-01,0.1693540925370667,False,0.05555340196382904,False,0.31832361995619674,False
2024,May,11,CASS,2148,4247,740973.0,2024-05-01,0.011003272403417474,False,-0.07028980057881468,False,0.16124583190926167,False
2024,June,11,CASS,2140,4228,738992.0,2024-06-01,-0.025156206316321587,False,-0.08635559482015259,False,0.05260654803690992,False
2024,July,11,CASS,2145,4198,734614.0,2024-07-01,0.0015806864705785982,False,-0.09962224341203599,False,-0.049106570157189805,False
2024,August,11,CASS,2088,4105,723408.0,2024-08-01,-0.18628778318827674,False,-0.21420502966011573,False,-0.15278930559614512,False
2024,September,11,CASS,2116,4127,728254.0,2024-09-01,-0.0964814160826444,False,-0.17816170852602614,False,-0.10775630702678754,False
2024,October,11,CASS,2134,4133,730627.0,2024-10-01,-0.03937383129223024,False,-0.16836504739930028,False,-0.08581363017598147,False
2024,November,11,CASS,2140,4155,738199.0,2024-11-01,-0.020444913349902154,False,-0.13256520461171006,False,-0.016270303882615314,False
2024,December,11,CASS,2117,4150,724100.0,2024-12-01,-0.09329605592899362,False,-0.14068486371190628,False,-0.14634024430388684,False
2025,January,11,CASS,2151,4214,737140.0,2025-01-01,0.026698837315747924,False,0.0016431586071099778,False,-0.013304037533540834,False
2025,February,11,CASS,2133,4205,742983.0,2025-02-01,-0.02995571882199268,False,-0.0015912756611724532,False,0.04841237138138407,False
2025,March,11,CASS,2159,4192,750295.0,2025-03-01,0.05959350553711836,False,-0.015262392436423387,False,0.11446807986011366,False
2025,April,11,CASS,2131,4129,739513.0,2025-04-01,-0.02841333478512747,False,-0.10693541867382891,False,0.016837026601514635,False
2025,May,11,CASS,2138,4142,735363.0,2025-05-01,0.003160720194581872,False,-0.051023278380287584,False,-0.021121128411376783,False
2025,June,11,CASS,2136,4147,759536.0,2025-06-01,2.9539496963337793e-06,False,-0.008936320906021242,False,0.21001660126874414,False
2025,July,11,CASS,2148,4132,796861.0,2025-07-01,0.04092735249236503,False,-0.026873727058151643,False,0.5335909611854025,False
2025,August,11,CASS,2114,4127,732388.0,2025-08-01,-0.06664059332621688,False,-0.028532689233320255,False,-0.048464152040020164,False
2025,September,11,CASS,2090,4050,719844.0,2025-09-01,-0.14361717771523572,False,-0.15553607463480262,False,-0.1649899796076933,False
2025,October,11,CASS,2072,4060,737496.0,2025-10-01,-0.20193166198203522,False,-0.13890638179286777,False,-0.0015848720260571267,False
2025,November,11,CASS,2032,3972,723881.0,2025-11-01,-0.3317732620942052,False,-0.2866743030674813,False,-0.1288970162725537,False
2025,December,11,CASS,2051,3973,732711.0,2025-12-01,-0.2611286433992209,False,-0.2727590664580168,False,-0.04227689383928918,False
2026,January,11,CASS,2051,3962,712918.0,2026-01-01,-0.2611286433992209,False,-0.28085611425483675,False,-0.22698810733675223,False
2026,February,11,CASS,2040,3919,717261.0,2026-02-01,-0.26722189624131265,False,-0.35035933765380584,False,-0.1778834046878941,False
2026,March,11,CASS,2045,3936,709668.0,2026-03-01,-0.1852308456200941,False,-0.2643508931083408,False,-0.22771459015044007,False
2022,January,12,CHIPPEWA,505,1005,215182.0,2022-01-01,,False,,False,,False
2022,February,12,CHIPPEWA,507,1028,241745.0,2022-02-01,,False,,False,,False
2022,March,12,CHIPPEWA,503,1028,238376.0,2022-03-01,,False,,False,,False
2022,April,12,CHIPPEWA,509,1061,238394.0,2022-04-01,,False,,False,,False
2022,May,12,CHIPPEWA,499,1039,233265.0,2022-05-01,-0.0937619752727276,False,0.07172131375273329,False,-0.14644591981160016,False
2022,June,12,CHIPPEWA,506,1039,233469.0,2022-06-01,0.013316884878576152,False,0.07172131375273329,False,-0.14029508827582088,False
2022,July,12,CHIPPEWA,512,1061,235049.0,2022-07-01,0.086012298893595,False,0.1770551560766817,False,-0.0246547566379159,False
2022,August,12,CHIPPEWA,515,1051,237765.0,2022-08-01,0.1186834139506081,False,0.07738134583928946,False,0.07749154639282711,False
2022,September,12,CHIPPEWA,514,1047,221509.0,2022-09-01,0.09895370340720497,False,0.05168607666886278,False,-0.4389301459559256,False
2022,October,12,CHIPPEWA,532,1072,268401.0,2022-10-01,0.32402964208175833,False,0.21069862709066428,False,0.8949778563642291,False
2022,November,12,CHIPPEWA,553,1133,278824.0,2022-11-01,0.5714269576667927,False,0.5578051312326914,False,1.113206386387144,False
2022,December,12,CHIPPEWA,558,1147,254380.0,2022-12-01,0.6187778514607299,False,0.6147238674300439,False,0.45559875746571005,False
2023,January,12,CHIPPEWA,567,1189,296668.0,2023-01-01,0.7067285089505412,False,0.8442376350746307,False,1.4842157591544693,False
2023,February,12,CHIPPEWA,571,1187,293169.0,2023-02-01,0.7211593365298622,False,0.7881377525046787,False,1.3952803967440526,False
2023,March,12,CHIPPEWA,585,1234,305337.0,2023-03-01,0.8645940416219258,False,1.0179354837700065,False,1.6695773839590378,False
2023,April,12,CHIPPEWA,546,1130,151881.0,2023-04-01,0.28419860275038267,False,0.38983404630435015,False,-3.2597043694109384,False
2023,May,12,CHIPPEWA,540,1105,149439.0,2023-05-01,0.013045946652074014,False,0.026774767921335603,False,-3.3601235688905864,False
2023,June,12,CHIPPEWA,560,1142,153252.0,2023-06-01,0.20765740367269525,False,0.1465711075218874,False,-2.7726656594644177,False
2023,July,12,CHIPPEWA,568,1161,157322.0,2023-07-01,0.22308203595875514,False,0.1734541313810971,False,-2.000810916194611,False
2023,August,12,CHIPPEWA,575,1183,159186.0,2023-08-01,0.23236916712300135,False,0.2643685307611955,False,-1.6153871253809893,False
2023,September,12,CHIPPEWA,557,1143,157314.0,2023-09-01,-0.02412165082892261,False,-0.008822111940585095,False,-1.1690276926375527,False
2023,October,12,CHIPPEWA,546,1121,163402.0,2023-10-01,-0.1584156797546011,False,-0.1427463797655198,False,-0.49336212603512536,False
2023,November,12,CHIPPEWA,547,1110,163147.0,2023-11-01,-0.14609604162649684,False,-0.20920011927362897,False,0.07762272373625392,False
2023,December,12,CHIPPEWA,537,1111,164017.0,2023-12-01,-0.27031686379962766,False,-0.20313174279592644,False,0.11876251906146151,False
2024,January,12,CHIPPEWA,540,1125,166429.0,2024-01-01,-0.2267713186867446,False,-0.10402212633573986,False,0.2172302291705016,False
2024,February,12,CHIPPEWA,536,1121,161662.0,2024-02-01,-0.1977568584008572,False,-0.08948243372219958,False,0.02121460032334214,False
2024,March,12,CHIPPEWA,542,1133,167319.0,2024-03-01,-0.055664628445922036,False,0.03280998597937384,False,0.2840412573027112,False
2024,April,12,CHIPPEWA,539,1116,164167.0,2024-04-01,-0.08687332601539151,False,-0.06907111581938283,False,0.15576583992702517,False
2024,May,12,CHIPPEWA,548,1140,165331.0,2024-05-01,0.04936922033645524,False,0.10126202716646786,False,0.1205313325935751,False
2024,June,12,CHIPPEWA,557,1136,165576.0,2024-06-01,0.12813420986162638,False,0.04169655974758657,False,0.09441442045171924,False
2024,July,12,CHIPPEWA,546,1120,162718.0,2024-07-01,-0.0061598190640521355,False,-0.053894056978061815,False,-0.0409628790674313,False
2024,August,12,CHIPPEWA,538,1116,171128.0,2024-08-01,-0.0993756465550741,False,-0.04212689793147309,False,0.2989370378928702,False
2024,September,12,CHIPPEWA,533,1092,167298.0,2024-09-01,-0.13748483385881222,False,-0.17662860287666102,False,0.13051166839728645,False
2024,October,12,CHIPPEWA,532,1125,170875.0,2024-10-01,-0.11293069338833454,False,0.027010717554477273,False,0.2462951159669666,False
2024,November,12,CHIPPEWA,524,1105,161276.0,2024-11-01,-0.19625215988969213,False,-0.09387065397958648,False,-0.17248701798864358,False
2024,December,12,CHIPPEWA,520,1118,162193.0,2024-12-01,-0.23534865442457314,False,-0.015051779560633019,False,-0.13424444558404106,False
2025,January,12,CHIPPEWA,513,1104,151700.0,2025-01-01,-0.32658676055594177,False,-0.09997196601931918,False,-0.5853613187579333,False
2025,February,12,CHIPPEWA,511,1107,156378.0,2025-02-01,-0.3340947407302589,False,-0.07265510560556487,False,-0.35168690105426004,False
2025,March,12,CHIPPEWA,515,1112,154891.0,2025-03-01,-0.2627105966107084,False,-0.030230431789293424,False,-0.4161316536948501,False
2025,April,12,CHIPPEWA,513,1129,161296.0,2025-04-01,-0.2511525443974763,False,0.07804715473781222,False,-0.0891024898951992,False
2025,May,12,CHIPPEWA,506,1101,157023.0,2025-05-01,-0.2863174243670246,False,-0.09722421052960793,False,-0.2293995293781289,False
2025,June,12,CHIPPEWA,514,1117,163269.0,2025-06-01,-0.10392191142658162,False,0.018134462270319746,False,0.06330185391438364,False
2025,July,12,CHIPPEWA,518,1141,163883.0,2025-07-01,0.006579609554117085,False,0.16139648496896697,False,0.08861980730959766,False
2025,August,12,CHIPPEWA,529,1157,168639.0,2025-08-01,0.16101449659037026,False,0.2552414770690255,False,0.2815767531490477,False
2025,September,12,CHIPPEWA,532,1165,174532.0,2025-09-01,0.1990860934350904,False,0.2986609404801414,False,0.5132511138645138,False
2025,October,12,CHIPPEWA,530,1179,182823.0,2025-10-01,0.17372892071334836,False,0.3610331158297898,False,0.8262872782923599,False
2025,November,12,CHIPPEWA,529,1172,186400.0,2025-11-01,0.16101449659037026,False,0.3209012507317397,False,0.9569805945546386,False
2025,December,12,CHIPPEWA,528,1168,187446.0,2025-12-01,0.14827606032070012,False,0.26185541161734827,False,0.9537222787043276,False
2026,January,12,CHIPPEWA,522,1171,180788.0,2026-01-01,0.0713360625543781,False,0.21052709284067833,False,0.6748273961489684,False
2026,February,12,CHIPPEWA,534,1191,186358.0,2026-02-01,0.17890487427765014,False,0.24211058417596257,False,0.7703623550958025,False
2026,March,12,CHIPPEWA,549,1208,186927.0,2026-03-01,0.30105181263678654,False,0.2674853729379816,False,0.57860947508627,False
2022,January,13,CHISAGO,1253,2297,519246.0,2022-01-01,,False,,False,,False
2022,February,13,CHISAGO,1268,2316,544324.0,2022-02-01,,False,,False,,False
2022,March,13,CHISAGO,1292,2397,561257.0,2022-03-01,,False,,False,,False
2022,April,13,CHISAGO,1301,2434,556917.0,2022-04-01,,False,,False,,False
2022,May,13,CHISAGO,1306,2452,567440.0,2022-05-01,0.13582602362051135,False,0.2688396081066154,False,0.2033922764984777,False
2022,June,13,CHISAGO,1302,2434,544539.0,2022-06-01,0.05196481789090234,False,0.10327741602266072,False,-0.15160473639329589,False
2022,July,13,CHISAGO,1300,2407,553615.0,2022-07-01,0.01821067537193904,False,-0.023569587187088157,False,0.03569183464387909,False
2022,August,13,CHISAGO,1326,2447,569732.0,2022-08-01,0.13346706400389174,False,0.11112277693764316,False,0.19355805716321806,False
2022,September,13,CHISAGO,1363,2504,544247.0,2022-09-01,0.3163687464607482,False,0.22877078922455488,False,-0.13516732735821801,False
2022,October,13,CHISAGO,1405,2574,657434.0,2022-10-01,0.5183346985661389,False,0.3770642347848345,False,1.1592941380780382,False
2022,November,13,CHISAGO,1434,2635,677850.0,2022-11-01,0.6534517435263026,False,0.534985476412999,False,1.345511762812775,False
2022,December,13,CHISAGO,1455,2704,602342.0,2022-12-01,0.7488545302563977,False,0.7092715256274479,False,0.528868965628599,False
2023,January,13,CHISAGO,1465,2739,687015.0,2023-01-01,0.7846845465510666,False,0.7780280594026769,False,1.3898627563779777,False
2023,February,13,CHISAGO,1461,2778,715083.0,2023-02-01,0.7047025339060256,False,0.8485182062017774,False,1.5968199490337547,False
2023,March,13,CHISAGO,1482,2886,732232.0,2023-03-01,0.6569353844194887,False,1.0280570544720307,False,1.7061239044742453,False
2023,April,13,CHISAGO,1410,2724,381809.0,2023-04-01,0.12622253366185698,False,0.47484323660642386,False,-2.887361407055543,False
2023,May,13,CHISAGO,1413,2695,385827.0,2023-05-01,0.02629763765571109,False,0.23076747869818193,False,-2.816750891407768,False
2023,June,13,CHISAGO,1410,2677,379856.0,2023-06-01,-0.0071628345509920826,False,0.03071903964866381,False,-2.236656402345888,False
2023,July,13,CHISAGO,1429,2708,382690.0,2023-07-01,0.08305674354968666,False,0.05503814065348758,False,-1.8813677669895956,False
2023,August,13,CHISAGO,1405,2629,377436.0,2023-08-01,-0.07621656070879129,False,-0.17841676023848577,False,-1.652936516535863,False
2023,September,13,CHISAGO,1398,2626,367314.0,2023-09-01,-0.10988151472988535,False,-0.18611506809337947,False,-1.278792667919875,False
2023,October,13,CHISAGO,1395,2628,400875.0,2023-10-01,-0.12436094783952524,False,-0.18098188671930243,False,-0.4816783892929768,False
2023,November,13,CHISAGO,1377,2566,387143.0,2023-11-01,-0.2118964229845991,False,-0.3419556545465061,False,-0.10606645096169467,False
2023,December,13,CHISAGO,1376,2582,392407.0,2023-12-01,-0.1716831858734514,False,-0.3000448400909041,False,0.10257741547710164,False
2024,January,13,CHISAGO,1387,2608,393358.0,2024-01-01,-0.11085279875200402,False,-0.19865855596324605,False,0.11890413352953746,False
2024,February,13,CHISAGO,1384,2608,399554.0,2024-02-01,-0.11347513809189409,False,-0.11506997367659043,False,0.22432003150888571,False
2024,March,13,CHISAGO,1382,2591,389656.0,2024-03-01,-0.09441780405042673,False,-0.09688462339370288,False,0.055124655071706864,False
2024,April,13,CHISAGO,1376,2535,385632.0,2024-04-01,-0.09967174363907952,False,-0.2403580186832597,False,-0.014893334925325047,False
2024,May,13,CHISAGO,1380,2523,383652.0,2024-05-01,-0.05348487400645083,False,-0.24659594374395555,False,-0.04961417864408451,False
2024,June,13,CHISAGO,1365,2485,378193.0,2024-06-01,-0.10046839186660374,False,-0.32572962813066014,False,-0.14457325365279927,False
2024,July,13,CHISAGO,1360,2486,372066.0,2024-07-01,-0.11303184995606358,False,-0.3009701794945299,False,-0.2547416717078595,False
2024,August,13,CHISAGO,1368,2497,379755.0,2024-08-01,-0.06374643684165071,False,-0.2374255823667467,False,-0.11677272613774774,False
2024,September,13,CHISAGO,1380,2512,383038.0,2024-09-01,0.007334181940858969,False,-0.16435844647211492,False,-0.05871263992956736,False
2024,October,13,CHISAGO,1367,2530,386705.0,2024-10-01,-0.05646040056388598,False,-0.054287049327434306,False,0.005553063943026747,False
2024,November,13,CHISAGO,1350,2496,380516.0,2024-11-01,-0.13102255035282717,False,-0.09787836621773058,False,-0.09945214375962148,False
2024,December,13,CHISAGO,1361,2548,379199.0,2024-12-01,-0.0738780660694835,False,0.05713967578139601,False,-0.09610646113681298,False
2025,January,13,CHISAGO,1334,2488,369078.0,2025-01-01,-0.18928217746998843,False,-0.10352691226609254,False,-0.2558172216288105,False
2025,February,13,CHISAGO,1347,2508,364716.0,2025-02-01,-0.10180343342541734,False,-0.02547474692132017,False,-0.30832826715647393,False
2025,March,13,CHISAGO,1354,2505,366567.0,2025-03-01,-0.05946955775978048,False,-0.013442154335706115,False,-0.24515279056759282,False
2025,April,13,CHISAGO,1377,2541,380548.0,2025-04-01,0.0688845815954089,False,0.09217117260353612,False,0.019011397200363357,False
2025,May,13,CHISAGO,1362,2515,375938.0,2025-05-01,-0.00493957747543555,False,0.02282694775196736,False,-0.06319700509748241,False
2025,June,13,CHISAGO,1337,2490,373223.0,2025-06-01,-0.12238949888247351,False,-0.04452931400275453,False,-0.09818531477906618,False
2025,July,13,CHISAGO,1322,2426,366200.0,2025-07-01,-0.19348086841433576,False,-0.2200902618202386,False,-0.2061472346634841,False
2025,August,13,CHISAGO,1315,2422,372343.0,2025-08-01,-0.21436283236234413,False,-0.23121603753869596,False,-0.0939387962380598,False
2025,September,13,CHISAGO,1341,2484,387197.0,2025-09-01,-0.055054161120743045,False,-0.0607953990563944,False,0.22348447416846806,False
2025,October,13,CHISAGO,1341,2481,395091.0,2025-10-01,-0.03758649351011547,False,-0.05277454671203323,False,0.35961516062297144,False
2025,November,13,CHISAGO,1329,2454,389248.0,2025-11-01,-0.07562887426501916,False,-0.1063036453481936,False,0.25911865699430464,False
2025,December,13,CHISAGO,1301,2386,379996.0,2025-12-01,-0.2041002921771984,False,-0.284944430300999,False,0.09686172133425433,False
2026,January,13,CHISAGO,1297,2405,369856.0,2026-01-01,-0.21478698305036584,False,-0.22333520530354922,False,-0.08556971026231437,False
2026,February,13,CHISAGO,1312,2412,384148.0,2026-02-01,-0.13728708792392227,False,-0.1942417445949981,False,0.17016058203734052,False
2026,March,13,CHISAGO,1310,2388,374174.0,2026-03-01,-0.11727698228498976,False,-0.22070217149938623,False,-0.06793243379115936,False
2022,January,14,CLAY,3410,7187,1613173.0,2022-01-01,,False,,False,,False
2022,February,14,CLAY,3437,7253,1647900.38,2022-02-01,,False,,False,,False
2022,March,14,CLAY,3504,7395,1718022.65,2022-03-01,,False,,False,,False
2022,April,14,CLAY,3554,7492,1703568.0,2022-04-01,,False,,False,,False
2022,May,14,CLAY,3542,7428,1704276.0,2022-05-01,0.13782471401736496,False,0.09540858467902935,False,0.11484677153606852,False
2022,June,14,CLAY,3557,7434,1694258.0,2022-06-01,0.10122942376657608,False,0.03547375178193344,False,-0.036962499071777656,False
2022,July,14,CLAY,3580,7500,1712311.0,2022-07-01,0.10832414577247276,False,0.0800702871558254,False,0.05300918758585403,False
2022,August,14,CLAY,3620,7558,1700059.0,2022-08-01,0.14688185105164267,False,0.1170098732167993,False,-0.013907634107861559,False
2022,September,14,CLAY,3640,7596,1654265.0,2022-09-01,0.17263102158906726,False,0.14811016667887844,False,-0.19113372215991423,False
2022,October,14,CLAY,3715,7802,1962450.0,2022-10-01,0.298754650662136,False,0.32584889427580854,False,0.9681142858685069,False
2022,November,14,CLAY,3717,7853,1976131.0,2022-11-01,0.2995391302710805,False,0.3435838282310019,False,1.0080193092349428,False
2022,December,14,CLAY,3727,7878,1756923.0,2022-12-01,0.31481145962509227,False,0.3388130922448927,False,0.20800966595281883,False
2023,January,14,CLAY,3726,7906,1999455.0,2023-01-01,0.2912712260764441,False,0.3591418748771742,False,1.0788082878333307,False
2023,February,14,CLAY,3735,7940,2006950.0,2023-02-01,0.24834657960287582,False,0.35850744935273304,False,1.0867808132407875,False
2023,March,14,CLAY,3779,8026,2032193.0,2023-03-01,0.2712819415426755,False,0.3882738322549963,False,1.143995510712389,False
2023,April,14,CLAY,3525,7473,1170447.0,2023-04-01,-0.2852393798476775,False,-0.20033002604697314,False,-2.65292955190992,False
2023,May,14,CLAY,3576,7635,1188933.0,2023-05-01,-0.18837864169607213,False,-0.05569311401956435,False,-2.54723185515797,False
2023,June,14,CLAY,3623,7689,1200454.0,2023-06-01,-0.10032989798458619,False,-0.02543072059028373,False,-1.9550426742170952,False
2023,July,14,CLAY,3644,7724,1221294.0,2023-07-01,-0.0613574412317458,False,-0.018567005627677796,False,-1.735900350339412,False
2023,August,14,CLAY,3614,7643,1218335.0,2023-08-01,-0.12080455258082848,False,-0.10497933231012464,False,-1.5973797139122783,False
2023,September,14,CLAY,3556,7503,1183353.0,2023-09-01,-0.2299006286173737,False,-0.22965940728695095,False,-1.453705477560519,False
2023,October,14,CLAY,3600,7627,1269205.0,2023-10-01,-0.14697698009803814,False,-0.11911239143593166,False,-0.44175989786638553,False
2023,November,14,CLAY,3603,7643,1268641.0,2023-11-01,-0.056813385068080494,False,-0.05578301683155209,False,0.1267749553711011,False
2023,December,14,CLAY,3588,7561,1272528.0,2023-12-01,-0.05707288313061753,False,-0.09298117048618396,False,0.1489083860074191,False
2024,January,14,CLAY,3601,7668,1276995.0,2024-01-01,-0.014021849486733469,False,0.02202379021967728,False,0.17254411880566742,False
2024,February,14,CLAY,3580,7656,1253229.95,2024-02-01,-0.04131111656585335,False,0.011461345153719271,False,0.045836136222425446,False
2024,March,14,CLAY,3576,7631,1242885.5,2024-03-01,-0.04604106939808552,False,-0.010597017105115751,False,0.031149240566864574,False
2024,April,14,CLAY,3596,7582,1260201.11,2024-04-01,0.003760784675847697,False,-0.05051038038125873,False,0.15242336673418952,False
2024,May,14,CLAY,3593,7623,1275492.0,2024-05-01,-0.00937613228737783,False,-0.014139541940974549,False,0.14671746763842652,False
2024,June,14,CLAY,3567,7557,1272663.0,2024-06-01,-0.05834870151348828,False,-0.07101726413260942,False,0.08508005793797209,False
2024,July,14,CLAY,3577,7576,1282806.0,2024-07-01,-0.0329087973363069,False,-0.04701580661172947,False,0.09740502179223172,False
2024,August,14,CLAY,3612,7667,1285986.0,2024-08-01,0.040259231579561905,False,0.03704622544323745,False,0.09009461301982544,False
2024,September,14,CLAY,3624,7632,1283529.0,2024-09-01,0.06262454635152165,False,0.00618871132739228,False,0.06687809892915032,False
2024,October,14,CLAY,3679,7724,1304584.0,2024-10-01,0.15668483671482217,False,0.08346270987246086,False,0.16744922782577432,False
2024,November,14,CLAY,3676,7679,1292633.0,2024-11-01,0.15118395289762895,False,0.041846679310948535,False,0.0975289306029184,False
2024,December,14,CLAY,3717,7704,1297312.0,2024-12-01,0.22597714657851364,False,0.06376740058725157,False,0.11043989648527826,False
2025,January,14,CLAY,3667,7638,1269698.0,2025-01-01,0.12715571921569435,False,-0.005287425157875889,False,-0.05396459107836139,False
2025,February,14,CLAY,3664,7631,1275521.0,2025-02-01,0.11135338643457889,False,-0.003533668684393198,False,-0.019130179110844796,False
2025,March,14,CLAY,3663,7601,1288466.0,2025-03-01,0.08336197150386639,False,-0.0270074718056149,False,0.04890167827002712,False
2025,April,14,CLAY,3605,7493,1265152.0,2025-04-01,-0.0715357350385264,False,-0.12351945227468605,False,-0.0953696234020066,False
2025,May,14,CLAY,3634,7530,1267463.0,2025-05-01,-0.01750837809012794,False,-0.09029941840132256,False,-0.08306006429665297,False
2025,June,14,CLAY,3588,7430,1247623.0,2025-06-01,-0.11269995711552787,False,-0.18046250404279937,False,-0.18947667941878618,False
2025,July,14,CLAY,3618,7510,1260719.0,2025-07-01,-0.05655368396869767,False,-0.10823587359278412,False,-0.11904509378355266,False
2025,August,14,CLAY,3639,7556,1269688.0,2025-08-01,-0.01752753845148664,False,-0.06705310695017407,False,-0.052022917102465475,False
2025,September,14,CLAY,3642,7533,1263012.0,2025-09-01,-0.01660650164490264,False,-0.07388839311960553,False,-0.05104311988453618,False
2025,October,14,CLAY,3697,7657,1332353.0,2025-10-01,0.08168633793126646,False,0.0695276269541315,False,0.3249159312921565,False
2025,November,14,CLAY,3629,7520,1299569.0,2025-11-01,-0.04349738629045389,False,-0.05223139449296308,False,0.15687193173803782,False
2025,December,14,CLAY,3615,7515,1303320.0,2025-12-01,-0.047398176039802106,False,-0.026414203114707442,False,0.17631224830465075,False
2026,January,14,CLAY,3613,7472,1278814.0,2026-01-01,-0.043715721971710725,False,-0.05349086667681161,False,0.04828031428716903,False
2026,February,14,CLAY,3598,7420,1284889.0,2026-02-01,-0.06249141685336702,False,-0.09476490607029363,False,0.0648151600421833,False
2026,March,14,CLAY,3613,7407,1271009.0,2026-03-01,-0.0195605287279416,False,-0.09986712665181088,False,-0.01713950527781302,False
2022,January,15,CLEARWATER,381,748,168785.0,2022-01-01,,False,,False,,False
2022,February,15,CLEARWATER,384,752,168032.0,2022-02-01,,False,,False,,False
2022,March,15,CLEARWATER,384,743,168725.0,2022-03-01,,False,,False,,False
2022,April,15,CLEARWATER,377,743,167783.0,2022-04-01,,False,,False,,False
2022,May,15,CLEARWATER,380,738,163722.0,2022-05-01,-0.044062362181626215,False,-0.06807113509080441,False,-0.18914509514026154,False
2022,June,15,CLEARWATER,383,753,166362.0,2022-06-01,0.03522201215286761,False,0.09005474226446239,False,-0.06737068414172549,False
2022,July,15,CLEARWATER,378,727,171307.0,2022-07-01,-0.07079130784681871,False,-0.16922504179977654,False,0.1351980794314113,False
2022,August,15,CLEARWATER,381,742,170048.0,2022-08-01,0.0,False,-0.009071958327917042,False,0.08044250314962309,False
2022,September,15,CLEARWATER,387,765,166779.0,2022-09-01,0.1051190107076302,False,0.19655695495108394,False,-0.06436527132174419,False
2022,October,15,CLEARWATER,393,785,192585.0,2022-10-01,0.20862487816321376,False,0.37040678498579566,False,0.9198994129507939,False
2022,November,15,CLEARWATER,407,788,198329.0,2022-11-01,0.426524080228285,False,0.37351322221899586,False,1.104251381666101,False
2022,December,15,CLEARWATER,409,805,174681.0,2022-12-01,0.44189602496117875,False,0.4947103993835618,False,0.23399133894114668,False
2023,January,15,CLEARWATER,406,797,190923.0,2023-01-01,0.38358978232264074,False,0.40946528713199987,False,0.8324785181624611,False
2023,February,15,CLEARWATER,398,782,194787.0,2023-02-01,0.24091846715102347,False,0.2590342925959887,False,0.9424817068720235,False
2023,March,15,CLEARWATER,407,794,194002.0,2023-03-01,0.36519343859102815,False,0.30389493478649665,False,0.8640260990265841,False
2023,April,15,CLEARWATER,368,712,100290.0,2023-04-01,-0.39041058543342017,False,-0.5576497039846997,False,-3.67696378165744,True
2023,May,15,CLEARWATER,373,717,101161.0,2023-05-01,-0.29962859592575536,False,-0.5105146414488549,False,-3.6186382009243765,True
2023,June,15,CLEARWATER,378,712,103836.0,2023-06-01,-0.21005224620580987,False,-0.5576497039846997,False,-3.342524675588083,False
2023,July,15,CLEARWATER,370,688,99274.0,2023-07-01,-0.35395103719962634,False,-0.7885995116919978,False,-3.374663394933019,False
2023,August,15,CLEARWATER,361,676,89408.0,2023-08-01,-0.5195937407219466,False,-0.9071091488858309,False,-3.6777730434825866,True
2023,September,15,CLEARWATER,354,643,87464.0,2023-09-01,-0.6512994594750946,False,-1.2441739771052585,False,-3.1960089630629094,False
2023,October,15,CLEARWATER,360,671,97166.0,2023-10-01,-0.4591024642924856,False,-0.7388661320154741,False,-0.6232402110495856,False
2023,November,15,CLEARWATER,348,665,97847.0,2023-11-01,-0.5114334131656225,False,-0.48352088416742256,False,-0.2119260349339844,False
2023,December,15,CLEARWATER,346,653,92707.0,2023-12-01,-0.47824849218251847,False,-0.5825930951156199,False,-0.5594627263187221,False
2024,January,15,CLEARWATER,358,673,100542.0,2024-01-01,-0.20354362781681584,False,-0.26394017873726955,False,0.05126623662604227,False
2024,February,15,CLEARWATER,352,666,95969.0,2024-02-01,-0.23440474239400366,False,-0.15962869468933472,False,-0.26271252900747305,False
2024,March,15,CLEARWATER,362,654,99094.0,2024-03-01,0.02793609825636546,False,-0.20785025258862708,False,0.03658805268019529,False
2024,April,15,CLEARWATER,348,637,92773.0,2024-04-01,-0.23735090360468072,False,-0.3602230813054701,False,-0.40187176725636686,False
2024,May,15,CLEARWATER,350,634,95832.0,2024-05-01,-0.17074259237709388,False,-0.3568050657335532,False,-0.11679714585843419,False
2024,June,15,CLEARWATER,346,627,97325.0,2024-06-01,-0.19152635944099697,False,-0.4013254209199009,False,0.05283205494479349,False
2024,July,15,CLEARWATER,341,626,96814.0,2024-07-01,-0.23258234552611365,False,-0.3508473295082945,False,0.017324841531966832,False
2024,August,15,CLEARWATER,353,645,99511.0,2024-08-01,0.0382426184411334,False,-0.08816922195564011,False,0.2148919775371133,False
2024,September,15,CLEARWATER,351,648,99757.0,2024-09-01,2.721876298899861e-05,False,-0.010257195127138208,False,0.18974163054244952,False
2024,October,15,CLEARWATER,350,635,97132.0,2024-10-01,-0.009594601065953218,False,-0.16236207014482285,False,-0.007874683586824752,False
2024,November,15,CLEARWATER,347,631,97312.0,2024-11-01,-0.057897351198431764,False,-0.1634092000708143,False,0.005793394018394559,False
2024,December,15,CLEARWATER,356,651,102602.0,2024-12-01,0.11432477082640101,False,0.10438338310814717,False,0.36328766652282074,False
2025,January,15,CLEARWATER,350,644,95693.0,2025-01-01,-0.009594601065953218,False,0.03157619970035703,False,-0.11361127864990263,False
2025,February,15,CLEARWATER,333,609,89543.0,2025-02-01,-0.3348570796494151,False,-0.33951188788022435,False,-0.5549567187858295,False
2025,March,15,CLEARWATER,340,606,93035.0,2025-03-01,-0.19495576799994047,False,-0.32537631974855263,False,-0.29691736528249757,False
2025,April,15,CLEARWATER,334,599,91928.0,2025-04-01,-0.29542115910624445,False,-0.38771693919726136,False,-0.3603517409605529,False
2025,May,15,CLEARWATER,331,592,89320.0,2025-05-01,-0.3464190363363336,False,-0.44559356928621985,False,-0.5544722835842912,False
2025,June,15,CLEARWATER,331,585,92421.0,2025-06-01,-0.30776531806848845,False,-0.48830421247732686,False,-0.3242760708848537,False
2025,July,15,CLEARWATER,320,563,87095.0,2025-07-01,-0.4860816982710964,False,-0.7410307636903938,False,-0.6742828931752657,False
2025,August,15,CLEARWATER,321,567,89950.0,2025-08-01,-0.4552263429810376,False,-0.600660845533019,False,-0.322451336277806,False
2025,September,15,CLEARWATER,324,575,86917.0,2025-09-01,-0.2642780184046156,False,-0.37020750950128534,False,-0.43647323189967785,False
2025,October,15,CLEARWATER,319,575,90450.0,2025-10-01,-0.29890310076497023,False,-0.3144624386708204,False,-0.12736263212306406,False
2025,November,15,CLEARWATER,314,558,87236.0,2025-11-01,-0.3747882326058848,False,-0.43783517640514,False,-0.2986945746355743,False
2025,December,15,CLEARWATER,314,559,87856.0,2025-12-01,-0.3545329164628176,False,-0.34615549471488577,False,-0.17757008331428648,False
2026,January,15,CLEARWATER,315,562,86931.0,2026-01-01,-0.26128687943417495,False,-0.21202298424315763,False,-0.21497257452605506,False
2026,February,15,CLEARWATER,310,567,88013.0,2026-02-01,-0.26572232210662394,False,-0.09433720211962032,False,-0.10783555843355194,False
2026,March,15,CLEARWATER,327,594,93590.0,2026-03-01,0.13501651344655624,False,0.26606911007129713,False,0.36468843972454673,False
2022,January,16,COOK,140,235,52404.0,2022-01-01,,False,,False,,False
2022,February,16,COOK,142,246,56361.0,2022-02-01,,False,,False,,False
2022,March,16,COOK,147,252,59877.0,2022-03-01,,False,,False,,False
2022,April,16,COOK,146,256,62218.0,2022-04-01,,False,,False,,False
2022,May,16,COOK,145,256,59997.0,2022-05-01,0.04699924895990519,False,0.18674997660684617,False,0.21758737738912717,False
2022,June,16,COOK,145,255,58875.0,2022-06-01,0.0,False,0.07950976154752293,False,-0.11382606721776292,False
2022,July,16,COOK,152,260,58795.0,2022-07-01,0.3158771163692473,False,0.17022316515068586,False,-0.06608429071567641,False
2022,August,16,COOK,157,271,60147.0,2022-08-01,0.532776834344163,False,0.4089130741518572,False,0.14417204345405102,False
2022,September,16,COOK,156,270,60085.0,2022-09-01,0.4669307264516838,False,0.3709214190171299,False,0.0803027406190459,False
2022,October,16,COOK,161,276,67978.0,2022-10-01,0.6553694833198531,False,0.5054798866153389,False,0.8558708584878381,False
2022,November,16,COOK,160,282,72336.0,2022-11-01,0.5907401496394397,False,0.6500211319853788,False,1.268232410531533,False
2022,December,16,COOK,163,288,59961.0,2022-12-01,0.6924022691352668,False,0.7915298187000965,False,-0.004048349571345442,False
2023,January,16,COOK,171,290,72105.0,2023-01-01,0.9015999629412738,False,0.7859612670668048,False,1.2419307488112747,False
2023,February,16,COOK,173,297,75650.0,2023-02-01,0.780487124768843,False,0.7674047693663746,False,1.5586791850853094,False
2023,March,16,COOK,171,295,76212.0,2023-03-01,0.594059518686128,False,0.5827613274157382,False,1.600180571364717,False
2023,April,16,COOK,165,283,36820.0,2023-04-01,0.26971966267133624,False,0.22976472819728452,False,-3.4242069737890084,False
2023,May,16,COOK,158,266,32685.0,2023-05-01,-0.10519601750585407,False,-0.3202765010089315,False,-4.110036603614136,True
2023,June,16,COOK,157,263,34290.0,2023-06-01,-0.147751363714424,False,-0.3964920011967141,False,-2.4851156317228047,False
2023,July,16,COOK,153,246,32236.0,2023-07-01,-0.3207095582013846,False,-0.8454443713629074,False,-2.291344456198246,False
2023,August,16,COOK,141,221,26762.0,2023-08-01,-0.8679013579608111,False,-1.5652097611900913,False,-2.6313744453682673,False
2023,September,16,COOK,140,226,28108.0,2023-09-01,-0.9155694008805695,False,-1.4149808340065524,False,-2.1766891906444217,False
2023,October,16,COOK,131,214,28606.0,2023-10-01,-1.360455893636246,False,-1.781315202197532,False,-0.8315611908910806,False
2023,November,16,COOK,131,227,30379.0,2023-11-01,-1.2974166750527631,False,-1.261329495458959,False,-0.40818763438530153,False
2023,December,16,COOK,141,243,34807.0,2023-12-01,-0.7414276673506692,False,-0.5681072249589725,False,0.15814983822906123,False
2024,January,16,COOK,139,245,37015.0,2024-01-01,-0.7293462600236598,False,-0.21800324706283972,False,0.5325887689108332,False
2024,February,16,COOK,142,247,37967.0,2024-02-01,-0.2262623722971423,False,0.040934122673060375,False,0.8487153188804719,False
2024,March,16,COOK,148,271,43676.0,2024-03-01,0.30089756629033676,False,0.6639921669567584,False,1.793541078584903,False
2024,April,16,COOK,143,267,40917.0,2024-04-01,0.0706704383283393,False,0.5640644133359809,False,1.353419146355304,False
2024,May,16,COOK,149,273,37106.0,2024-05-01,0.346014791367458,False,0.7134063073777889,False,0.6134405144644073,False
2024,June,16,COOK,148,268,41360.0,2024-06-01,0.30089756629033676,False,0.5891854852046581,False,1.0889167469049543,False
2024,July,16,COOK,155,278,41432.0,2024-07-01,0.6105585015863422,False,0.8353806981753632,False,0.7097369591304844,False
2024,August,16,COOK,157,281,40747.0,2024-08-01,0.6964832304551062,False,0.893894142104282,False,0.5781612801262145,False
2024,September,16,COOK,145,253,33390.0,2024-09-01,0.11653779505112705,False,-0.10032240717423764,False,-0.7890858324750006,False
2024,October,16,COOK,147,250,33649.0,2024-10-01,0.1382881020075299,False,-0.2610833328489957,False,-0.7369695546371576,False
2024,November,16,COOK,145,253,34219.0,2024-11-01,-0.045885061558112485,False,-0.18094377625284597,False,-0.6236723571791788,False
2024,December,16,COOK,142,243,34944.0,2024-12-01,-0.18592469387776867,False,-0.4518637276902267,False,-0.4822625656824491,False
2025,January,16,COOK,134,235,34149.0,2025-01-01,-0.5742333444136333,False,-0.6767178823951323,False,-0.6374839752858676,False
2025,February,16,COOK,134,236,36144.0,2025-02-01,-0.5742333444136333,False,-0.6481977553364132,False,-0.25452958254867486,False
2025,March,16,COOK,137,234,34657.0,2025-03-01,-0.4259856185954929,False,-0.7053591143905232,False,-0.37194324163763315,False
2025,April,16,COOK,134,236,35596.0,2025-04-01,-0.5283482828555208,False,-0.4672539790835673,False,0.010821360671343488,False
2025,May,16,COOK,135,252,33922.0,2025-05-01,-0.47856945913305554,False,0.013462248725170274,False,-0.26255000439685905,False
2025,June,16,COOK,132,241,35256.0,2025-06-01,-0.5590019774071717,False,-0.2730611250286501,False,0.08776663493923334,False
2025,July,16,COOK,130,240,34581.0,2025-07-01,-0.4711506237524486,False,-0.17883456062880054,False,-0.04261944662613958,False
2025,August,16,COOK,128,235,34871.0,2025-08-01,-0.4056569879180334,False,-0.1970967963670104,False,0.048923289866000266,False
2025,September,16,COOK,125,235,35320.0,2025-09-01,-0.49024633004072155,False,-0.15537461476291642,False,0.13521526504633405,False
2025,October,16,COOK,122,223,34254.0,2025-10-01,-0.6278949035802547,False,-0.43695786441322243,False,-0.09964966966180387,False
2025,November,16,COOK,121,217,33941.0,2025-11-01,-0.6829564338413909,False,-0.5636464534440576,False,-0.16156441148655476,False
2025,December,16,COOK,117,211,32248.0,2025-12-01,-0.8574738331905541,False,-0.7376311657643823,False,-0.5066800971485249,False
2026,January,16,COOK,122,215,33848.0,2026-01-01,-0.47612193043679363,False,-0.5972926650680477,False,-0.15190745359723234,False
2026,February,16,COOK,122,213,34710.0,2026-02-01,-0.37313682921866487,False,-0.6600373035753566,False,0.017710294223120426,False
2026,March,16,COOK,129,222,35947.0,2026-03-01,0.1314418034193038,False,-0.3678513104015428,False,0.2538986789969362,False
2022,January,17,COTTONWOOD,531,1092,236352.0,2022-01-01,,False,,False,,False
2022,February,17,COTTONWOOD,540,1108,243543.0,2022-02-01,,False,,False,,False
2022,March,17,COTTONWOOD,537,1097,250652.0,2022-03-01,,False,,False,,False
2022,April,17,COTTONWOOD,542,1110,236752.0,2022-04-01,,False,,False,,False
2022,May,17,COTTONWOOD,535,1111,245109.0,2022-05-01,-0.04387459563281672,False,0.05183984482859085,False,0.13860688613946465,False
2022,June,17,COTTONWOOD,531,1083,241075.0,2022-06-01,-0.07564565268184396,False,-0.15379143209098112,False,-0.0687004412243605,False
2022,July,17,COTTONWOOD,536,1099,236009.0,2022-07-01,1.169510539640317e-05,False,-0.021343513253734996,False,-0.17760093170548866,False
2022,August,17,COTTONWOOD,538,1106,252346.0,2022-08-01,0.0250743783188947,False,0.04278673160507369,False,0.3081985294967348,False
2022,September,17,COTTONWOOD,539,1101,235233.0,2022-09-01,0.03130227844410618,False,-0.009140864703983852,False,-0.19981500649910827,False
2022,October,17,COTTONWOOD,543,1128,265536.0,2022-10-01,0.07480668175209437,False,0.16326659957623202,False,0.6518499810552217,False
2022,November,17,COTTONWOOD,539,1110,280011.0,2022-11-01,0.018765089284655832,False,0.039595365252809975,False,0.9755126829779904,False
2022,December,17,COTTONWOOD,541,1117,242779.0,2022-12-01,0.03743765392922651,False,0.06669267818821822,False,-0.021192391242291487,False
2023,January,17,COTTONWOOD,538,1135,280804.0,2023-01-01,-0.0062511602698442905,False,0.16833590425200703,False,0.9708336452460001,False
2023,February,17,COTTONWOOD,538,1137,276039.0,2023-02-01,-0.0062511602698442905,False,0.16803633816016592,False,0.8231829076238942,False
2023,March,17,COTTONWOOD,541,1133,274463.0,2023-03-01,0.03743765392922651,False,0.13820973540121018,False,0.6875300170419146,False
2023,April,17,COTTONWOOD,516,1071,138625.0,2023-04-01,-0.28733349749167864,False,-0.2440630400587703,False,-3.942293638857764,True
2023,May,17,COTTONWOOD,512,1055,131801.0,2023-05-01,-0.33347095010434913,False,-0.34549352288259627,False,-4.282773569053841,True
2023,June,17,COTTONWOOD,518,1060,135526.0,2023-06-01,-0.2550398338272713,False,-0.2984340261682174,False,-4.062577722551686,True
2023,July,17,COTTONWOOD,530,1090,138973.0,2023-07-01,-0.10086169250431128,False,-0.11036422167547065,False,-3.665797847531335,True
2023,August,17,COTTONWOOD,541,1130,150799.0,2023-08-01,0.03743765392922651,False,0.13250630028370347,False,-2.8761375266497344,False
2023,September,17,COTTONWOOD,554,1141,154470.0,2023-09-01,0.19105724116866715,False,0.1644442367929815,False,-1.840938803562801,False
2023,October,17,COTTONWOOD,564,1186,169412.0,2023-10-01,0.3115068705317138,False,0.3709229668934901,False,-0.2641385252886241,False
2023,November,17,COTTONWOOD,560,1170,169139.0,2023-11-01,0.2635848216995512,False,0.2734173346109971,False,0.1573898108124622,False
2023,December,17,COTTONWOOD,567,1190,175056.0,2023-12-01,0.3347586165283659,False,0.33972264383962436,False,0.3262030279880051,False
2024,January,17,COTTONWOOD,567,1198,171430.96,2024-01-01,0.3347586165283659,False,0.3700011113248215,False,0.2604420974168841,False
2024,February,17,COTTONWOOD,550,1133,154601.0,2024-02-01,0.11108210802599547,False,-0.011875012269205197,False,-0.26014264500406437,False
2024,March,17,COTTONWOOD,554,1146,161933.0,2024-03-01,0.10432969349628718,False,0.07688377851709094,False,0.3005121607725762,False
2024,April,17,COTTONWOOD,548,1114,159460.0,2024-04-01,-0.048921619496272335,False,-0.13767727639706318,False,0.21158494138722853,False
2024,May,17,COTTONWOOD,554,1134,158003.0,2024-05-01,0.024394319741644722,False,-0.01776300698350203,False,0.04245049193843848,False
2024,June,17,COTTONWOOD,538,1073,156977.0,2024-06-01,-0.19730840143851144,False,-0.3933473893042179,False,-0.07489779898491007,False
2024,July,17,COTTONWOOD,559,1136,173058.0,2024-07-01,0.060493679033717856,False,-0.008860679295976233,False,0.5829212000489709,False
2024,August,17,COTTONWOOD,570,1168,177787.0,2024-08-01,0.1917002919100907,False,0.17241244895210076,False,0.681904106039229,False
2024,September,17,COTTONWOOD,584,1192,182481.0,2024-09-01,0.32483514284231507,False,0.2799557335283303,False,0.6589441983158987,False
2024,October,17,COTTONWOOD,579,1201,173548.0,2024-10-01,0.2306740013784323,False,0.2518419487334534,False,0.16813148675705245,False
2024,November,17,COTTONWOOD,579,1231,176661.0,2024-11-01,0.2306740013784323,False,0.418119884327067,False,0.2480924900235114,False
2024,December,17,COTTONWOOD,572,1196,169822.0,2024-12-01,0.10695287147713065,False,0.22372602640517353,False,-0.09546061459594704,False
2025,January,17,COTTONWOOD,549,1170,160437.0,2025-01-01,-0.16937250112593824,False,0.07560351988324918,False,-0.41524925136632757,False
2025,February,17,COTTONWOOD,549,1145,158247.0,2025-02-01,-0.09128798009870737,False,-0.06995672546560097,False,-0.3157291249825965,False
2025,March,17,COTTONWOOD,543,1147,155580.0,2025-03-01,-0.16527409669322846,False,-0.05819560653104947,False,-0.4303733935129689,False
2025,April,17,COTTONWOOD,550,1160,163802.0,2025-04-01,-0.07903547900014837,False,0.01481682596157399,False,-0.05171836921143038,False
2025,May,17,COTTONWOOD,549,1152,163610.0,2025-05-01,-0.09128798009870737,False,-0.06979693162588436,False,-0.129631771560944,False
2025,June,17,COTTONWOOD,543,1139,157476.0,2025-06-01,-0.14087977695158374,False,-0.1462783441749741,False,-0.3873733520539538,False
2025,July,17,COTTONWOOD,557,1172,159174.6,2025-07-01,0.03050875426702696,False,0.04619904832700761,False,-0.3150090834872679,False
2025,August,17,COTTONWOOD,559,1203,166188.0,2025-08-01,0.066707361754242,False,0.19321702268698035,False,0.10149621201726496,False
2025,September,17,COTTONWOOD,564,1188,165540.0,2025-09-01,0.12666331208357073,False,0.09713670486217671,False,0.07514486870033678,False
2025,October,17,COTTONWOOD,553,1170,172766.0,2025-10-01,-0.005950432388745854,False,-0.005755120850543069,False,0.3633247753994863,False
2025,November,17,COTTONWOOD,546,1141,166617.0,2025-11-01,-0.06745637758716061,False,-0.1691441854599799,False,0.11888530901754223,False
2025,December,17,COTTONWOOD,534,1128,166501.0,2025-12-01,-0.1926358293735718,False,-0.21744266931996742,False,0.11418778241076338,False
2026,January,17,COTTONWOOD,539,1132,162637.0,2026-01-01,-0.12376494031698042,False,-0.14134477974963786,False,-0.044187847536123606,False
2026,February,17,COTTONWOOD,527,1114,160093.0,2026-02-01,-0.2753443530391187,False,-0.21138738726704664,False,-0.15052769249648887,False
2026,March,17,COTTONWOOD,514,1082,152682.0,2026-03-01,-0.4250472345101554,False,-0.40779798911187504,False,-0.4702222523431272,False
2022,January,18,CROW WING,2342,4324,961221.0,2022-01-01,,False,,False,,False
2022,February,18,CROW WING,2341,4370,1000926.0,2022-02-01,,False,,False,,False
2022,March,18,CROW WING,2375,4436,1014639.0,2022-03-01,,False,,False,,False
2022,April,18,CROW WING,2364,4400,997266.0,2022-04-01,,False,,False,,False
2022,May,18,CROW WING,2367,4360,993867.0,2022-05-01,0.040069524305694326,False,-0.03851673564746841,False,-0.03538287036828975,False
2022,June,18,CROW WING,2344,4293,969868.0,2022-06-01,-0.057282722207932395,False,-0.11987967028384162,False,-0.18789901751312935,False
2022,July,18,CROW WING,2349,4301,974076.0,2022-07-01,-0.014275008494938528,False,-0.09960052493859052,False,-0.14718340940463553,False
2022,August,18,CROW WING,2374,4296,959939.0,2022-08-01,0.07137632743447163,False,-0.09971999603711383,False,-0.23427825711260758,False
2022,September,18,CROW WING,2409,4372,959955.13,2022-09-01,0.1485928386926636,False,0.046489965168654744,False,-0.16633030383505645,False
2022,October,18,CROW WING,2458,4501,1139167.0,2022-10-01,0.262898120002128,False,0.2146282851932752,False,1.0560180718375773,False
2022,November,18,CROW WING,2497,4575,1160392.0,2022-11-01,0.36475976727766873,False,0.3168710057609749,False,1.1126999956897616,False
2022,December,18,CROW WING,2544,4672,1032994.0,2022-12-01,0.48621287295500165,False,0.45062972566132314,False,0.2604462213710616,False
2023,January,18,CROW WING,2605,4840,1221447.0,2023-01-01,0.6360191102699373,False,0.6873206720766398,False,1.3792233325307095,False
2023,February,18,CROW WING,2628,4877,1258725.0,2023-02-01,0.6839134990848647,False,0.7156092213827379,False,1.5581299644995212,False
2023,March,18,CROW WING,2656,4941,1260913.0,2023-03-01,0.7060334974029411,False,0.7545292729242296,False,1.5239537704926198,False
2023,April,18,CROW WING,2505,4665,660077.0,2023-04-01,0.1955854469570492,False,0.31786087994460643,False,-2.902104194558721,False
2023,May,18,CROW WING,2522,4689,644159.0,2023-05-01,0.12023692437289815,False,0.22096002277501534,False,-3.055241319984282,False
2023,June,18,CROW WING,2473,4531,615510.0,2023-06-01,-0.07590054149817282,False,-0.13085550018674263,False,-2.414624452137014,False
2023,July,18,CROW WING,2469,4558,629388.0,2023-07-01,-0.0868147833617913,False,-0.09079048303464284,False,-1.8353122318785373,False
2023,August,18,CROW WING,2442,4445,597282.0,2023-08-01,-0.1609514955288734,False,-0.2600797690089725,False,-1.5723834861215515,False
2023,September,18,CROW WING,2369,4294,590091.0,2023-09-01,-0.3655734619610372,False,-0.4931415084225026,False,-1.5008151158997907,False
2023,October,18,CROW WING,2427,4478,661534.0,2023-10-01,-0.20249340471235297,False,-0.21020055010606922,False,-0.4632559073298899,False
2023,November,18,CROW WING,2422,4542,663687.0,2023-11-01,-0.21639775925486443,False,-0.11450397702713723,False,0.027399842275250493,False
2023,December,18,CROW WING,2412,4512,657294.0,2023-12-01,-0.21173417401664923,False,-0.1466404587674045,False,-0.03593414039566498,False
2024,January,18,CROW WING,2425,4532,648579.0,2024-01-01,-0.1266940450279029,False,-0.026720128947388087,False,-0.10427845111020846,False
2024,February,18,CROW WING,2437,4528,651902.0,2024-02-01,-0.0508872504889975,False,-0.013386226784936353,False,-0.010544898308848269,False
2024,March,18,CROW WING,2460,4562,660132.0,2024-03-01,0.05642435145693937,False,0.04523631636352486,False,0.10185464015059004,False
2024,April,18,CROW WING,2430,4466,647615.0,2024-04-01,-0.02630358666847915,False,-0.09818436947176098,False,-0.027267604742470704,False
2024,May,18,CROW WING,2426,4433,655384.88,2024-05-01,-0.02080452386920252,False,-0.14522081234826126,False,0.07542629305821548,False
2024,June,18,CROW WING,2411,4389,644003.0,2024-06-01,-0.04875964142758996,False,-0.19831929337302645,False,-0.06499232797247091,False
2024,July,18,CROW WING,2416,4444,669823.0,2024-07-01,-0.029238214192957655,False,-0.07690038624139348,False,0.2001539865576752,False
2024,August,18,CROW WING,2401,4417,656264.0,2024-08-01,-0.0684492378588675,False,-0.0834445520486258,False,0.027011606344219244,False
2024,September,18,CROW WING,2387,4373,649675.0,2024-09-01,-0.10231443721919387,False,-0.15095648965251818,False,-0.063542313148814,False
2024,October,18,CROW WING,2371,4274,620215.0,2024-10-01,-0.14765914581264172,False,-0.30537530464768636,False,-0.3765505984353124,False
2024,November,18,CROW WING,2369,4273,618817.0,2024-11-01,-0.1408141281749361,False,-0.28125502521018647,False,-0.36928050801959145,False
2024,December,18,CROW WING,2394,4289,637875.0,2024-12-01,-0.05608948633829007,False,-0.2310449644097476,False,-0.13517567069398284,False
2025,January,18,CROW WING,2358,4288,610482.0,2025-01-01,-0.15684748715698907,False,-0.21206956227582247,False,-0.41400216628638214,False
2025,February,18,CROW WING,2394,4348,624582.0,2025-02-01,-0.033696471337790905,False,-0.08473225772012284,False,-0.25497196422144813,False
2025,March,18,CROW WING,2421,4381,638809.0,2025-03-01,0.06577162728696138,False,1.124055901801313e-05,False,-0.07348247247243071,False
2025,April,18,CROW WING,2391,4294,621230.0,2025-04-01,-0.018296764704802918,False,-0.12909947724313559,False,-0.21552305565769775,False
2025,May,18,CROW WING,2426,4365,632501.0,2025-05-01,0.08952433372129663,False,0.006983302149855639,False,-0.0620007561651961,False
2025,June,18,CROW WING,2361,4193,611446.0,2025-06-01,-0.09358359077658922,False,-0.2579400195783583,False,-0.25688579108569704,False
2025,July,18,CROW WING,2357,4134,605224.0,2025-07-01,-0.10078872302625314,False,-0.2982060012586309,False,-0.2548498095950441,False
2025,August,18,CROW WING,2384,4187,613147.0,2025-08-01,-0.014123297958850322,False,-0.16623626620763118,False,-0.10648512193589918,False
2025,September,18,CROW WING,2398,4200,613453.0,2025-09-01,0.03523806485542667,False,-0.1406169072028525,False,-0.07945689076984637,False
2025,October,18,CROW WING,2376,4140,622724.0,2025-10-01,-0.03254659343576176,False,-0.22583305069155335,False,0.03484131886425115,False
2025,November,18,CROW WING,2361,4063,621299.0,2025-11-01,-0.07524561765223192,False,-0.3516449829880628,False,0.013874174502301688,False
2025,December,18,CROW WING,2331,4042,619290.0,2025-12-01,-0.1614632380925385,False,-0.3284889748249201,False,-0.021471020941183434,False
2026,January,18,CROW WING,2356,4078,606526.0,2026-01-01,-0.06832369607298401,False,-0.19315590397695598,False,-0.1510198030185339,False
2026,February,18,CROW WING,2401,4177,627914.0,2026-02-01,0.059238416429129984,False,-0.020953002616991956,False,0.08273196180254908,False
2026,March,18,CROW WING,2382,4116,612060.0,2026-03-01,0.005672826653822253,False,-0.10726732198763295,False,-0.08975695354400405,False
2022,January,19,DAKOTA,10200,20381,4598493.0,2022-01-01,,False,,False,,False
2022,February,19,DAKOTA,10278,20540,4747855.0,2022-02-01,,False,,False,,False
2022,March,19,DAKOTA,10373,20734,4841017.22,2022-03-01,,False,,False,,False
2022,April,19,DAKOTA,10388,20742,4747596.0,2022-04-01,,False,,False,,False
2022,May,19,DAKOTA,10353,20639,4743782.0,2022-05-01,0.018009763793063013,False,0.0007281184377426708,False,-0.0056047770110420544,False
2022,June,19,DAKOTA,10256,20346,4670324.0,2022-06-01,-0.06348744169667138,False,-0.09643636594357918,False,-0.11068499737490461,False
2022,July,19,DAKOTA,10193,20248,4671191.0,2022-07-01,-0.08052610546824754,False,-0.1127865518527453,False,-0.10672257105577618,False
2022,August,19,DAKOTA,10288,20582,4792946.0,2022-08-01,0.006558732527674626,False,0.013777361078491318,False,0.06954461701634944,False
2022,September,19,DAKOTA,10332,20574,4634200.0,2022-09-01,0.03206226320482981,False,0.004266590025643202,False,-0.16034859400117177,False
2022,October,19,DAKOTA,10475,21002,5496402.0,2022-10-01,0.12148799413334517,False,0.1388696894847407,False,0.9932616826894526,False
2022,November,19,DAKOTA,10623,21404,5657862.0,2022-11-01,0.2017198984305367,False,0.2654388187560162,False,1.1858350916823877,False
2022,December,19,DAKOTA,10778,21784,5180150.78,2022-12-01,0.28502440638126575,False,0.38282034771369916,False,0.5881354126572763,False
2023,January,19,DAKOTA,10820,21773,5818597.0,2023-01-01,0.3044079389377859,False,0.370087229601334,False,1.3718889398935858,False
2023,February,19,DAKOTA,10810,21780,5943607.01,2023-02-01,0.28481664378115235,False,0.3474417825314735,False,1.483205622763573,False
2023,March,19,DAKOTA,11029,22510,6126000.67,2023-03-01,0.408704629640826,False,0.5530098127477351,False,1.621545299578241,False
2023,April,19,DAKOTA,10715,21884,4030536.0,2023-04-01,0.18090569782259003,False,0.3194729328319194,False,-1.430549019271668,False
2023,May,19,DAKOTA,10951,22397,3864220.36,2023-05-01,0.25240348685904673,False,0.3698064761704641,False,-1.7147793748482512,False
2023,June,19,DAKOTA,11145,22764,3804353.0,2023-06-01,0.29444566975440717,False,0.3578472082455855,False,-1.6167110044138562,False
2023,July,19,DAKOTA,11129,22659,3624090.0,2023-07-01,0.23590833810881015,False,0.26793798746676134,False,-1.522382217290838,False
2023,August,19,DAKOTA,11152,22592,3638779.0,2023-08-01,0.22006610981474087,False,0.24626183142383148,False,-1.2795772153355487,False
2023,September,19,DAKOTA,11024,22277,3561385.0,2023-09-01,0.12909261491473356,False,0.13549409499225715,False,-1.1079080505195769,False
2023,October,19,DAKOTA,11092,22428,3891940.85,2023-10-01,0.1268659594663303,False,0.1055876252555963,False,-0.49039409225572544,False
2023,November,19,DAKOTA,10872,21991,3801337.0,2023-11-01,-0.07123463733321093,False,-0.10526858048978287,False,-0.2768877167132751,False
2023,December,19,DAKOTA,10899,21878,3860541.36,2023-12-01,-0.054506111787779137,False,-0.14001530089981548,False,-0.030531455118777542,False
2024,January,19,DAKOTA,10739,21585,3778377.21,2024-01-01,-0.15424914932906564,False,-0.2309535241210774,False,-0.14831627272828976,False
2024,February,19,DAKOTA,10708,21380,3716769.78,2024-02-01,-0.17374610914912994,False,-0.2953161974283443,False,-0.20654349757308282,False
2024,March,19,DAKOTA,10722,21373,3650719.84,2024-03-01,-0.16493405115815324,False,-0.29752482801760755,False,-0.27536473729697974,False
2024,April,19,DAKOTA,10966,21727,3702259.53,2024-04-01,0.02528245325445134,False,-0.12503507506878558,False,-0.15770082604988497,False
2024,May,19,DAKOTA,11078,21838,3651632.02,2024-05-01,0.07314951593759088,False,-0.09066517950546517,False,-0.1746993899589415,False
2024,June,19,DAKOTA,10894,21509,3561437.22,2024-06-01,-0.06221671745182658,False,-0.1321012869443854,False,-0.2747572149016659,False
2024,July,19,DAKOTA,10949,21668,3654994.22,2024-07-01,0.010203024953710046,False,-0.05888148749359974,False,-0.04022882112747318,False
2024,August,19,DAKOTA,10967,21787,3734777.0,2024-08-01,0.026513377603108408,False,0.0014151191573235431,False,0.10231620538013132,False
2024,September,19,DAKOTA,10872,21674,3667456.82,2024-09-01,-0.03216333509537613,False,-0.025772866116288904,False,-0.07689754834498218,False
2024,October,19,DAKOTA,10867,21778,3728972.99,2024-10-01,-0.018283585512976985,False,0.02404974096369142,False,0.035301453792347205,False
2024,November,19,DAKOTA,10972,21894,3769599.9,2024-11-01,0.0549339766683068,False,0.05987983849928293,False,0.10839032556122591,False
2024,December,19,DAKOTA,10879,21600,3730805.16,2024-12-01,-0.010840141682344573,False,-0.03130372783449007,False,0.03861468465170088,False
2025,January,19,DAKOTA,10853,21491,3673254.0,2025-01-01,-0.02078424043273304,False,-0.05625547415050982,False,-0.06624409051663398,False
2025,February,19,DAKOTA,10821,21374,3630450.72,2025-02-01,-0.0406993683901517,False,-0.09307479715561225,False,-0.10558492990524349,False
2025,March,19,DAKOTA,11031,21881,3721206.32,2025-03-01,0.08893306497908027,False,0.06504396307770922,False,0.09280920389706449,False
2025,April,19,DAKOTA,11097,22079,3699638.0,2025-04-01,0.10753688112772054,False,0.11663173669334229,False,0.021748299876642452,False
2025,May,19,DAKOTA,11077,22080,3661548.0,2025-05-01,0.09537057191281263,False,0.10903054752829579,False,-0.04566659568338594,False
2025,June,19,DAKOTA,11138,22090,3703464.0,2025-06-01,0.13240941909349135,False,0.11208451842172705,False,0.03110894677744943,False
2025,July,19,DAKOTA,11094,22056,3708776.0,2025-07-01,0.0831918662966363,False,0.0841589209736952,False,0.013153526097274515,False
2025,August,19,DAKOTA,11076,22106,3742078.0,2025-08-01,0.06516385240109744,False,0.08351949146264465,False,0.06512849943823587,False
2025,September,19,DAKOTA,11047,21997,3761233.1,2025-09-01,0.02786016083153968,False,0.0336588954989735,False,0.09956700105927992,False
2025,October,19,DAKOTA,11335,22630,4030617.01,2025-10-01,0.17846409398289426,False,0.20717758269212505,False,0.5500179776841488,False
2025,November,19,DAKOTA,11115,22075,3802175.0,2025-11-01,0.03254705697291018,False,0.01484081841535655,False,0.15647297916163141,False
2025,December,19,DAKOTA,11079,21683,3749075.0,2025-12-01,0.0015220648711890214,False,-0.11794217497735317,False,0.06161045738875284,False
2026,January,19,DAKOTA,10907,21188,3582522.0,2026-01-01,-0.10491817472395151,False,-0.2737009681124262,False,-0.24489656662625167,False
2026,February,19,DAKOTA,10920,21202,3639802.0,2026-02-01,-0.09688436553742967,False,-0.26924588208519584,False,-0.1379056329920611,False
2026,March,19,DAKOTA,11045,21527,3740033.61,2026-03-01,-0.0201206654107594,False,-0.16664274755852504,False,0.04532435658078116,False
2022,January,21,DOUGLAS,1207,2217,504856.0,2022-01-01,,False,,False,,False
2022,February,21,DOUGLAS,1218,2244,517168.0,2022-02-01,,False,,False,,False
2022,March,21,DOUGLAS,1235,2290,530629.0,2022-03-01,,False,,False,,False
2022,April,21,DOUGLAS,1244,2315,536056.0,2022-04-01,,False,,False,,False
2022,May,21,DOUGLAS,1222,2267,527939.0,2022-05-01,-0.02461080568008904,False,0.0003468517281786276,False,0.052376931389498796,False
2022,June,21,DOUGLAS,1242,2318,527034.0,2022-06-01,0.10941034702977127,False,0.1499931003912112,False,-0.011572267584258951,False
2022,July,21,DOUGLAS,1240,2317,523924.0,2022-07-01,0.06288969438560651,False,0.1130553074303695,False,-0.04570584763671997,False
2022,August,21,DOUGLAS,1250,2337,534810.0,2022-08-01,0.08136407467036479,False,0.13697381485710527,False,0.09879032855227764,False
2022,September,21,DOUGLAS,1248,2304,491933.0,2022-09-01,0.056956793480009794,False,0.004490111814233705,False,-0.47066771400766516,False
2022,October,21,DOUGLAS,1281,2365,595171.0,2022-10-01,0.21923848360167503,False,0.1761800010306489,False,0.8200805685749974,False
2022,November,21,DOUGLAS,1291,2392,601912.0,2022-11-01,0.266216691668072,False,0.2366597297600181,False,0.8902598434365159,False
2022,December,21,DOUGLAS,1298,2423,537514.0,2022-12-01,0.29723141020344584,False,0.30742029480767485,False,0.12123480337108052,False
2023,January,21,DOUGLAS,1306,2445,603596.0,2023-01-01,0.33322163926426845,False,0.36545006899332777,False,0.8861779729542832,False
2023,February,21,DOUGLAS,1303,2434,616611.0,2023-02-01,0.30148182466236995,False,0.33068276406406705,False,0.9864615122044504,False
2023,March,21,DOUGLAS,1317,2487,636726.0,2023-03-01,0.35729752114807295,False,0.4469453798821858,False,1.168665924195389,False
2023,April,21,DOUGLAS,1239,2325,315065.0,2023-04-01,-0.14212332420222243,False,-0.07485776509327052,False,-3.593846900997564,True
2023,May,21,DOUGLAS,1257,2356,313565.0,2023-05-01,-0.04491587713173707,False,0.014443133595712764,False,-3.6181878107029073,True
2023,June,21,DOUGLAS,1249,2317,305771.0,2023-06-01,-0.1067646292151677,False,-0.12539258415417276,False,-3.4421409517480086,False
2023,July,21,DOUGLAS,1228,2263,298660.0,2023-07-01,-0.22104328054112285,False,-0.2843829221234957,False,-3.371070662314702,False
2023,August,21,DOUGLAS,1234,2227,301565.0,2023-08-01,-0.18819418964030923,False,-0.3924974362944334,False,-3.005602076436249,False
2023,September,21,DOUGLAS,1219,2203,294032.0,2023-09-01,-0.2706188405933686,False,-0.4655486918675611,False,-1.9075988045775347,False
2023,October,21,DOUGLAS,1224,2270,331188.0,2023-10-01,-0.24303189007183668,False,-0.26356041385563717,False,-0.4461082470885007,False
2023,November,21,DOUGLAS,1219,2255,330660.0,2023-11-01,-0.18536943586442223,False,-0.25075552885164815,False,0.1575497526925286,False
2023,December,21,DOUGLAS,1194,2215,327381.0,2023-12-01,-0.2764187341537892,False,-0.3151508885452463,False,0.09571002411642231,False
2024,January,21,DOUGLAS,1199,2224,334731.0,2024-01-01,-0.2075410737775266,False,-0.20710919377342646,False,0.2790763911285835,False
2024,February,21,DOUGLAS,1219,2252,328286.0,2024-02-01,-0.06600010550265255,False,-0.04326276915257102,False,0.14794019650629592,False
2024,March,21,DOUGLAS,1242,2308,340168.0,2024-03-01,0.08739479798220076,False,0.14468890642497617,False,0.38775413310684725,False
2024,April,21,DOUGLAS,1268,2350,348078.0,2024-04-01,0.22702558047599583,False,0.26627588973166905,False,0.5428008583550581,False
2024,May,21,DOUGLAS,1260,2359,350133.0,2024-05-01,0.18436931182583718,False,0.2920475194714792,False,0.44387484570398916,False
2024,June,21,DOUGLAS,1241,2297,345093.0,2024-06-01,0.08196622626059799,False,0.11247916429559146,False,0.3124681287514007,False
2024,July,21,DOUGLAS,1251,2328,343463.0,2024-07-01,0.13605633168944675,False,0.20286089269878446,False,0.2508523324246066,False
2024,August,21,DOUGLAS,1248,2323,351541.0,2024-08-01,0.1034502510890719,False,0.1779536089147725,False,0.3663849026826719,False
2024,September,21,DOUGLAS,1285,2400,364719.0,2024-09-01,0.2812982828544023,False,0.33560149477800766,False,0.5243802690831099,False
2024,October,21,DOUGLAS,1268,2372,356359.0,2024-10-01,0.14234506835459645,False,0.20051618662784002,False,0.28112504415435546,False
2024,November,21,DOUGLAS,1301,2428,363522.0,2024-11-01,0.2965508180552436,False,0.31989825371171743,False,0.3668807547635215,False
2024,December,21,DOUGLAS,1309,2475,366048.0,2024-12-01,0.3135371788645933,False,0.4200781944664259,False,0.3685741147202702,False
2025,January,21,DOUGLAS,1265,2393,345439.0,2025-01-01,0.050848254224107034,False,0.1539595279790315,False,-0.07118494368032137,False
2025,February,21,DOUGLAS,1254,2401,348854.0,2025-02-01,-0.04551605434945384,False,0.13186832053364939,False,-0.004831705476077052,False
2025,March,21,DOUGLAS,1257,2410,351042.0,2025-03-01,-0.02941178884004135,False,0.12568161493109253,False,0.029830250583112422,False
2025,April,21,DOUGLAS,1251,2363,339622.0,2025-04-01,-0.06165886221434634,False,-0.05534402510450249,False,-0.2143301441535567,False
2025,May,21,DOUGLAS,1257,2359,349495.0,2025-05-01,-0.008032953381042719,False,-0.06676655111971783,False,-0.02104584365291001,False
2025,June,21,DOUGLAS,1232,2279,337085.0,2025-06-01,-0.13539194047779837,False,-0.29937580871975566,False,-0.25875391053147206,False
2025,July,21,DOUGLAS,1226,2277,337431.0,2025-07-01,-0.16829444474620342,False,-0.3052950719342207,False,-0.25183409458973627,False
2025,August,21,DOUGLAS,1231,2277,338318.0,2025-08-01,-0.14086455741087972,False,-0.3052950719342207,False,-0.23412692601420435,False
2025,September,21,DOUGLAS,1240,2290,341353.0,2025-09-01,-0.09177012311622497,False,-0.2669123901134691,False,-0.15280243003827612,False
2025,October,21,DOUGLAS,1223,2276,350457.0,2025-10-01,-0.1767539481441226,False,-0.26572771580858817,False,0.06409912143615598,False
2025,November,21,DOUGLAS,1204,2249,347783.0,2025-11-01,-0.26615335411696683,False,-0.32765957503653076,False,0.012437324599992942,False
2025,December,21,DOUGLAS,1191,2217,333844.0,2025-12-01,-0.3014834288434176,False,-0.31849298009063803,False,-0.2530957962693522,False
2026,January,21,DOUGLAS,1197,2222,325997.0,2026-01-01,-0.2160448153587484,False,-0.187000324157173,False,-0.35059341760207563,False
2026,February,21,DOUGLAS,1207,2264,331753.0,2026-02-01,-0.13542911242979846,False,-0.041561982184234854,False,-0.17526471065551885,False
2026,March,21,DOUGLAS,1223,2261,334631.0,2026-03-01,-0.030226579820287272,False,-0.047542047048012466,False,-0.08688428465248474,False
2022,January,22,FARIBAULT,637,1334,291223.0,2022-01-01,,False,,False,,False
2022,February,22,FARIBAULT,646,1344,298921.0,2022-02-01,,False,,False,,False
2022,March,22,FARIBAULT,642,1328,298232.0,2022-03-01,,False,,False,,False
2022,April,22,FARIBAULT,643,1319,285963.0,2022-04-01,,False,,False,,False
2022,May,22,FARIBAULT,649,1335,303594.0,2022-05-01,0.06779155141260577,False,0.020242010232240638,False,0.2003985433273337,False
2022,June,22,FARIBAULT,681,1400,303856.0,2022-06-01,0.3866971345802862,False,0.32547980976541774,False,0.12601100602047619,False
2022,July,22,FARIBAULT,691,1433,311640.0,2022-07-01,0.4692054386499597,False,0.47998808589167136,False,0.28884126515017633,False
2022,August,22,FARIBAULT,699,1455,325127.0,2022-08-01,0.5310611034591857,False,0.5801568395819737,False,0.5668247163800926,False
2022,September,22,FARIBAULT,707,1473,302846.0,2022-09-01,0.5921082399143925,False,0.6403888466119471,False,0.03567500926917395,False
2022,October,22,FARIBAULT,709,1467,369240.0,2022-10-01,0.5955336351976025,False,0.5902341560993241,False,1.3370061752256592,False
2022,November,22,FARIBAULT,723,1500,365594.0,2022-11-01,0.5651661267191256,False,0.6026078269549386,False,1.2617535020407895,False
2022,December,22,FARIBAULT,730,1519,328584.0,2022-12-01,0.46799374385809983,False,0.5498798353098647,False,0.5335361101613917,False
2023,January,22,FARIBAULT,743,1544,383560.0,2023-01-01,0.5378006235515336,False,0.5813981281611083,False,1.5740994231072598,False
2023,February,22,FARIBAULT,747,1539,386031.0,2023-02-01,0.48611102118338395,False,0.42967046518239077,False,1.5291975815790873,False
2023,March,22,FARIBAULT,750,1550,388741.0,2023-03-01,0.436019985233136,False,0.3986493587031488,False,1.3481937491473184,False
2023,April,22,FARIBAULT,717,1473,199621.0,2023-04-01,0.08508842580394226,False,0.013755967406081617,False,-3.3258359006217706,False
2023,May,22,FARIBAULT,731,1512,204129.0,2023-05-01,0.16803983360964989,False,0.17614325380855422,False,-3.1752101520572285,False
2023,June,22,FARIBAULT,708,1466,197567.0,2023-06-01,-0.11314706597675993,False,-0.09332499395639274,False,-2.902701555194148,False
2023,July,22,FARIBAULT,698,1435,192000.0,2023-07-01,-0.20895833606891,False,-0.23738489642370006,False,-2.5455522985081647,False
2023,August,22,FARIBAULT,683,1395,191293.0,2023-08-01,-0.3552764380718586,False,-0.42793429152176904,False,-2.213982073251016,False
2023,September,22,FARIBAULT,706,1452,196345.0,2023-09-01,-0.13220075096357378,False,-0.15800357174924717,False,-1.556927206048675,False
2023,October,22,FARIBAULT,705,1478,212923.0,2023-10-01,-0.1417478155440427,False,-0.03837560654645751,False,-0.43867775972961254,False
2023,November,22,FARIBAULT,687,1449,208130.0,2023-11-01,-0.3159468805755575,False,-0.18336492780440974,False,-0.011321354399796826,False
2023,December,22,FARIBAULT,700,1454,213026.0,2023-12-01,-0.11908068679642513,False,-0.0989295093993984,False,0.2222919349613275,False
2024,January,22,FARIBAULT,692,1460,207446.0,2024-01-01,-0.14443133942989533,False,-0.04369757487568552,False,0.04325917817875847,False
2024,February,22,FARIBAULT,691,1435,203812.0,2024-02-01,-0.13987103854096955,False,-0.13023816180934,False,-0.06484345403976559,False
2024,March,22,FARIBAULT,683,1417,204615.0,2024-03-01,-0.18955908310601252,False,-0.18761951751306977,False,0.02128098455014471,False
2024,April,22,FARIBAULT,694,1435,211601.37,2024-04-01,-0.048344578873157816,False,-0.08402025250354164,False,0.24773659248710395,False
2024,May,22,FARIBAULT,711,1440,220235.0,2024-05-01,0.1436456851229942,False,-0.04896636280980915,False,0.5042133682878227,False
2024,June,22,FARIBAULT,707,1439,212770.0,2024-06-01,0.105645584613356,False,-0.025680394559232336,False,0.21726320438821065,False
2024,July,22,FARIBAULT,720,1468,225335.0,2024-07-01,0.2283711536362003,False,0.13214589434193147,False,0.5468227778337087,False
2024,August,22,FARIBAULT,711,1462,226531.0,2024-08-01,0.13400996428235792,False,0.08120093243654225,False,0.5156412242676945,False
2024,September,22,FARIBAULT,711,1489,228005.0,2024-09-01,0.0810502750036635,False,0.17657836302037783,False,0.48502795367681656,False
2024,October,22,FARIBAULT,705,1444,224542.0,2024-10-01,0.023969539421803365,False,-0.034908119969308815,False,0.3607991107865155,False
2024,November,22,FARIBAULT,704,1439,216402.0,2024-11-01,0.014408942498640514,False,-0.03502897989402389,False,0.11011020928628439,False
2024,December,22,FARIBAULT,711,1460,230239.0,2024-12-01,0.06186103404344456,False,0.08362325190689684,False,0.47108145017374486,False
2025,January,22,FARIBAULT,692,1406,208554.0,2025-01-01,-0.13489774989212744,False,-0.17040258511501735,False,-0.3083696566644901,False
2025,February,22,FARIBAULT,682,1374,204085.0,2025-02-01,-0.23293726662304548,False,-0.3138885858218417,False,-0.4544752721036945,False
2025,March,22,FARIBAULT,684,1376,201997.0,2025-03-01,-0.2132150303493133,False,-0.30408480502609564,False,-0.5238386753201302,False
2025,April,22,FARIBAULT,675,1365,200030.0,2025-04-01,-0.3024227965182308,False,-0.3581827982690586,False,-0.5898414804318554,False
2025,May,22,FARIBAULT,681,1351,202020.0,2025-05-01,-0.24282005227387135,False,-0.4276683281642439,False,-0.523070716386676,False
2025,June,22,FARIBAULT,705,1404,214003.0,2025-06-01,0.004780298461584422,False,-0.1659661938608437,False,-0.018108528151845823,False
2025,July,22,FARIBAULT,713,1427,213277.0,2025-07-01,0.08078110255016253,False,0.021741954796566966,False,-0.06051667435327398,False
2025,August,22,FARIBAULT,728,1470,216215.0,2025-08-01,0.22101484396806745,False,0.2500716884097551,False,0.08082071655163674,False
2025,September,22,FARIBAULT,731,1469,224068.0,2025-09-01,0.24871508823871202,False,0.24548481302047023,False,0.3214562276930502,False
2025,October,22,FARIBAULT,731,1461,226454.0,2025-10-01,0.24871508823871202,False,0.20867708184214118,False,0.3929006811195627,False
2025,November,22,FARIBAULT,713,1427,217094.0,2025-11-01,0.08078110255016253,False,0.04996387681038283,False,0.10818611061082611,False
2025,December,22,FARIBAULT,700,1413,216820.0,2025-12-01,-0.0764794466345368,False,-0.016489862697732355,False,0.09966773264992464,False
2026,January,22,FARIBAULT,707,1417,220307.0,2026-01-01,0.04305017449402532,False,0.03579069204314808,False,0.20728042318492443,False
2026,February,22,FARIBAULT,709,1438,226400.0,2026-02-01,0.028567128460487527,False,0.10868508611267126,False,0.34515147108291183,False
2026,March,22,FARIBAULT,708,1412,224060.0,2026-03-01,6.709032871063947e-06,False,-0.047525555389539634,False,0.2309711801167751,False
2022,January,23,FILLMORE,588,1091,242412.0,2022-01-01,,False,,False,,False
2022,February,23,FILLMORE,612,1147,257059.0,2022-02-01,,False,,False,,False
2022,March,23,FILLMORE,619,1157,268418.0,2022-03-01,,False,,False,,False
2022,April,23,FILLMORE,618,1167,260875.0,2022-04-01,,False,,False,,False
2022,May,23,FILLMORE,613,1164,268487.0,2022-05-01,-0.021854988221199932,False,0.06990011108916304,False,0.24368916440975505,False
2022,June,23,FILLMORE,625,1202,269021.0,2022-06-01,0.13055246271768892,False,0.25714677014252507,False,0.2073950036954124,False
2022,July,23,FILLMORE,630,1207,275530.0,2022-07-01,0.15686011553544507,False,0.2647976815594911,False,0.27251789369011237,False
2022,August,23,FILLMORE,631,1200,273530.0,2022-08-01,0.14018889926295378,False,0.20527366126083357,False,0.12724960854616785,False
2022,September,23,FILLMORE,622,1186,251256.0,2022-09-01,0.038002297405582,False,0.11751226628127236,False,-0.4465283529787071,False
2022,October,23,FILLMORE,649,1238,302811.0,2022-10-01,0.3187207083169269,False,0.39803403953534083,False,0.8131971546711673,False
2022,November,23,FILLMORE,649,1266,319762.0,2022-11-01,0.3024415133932328,False,0.4943471294183652,False,1.1797166209564476,False
2022,December,23,FILLMORE,667,1320,285908.0,2022-12-01,0.47040746128330174,False,0.7214445923608716,False,0.42404033077811776,False
2023,January,23,FILLMORE,671,1335,335733.0,2023-01-01,0.4944752456828795,False,0.758058717595654,False,1.5008939555610479,False
2023,February,23,FILLMORE,669,1324,338411.0,2023-02-01,0.4313400220815818,False,0.6571381635557247,False,1.4917243840989238,False
2023,March,23,FILLMORE,662,1314,331775.0,2023-03-01,0.3283288056231247,False,0.5864399603088452,False,1.2775197913758587,False
2023,April,23,FILLMORE,626,1242,167359.0,2023-04-01,-0.14828435903667775,False,0.10719465247188693,False,-3.4874326468839483,False
2023,May,23,FILLMORE,627,1236,162327.0,2023-05-01,-0.13753535277773063,False,-0.02176688512683156,False,-3.693345364053726,True
2023,June,23,FILLMORE,617,1202,159071.0,2023-06-01,-0.2458041300536079,False,-0.20975446266495365,False,-3.1770658608829287,False
2023,July,23,FILLMORE,630,1269,170202.0,2023-07-01,-0.10539073276524953,False,0.1558141734938774,False,-2.2668431707635004,False
2023,August,23,FILLMORE,622,1241,158808.0,2023-08-01,-0.19145250638435835,False,-0.06992456123476834,False,-2.1581595415628976,False
2023,September,23,FILLMORE,618,1205,147877.0,2023-09-01,-0.22955825100809651,False,-0.268321216951215,False,-1.749945082232929,False
2023,October,23,FILLMORE,614,1188,163423.0,2023-10-01,-0.27328611891073684,False,-0.3640764785735923,False,-0.6172596657719553,False
2023,November,23,FILLMORE,603,1186,167790.0,2023-11-01,-0.2788977677639146,False,-0.37543170011070254,False,-0.03946063959596482,False
2023,December,23,FILLMORE,613,1197,162032.0,2023-12-01,-0.14669312934605389,False,-0.24600295421341067,False,-0.2268556028492801,False
2024,January,23,FILLMORE,610,1183,170860.0,2024-01-01,-0.15277135328280197,False,-0.30897160098328846,False,0.21990551354372487,False
2024,February,23,FILLMORE,614,1191,167596.71,2024-02-01,-0.06545097038452821,False,-0.16435222606189348,False,0.0898360398509833,False
2024,March,23,FILLMORE,631,1214,181783.0,2024-03-01,0.14564160861569067,False,0.058548685174549996,False,0.637885127673569,False
2024,April,23,FILLMORE,624,1193,172333.0,2024-04-01,0.07051752256716115,False,-0.0590508068155218,False,0.27780522658563034,False
2024,May,23,FILLMORE,623,1199,172846.0,2024-05-01,0.05971687974692665,False,-0.0027952058976359237,False,0.2930670303432427,False
2024,June,23,FILLMORE,614,1186,169023.0,2024-06-01,-0.03827515854990343,False,-0.06784399309542277,False,0.0532711721516004,False
2024,July,23,FILLMORE,601,1153,161355.0,2024-07-01,-0.16596966169828192,False,-0.24111411696377055,False,-0.28846228822721925,False
2024,August,23,FILLMORE,600,1149,163770.0,2024-08-01,-0.15531936291498605,False,-0.24760118941631362,False,-0.15967931104072972,False
2024,September,23,FILLMORE,600,1161,162087.0,2024-09-01,-0.15531936291498605,False,-0.16343090986299652,False,-0.2293532248461607,False
2024,October,23,FILLMORE,594,1156,161504.0,2024-10-01,-0.21750731294844247,False,-0.17834062248941393,False,-0.25365745426213027,False
2024,November,23,FILLMORE,591,1112,154284.0,2024-11-01,-0.2295951376898263,False,-0.4341759422886611,False,-0.562137064923555,False
2024,December,23,FILLMORE,604,1134,155710.0,2024-12-01,-0.08308144056441516,False,-0.2936177761257627,False,-0.4182985438520918,False
2025,January,23,FILLMORE,609,1139,156839.0,2025-01-01,0.022233196578607353,False,-0.19218079984049363,False,-0.36956961243895925,False
2025,February,23,FILLMORE,604,1118,155409.0,2025-02-01,-0.027757358337895232,False,-0.23979233131822578,False,-0.3186167227944623,False
2025,March,23,FILLMORE,612,1128,155216.0,2025-03-01,0.08860554347171902,False,-0.15648415500818907,False,-0.2800093125816035,False
2025,April,23,FILLMORE,615,1153,161587.0,2025-04-01,0.1215348196155603,False,0.011710081209504406,False,0.006578283243488822,False
2025,May,23,FILLMORE,621,1176,161136.0,2025-05-01,0.18691497610773633,False,0.14482036420610417,False,-0.012273661788824554,False
2025,June,23,FILLMORE,617,1168,159826.0,2025-06-01,0.14339869613409334,False,0.09881848086463821,False,-0.059639554233234304,False
2025,July,23,FILLMORE,632,1204,164112.0,2025-07-01,0.30515704794443727,False,0.30340029649801387,False,0.15096495368500878,False
2025,August,23,FILLMORE,628,1224,166067.0,2025-08-01,0.23464201868855078,False,0.4144316102277278,False,0.23084010762287527,False
2025,September,23,FILLMORE,620,1201,159914.0,2025-09-01,0.10400206814953152,False,0.26612079111914916,False,-0.02381682077071887,False
2025,October,23,FILLMORE,622,1193,167878.0,2025-10-01,0.09268013825970323,False,0.22107888751227645,False,0.32967050621235716,False
2025,November,23,FILLMORE,606,1166,169054.0,2025-11-01,-0.11020601159653566,False,0.032004539471290665,False,0.3767548147737002,False
2025,December,23,FILLMORE,599,1146,169508.0,2025-12-01,-0.18844218285994516,False,-0.12237237491335125,False,0.3673147806162462,False
2026,January,23,FILLMORE,592,1163,167432.0,2026-01-01,-0.26759648605319164,False,-0.023136487125582562,False,0.24909865663274897,False
2026,February,23,FILLMORE,600,1180,172200.0,2026-02-01,-0.17720987385287706,False,0.07466053530024903,False,0.37677467983643426,False
2026,March,23,FILLMORE,594,1159,168372.0,2026-03-01,-0.24488602688757688,False,-0.07513087054256055,False,0.1329134452185835,False
2022,January,24,FREEBORN,1638,3483,771091.0,2022-01-01,,False,,False,,False
2022,February,24,FREEBORN,1638,3494,777322.0,2022-02-01,,False,,False,,False
2022,March,24,FREEBORN,1640,3487,773309.0,2022-03-01,,False,,False,,False
2022,April,24,FREEBORN,1654,3497,769392.0,2022-04-01,,False,,False,,False
2022,May,24,FREEBORN,1647,3476,784789.0,2022-05-01,0.032823703101319116,False,-0.028066537484358656,False,0.10908228835350706,False
2022,June,24,FREEBORN,1674,3520,776864.0,2022-06-01,0.13832209712541488,False,0.06351452268109337,False,0.030936529147764298,False
2022,July,24,FREEBORN,1677,3507,777372.0,2022-07-01,0.13603643973869262,False,0.03180357642664655,False,0.019877447880437663,False
2022,August,24,FREEBORN,1709,3554,771097.0,2022-08-01,0.24909918373905646,False,0.11481128265582038,False,-0.050257783896724674,False
2022,September,24,FREEBORN,1735,3610,768520.0,2022-09-01,0.3365882890596401,False,0.21733985971027847,False,-0.05736897726956366,False
2022,October,24,FREEBORN,1767,3681,907534.0,2022-10-01,0.4454934590814384,False,0.3457804434166345,False,1.079551615265985,False
2022,November,24,FREEBORN,1815,3741,918705.0,2022-11-01,0.5856629076353635,False,0.4451801330048899,False,1.1466018515790513,False
2022,December,24,FREEBORN,1818,3715,811677.0,2022-12-01,0.5562853375766529,False,0.38852377974897606,False,0.29568137232018105,False
2023,January,24,FREEBORN,1848,3795,929937.0,2023-01-01,0.6605855084430491,False,0.5197179213751885,False,1.2111095334771116,False
2023,February,24,FREEBORN,1838,3781,938242.0,2023-02-01,0.554263335529434,False,0.44991118543228614,False,1.2688751417320987,False
2023,March,24,FREEBORN,1849,3811,956730.0,2023-03-01,0.47988749784004814,False,0.41808263994760547,False,1.3682504920186336,False
2023,April,24,FREEBORN,1739,3570,487204.0,2023-04-01,-0.04607628886747732,False,-0.140800147880634,False,-3.3291630975193747,False
2023,May,24,FREEBORN,1727,3536,482702.0,2023-05-01,-0.10051647444710274,False,-0.20532793321422937,False,-3.3917797747360723,False
2023,June,24,FREEBORN,1733,3551,483515.0,2023-06-01,-0.07713690164570315,False,-0.17678366716934923,False,-2.4030950619485436,False
2023,July,24,FREEBORN,1730,3516,480392.0,2023-07-01,-0.08881655824375774,False,-0.2435758383681869,False,-2.2385732616580274,False
2023,August,24,FREEBORN,1726,3479,473481.0,2023-08-01,-0.10442096080794133,False,-0.3149113610815299,False,-2.084549266767587,False
2023,September,24,FREEBORN,1724,3504,466733.0,2023-09-01,-0.11223672066276058,False,-0.26662912198888195,False,-1.949692736493033,False
2023,October,24,FREEBORN,1750,3574,520026.0,2023-10-01,-0.011331501639215008,False,-0.09568254357016076,False,-0.44049085156187584,False
2023,November,24,FREEBORN,1743,3526,501913.0,2023-11-01,-0.00576534121455575,False,-0.08740016623964939,False,-0.0192506745762752,False
2023,December,24,FREEBORN,1741,3519,498429.0,2023-12-01,4.44545209791869e-06,False,-0.07903290022620607,False,0.0533278154750718,False
2024,January,24,FREEBORN,1713,3487,493900.0,2024-01-01,-0.10542216227804645,False,-0.10836760919367358,False,0.015250603996028884,False
2024,February,24,FREEBORN,1704,3452,488600.0,2024-02-01,-0.12540900970887842,False,-0.15257097142107406,False,-0.026736034509212733,False
2024,March,24,FREEBORN,1692,3377,475515.0,2024-03-01,-0.1555597604745607,False,-0.2844400363026418,False,-0.1734480936423248,False
2024,April,24,FREEBORN,1699,3359,479086.6,2024-04-01,-0.11603910641300542,False,-0.310901990148859,False,-0.08769330332174179,False
2024,May,24,FREEBORN,1690,3332,477187.0,2024-05-01,-0.14404058695884042,False,-0.35091967104095684,False,-0.08318229981885183,False
2024,June,24,FREEBORN,1715,3426,488136.0,2024-06-01,-0.03919130824879811,False,-0.1354009536737907,False,0.08600982200240985,False
2024,July,24,FREEBORN,1726,3435,511526.0,2024-07-01,0.02545747401551648,False,-0.09356930963422863,False,0.36962639383047735,False
2024,August,24,FREEBORN,1724,3422,511701.85,2024-08-01,0.017641714160697236,False,-0.08512524922347972,False,0.314808917188497,False
2024,September,24,FREEBORN,1710,3407,504555.0,2024-09-01,-0.037323665680984594,False,-0.07183493999908373,False,0.18034906294381473,False
2024,October,24,FREEBORN,1726,3427,511301.0,2024-10-01,0.04703213322834783,False,-0.006877355595166534,False,0.20276339035372487,False
2024,November,24,FREEBORN,1719,3410,507619.0,2024-11-01,0.019637259480580545,False,-0.03254879595619374,False,0.1540154035559805,False
2024,December,24,FREEBORN,1721,3356,505801.0,2024-12-01,0.02747572637087631,False,-0.1352614188348306,False,0.1298153700967879,False
2025,January,24,FREEBORN,1697,3424,491394.0,2025-01-01,-0.06719249432413174,False,0.01578357129678018,False,-0.10629228587612173,False
2025,February,24,FREEBORN,1690,3370,489744.0,2025-02-01,-0.08914817984206673,False,-0.09140820789619819,False,-0.1118234147520591,False
2025,March,24,FREEBORN,1703,3409,495212.0,2025-03-01,-0.03749255182242433,False,0.000989728206578917,False,-0.03693283282886722,False
2025,April,24,FREEBORN,1679,3355,480965.0,2025-04-01,-0.13316791484316823,False,-0.10865593859299531,False,-0.25993086640132224,False
2025,May,24,FREEBORN,1669,3309,476522.0,2025-05-01,-0.1734366911671391,False,-0.2017477253048456,False,-0.322528452574503,False
2025,June,24,FREEBORN,1670,3296,476747.0,2025-06-01,-0.1693989777870599,False,-0.22829081994914768,False,-0.31934441565702076,False
2025,July,24,FREEBORN,1690,3303,492334.0,2025-07-01,-0.06548141605077973,False,-0.2110179622171177,False,-0.10234879685106517,False
2025,August,24,FREEBORN,1675,3267,487394.0,2025-08-01,-0.09985807981523759,False,-0.24612063615118404,False,-0.08767686180420967,False
2025,September,24,FREEBORN,1703,3315,487731.0,2025-09-01,0.037723769906670125,False,-0.0969211973008126,False,-0.05691267360221375,False
2025,October,24,FREEBORN,1722,3378,509258.0,2025-10-01,0.11251589894699164,False,0.045063712135241456,False,0.25219664097500843,False
2025,November,24,FREEBORN,1711,3332,510247.0,2025-11-01,0.06931633351898756,False,-0.047390059566940035,False,0.2652829799457512,False
2025,December,24,FREEBORN,1699,3337,498743.0,2025-12-01,0.02187182371495752,False,-0.013081716554440249,False,0.1114703778106463,False
2026,January,24,FREEBORN,1711,3350,496545.0,2026-01-01,0.06931633351898756,False,0.03127316870734855,False,0.08167899218114408,False
2026,February,24,FREEBORN,1719,3372,501126.0,2026-02-01,0.09679162911669194,False,0.0754107444100214,False,0.1371760913798209,False
2026,March,24,FREEBORN,1724,3364,510869.0,2026-03-01,0.09054292899981578,False,0.05939411474088963,False,0.2296097733936161,False
2022,January,25,GOODHUE,1305,2411,538249.0,2022-01-01,,False,,False,,False
2022,February,25,GOODHUE,1309,2444,556504.0,2022-02-01,,False,,False,,False
2022,March,25,GOODHUE,1331,2456,571470.0,2022-03-01,,False,,False,,False
2022,April,25,GOODHUE,1360,2524,571696.0,2022-04-01,,False,,False,,False
2022,May,25,GOODHUE,1357,2519,571778.0,2022-05-01,0.1865577593060601,False,0.18728027574370656,False,0.09313230408888605,False
2022,June,25,GOODHUE,1353,2536,572219.0,2022-06-01,0.11049390799836893,False,0.2161178068418032,False,0.00883456409512113,False
2022,July,25,GOODHUE,1350,2548,575796.0,2022-07-01,0.04028576487059757,False,0.16256210743452795,False,0.04953348247484291,False
2022,August,25,GOODHUE,1369,2564,585218.0,2022-08-01,0.0941985174140006,False,0.11938364753545719,False,0.15767790144090327,False
2022,September,25,GOODHUE,1366,2541,552480.0,2022-09-01,0.07193165459719955,False,0.051944530879852145,False,-0.23109582924300323,False
2022,October,25,GOODHUE,1385,2585,643338.0,2022-10-01,0.15755460874260252,False,0.1610113628627036,False,0.7963327140971995,False
2022,November,25,GOODHUE,1393,2604,660681.0,2022-11-01,0.18642647499138154,False,0.19439766883073417,False,0.9752716432128342,False
2022,December,25,GOODHUE,1400,2616,566766.0,2022-12-01,0.21026349178287143,False,0.20940758306867804,False,-0.05938479143120059,False
2023,January,25,GOODHUE,1432,2697,670158.0,2023-01-01,0.3551496951288352,False,0.40836948972471343,False,1.0713363805082543,False
2023,February,25,GOODHUE,1427,2679,666380.0,2023-02-01,0.30929685306373617,False,0.34730440350727015,False,1.0301202509222385,False
2023,March,25,GOODHUE,1448,2710,685168.0,2023-03-01,0.3855375531237116,False,0.39449999858762724,False,1.194041535137948,False
2023,April,25,GOODHUE,1371,2559,345333.0,2023-04-01,-0.02931910529621399,False,-0.04065967610943843,False,-3.5030736722514275,True
2023,May,25,GOODHUE,1367,2569,347153.0,2023-05-01,-0.05393231740939447,False,-0.0143633465058326,False,-3.467619113428154,False
2023,June,25,GOODHUE,1359,2521,342693.0,2023-06-01,-0.09349254811582035,False,-0.1480989673178374,False,-3.061832749976931,False
2023,July,25,GOODHUE,1378,2566,354195.0,2023-07-01,8.690106549450239e-05,False,-0.028809161302206166,False,-2.492337127909531,False
2023,August,25,GOODHUE,1366,2517,338295.0,2023-08-01,-0.07602756286123821,False,-0.15880531877209475,False,-2.413006977666319,False
2023,September,25,GOODHUE,1330,2422,336159.0,2023-09-01,-0.25603824648924484,False,-0.41820785937058014,False,-1.7957729598645815,False
2023,October,25,GOODHUE,1337,2420,358217.0,2023-10-01,-0.22065787312254603,False,-0.42377763673084606,False,-0.5311529443150445,False
2023,November,25,GOODHUE,1339,2402,354673.0,2023-11-01,-0.17634431588813826,False,-0.4492435998769888,False,-0.028983455302191544,False
2023,December,25,GOODHUE,1360,2442,364690.0,2023-12-01,-0.04444921668029097,False,-0.32474333948420536,False,0.19240567599939398,False
2024,January,25,GOODHUE,1367,2499,368208.0,2024-01-01,0.002466179268944759,False,-0.10953216388416016,False,0.25715964584203543,False
2024,February,25,GOODHUE,1347,2476,357076.0,2024-02-01,-0.09687287699164567,False,-0.11608439132735211,False,0.05009309032897279,False
2024,March,25,GOODHUE,1376,2529,370030.52,2024-03-01,0.06399709313118343,False,0.05626320834614293,False,0.2904629448095042,False
2024,April,25,GOODHUE,1382,2534,374355.0,2024-04-01,0.09332322628520619,False,0.06958009322471309,False,0.36883326931588856,False
2024,May,25,GOODHUE,1375,2487,370709.0,2024-05-01,0.05909698394364328,False,-0.05664895408639342,False,0.27549840890403887,False
2024,June,25,GOODHUE,1379,2478,371919.0,2024-06-01,0.07867609783659131,False,-0.04067032867519846,False,0.2639465889956172,False
2024,July,25,GOODHUE,1385,2522,373972.0,2024-07-01,0.09063736944074118,False,0.10644591865553517,False,0.2299203401974554,False
2024,August,25,GOODHUE,1389,2509,387701.0,2024-08-01,0.11007542323936582,False,0.07160181176032218,False,0.3803265214514629,False
2024,September,25,GOODHUE,1381,2470,378494.0,2024-09-01,0.04901217820068112,False,-0.034023715535222605,False,0.16918760909897693,False
2024,October,25,GOODHUE,1361,2424,373562.89,2024-10-01,-0.07142801147571043,False,-0.1607717261870641,False,0.05790521131390965,False
2024,November,25,GOODHUE,1342,2416,370274.9,2024-11-01,-0.16618372878176282,False,-0.18306005708340192,False,-0.01889293485354666,False
2024,December,25,GOODHUE,1363,2423,366546.77,2024-12-01,-0.061530724300015716,False,-0.16355374313720936,False,-0.08714929649275123,False
2025,January,25,GOODHUE,1365,2421,365165.83,2025-01-01,-0.05164793864918983,False,-0.1691212217859607,False,-0.11260854346872924,False
2025,February,25,GOODHUE,1364,2396,359965.0,2025-02-01,-0.056587521440439464,False,-0.22416161898161954,False,-0.20936378175938508,False
2025,March,25,GOODHUE,1362,2400,364317.0,2025-03-01,-0.06647755253788568,False,-0.20473619747291621,False,-0.12830554140078387,False
2025,April,25,GOODHUE,1347,2368,360922.0,2025-04-01,-0.11406967172917722,False,-0.22096148201624521,False,-0.19145542473929864,False
2025,May,25,GOODHUE,1350,2383,359307.0,2025-05-01,-0.0720064897446406,False,-0.11362321515681417,False,-0.2067631538237737,False
2025,June,25,GOODHUE,1340,2393,372939.0,2025-06-01,-0.11717676872585008,False,-0.08121485560145647,False,0.08248406627266311,False
2025,July,25,GOODHUE,1348,2380,371142.0,2025-07-01,-0.07211267579073787,False,-0.10818849093982484,False,0.04990493581330261,False
2025,August,25,GOODHUE,1346,2398,367187.0,2025-08-01,-0.07717145243629993,False,-0.028020251824930748,False,-0.02235731555035569,False
2025,September,25,GOODHUE,1361,2387,372706.0,2025-09-01,0.027348104156870917,False,-0.033809009096277945,False,0.1065114550418602,False
2025,October,25,GOODHUE,1352,2345,378431.0,2025-10-01,-0.017370291686456263,False,-0.1478721150123099,False,0.209330967166948,False
2025,November,25,GOODHUE,1343,2319,375963.0,2025-11-01,-0.04002794607128048,False,-0.21600589742854148,False,0.16519839120364893,False
2025,December,25,GOODHUE,1358,2360,381170.0,2025-12-01,0.034834087672706335,False,-0.08515996358427595,False,0.2579738373753307,False
2026,January,25,GOODHUE,1390,2371,377489.0,2026-01-01,0.19181571874686681,False,-0.03969089335478956,False,0.15050369745706885,False
2026,February,25,GOODHUE,1391,2385,375870.0,2026-02-01,0.19666300605573792,False,0.009902775095605752,False,0.0712001443722025,False
2026,March,25,GOODHUE,1381,2324,368004.0,2026-03-01,0.1480326584130114,False,-0.16478115477694505,False,-0.08774262557215969,False
2022,January,27,HENNEPIN,59145,108039,25212133.0,2022-01-01,,False,,False,,False
2022,February,27,HENNEPIN,59682,109583,26787450.0,2022-02-01,,False,,False,,False
2022,March,27,HENNEPIN,61543,112716,26445235.75,2022-03-01,,False,,False,,False
2022,April,27,HENNEPIN,60651,110679,26094566.47,2022-04-01,,False,,False,,False
2022,May,27,HENNEPIN,60793,110550,26232462.01,2022-05-01,0.07008852972843345,False,0.025696333797354868,False,-0.009469396020840808,False
2022,June,27,HENNEPIN,61059,110995,26038515.0,2022-06-01,0.04522101860241706,False,0.02709609280692235,False,-0.05005372428668911,False
2022,July,27,HENNEPIN,61104,111069,26072021.0,2022-07-01,0.04230356400133313,False,0.02765840702810748,False,-0.023605034749699827,False
2022,August,27,HENNEPIN,61319,111000,26373111.0,2022-08-01,0.0581078654829222,False,0.01953389341694831,False,0.07161744238680015,False
2022,September,27,HENNEPIN,61467,111584,25196167.49,2022-09-01,0.059643813154693165,False,0.045312724772575155,False,-0.25408739400191593,False
2022,October,27,HENNEPIN,62088,113791,30116456.0,2022-10-01,0.11272144367776203,False,0.1678024865355806,False,0.9668594401723436,False
2022,November,27,HENNEPIN,62069,114013,30079436.0,2022-11-01,0.10817252488955528,False,0.18079676001941186,False,0.9407882986604541,False
2022,December,27,HENNEPIN,62543,114876,27065012.62,2022-12-01,0.1570007557684786,False,0.23150715428392374,False,0.2107420852637347,False
2023,January,27,HENNEPIN,63025,115851,30108039.76,2023-01-01,0.1969368995423021,False,0.2864169327786148,False,0.9113906245122269,False
2023,February,27,HENNEPIN,63042,115900,30330689.0,2023-02-01,0.1787806035265133,False,0.27157221968551243,False,0.9338421441714307,False
2023,March,27,HENNEPIN,63481,116866,30778192.35,2023-03-01,0.21328945226411244,False,0.2779148663627211,False,1.0326318417785156,False
2023,April,27,HENNEPIN,60639,111014,19126197.0,2023-04-01,-0.12434411530277853,False,-0.10059559818573785,False,-2.254411207518688,False
2023,May,27,HENNEPIN,61602,112190,19072249.1,2023-05-01,-0.01807104655158941,False,-0.029520507041451517,False,-2.273463229029046,False
2023,June,27,HENNEPIN,61685,112352,19043069.99,2023-06-01,-0.016388156190757647,False,-0.03805392524997908,False,-1.9187714252161092,False
2023,July,27,HENNEPIN,61696,112485,19041758.0,2023-07-01,-0.01972631398179184,False,-0.034940388576811504,False,-1.9092965752467002,False
2023,August,27,HENNEPIN,61836,112671,19125206.12,2023-08-01,-0.005039547535579993,False,-0.027786378112784067,False,-1.828345301002255,False
2023,September,27,HENNEPIN,61173,111595,18874000.0,2023-09-01,-0.08539219218775519,False,-0.09808157235865482,False,-1.3947446610029006,False
2023,October,27,HENNEPIN,61639,112262,20246670.44,2023-10-01,-0.0342060882526254,False,-0.05788726868112503,False,-0.4313032068058349,False
2023,November,27,HENNEPIN,60911,110953,19925156.0,2023-11-01,-0.09401450427437279,False,-0.09806660189060258,False,0.08403185203337646,False
2023,December,27,HENNEPIN,60866,110639,19897552.09,2023-12-01,-0.09075396249996351,False,-0.10762016885778163,False,0.1286656142738412,False
2024,January,27,HENNEPIN,59830,109206,19525960.85,2024-01-01,-0.20342976883922642,False,-0.18885900760085217,False,0.006185609665598459,False
2024,February,27,HENNEPIN,59293,108126,19271768.95,2024-02-01,-0.25970050986473225,False,-0.2510292869567954,False,-0.018620647658030957,False
2024,March,27,HENNEPIN,59535,108299,19376223.82,2024-03-01,-0.20663472783563927,False,-0.22014895881814275,False,0.06203117831616747,False
2024,April,27,HENNEPIN,60214,108960,19756441.14,2024-04-01,-0.09210122421248003,False,-0.14356899185998376,False,0.1931056349244296,False
2024,May,27,HENNEPIN,60593,109362,19653067.27,2024-05-01,-0.04978048012005549,False,-0.11687621088625764,False,0.11391909193863552,False
2024,June,27,HENNEPIN,60393,108776,19564251.82,2024-06-01,-0.05511282522610291,False,-0.12409976546797584,False,0.039176254580531956,False
2024,July,27,HENNEPIN,60326,108344,19727338.76,2024-07-01,-0.044947009861843544,False,-0.10223110305492902,False,0.06260012616568837,False
2024,August,27,HENNEPIN,60566,108575,19784043.12,2024-08-01,0.008143710858463117,False,-0.04389986956310878,False,0.06007765804711045,False
2024,September,27,HENNEPIN,60642,108129,19700908.68,2024-09-01,0.01810517268853119,False,-0.059243931637843146,False,0.0036782905266915474,False
2024,October,27,HENNEPIN,61326,108969,20197735.26,2024-10-01,0.09375702748881888,False,0.006256982128179062,False,0.16346768378050824,False
2024,November,27,HENNEPIN,61293,108888,19957872.6,2024-11-01,0.09012657258510343,False,0.001241398423364597,False,0.08288652015145746,False
2024,December,27,HENNEPIN,61180,108230,19722578.59,2024-12-01,0.07768019224181158,False,-0.03741203978084869,False,0.002893648527500385,False
2025,January,27,HENNEPIN,59890,106112,18912981.7,2025-01-01,-0.06605872815306765,False,-0.16100711454554303,False,-0.279012859307342,False
2025,February,27,HENNEPIN,59921,105954,18934173.69,2025-02-01,-0.0625683722707239,False,-0.15763745377485913,False,-0.27145932042377513,False
2025,March,27,HENNEPIN,60239,106466,19081017.53,2025-03-01,-0.026867984338281185,False,-0.125122491222547,False,-0.21935033224483608,False
2025,April,27,HENNEPIN,60982,107648,19231102.17,2025-04-01,0.055815957779614095,False,-0.05065191463413847,False,-0.16650407730798247,False
2025,May,27,HENNEPIN,61097,107838,19154901.1,2025-05-01,0.05737363190874493,False,-0.028024341063388858,False,-0.18137625085454148,False
2025,June,27,HENNEPIN,61348,108163,19286481.0,2025-06-01,0.08230026249423422,False,-0.001028110285808843,False,-0.11992611564815053,False
2025,July,27,HENNEPIN,61265,107905,19343018.0,2025-07-01,0.0500840882373697,False,-0.015047573252419058,False,-0.051957034990206694,False
2025,August,27,HENNEPIN,60981,107717,19302210.0,2025-08-01,-0.006464380695382434,False,-0.018755425182642397,False,-0.004373179146276129,False
2025,September,27,HENNEPIN,60806,107193,19214835.7,2025-09-01,-0.02584832854584639,False,-0.042558582651643966,False,-0.02785224353388926,False
2025,October,27,HENNEPIN,60736,107234,19761306.33,2025-10-01,-0.03361753232722805,False,-0.034098333952010985,False,0.1737456017324849,False
2025,November,27,HENNEPIN,59530,104733,19168846.0,2025-11-01,-0.16248538032355425,False,-0.18732561539242382,False,-0.031568430302530655,False
2025,December,27,HENNEPIN,59146,103564,19034068.0,2025-12-01,-0.19638712097042074,False,-0.24787791522361963,False,-0.06660921224628019,False
2026,January,27,HENNEPIN,58703,102070,18506909.39,2026-01-01,-0.23351947547706753,False,-0.3316033074961938,False,-0.24511579812752524,False
2026,February,27,HENNEPIN,58751,101965,18610560.07,2026-02-01,-0.2280066022645801,False,-0.33854543135136056,False,-0.2074448239807121,False
2026,March,27,HENNEPIN,58983,102221,18701224.13,2026-03-01,-0.20142438399009138,False,-0.3216323815665226,False,-0.17466535397602823,False
2022,January,28,HOUSTON,469,888,194444.0,2022-01-01,,False,,False,,False
2022,February,28,HOUSTON,451,859,193973.0,2022-02-01,,False,,False,,False
2022,March,28,HOUSTON,461,878,198500.0,2022-03-01,,False,,False,,False
2022,April,28,HOUSTON,462,888,193336.0,2022-04-01,,False,,False,,False
2022,May,28,HOUSTON,466,894,202171.0,2022-05-01,0.06531375789772549,False,0.08352098554999475,False,0.27102814410330955,False
2022,June,28,HOUSTON,466,899,203906.0,2022-06-01,0.05802186316506458,False,0.0829468250811903,False,0.3204863872660245,False
2022,July,28,HOUSTON,469,912,200762.0,2022-07-01,0.07220211438500249,False,0.17967766107177258,False,0.14605195084951716,False
2022,August,28,HOUSTON,478,916,201972.0,2022-08-01,0.17112968655990762,False,0.20916404682856707,False,0.11695753918553314,False
2022,September,28,HOUSTON,485,916,191863.0,2022-09-01,0.2689863252321161,False,0.18647898371726357,False,-0.26759327333316335,False
2022,October,28,HOUSTON,495,949,232264.0,2022-10-01,0.40636378278292484,False,0.40226010632658715,False,1.0595371330664096,False
2022,November,28,HOUSTON,493,948,229823.0,2022-11-01,0.35751562905459094,False,0.3763680174307767,False,0.9500614151586925,False
2022,December,28,HOUSTON,490,939,195514.0,2022-12-01,0.2948336161948561,False,0.2933070800335382,False,-0.17866159417049138,False
2023,January,28,HOUSTON,494,921,226106.0,2023-01-01,0.3495600827466323,False,0.11452943627145812,False,0.840081087144274,False
2023,February,28,HOUSTON,478,888,224768.0,2023-02-01,0.06396925187871871,False,-0.19442085395017283,False,0.7415698629868701,False
2023,March,28,HOUSTON,476,889,220317.0,2023-03-01,-0.02822179849475754,False,-0.1868379414033382,False,0.5830751306239093,False
2023,April,28,HOUSTON,460,847,113545.0,2023-04-01,-0.2583507295242264,False,-0.5128968190750732,False,-3.9200818490966607,True
2023,May,28,HOUSTON,448,823,111447.0,2023-05-01,-0.4362511517151142,False,-0.7065464832520707,False,-4.045875605057924,True
2023,June,28,HOUSTON,466,870,109821.0,2023-06-01,-0.17112968655990762,False,-0.3323915736213276,False,-4.141687274665264,True
2023,July,28,HOUSTON,457,855,104971.0,2023-07-01,-0.30238788268644096,False,-0.4495630204154101,False,-3.891496152539874,True
2023,August,28,HOUSTON,458,845,106185.0,2023-08-01,-0.28767686267824316,False,-0.44277625268501086,False,-3.0792429113938433,False
2023,September,28,HOUSTON,450,824,103563.0,2023-09-01,-0.392162425343678,False,-0.5077363689872791,False,-2.393929781718052,False
2023,October,28,HOUSTON,450,813,119777.0,2023-10-01,-0.3065975820637183,False,-0.5254978250185773,False,-0.4124354890943095,False
2023,November,28,HOUSTON,453,812,118092.0,2023-11-01,-0.14681472070565665,False,-0.4062180765731144,False,0.07558251470032908,False
2023,December,28,HOUSTON,460,839,117610.0,2023-12-01,0.014663066577008384,False,-0.09560102730322978,False,0.10483296933789643,False
2024,January,28,HOUSTON,458,844,120572.0,2024-01-01,-0.014663066577008384,False,-0.015940932956044623,False,0.2863931977751114,False
2024,February,28,HOUSTON,453,829,117541.0,2024-02-01,-0.0738780660694835,False,-0.12479796420116723,False,0.11466777686181479,False
2024,March,28,HOUSTON,461,842,118676.0,2024-03-01,0.05129703349204801,False,0.004031475738954362,False,0.18146503968052083,False
2024,April,28,HOUSTON,474,875,123709.0,2024-04-01,0.23847019635937625,False,0.2710253372832108,False,0.46161591553562814,False
2024,May,28,HOUSTON,464,840,122343.0,2024-05-01,0.0949541438324364,False,-0.003998199565215308,False,0.26809760605385846,False
2024,June,28,HOUSTON,467,856,127581.0,2024-06-01,0.13097498910615168,False,0.11910732182200047,False,0.5350928969417689,False
2024,July,28,HOUSTON,470,876,130730.0,2024-07-01,0.1740741772823594,False,0.2747082244303489,False,0.6691228425240384,False
2024,August,28,HOUSTON,477,884,131827.0,2024-08-01,0.2589176572194872,False,0.33595722645845777,False,0.6777056918982264,False
2024,September,28,HOUSTON,481,880,129815.0,2024-09-01,0.2931555540919342,False,0.30540224781950787,False,0.5205140728877399,False
2024,October,28,HOUSTON,476,878,128844.0,2024-10-01,0.1936849855253423,False,0.27407029326318777,False,0.3983871366041712,False
2024,November,28,HOUSTON,473,860,124698.0,2024-11-01,0.1076129065076711,False,0.07896527613195713,False,0.09115463101746393,False
2024,December,28,HOUSTON,485,888,128275.76,2024-12-01,0.23300891815619904,False,0.23156275688775269,False,0.2176519910658399,False
2025,January,28,HOUSTON,477,870,123506.0,2025-01-01,0.078093776167855,False,0.019639276004629752,False,-0.14186913395370968,False
2025,February,28,HOUSTON,475,858,125313.0,2025-02-01,0.02129255776745616,False,-0.11287832983425065,False,-0.04389967577578608,False
2025,March,28,HOUSTON,488,879,126215.0,2025-03-01,0.18883410150571786,False,0.05003355728228866,False,-0.012115479358317218,False
2025,April,28,HOUSTON,503,910,129135.0,2025-04-01,0.37845584922498515,False,0.2603998685602497,False,0.11796399663105932,False
2025,May,28,HOUSTON,505,896,134732.0,2025-05-01,0.39102827349558483,False,0.14440989036813293,False,0.34952816687886945,False
2025,June,28,HOUSTON,496,887,134929.0,2025-06-01,0.26291533536688844,False,0.06487570608876218,False,0.3261612270671603,False
2025,July,28,HOUSTON,511,923,143826.0,2025-07-01,0.43537087592839346,False,0.3252594468032226,False,0.7343488327541705,False
2025,August,28,HOUSTON,514,927,142436.0,2025-08-01,0.4188006362368349,False,0.3352878613839153,False,0.6688454953818326,False
2025,September,28,HOUSTON,516,926,142979.0,2025-09-01,0.3963181087009355,False,0.31660275303083446,False,0.694509975204482,False
2025,October,28,HOUSTON,514,933,144226.0,2025-10-01,0.2946933862120168,False,0.33685844584180513,False,0.7530814435436446,False
2025,November,28,HOUSTON,501,899,138417.0,2025-11-01,0.020349480239139114,False,0.05273385705854132,False,0.32509223935930104,False
2025,December,28,HOUSTON,500,892,135071.0,2025-12-01,-0.02685921591363238,False,-0.04140574609254431,False,0.012022191822676439,False
2026,January,28,HOUSTON,489,881,131773.0,2026-01-01,-0.1766030047300317,False,-0.12500681633871982,False,-0.16318659756940282,False
2026,February,28,HOUSTON,488,891,133062.0,2026-02-01,-0.1903823762230299,False,-0.04896316985236297,False,-0.09752829714771562,False
2026,March,28,HOUSTON,495,904,135553.0,2026-03-01,-0.09451274197140538,False,0.048628961151470765,False,0.027573812222603303,False
2022,January,29,HUBBARD,987,1975,441790.0,2022-01-01,,False,,False,,False
2022,February,29,HUBBARD,999,2047,457857.0,2022-02-01,,False,,False,,False
2022,March,29,HUBBARD,1000,2024,456681.0,2022-03-01,,False,,False,,False
2022,April,29,HUBBARD,988,2019,455255.0,2022-04-01,,False,,False,,False
2022,May,29,HUBBARD,990,2017,451196.0,2022-05-01,-0.023676777709080464,False,-0.015018983946862602,False,-0.07095437107039725,False
2022,June,29,HUBBARD,1002,2053,457611.0,2022-06-01,0.08118453074748658,False,0.11258484262899215,False,0.03481610765971451,False
2022,July,29,HUBBARD,1003,2049,462928.0,2022-07-01,0.05741609480240114,False,0.09109923242461483,False,0.1021873734569675,False
2022,August,29,HUBBARD,1008,2055,456276.0,2022-08-01,0.060433455550576665,False,0.10247440424713686,False,-0.005984332657203666,False
2022,September,29,HUBBARD,997,2036,428699.0,2022-09-01,-0.016874322887011347,False,0.0017633681264280997,False,-0.4234937292525265,False
2022,October,29,HUBBARD,1019,2072,519760.0,2022-10-01,0.13356872111273252,False,0.11816360592952929,False,0.8786644677783615,False
2022,November,29,HUBBARD,1030,2094,518883.0,2022-11-01,0.20254867308655916,False,0.17120584719535525,False,0.8642817562571239,False
2022,December,29,HUBBARD,1044,2145,465848.0,2022-12-01,0.2901522623894959,False,0.3152743652757502,False,0.13405175586674078,False
2023,January,29,HUBBARD,1075,2229,543251.0,2023-01-01,0.4806011955258583,False,0.5709631391540675,False,1.1639766626429613,False
2023,February,29,HUBBARD,1081,2246,568456.0,2023-02-01,0.5080159661959466,False,0.6123214932008664,False,1.4612050631003517,False
2023,March,29,HUBBARD,1077,2241,567372.0,2023-03-01,0.4629200824166981,False,0.5874395539516963,False,1.4111838865654547,False
2023,April,29,HUBBARD,1030,2148,294655.0,2023-04-01,0.10891839962822902,False,0.27062981803969177,False,-3.0683615201158867,False
2023,May,29,HUBBARD,1027,2148,293279.0,2023-05-01,0.016520197101093002,False,0.20725647654265367,False,-3.099933449528665,False
2023,June,29,HUBBARD,1019,2119,289051.0,2023-06-01,-0.06252317368591433,False,-0.0011028756742962552,False,-2.860175084070328,False
2023,July,29,HUBBARD,985,2045,279262.0,2023-07-01,-0.2911891397383848,False,-0.28075522169367834,False,-2.545581219814398,False
2023,August,29,HUBBARD,960,1971,271451.0,2023-08-01,-0.46441386302853643,False,-0.5292303062426212,False,-1.9227777288494323,False
2023,September,29,HUBBARD,931,1852,247499.0,2023-09-01,-0.6710914164788486,False,-0.9490546796194772,False,-1.6630152184881053,False
2023,October,29,HUBBARD,942,1884,273116.0,2023-10-01,-0.591949175170488,False,-0.8335676422093865,False,-0.6349130823101665,False
2023,November,29,HUBBARD,946,1902,278796.0,2023-11-01,-0.563398867993062,False,-0.7694647310017023,False,-0.2839264339579773,False
2023,December,29,HUBBARD,952,1933,276615.0,2023-12-01,-0.48462334296199006,False,-0.6604735662049267,False,-0.3455930967987276,False
2024,January,29,HUBBARD,954,1948,273666.0,2024-01-01,-0.3298021032784835,False,-0.44742928888556244,False,-0.25272339763121954,False
2024,February,29,HUBBARD,953,1957,280476.0,2024-02-01,-0.1359232862310037,False,-0.17229372520095723,False,0.03489033962495788,False
2024,March,29,HUBBARD,958,1954,288055.0,2024-03-01,0.007070110065221011,False,-0.034370541739064654,False,0.21473349218243046,False
2024,April,29,HUBBARD,981,1968,293597.0,2024-04-01,0.17395422903521185,False,0.04295843881369001,False,0.3432701178715647,False
2024,May,29,HUBBARD,977,1961,292701.0,2024-05-01,0.14642357856918592,False,0.018936536037990125,False,0.32265430786014665,False
2024,June,29,HUBBARD,972,1943,283869.0,2024-06-01,0.11185148852894367,False,-0.0432298026447191,False,0.11599668291630498,False
2024,July,29,HUBBARD,963,1909,273385.0,2024-07-01,0.049171636332470216,False,-0.14670418790454035,False,-0.13782893749564612,False
2024,August,29,HUBBARD,967,1931,284550.0,2024-08-01,0.07710128286484977,False,-0.050427828930234606,False,0.16427723194885557,False
2024,September,29,HUBBARD,982,1940,288143.0,2024-09-01,0.1808193695769778,False,0.006976034139072724,False,0.20216473765659826,False
2024,October,29,HUBBARD,994,1974,283649.0,2024-10-01,0.23102672101624983,False,0.1119190649073429,False,0.03532375215621362,False
2024,November,29,HUBBARD,1012,1990,296381.0,2024-11-01,0.32045369074304597,False,0.15247046734250322,False,0.29354528351733894,False
2024,December,29,HUBBARD,1033,2026,300202.0,2024-12-01,0.4275113899236325,False,0.2543105154948403,False,0.36925144585397063,False
2025,January,29,HUBBARD,1038,2040,296370.0,2025-01-01,0.42538769059956394,False,0.2851989365451916,False,0.2332309394417931,False
2025,February,29,HUBBARD,1047,2049,300037.0,2025-02-01,0.4525110940044042,False,0.3028224443382326,False,0.2738571368801748,False
2025,March,29,HUBBARD,1062,2063,301426.0,2025-03-01,0.5311698567946801,False,0.3298356748937488,False,0.2510500684879465,False
2025,April,29,HUBBARD,1037,1982,294514.0,2025-04-01,0.32629028606707916,False,0.037527497342531135,False,0.03134185600636635,False
2025,May,29,HUBBARD,1034,1998,294219.0,2025-05-01,0.20538245079688197,False,0.06783737595914954,False,0.014065387129479525,False
2025,June,29,HUBBARD,1013,1940,284081.0,2025-06-01,-0.06254365669741303,False,-0.1579721704145393,False,-0.23989221350485163,False
2025,July,29,HUBBARD,1022,1953,295825.28,2025-07-01,-0.006268490424054387,False,-0.11294761298411363,False,0.03334410271618861,False
2025,August,29,HUBBARD,1019,1938,291230.0,2025-08-01,-0.05587898104270654,False,-0.16492577927782442,False,-0.09061500211086457,False
2025,September,29,HUBBARD,1006,1913,287494.0,2025-09-01,-0.14239718750324665,False,-0.2524562056625031,False,-0.17770170657194675,False
2025,October,29,HUBBARD,1002,1917,292938.0,2025-10-01,-0.1692429940866944,False,-0.2383747809238875,False,-0.051172741028395495,False
2025,November,29,HUBBARD,984,1886,284465.0,2025-11-01,-0.2913891891842116,False,-0.34828260037864184,False,-0.24914292721403433,False
2025,December,29,HUBBARD,998,1920,289692.0,2025-12-01,-0.19619607690545568,False,-0.1645700260117969,False,-0.1079680220064821,False
2026,January,29,HUBBARD,1004,1930,288042.0,2026-01-01,-0.10983231286900486,False,-0.05735223220985485,False,-0.128399957979522,False
2026,February,29,HUBBARD,1016,1957,290439.0,2026-02-01,2.934637423196662e-05,False,0.06229482270179353,False,-0.03806585905198305,False
2026,March,29,HUBBARD,1024,1958,291607.0,2026-03-01,0.06281349693311938,False,0.06573878499259911,False,0.017898154240743702,False
2022,January,30,ISANTI,1213,2295,518468.0,2022-01-01,,False,,False,,False
2022,February,30,ISANTI,1211,2287,547692.0,2022-02-01,,False,,False,,False
2022,March,30,ISANTI,1224,2310,536031.0,2022-03-01,,False,,False,,False
2022,April,30,ISANTI,1222,2286,527768.0,2022-04-01,,False,,False,,False
2022,May,30,ISANTI,1216,2260,526488.0,2022-05-01,-0.008262359690694603,False,-0.09184047775486054,False,-0.0687709118641435,False
2022,June,30,ISANTI,1242,2305,526610.0,2022-06-01,0.14258254503888068,False,0.052856169481235,False,-0.014815746012735118,False
2022,July,30,ISANTI,1239,2286,527249.0,2022-07-01,0.10969760604538861,False,-0.014720024586111479,False,0.0007716791892116958,False
2022,August,30,ISANTI,1258,2331,538851.0,2022-08-01,0.19567850941914436,False,0.12848007507733392,False,0.14681255551815278,False
2022,September,30,ISANTI,1277,2393,508785.0,2022-09-01,0.2911985503022194,False,0.2936930235955911,False,-0.24375929347634762,False
2022,October,30,ISANTI,1309,2494,615561.0,2022-10-01,0.45249704774441596,False,0.5606460912828666,False,1.0445364488006106,False
2022,November,30,ISANTI,1353,2606,644723.0,2022-11-01,0.634279987798628,False,0.8421718289710842,False,1.3534217830493611,False
2022,December,30,ISANTI,1364,2635,578360.0,2022-12-01,0.6478103656397468,False,0.9021315738814398,False,0.6174342864022622,False
2023,January,30,ISANTI,1372,2663,656459.0,2023-01-01,0.6790766896596824,False,0.9660956318524256,False,1.4193873688432348,False
2023,February,30,ISANTI,1357,2640,666678.0,2023-02-01,0.5536987048257995,False,0.8697969789499406,False,1.4534885823589623,False
2023,March,30,ISANTI,1373,2671,670388.0,2023-03-01,0.5390545877753669,False,0.8295089889817904,False,1.4909197589648742,False
2023,April,30,ISANTI,1281,2420,352656.0,2023-04-01,-0.06232641763820033,False,-0.06371657649147486,False,-3.098138240136229,False
2023,May,30,ISANTI,1275,2401,338897.0,2023-05-01,-0.10450745448423848,False,-0.15468294957328152,False,-3.3665672245694753,False
2023,June,30,ISANTI,1266,2367,330793.0,2023-06-01,-0.15225047725559704,False,-0.2508397143333218,False,-2.9205993592492026,False
2023,July,30,ISANTI,1259,2322,327970.0,2023-07-01,-0.18961899388911865,False,-0.38025105984319113,False,-2.3445108194332183,False
2023,August,30,ISANTI,1264,2320,336293.0,2023-08-01,-0.16290608768654452,False,-0.3860607070585226,False,-2.013714019391029,False
2023,September,30,ISANTI,1271,2340,336450.0,2023-09-01,-0.1256848659157204,False,-0.32818819415341194,False,-1.5417575515176156,False
2023,October,30,ISANTI,1292,2421,373808.0,2023-10-01,-0.015237953705498927,False,-0.09875393923716597,False,-0.41076066472733697,False
2023,November,30,ISANTI,1288,2407,372372.0,2023-11-01,0.007915222513349501,False,-0.03770882698315972,False,0.17048390592555102,False
2023,December,30,ISANTI,1310,2461,380265.0,2023-12-01,0.13251337317037276,False,0.13142919203654185,False,0.3249405854901977,False
2024,January,30,ISANTI,1260,2419,365041.0,2024-01-01,-0.1297669487323979,False,0.0153714332172546,False,0.04934937989429113,False
2024,February,30,ISANTI,1240,2369,358892.0,2024-02-01,-0.20341750071701933,False,-0.12405457056537704,False,0.0018220242335017288,False
2024,March,30,ISANTI,1256,2397,362357.0,2024-03-01,-0.0906015063804818,False,-0.01965539504657874,False,0.12392298375949944,False
2024,April,30,ISANTI,1262,2377,361729.0,2024-04-01,-0.034610886681955715,False,-0.06211195211571067,False,0.1122231321887519,False
2024,May,30,ISANTI,1277,2381,357845.0,2024-05-01,0.06363465160269306,False,-0.016909421618454917,False,-0.04626030797025714,False
2024,June,30,ISANTI,1287,2378,366628.0,2024-06-01,0.11620701440008954,False,-0.00283224762379223,False,0.11729050484607896,False
2024,July,30,ISANTI,1286,2355,367148.0,2024-07-01,0.09768537351533473,False,-0.06977760060227473,False,0.09444608624216727,False
2024,August,30,ISANTI,1279,2340,359896.0,2024-08-01,0.02641792225302595,False,-0.11285843685969899,False,-0.07085396564665242,False
2024,September,30,ISANTI,1319,2435,368019.0,2024-09-01,0.21282849007193017,False,0.1554520063710304,False,0.07969042186600837,False
2024,October,30,ISANTI,1280,2354,355730.0,2024-10-01,-0.013125637515795669,False,-0.09946875984912655,False,-0.18890451201508193,False
2024,November,30,ISANTI,1255,2316,337625.0,2024-11-01,-0.13030316363322939,False,-0.18236527778951095,False,-0.5017185317523337,False
2024,December,30,ISANTI,1318,2479,362785.0,2024-12-01,0.20771670506030732,False,0.2818637386028387,False,0.013812096982354456,False
2025,January,30,ISANTI,1302,2437,354085.01,2025-01-01,0.1253968426891016,False,0.16665556970320425,False,-0.14991116999604914,False
2025,February,30,ISANTI,1319,2454,363243.0,2025-02-01,0.20492110075184922,False,0.2135247548172461,False,0.04530485965283283,False
2025,March,30,ISANTI,1310,2416,353425.0,2025-03-01,0.14038185722148572,False,0.10263698275910577,False,-0.16249546165026865,False
2025,April,30,ISANTI,1288,2333,351718.0,2025-04-01,0.007854186981528967,False,-0.13305738243623813,False,-0.1721689373691813,False
2025,May,30,ISANTI,1312,2385,358597.0,2025-05-01,0.12704827703460406,False,0.015567274841384897,False,-0.0051148610968106654,False
2025,June,30,ISANTI,1294,2331,353603.0,2025-06-01,-0.005108095734564232,False,-0.14449819577262554,False,-0.10678878754688165,False
2025,July,30,ISANTI,1267,2298,353480.0,2025-07-01,-0.1628859535633179,False,-0.2078643676777845,False,-0.06986922861592652,False
2025,August,30,ISANTI,1296,2380,369850.0,2025-08-01,-0.010360935904822318,False,0.029954827835881076,False,0.27818324813767425,False
2025,September,30,ISANTI,1301,2402,366676.0,2025-09-01,0.010386909112877922,False,0.054961707801900794,False,0.22004896803416232,False
2025,October,30,ISANTI,1292,2334,366826.0,2025-10-01,-0.03381015407784335,False,-0.13866070489585958,False,0.22280764423525268,False
2025,November,30,ISANTI,1304,2348,371189.0,2025-11-01,0.028499757865555347,False,-0.09834034571621401,False,0.27548700679721927,False
2025,December,30,ISANTI,1318,2386,366294.0,2025-12-01,0.08490911393793475,False,0.009900997414829988,False,0.10408522030583624,False
2026,January,30,ISANTI,1286,2330,348356.0,2026-01-01,-0.08074771590447513,False,-0.15022521694439758,False,-0.23884428339136526,False
2026,February,30,ISANTI,1276,2290,348344.0,2026-02-01,-0.11779567495454356,False,-0.21426661489029933,False,-0.23907663524340186,False
2026,March,30,ISANTI,1273,2276,351428.0,2026-03-01,-0.11547941216182851,False,-0.18981786633461853,False,-0.08891335913992324,False
2022,January,31,ITASCA,2329,4259,963176.0,2022-01-01,,False,,False,,False
2022,February,31,ITASCA,2355,4321,1011906.0,2022-02-01,,False,,False,,False
2022,March,31,ITASCA,2385,4404,1029848.0,2022-03-01,,False,,False,,False
2022,April,31,ITASCA,2402,4423,1029565.0,2022-04-01,,False,,False,,False
2022,May,31,ITASCA,2408,4426,1029829.0,2022-05-01,0.1073799204318647,False,0.09775457686663512,False,0.060075882116823784,False
2022,June,31,ITASCA,2403,4378,1019144.0,2022-06-01,0.05069334926636416,False,-0.039929533732105844,False,-0.06861900114320231,False
2022,July,31,ITASCA,2398,4373,1014916.0,2022-07-01,0.012706525368861276,False,-0.027670697099854757,False,-0.06234984651120573,False
2022,August,31,ITASCA,2412,4387,1005277.0,2022-08-01,0.03924782478709489,False,0.013848527734660249,False,-0.0924059625000657,False
2022,September,31,ITASCA,2423,4395,970256.0,2022-09-01,0.06430749034307558,False,0.019210241763334527,False,-0.3175527939756838,False
2022,October,31,ITASCA,2488,4550,1153558.0,2022-10-01,0.2371748844269284,False,0.24601339746215967,False,0.8636642686392901,False
2022,November,31,ITASCA,2509,4593,1179914.0,2022-11-01,0.29244138957065907,False,0.3033011657567017,False,1.0020167212757838,False
2022,December,31,ITASCA,2518,4616,1044478.0,2022-12-01,0.31518022980472027,False,0.33084297160355536,False,0.16561778230371935,False
2023,January,31,ITASCA,2548,4723,1183032.0,2023-01-01,0.38802808160142205,False,0.4784784987480598,False,0.9714876275238788,False
2023,February,31,ITASCA,2562,4761,1227406.0,2023-02-01,0.4123703616865816,False,0.5111056548276387,False,1.1846801103766942,False
2023,March,31,ITASCA,2564,4742,1230781.0,2023-03-01,0.396697402828838,False,0.46733837270582784,False,1.2022744967690453,False
2023,April,31,ITASCA,2406,4418,661833.0,2023-04-01,-0.13671364278347856,False,-0.10536462466843942,False,-3.029830244540575,False
2023,May,31,ITASCA,2393,4358,641943.0,2023-05-01,-0.17324153876494044,False,-0.1975738529273198,False,-3.2356451290150194,False
2023,June,31,ITASCA,2404,4366,640499.0,2023-06-01,-0.1423204593989325,False,-0.1791062786794318,False,-2.6163563418053846,False
2023,July,31,ITASCA,2351,4260,622980.0,2023-07-01,-0.29262518630039763,False,-0.3448471165826349,False,-2.4627282955854843,False
2023,August,31,ITASCA,2354,4254,622915.0,2023-08-01,-0.2840273521215536,False,-0.35435158034412484,False,-2.0710611476645977,False
2023,September,31,ITASCA,2329,4257,616173.0,2023-09-01,-0.35601309408481174,False,-0.3495976743561883,False,-1.6587137063724449,False
2023,October,31,ITASCA,2357,4279,691449.0,2023-10-01,-0.2517051141567149,False,-0.3148377004954861,False,-0.4226969819123017,False
2023,November,31,ITASCA,2317,4204,664745.0,2023-11-01,-0.25132400333563404,False,-0.29489515629793067,False,-0.11802261211806096,False
2023,December,31,ITASCA,2312,4173,658775.0,2023-12-01,-0.247624949797308,False,-0.298700066941473,False,-0.046043550240682386,False
2024,January,31,ITASCA,2299,4215,656764.0,2024-01-01,-0.21908152350158266,False,-0.16330339860402268,False,-0.03624021347147417,False
2024,February,31,ITASCA,2252,4115,640809.0,2024-02-01,-0.30294899953958415,False,-0.24853047944615592,False,-0.17619232868900314,False
2024,March,31,ITASCA,2257,4148,642764.5,2024-03-01,-0.27940429335302314,False,-0.17728813732493917,False,-0.06835186904641534,False
2024,April,31,ITASCA,2262,4130,651515.0,2024-04-01,-0.22849215063948566,False,-0.20186203859821694,False,0.09551890096717937,False
2024,May,31,ITASCA,2252,4135,651096.79,2024-05-01,-0.20925583315898605,False,-0.1602723253788583,False,0.09118787581057762,False
2024,June,31,ITASCA,2244,4084,642491.0,2024-06-01,-0.20855231678774505,False,-0.20409576801503565,False,-0.04630805484448206,False
2024,July,31,ITASCA,2232,4025,634732.0,2024-07-01,-0.21841173517956106,False,-0.26845925468182086,False,-0.12825931449353387,False
2024,August,31,ITASCA,2209,3991,641753.0,2024-08-01,-0.2145431338829182,False,-0.28044844315439077,False,-0.054060168610753155,False
2024,September,31,ITASCA,2170,3859,607619.0,2024-09-01,-0.27248130810317656,False,-0.47640647138239334,False,-0.4227106130654382,False
2024,October,31,ITASCA,2181,3856,616954.0,2024-10-01,-0.22345629332000447,False,-0.46698767097600974,False,-0.31987363748455466,False
2024,November,31,ITASCA,2189,3873,610132.0,2024-11-01,-0.19129573835835012,False,-0.42097634741572326,False,-0.3499993785573397,False
2024,December,31,ITASCA,2193,3857,624975.0,2024-12-01,-0.1669908852692438,False,-0.4111270316505594,False,-0.18256327276868045,False
2025,January,31,ITASCA,2188,3890,617839.0,2025-01-01,-0.15230836263397618,False,-0.2791170962271622,False,-0.25118044534756323,False
2025,February,31,ITASCA,2217,3944,631237.0,2025-02-01,-0.01054483126691552,False,-0.10848582817243514,False,-0.0693773774709579,False
2025,March,31,ITASCA,2225,3967,634386.0,2025-03-01,0.036470556461809765,False,-0.0007316095838216174,False,0.01494337239469436,False
2025,April,31,ITASCA,2194,3911,624335.0,2025-04-01,-0.05812271520853313,False,-0.07626449879327424,False,-0.09093871662542735,False
2025,May,31,ITASCA,2221,3945,626568.0,2025-05-01,0.059493666725081586,False,0.030039224193398356,False,-0.01645244317145428,False
2025,June,31,ITASCA,2221,3940,629016.0,2025-06-01,0.059493666725081586,False,0.021487175374334266,False,0.03488653547091861,False
2025,July,31,ITASCA,2218,3933,623631.0,2025-07-01,0.05038085290928808,False,0.012917314251628086,False,-0.023105845076881504,False
2025,August,31,ITASCA,2232,3956,631895.0,2025-08-01,0.09280237639080768,False,0.058232460619910956,False,0.07772841310122613,False
2025,September,31,ITASCA,2233,3947,623782.0,2025-09-01,0.0836361985410422,False,0.0428738202077214,False,-0.009432312658189649,False
2025,October,31,ITASCA,2264,4027,658505.0,2025-10-01,0.13991485688337488,False,0.15327584709470662,False,0.35595163058383206,False
2025,November,31,ITASCA,2220,3897,644153.0,2025-11-01,0.0015201700796686035,False,-0.0774199542715363,False,0.19527956372890487,False
2025,December,31,ITASCA,2199,3869,635711.0,2025-12-01,-0.06559686319051074,False,-0.12604529359615174,False,0.08456231415194565,False
2026,January,31,ITASCA,2207,3890,629399.0,2026-01-01,-0.041114077689356765,False,-0.08954346504604797,False,-0.007781317345600245,False
2026,February,31,ITASCA,2176,3837,616725.0,2026-02-01,-0.13648396755500372,False,-0.1820497668781028,False,-0.14704192121256723,False
2026,March,31,ITASCA,2179,3832,613691.0,2026-03-01,-0.12719546482478195,False,-0.18142581405381242,False,-0.1684190102049381,False
2022,January,32,JACKSON,303,621,140725.0,2022-01-01,,False,,False,,False
2022,February,32,JACKSON,310,636,148407.0,2022-02-01,,False,,False,,False
2022,March,32,JACKSON,319,663,148786.0,2022-03-01,,False,,False,,False
2022,April,32,JACKSON,320,672,151342.0,2022-04-01,,False,,False,,False
2022,May,32,JACKSON,325,681,157390.0,2022-05-01,0.2215086826794841,False,0.32041282962775786,False,0.38778799084746246,False
2022,June,32,JACKSON,325,684,155319.0,2022-06-01,0.12529772068945147,False,0.2100169658601671,False,0.2898444663797962,False
2022,July,32,JACKSON,335,695,156837.0,2022-07-01,0.3185670278813377,False,0.2720657856195453,False,0.2980019040035125,False
2022,August,32,JACKSON,342,685,151445.0,2022-08-01,0.4471214906223052,False,0.12904735055740407,False,0.004588905322160368,False
2022,September,32,JACKSON,344,667,144718.0,2022-09-01,0.4342104864613214,False,-0.09509991479924855,False,-0.30416593491173527,False
2022,October,32,JACKSON,353,696,174351.0,2022-10-01,0.5557848417688634,False,0.23634534712604577,False,0.9546027193817678,False
2022,November,32,JACKSON,353,694,177509.0,2022-11-01,0.5557848417688634,False,0.17216175303060058,False,1.0733857457898022,False
2022,December,32,JACKSON,362,708,153356.0,2022-12-01,0.7251242797979727,False,0.2618804843050461,False,0.08457832694638706,False
2023,January,32,JACKSON,365,727,189657.0,2023-01-01,0.6787430281570879,False,0.42545301697021115,False,1.4752908099169775,False
2023,February,32,JACKSON,381,781,190762.0,2023-02-01,0.7959086850083164,False,0.8883603934332247,False,1.4292911247722417,False
2023,March,32,JACKSON,378,766,200682.0,2023-03-01,0.6535822237755753,False,0.7088459765493339,False,1.6955316831973177,False
2023,April,32,JACKSON,338,680,92857.0,2023-04-01,-0.20518666170077796,False,-0.14210667366663632,False,-3.5472079497825653,True
2023,May,32,JACKSON,351,710,99151.0,2023-05-01,0.048634893427249914,False,0.14867111037776287,False,-3.104853436494257,False
2023,June,32,JACKSON,344,699,95270.0,2023-06-01,-0.15459288637171045,False,0.03381133260006378,False,-2.7815114661825855,False
2023,July,32,JACKSON,344,685,94813.0,2023-07-01,-0.15459288637171045,False,-0.12178262871265834,False,-1.9740469337803523,False
2023,August,32,JACKSON,346,671,92152.0,2023-08-01,-0.115604338506669,False,-0.260859720895108,False,-1.5309699597318507,False
2023,September,32,JACKSON,349,693,96428.0,2023-09-01,-0.05754085225730414,False,-0.043578854105354205,False,-1.0762741602466936,False
2023,October,32,JACKSON,345,688,102261.0,2023-10-01,-0.13507044148388186,False,-0.09234985473662384,False,-0.4392001594374762,False
2023,November,32,JACKSON,357,711,102998.0,2023-11-01,0.13321929007267694,False,0.13882438337263475,False,0.15259343415273818,False
2023,December,32,JACKSON,351,692,100193.0,2023-12-01,0.019216576209115967,False,-0.11087384862758366,False,-0.033642577560599025,False
2024,January,32,JACKSON,341,678,90181.0,2024-01-01,-0.17517728171277747,False,-0.17641561135967365,False,-0.6748461251084306,False
2024,February,32,JACKSON,358,711,100230.0,2024-02-01,0.20028212648719082,False,0.17757515339662952,False,0.16691862159807258,False
2024,March,32,JACKSON,342,678,93136.0,2024-03-01,-0.10723551773198657,False,-0.14252085369374112,False,-0.3282048118526052,False
2024,April,32,JACKSON,361,694,98236.0,2024-04-01,0.2951776195118691,False,0.038960539573006346,False,0.16603965683637342,False
2024,May,32,JACKSON,364,698,103284.0,2024-05-01,0.31208026604765654,False,0.05328389728990206,False,0.40063412133646437,False
2024,June,32,JACKSON,358,681,99134.0,2024-06-01,0.20028212648719082,False,-0.11278531692299401,False,0.12402437028285689,False
2024,July,32,JACKSON,359,673,100009.0,2024-07-01,0.17079598893125425,False,-0.16798776065800514,False,0.08996102576176901,False
2024,August,32,JACKSON,355,673,101990.0,2024-08-01,0.019214143256005095,False,-0.16798776065800514,False,0.16193534142803195,False
2024,September,32,JACKSON,354,664,101064.0,2024-09-01,-0.03786689642315383,False,-0.2586612695377789,False,0.06458088201813869,False
2024,October,32,JACKSON,342,651,98289.0,2024-10-01,-0.2698095203005727,False,-0.3378631373753683,False,-0.13065484370731625,False
2024,November,32,JACKSON,340,652,97989.0,2024-11-01,-0.3092540771575127,False,-0.27821953679925554,False,-0.1438291062449309,False
2024,December,32,JACKSON,345,661,96302.0,2024-12-01,-0.18269159703995994,False,-0.17102333058828556,False,-0.22512717918631397,False
2025,January,32,JACKSON,329,652,90303.0,2025-01-01,-0.5020411804680672,False,-0.23842556477393106,False,-0.600444411421472,False
2025,February,32,JACKSON,331,673,88919.0,2025-02-01,-0.46128576946260025,False,0.0,False,-0.7046186912426867,False
2025,March,32,JACKSON,335,686,89510.0,2025-03-01,-0.28441723993620777,False,0.12885770293623397,False,-0.6292483802593716,False
2025,April,32,JACKSON,339,681,96144.0,2025-04-01,-0.2045938231071705,False,0.07958794405064296,False,-0.14700822552802195,False
2025,May,32,JACKSON,340,677,96387.0,2025-05-01,-0.06881339267198562,False,0.03991135905445599,False,-0.1214919522415459,False
2025,June,32,JACKSON,321,648,91242.0,2025-06-01,-0.4064194130087562,False,-0.2549434239344209,False,-0.42559125749120275,False
2025,July,32,JACKSON,325,647,97450.0,2025-07-01,-0.3034244719588781,False,-0.22000759676752957,False,0.07695435130612421,False
2025,August,32,JACKSON,328,642,95234.0,2025-08-01,-0.23173322111664918,False,-0.21166871702669088,False,-0.07819526027304476,False
2025,September,32,JACKSON,332,647,94985.0,2025-09-01,-0.1004053874482365,False,-0.09800920898623301,False,-0.08734071810134951,False
2025,October,32,JACKSON,338,653,97993.0,2025-10-01,0.09020278984618167,False,0.010321348609278913,False,0.160556343392826,False
2025,November,32,JACKSON,336,636,97591.0,2025-11-01,0.05029143079172568,False,-0.172487084439929,False,0.13282947318483385,False
2025,December,32,JACKSON,326,620,94731.0,2025-12-01,-0.15288658173297853,False,-0.34407026363285526,False,-0.06779158464759408,False
2026,January,32,JACKSON,324,615,93227.0,2026-01-01,-0.15387737531582235,False,-0.37271493653572285,False,-0.13483532252432562,False
2026,February,32,JACKSON,336,638,96331.0,2026-02-01,0.09068113509677835,False,-0.09953766575612258,False,0.08607997135403893,False
2026,March,32,JACKSON,334,635,97139.0,2026-03-01,0.01014250272511859,False,-0.12607843716696598,False,0.10151725459481871,False
2022,January,33,KANABEC,829,1445,332998.0,2022-01-01,,False,,False,,False
2022,February,33,KANABEC,825,1462,343761.0,2022-02-01,,False,,False,,False
2022,March,33,KANABEC,819,1436,340201.0,2022-03-01,,False,,False,,False
2022,April,33,KANABEC,818,1454,334930.0,2022-04-01,,False,,False,,False
2022,May,33,KANABEC,820,1450,340550.0,2022-05-01,-0.016366387963985863,False,0.002357119315130451,False,0.05957753587755161,False
2022,June,33,KANABEC,837,1484,337811.0,2022-06-01,0.1382387144950231,False,0.15622632988837098,False,-0.04755245988972503,False
2022,July,33,KANABEC,845,1465,344434.0,2022-07-01,0.1818480202161638,False,0.06008558103051058,False,0.10718378409936977,False
2022,August,33,KANABEC,869,1493,355172.0,2022-08-01,0.35005496517101226,False,0.17841325015795795,False,0.29047636498415075,False
2022,September,33,KANABEC,895,1548,345406.0,2022-09-01,0.5323840358999635,False,0.4037695279515453,False,0.0989572803605942,False
2022,October,33,KANABEC,891,1573,407495.0,2022-10-01,0.48591271241927614,False,0.4932687835714768,False,1.2104996712510847,False
2022,November,33,KANABEC,909,1614,411766.0,2022-11-01,0.5883171039087254,False,0.6598066510133086,False,1.2491768977086608,False
2022,December,33,KANABEC,923,1628,365618.0,2022-12-01,0.6589458354715101,False,0.7111167579185003,False,0.4157769771449138,False
2023,January,33,KANABEC,934,1651,417477.0,2023-01-01,0.7067262559043819,False,0.7622557364285667,False,1.3038379949231478,False
2023,February,33,KANABEC,947,1666,441144.0,2023-02-01,0.6734762211531261,False,0.759417353059155,False,1.6596693509104299,False
2023,March,33,KANABEC,952,1659,441662.0,2023-03-01,0.5303946367365022,False,0.5887324571049859,False,1.5640503934774381,False
2023,April,33,KANABEC,891,1525,226309.0,2023-04-01,-0.015089510631867078,False,-0.15489840464150356,False,-3.137724494145331,False
2023,May,33,KANABEC,899,1527,225714.0,2023-05-01,0.04513410373844505,False,-0.14606408772698337,False,-3.155481376255203,False
2023,June,33,KANABEC,878,1517,217328.0,2023-06-01,-0.1442262471826738,False,-0.19035183712164466,False,-2.661692852349547,False
2023,July,33,KANABEC,897,1552,224139.0,2023-07-01,1.672862914744222e-05,False,-0.036600471394104085,False,-2.283632887527318,False
2023,August,33,KANABEC,876,1512,214012.0,2023-08-01,-0.16711023111003345,False,-0.2213028582925975,False,-2.0117192904599457,False
2023,September,33,KANABEC,867,1508,213303.0,2023-09-01,-0.23668677927634363,False,-0.23915859340591422,False,-1.5880391101535747,False
2023,October,33,KANABEC,876,1501,232554.0,2023-10-01,-0.16711023111003345,False,-0.27052032376913904,False,-0.48227114426760886,False
2023,November,33,KANABEC,892,1556,240497.0,2023-11-01,-0.0451634066484242,False,0.07208230004886892,False,0.31833381619816675,False
2023,December,33,KANABEC,886,1562,241329.0,2023-12-01,-0.06430239367704929,False,0.0980246397214114,False,0.34162779486939093,False
2024,January,33,KANABEC,902,1574,246714.0,2024-01-01,0.07889084666548915,False,0.14961188927545263,False,0.49048004869732886,False
2024,February,33,KANABEC,856,1505,229483.53,2024-02-01,-0.27376901519005137,False,-0.1525515845843371,False,0.002154159615031741,False
2024,March,33,KANABEC,860,1506,234433.0,2024-03-01,-0.21962430260009608,False,-0.08892535261203983,False,0.19090655489265274,False
2024,April,33,KANABEC,852,1521,234934.0,2024-04-01,-0.2330761224509409,False,2.329400348124011e-05,False,0.20530565787283092,False
2024,May,33,KANABEC,855,1518,234399.0,2024-05-01,-0.17115821214239632,False,-0.004433121523638217,False,0.09812538110291656,False
2024,June,33,KANABEC,852,1483,236193.0,2024-06-01,-0.1871565157189977,False,-0.15501228516861193,False,0.07807738349900795,False
2024,July,33,KANABEC,864,1484,241888.0,2024-07-01,-0.058140865211696105,False,-0.139341966663257,False,0.21164032830957918,False
2024,August,33,KANABEC,869,1488,242805.0,2024-08-01,0.02719989275021293,False,-0.09892253149215584,False,0.22947354248808338,False
2024,September,33,KANABEC,869,1508,251613.0,2024-09-01,0.02719989275021293,False,0.0044728123267177,False,0.44459651627623487,False
2024,October,33,KANABEC,861,1492,240905.0,2024-10-01,-0.042871817786156986,False,-0.06742660266058666,False,0.07233458425163102,False
2024,November,33,KANABEC,859,1472,242165.0,2024-11-01,-0.027384696966319007,False,-0.15839224302198365,False,0.04090266953561594,False
2024,December,33,KANABEC,896,1560,253936.0,2024-12-01,0.27236967309075366,False,0.23970122681517733,False,0.34939201895608596,False
2025,January,33,KANABEC,886,1531,246639.0,2025-01-01,0.19675228918228668,False,0.11321514071570485,False,0.14492916747639112,False
2025,February,33,KANABEC,919,1603,253067.0,2025-02-01,0.4431382879447924,False,0.42298896587506,False,0.3184675205008958,False
2025,March,33,KANABEC,909,1583,243072.0,2025-03-01,0.3537901612599255,False,0.3316465486027094,False,0.029075114490961545,False
2025,April,33,KANABEC,903,1550,237221.0,2025-04-01,0.27801541743246294,False,0.1628929809269366,False,-0.14803045397927933,False
2025,May,33,KANABEC,891,1529,245397.0,2025-05-01,0.16844235168215835,False,0.07094413733799596,False,0.0805236735705115,False
2025,June,33,KANABEC,877,1491,232961.0,2025-06-01,-0.003524285055192777,False,-0.12302850196178655,False,-0.2828646604785804,False
2025,July,33,KANABEC,870,1489,237191.0,2025-07-01,-0.08838520600335556,False,-0.1320761223660205,False,-0.16149115358821103,False
2025,August,33,KANABEC,868,1464,231902.0,2025-08-01,-0.1038909599584175,False,-0.24620744102485909,False,-0.313596022730083,False
2025,September,33,KANABEC,885,1497,238766.0,2025-09-01,0.026785491957784117,False,-0.09595823151250697,False,-0.10794997860201126,False
2025,October,33,KANABEC,892,1501,246958.0,2025-10-01,0.049276369257291855,False,-0.053297350342727104,False,0.14978757941084642,False
2025,November,33,KANABEC,891,1508,247274.0,2025-11-01,0.01895732928702659,False,-0.030928958642223805,False,0.12821200904243477,False
2025,December,33,KANABEC,884,1515,244525.0,2025-12-01,-0.05314039867368174,False,-0.015393239178353597,False,0.008094315079691236,False
2026,January,33,KANABEC,886,1498,235203.0,2026-01-01,-0.01895732928702659,False,-0.060455532009861555,False,-0.24206795648894874,False
2026,February,33,KANABEC,872,1506,239636.0,2026-02-01,-0.12626641082702336,False,0.0067352405281799884,False,-0.03574659131576193,False
2026,March,33,KANABEC,874,1486,237498.0,2026-03-01,-0.08807000527258486,False,-0.07890684800707055,False,-0.04818167146048802,False
2022,January,34,KANDIYOHI,1986,4381,955790.0,2022-01-01,,False,,False,,False
2022,February,34,KANDIYOHI,1987,4383,962527.0,2022-02-01,,False,,False,,False
2022,March,34,KANDIYOHI,1961,4301,944636.0,2022-03-01,,False,,False,,False
2022,April,34,KANDIYOHI,1929,4239,919848.0,2022-04-01,,False,,False,,False
2022,May,34,KANDIYOHI,1937,4251,923815.0,2022-05-01,-0.12571768674855607,False,-0.14099191894786095,False,-0.18991950929590598,False
2022,June,34,KANDIYOHI,1943,4263,942127.0,2022-06-01,-0.06216633868270922,False,-0.05984396015854498,False,-0.017938868884393784,False
2022,July,34,KANDIYOHI,1946,4281,956566.0,2022-07-01,-0.02068224206836207,False,-0.0015086452941570005,False,0.09361990453640803,False
2022,August,34,KANDIYOHI,1969,4344,931412.0,2022-08-01,0.07921204134708641,False,0.09851455986883605,False,-0.09509059706918885,False
2022,September,34,KANDIYOHI,1974,4300,900892.0,2022-09-01,0.07042693668573188,False,0.014147255025337013,False,-0.31083956778025945,False
2022,October,34,KANDIYOHI,2014,4414,1056491.0,2022-10-01,0.17978685705317954,False,0.17645109031542539,False,0.7727619586469836,False
2022,November,34,KANDIYOHI,2041,4442,1088433.0,2022-11-01,0.255843028783615,False,0.21830888334571336,False,0.96469895985285,False
2022,December,34,KANDIYOHI,2071,4519,977326.0,2022-12-01,0.34049287221130253,False,0.33341859042557026,False,0.22946872701322257,False
2023,January,34,KANDIYOHI,2088,4539,1108956.0,2023-01-01,0.38705853359471476,False,0.32965592099836827,False,1.0421376726103326,False
2023,February,34,KANDIYOHI,2077,4545,1123163.0,2023-02-01,0.35144769973679924,False,0.33856413272686764,False,1.1252629633218825,False
2023,March,34,KANDIYOHI,2085,4510,1128645.0,2023-03-01,0.3773651187527223,False,0.28643292478426835,False,1.1581042448236676,False
2023,April,34,KANDIYOHI,1950,4208,602040.0,2023-04-01,-0.1500879541593487,False,-0.2683950610048925,False,-3.1955146701974124,False
2023,May,34,KANDIYOHI,1973,4246,598204.0,2023-05-01,-0.07103736780656474,False,-0.2077726093993789,False,-3.238629011918187,False
2023,June,34,KANDIYOHI,1998,4280,604569.0,2023-06-01,0.0138492295429642,False,-0.1539894914147361,False,-3.059656840411549,False
2023,July,34,KANDIYOHI,1989,4221,604494.0,2023-07-01,-0.05732229294024898,False,-0.2475944277486429,False,-2.479919944865954,False
2023,August,34,KANDIYOHI,1987,4210,596936.0,2023-08-01,-0.06410459617636348,False,-0.26519078541018687,False,-2.0175469292457957,False
2023,September,34,KANDIYOHI,1929,4093,579382.0,2023-09-01,-0.2638180115434959,False,-0.42092311912178726,False,-1.784522724295441,False
2023,October,34,KANDIYOHI,1907,4091,616032.0,2023-10-01,-0.34114559115626786,False,-0.4085000150973029,False,-0.5575932812567473,False
2023,November,34,KANDIYOHI,1879,3974,603070.0,2023-11-01,-0.3987581290755238,False,-0.47333031524386515,False,-0.08009055576473602,False
2023,December,34,KANDIYOHI,1896,4022,603065.0,2023-12-01,-0.31943094118181,False,-0.34556663498707296,False,-0.016382165971565648,False
2024,January,34,KANDIYOHI,1893,4046,612175.0,2024-01-01,-0.3028810538986139,False,-0.2767384695952709,False,0.09311915176981572,False
2024,February,34,KANDIYOHI,1877,4082,603887.0,2024-02-01,-0.2967437155427098,False,-0.2066034452043085,False,0.0011775671428733857,False
2024,March,34,KANDIYOHI,1913,4085,610873.0,2024-03-01,-0.09264756122857609,False,-0.10662018533817244,False,0.08214652031547069,False
2024,April,34,KANDIYOHI,1912,4066,612186.0,2024-04-01,-0.031600038443149195,False,-0.04298278728557986,False,0.09662852636781151,False
2024,May,34,KANDIYOHI,1937,4112,615691.0,2024-05-01,0.08581340902929742,False,0.039475227204665606,False,0.1271821281285483,False
2024,June,34,KANDIYOHI,1933,4091,633616.0,2024-06-01,0.07187745365854721,False,0.004948643587847358,False,0.3169424293430395,False
2024,July,34,KANDIYOHI,1960,4167,651916.0,2024-07-01,0.16539114664360202,False,0.1290732117474091,False,0.4740061872551805,False
2024,August,34,KANDIYOHI,1973,4209,640479.0,2024-08-01,0.2099580178049132,False,0.19670089692296652,False,0.31204140234584027,False
2024,September,34,KANDIYOHI,1947,4119,630330.0,2024-09-01,0.12052784489497682,False,0.0509449250978511,False,0.19706374861503667,False
2024,October,34,KANDIYOHI,1946,4128,638852.0,2024-10-01,0.11706443018473169,False,0.06566307859213596,False,0.2683300353099974,False
2024,November,34,KANDIYOHI,1926,4089,621275.0,2024-11-01,0.01060006698674623,False,0.0016511612440003542,False,0.08015159514924049,False
2024,December,34,KANDIYOHI,1932,4009,613303.0,2024-12-01,0.008740218178090786,False,-0.13488764149781987,False,-0.056660686955268096,False
2025,January,34,KANDIYOHI,1896,3918,583813.0,2025-01-01,-0.1285469362730738,False,-0.2897172420689437,False,-0.3890427918324255,False
2025,February,34,KANDIYOHI,1867,3864,587313.0,2025-02-01,-0.23245602975436958,False,-0.3833030188352919,False,-0.348726839546569,False
2025,March,34,KANDIYOHI,1850,3809,574095.0,2025-03-01,-0.2941208851765081,False,-0.4799756834510244,False,-0.502263075060349,False
2025,April,34,KANDIYOHI,1872,3899,596838.0,2025-04-01,-0.21442608049936993,False,-0.3224977132913261,False,-0.24021466137260244,False
2025,May,34,KANDIYOHI,1890,3956,595682.0,2025-05-01,-0.14991443038344981,False,-0.22463039878077534,False,-0.25329152275094924,False
2025,June,34,KANDIYOHI,1885,3918,585472.0,2025-06-01,-0.1555438186180432,False,-0.22144905073407203,False,-0.35679710193869413,False
2025,July,34,KANDIYOHI,1886,3921,587692.0,2025-07-01,-0.08856706932241673,False,-0.10479689021497245,False,-0.19593794860068411,False
2025,August,34,KANDIYOHI,1907,3978,603146.0,2025-08-01,0.04968254163903633,False,0.06735952497168596,False,0.07745234454123022,False
2025,September,34,KANDIYOHI,1902,3936,591584.0,2025-09-01,0.031983764756040804,False,-0.004215173942428727,False,-0.053100992418482325,False
2025,October,34,KANDIYOHI,1917,4012,628509.0,2025-10-01,0.08494137780913986,False,0.14183872595700725,False,0.38510528830423385,False
2025,November,34,KANDIYOHI,1878,3932,614529.0,2025-11-01,-0.05362288411266393,False,0.006017373559212675,False,0.23338197129577537,False
2025,December,34,KANDIYOHI,1860,3858,599240.0,2025-12-01,-0.10072342475410169,False,-0.11867171924063802,False,0.06344915919859523,False
2026,January,34,KANDIYOHI,1859,3816,581632.0,2026-01-01,-0.09541974493481091,False,-0.18045808894727766,False,-0.13771500094222913,False
2026,February,34,KANDIYOHI,1855,3797,591519.0,2026-02-01,-0.09561251962190676,False,-0.21411672740814852,False,-0.024022423874679483,False
2026,March,34,KANDIYOHI,1873,3800,596068.0,2026-03-01,-0.030512818566673726,False,-0.20879102638135966,False,0.027650596109845323,False
2022,January,35,KITTSON,148,351,76928.0,2022-01-01,,False,,False,,False
2022,February,35,KITTSON,151,361,80308.0,2022-02-01,,False,,False,,False
2022,March,35,KITTSON,147,358,77133.0,2022-03-01,,False,,False,,False
2022,April,35,KITTSON,146,354,77733.0,2022-04-01,,False,,False,,False
2022,May,35,KITTSON,146,345,75993.0,2022-05-01,-0.06843951224796646,False,-0.21099246241820985,False,-0.1265636238022557,False
2022,June,35,KITTSON,146,340,75428.0,2022-06-01,-0.045728988716379156,False,-0.27138718073435886,False,-0.15076661858026294,False
2022,July,35,KITTSON,148,339,74716.0,2022-07-01,0.0682855414213582,False,-0.26257519392956935,False,-0.20576229957892866,False
2022,August,35,KITTSON,152,348,76795.0,2022-08-01,0.22410699325302236,False,-0.05773216415379255,False,-0.011671299057860133,False
2022,September,35,KITTSON,151,349,76944.0,2022-09-01,0.1571668030375937,False,-0.009567070341338656,False,0.007238355644171994,False
2022,October,35,KITTSON,153,345,86395.0,2022-10-01,0.22262746967780883,False,-0.07752958922657771,False,0.7828143119294175,False
2022,November,35,KITTSON,155,347,86687.0,2022-11-01,0.3096609352960054,False,-0.02900389504431697,False,0.8048711787940713,False
2022,December,35,KITTSON,162,365,77845.0,2022-12-01,0.6057272708394896,False,0.3208017185368426,False,0.0785228293128485,False
2023,January,35,KITTSON,160,360,89041.0,2023-01-01,0.45522646846507825,False,0.21837220783213168,False,0.9766128905680429,False
2023,February,35,KITTSON,162,366,89270.0,2023-02-01,0.47127099133347716,False,0.32955604400493155,False,0.9595317714772983,False
2023,March,35,KITTSON,161,369,93119.0,2023-03-01,0.4076483346923722,False,0.38446815190698236,False,1.2442537139534753,False
2023,April,35,KITTSON,162,368,47382.0,2023-04-01,0.40507056290565835,False,0.36621374293020764,False,-3.3438277774257577,False
2023,May,35,KITTSON,164,372,47008.0,2023-05-01,0.42184018537038764,False,0.43893681937439094,False,-3.3628723608022026,False
2023,June,35,KITTSON,159,356,43107.0,2023-06-01,0.06437177839299767,False,0.029207370130561315,False,-3.5332175930912006,True
2023,July,35,KITTSON,169,389,46859.0,2023-07-01,0.3879005451178355,False,0.5587549168598357,False,-2.6689922215964836,False
2023,August,35,KITTSON,164,374,47125.0,2023-08-01,0.14464735997809833,False,0.21024421379667668,False,-2.365061096060199,False
2023,September,35,KITTSON,173,392,50039.0,2023-09-01,0.461236800409976,False,0.4708820825980207,False,-1.7949594085378902,False
2023,October,35,KITTSON,179,415,60080.0,2023-10-01,0.6691488548128574,False,0.8269775658715007,False,-0.083977089473856,False
2023,November,35,KITTSON,176,395,54407.0,2023-11-01,0.5557848417688634,False,0.46718828636973203,False,-0.026281488939523562,False
2023,December,35,KITTSON,174,391,54939.0,2023-12-01,0.43800773116359204,False,0.3623490026228335,False,0.27994422740592556,False
2024,January,35,KITTSON,175,398,55493.0,2024-01-01,0.4353123250729169,False,0.43646351408815176,False,0.39233816001864985,False
2024,February,35,KITTSON,170,369,51522.0,2024-02-01,0.14023934892873066,False,-0.22281012724973492,False,-0.08269642159538583,False
2024,March,35,KITTSON,175,382,49575.0,2024-03-01,0.2141739732751004,False,0.010108101743590194,False,-0.16133130839280663,False
2024,April,35,KITTSON,171,371,47978.0,2024-04-01,-0.019324094799482452,False,-0.2576388316340114,False,-0.2522721088015369,False
2024,May,35,KITTSON,170,366,48391.0,2024-05-01,-0.0783184310439252,False,-0.3489122135783034,False,-0.194460068792237,False
2024,June,35,KITTSON,164,360,48462.0,2024-06-01,-0.31923689819495465,False,-0.46009604975110324,False,-0.18457116092415773,False
2024,July,35,KITTSON,170,377,48208.0,2024-07-01,-0.0783184310439252,False,-0.14971652925226153,False,-0.22001542487679063,False
2024,August,35,KITTSON,160,360,47668.0,2024-08-01,-0.4847666778341649,False,-0.35469684678350577,False,-0.29599403338843944,False
2024,September,35,KITTSON,160,346,48851.0,2024-09-01,-0.4847666778341649,False,-0.621483034997219,False,-0.13064691543120843,False
2024,October,35,KITTSON,162,357,49433.0,2024-10-01,-0.34284036291697917,False,-0.31270520499052523,False,0.030267270700603664,False
2024,November,35,KITTSON,165,366,48855.0,2024-11-01,-0.20016305614555654,False,-0.07309274492317137,False,-0.03938868891172637,False
2024,December,35,KITTSON,167,363,49914.0,2024-12-01,-0.11938364753546317,False,-0.08281888186928947,False,0.14491835641560874,False
2025,January,35,KITTSON,169,373,51370.0,2025-01-01,0.0201315930613057,False,0.12743968843294087,False,0.33885229693850777,False
2025,February,35,KITTSON,171,376,50058.0,2025-02-01,0.1188014966172397,False,0.18132812420875435,False,0.16434902182258768,False
2025,March,35,KITTSON,173,382,50554.0,2025-03-01,0.19677924371249977,False,0.2878303368953759,False,0.230851637792903,False
2025,April,35,KITTSON,168,379,49632.0,2025-04-01,0.00011808266663161147,False,0.23478943447123182,False,0.10670372451991333,False
2025,May,35,KITTSON,170,384,52005.0,2025-05-01,0.09936875199488504,False,0.3229606246430282,False,0.3817756018941044,False
2025,June,35,KITTSON,163,364,49139.0,2025-06-01,-0.18255288094133792,False,-0.10057785943064461,False,-0.05378344105218525,False
2025,July,35,KITTSON,155,329,43944.0,2025-07-01,-0.5198731677174308,False,-0.7805055550083037,False,-0.8074327452426678,False
2025,August,35,KITTSON,159,349,47122.0,2025-08-01,-0.28869995301777324,False,-0.30147753053006116,False,-0.3364809774099524,False
2025,September,35,KITTSON,165,359,48119.0,2025-09-01,-0.040389704305046674,False,-0.11146496538969097,False,-0.1952630265814869,False
2025,October,35,KITTSON,165,351,46344.0,2025-10-01,-0.040389704305046674,False,-0.26304437811182924,False,-0.44877034268870564,False
2025,November,35,KITTSON,160,340,47131.0,2025-11-01,-0.24667489494972986,False,-0.47718934824367015,False,-0.31507564547161987,False
2025,December,35,KITTSON,156,334,47681.0,2025-12-01,-0.41636937969559823,False,-0.5692448064017852,False,-0.23682155617202078,False
2026,January,35,KITTSON,157,345,48838.0,2026-01-01,-0.33315413469799526,False,-0.3140601332582528,False,0.029297210435875836,False
2026,February,35,KITTSON,155,344,46679.0,2026-02-01,-0.37819957517142905,False,-0.2112748928937104,False,-0.254945656076662,False
2026,March,35,KITTSON,153,341,49094.0,2026-03-01,-0.36209044546727803,False,-0.17517728171277747,False,0.16613789574614554,False
2022,January,36,KOOCHICHING,712,1214,273751.0,2022-01-01,,False,,False,,False
2022,February,36,KOOCHICHING,725,1229,285552.0,2022-02-01,,False,,False,,False
2022,March,36,KOOCHICHING,736,1240,285142.0,2022-03-01,,False,,False,,False
2022,April,36,KOOCHICHING,738,1261,293761.0,2022-04-01,,False,,False,,False
2022,May,36,KOOCHICHING,747,1278,299935.0,2022-05-01,0.1506429950326876,False,0.23346255893085893,False,0.336304948652592,False
2022,June,36,KOOCHICHING,749,1276,295819.0,2022-06-01,0.11793844523017741,False,0.19288049773440302,False,0.23825707593859277,False
2022,July,36,KOOCHICHING,735,1254,292832.0,2022-07-01,-0.018297753980070306,False,0.019074437850694157,False,0.07421993803374617,False
2022,August,36,KOOCHICHING,739,1254,287864.0,2022-08-01,0.027400173089887563,False,0.0,False,-0.1154127535069172,False
2022,September,36,KOOCHICHING,747,1273,277675.0,2022-09-01,0.09078818163150822,False,0.10135026589918503,False,-0.30077360703327033,False
2022,October,36,KOOCHICHING,750,1278,335599.0,2022-10-01,0.10864664435346791,False,0.1277701978374083,False,1.034874250122656,False
2022,November,36,KOOCHICHING,769,1307,328001.0,2022-11-01,0.2726090312966458,False,0.26023953369103836,False,0.8227055612135137,False
2022,December,36,KOOCHICHING,761,1284,287024.0,2022-12-01,0.19760401219946974,False,0.12182113626895573,False,-0.13512366875012033,False
2023,January,36,KOOCHICHING,775,1311,327404.0,2023-01-01,0.28413945246340566,False,0.2301598365905146,False,0.8104177275050469,False
2023,February,36,KOOCHICHING,776,1296,338202.0,2023-02-01,0.2565620767919298,False,0.11275170138913639,False,0.9608934334838651,False
2023,March,36,KOOCHICHING,771,1291,338655.0,2023-03-01,0.20401235767456527,False,0.07348917309609108,False,0.9356954334868729,False
2023,April,36,KOOCHICHING,740,1207,165731.0,2023-04-01,-0.08592323197606518,False,-0.38522329370213637,False,-3.954513329063931,True
2023,May,36,KOOCHICHING,746,1226,170284.0,2023-05-01,-0.03152777587731579,False,-0.27996037707419924,False,-3.7717138596401556,True
2023,June,36,KOOCHICHING,747,1218,169679.0,2023-06-01,-0.022504363160317432,False,-0.31880376944321565,False,-3.4579018567330104,False
2023,July,36,KOOCHICHING,710,1170,155847.0,2023-07-01,-0.35567656477061116,False,-0.5818368882135817,False,-3.145271394312701,False
2023,August,36,KOOCHICHING,711,1175,160240.0,2023-08-01,-0.34619659131969216,False,-0.5530980292271145,False,-2.482762090663455,False
2023,September,36,KOOCHICHING,686,1137,149391.0,2023-09-01,-0.5872873027537246,False,-0.7746477646212508,False,-2.367730769379288,False
2023,October,36,KOOCHICHING,721,1180,174251.0,2023-10-01,-0.2521225419613583,False,-0.397710877860991,False,-0.4329729000538321,False
2023,November,36,KOOCHICHING,692,1146,168996.0,2023-11-01,-0.510624035543455,False,-0.4327030139255275,False,-0.1062811028676152,False
2023,December,36,KOOCHICHING,716,1198,176842.0,2023-12-01,-0.24927540082704072,False,-0.08101148998858408,False,0.2668890347760007,False
2024,January,36,KOOCHICHING,730,1225,180058.0,2024-01-01,-0.004043103714857019,False,0.12498383646271087,False,0.3884490547643899,False
2024,February,36,KOOCHICHING,720,1195,173719.0,2024-02-01,-0.05112819293520195,False,-0.04211802103002782,False,0.1467098243665871,False
2024,March,36,KOOCHICHING,737,1234,182744.0,2024-03-01,0.1525158255206398,False,0.20798682545650427,False,0.4883233726656004,False
2024,April,36,KOOCHICHING,739,1217,175911.0,2024-04-01,0.17077023449741455,False,0.1144957241128765,False,0.23128579978141356,False
2024,May,36,KOOCHICHING,739,1229,184793.0,2024-05-01,0.17077023449741455,False,0.1806237047645812,False,0.4841732009328363,False
2024,June,36,KOOCHICHING,725,1222,182360.0,2024-06-01,0.04193957858370104,False,0.14212788074276617,False,0.31711328468178485,False
2024,July,36,KOOCHICHING,722,1217,177836.0,2024-07-01,0.014009932051321488,False,0.1144957241128765,False,0.10538524081256023,False
2024,August,36,KOOCHICHING,716,1208,179893.0,2024-08-01,-0.051540837802054824,False,0.002998482776440503,False,0.1331779130663896,False
2024,September,36,KOOCHICHING,724,1204,177799.0,2024-09-01,0.02330042934828824,False,-0.04736543722595757,False,0.017499607203724673,False
2024,October,36,KOOCHICHING,719,1197,178838.0,2024-10-01,-0.037362082719692,False,-0.08666226082289503,False,0.038598923584706096,False
2024,November,36,KOOCHICHING,737,1211,179266.0,2024-11-01,0.1291895892023621,False,-0.008296234074076024,False,0.035071534725122956,False
2024,December,36,KOOCHICHING,744,1214,171606.0,2024-12-01,0.17890022197611868,False,2.056095278682335e-05,False,-0.2864881984983715,False
2025,January,36,KOOCHICHING,760,1252,178370.0,2025-01-01,0.2944301807743248,False,0.1994061641339343,False,-0.025735455077508802,False
2025,February,36,KOOCHICHING,757,1232,179645.0,2025-02-01,0.2356464626960797,False,0.09087606720345466,False,0.039204924501970856,False
2025,March,36,KOOCHICHING,774,1246,186839.0,2025-03-01,0.3299600360581406,False,0.15871320503175834,False,0.2871447570981849,False
2025,April,36,KOOCHICHING,762,1234,182172.0,2025-04-01,0.21557711959509065,False,0.09349110134362773,False,0.11652424485104564,False
2025,May,36,KOOCHICHING,768,1254,192567.0,2025-05-01,0.2684102878970001,False,0.1880307669168516,False,0.47563754886029225,False
2025,June,36,KOOCHICHING,743,1235,186744.0,2025-06-01,0.022777954999044225,False,0.08513435153391741,False,0.2685303798747299,False
2025,July,36,KOOCHICHING,737,1218,180513.0,2025-07-01,-0.05914556952948263,False,-0.03574409036062059,False,0.03963399703342231,False
2025,August,36,KOOCHICHING,724,1215,168219.0,2025-08-01,-0.17901885446488852,False,-0.0551319693587111,False,-0.44790423166101134,False
2025,September,36,KOOCHICHING,740,1238,187955.0,2025-09-01,-0.03178244883756557,False,0.07125462049122375,False,0.3121290008539837,False
2025,October,36,KOOCHICHING,747,1267,190826.0,2025-10-01,0.03163641997818217,False,0.18333084617231038,False,0.39100067562243784,False
2025,November,36,KOOCHICHING,751,1256,192282.0,2025-11-01,0.04952668533768305,False,0.11636652776488438,False,0.39516043914737675,False
2025,December,36,KOOCHICHING,738,1223,193073.0,2025-12-01,-0.09963531894414249,False,-0.07398116158629083,False,0.30840242848458965,False
2026,January,36,KOOCHICHING,754,1258,191664.0,2026-01-01,0.04484142294491095,False,0.11618447462036012,False,0.173688563744024,False
2026,February,36,KOOCHICHING,757,1273,193879.0,2026-02-01,0.07158964041803581,False,0.19607091970231055,False,0.22939169461263842,False
2026,March,36,KOOCHICHING,760,1277,196187.0,2026-03-01,0.09823220303731121,False,0.1873337500530999,False,0.2380027717270922,False
2022,January,37,LAC QUI PARLE,223,430,95011.0,2022-01-01,,False,,False,,False
2022,February,37,LAC QUI PARLE,232,461,101789.0,2022-02-01,,False,,False,,False
2022,March,37,LAC QUI PARLE,228,452,102038.0,2022-03-01,,False,,False,,False
2022,April,37,LAC QUI PARLE,228,456,99280.0,2022-04-01,,False,,False,,False
2022,May,37,LAC QUI PARLE,229,451,99899.0,2022-05-01,0.02939002471360567,False,-0.04455462601383764,False,-0.04224632786637048,False
2022,June,37,LAC QUI PARLE,228,446,99225.0,2022-06-01,0.0,False,-0.08993466571454205,False,-0.045661012238553234,False
2022,July,37,LAC QUI PARLE,232,448,99180.0,2022-07-01,0.11679945532729907,False,-0.05236996685422734,False,-0.02775895187631568,False
2022,August,37,LAC QUI PARLE,238,446,98617.0,2022-08-01,0.2882917438046933,False,-0.07502858229987797,False,-0.04519428325368995,False
2022,September,37,LAC QUI PARLE,233,420,91932.0,2022-09-01,0.13099099675754663,False,-0.45676937720729077,False,-0.5167823002239438,False
2022,October,37,LAC QUI PARLE,233,419,103576.0,2022-10-01,0.1162959844007438,False,-0.45035135025535034,False,0.28946316383970366,False
2022,November,37,LAC QUI PARLE,245,457,113240.0,2022-11-01,0.40991155586998396,False,0.1489190976051676,False,0.8892685295057426,False
2022,December,37,LAC QUI PARLE,251,477,102051.0,2022-12-01,0.528744825963903,False,0.4221550128333666,False,0.18567820767259186,False
2023,January,37,LAC QUI PARLE,255,477,122103.0,2023-01-01,0.634967493714,False,0.3996965502599219,False,1.374706483980809,False
2023,February,37,LAC QUI PARLE,262,492,121472.0,2023-02-01,0.8024813008448473,False,0.5781950342422089,False,1.2555901091053805,False
2023,March,37,LAC QUI PARLE,254,483,124303.0,2023-03-01,0.5796816890058839,False,0.45392335112794946,False,1.4027427355046778,False
2023,April,37,LAC QUI PARLE,241,463,58575.0,2023-04-01,0.15544117249398212,False,0.13963341749118408,False,-3.6726594480201693,True
2023,May,37,LAC QUI PARLE,245,477,61713.0,2023-05-01,0.15264539951133788,False,0.3327649157455853,False,-3.3206665428846684,False
2023,June,37,LAC QUI PARLE,256,500,65165.0,2023-06-01,0.350345106222944,False,0.5613811760092754,False,-2.8118107262004353,False
2023,July,37,LAC QUI PARLE,252,511,68277.0,2023-07-01,0.1892508916033399,False,0.5637267481809936,False,-1.7044994308127455,False
2023,August,37,LAC QUI PARLE,248,493,65535.0,2023-08-01,0.0004895840902835547,False,0.22207767277766605,False,-1.4809669912262584,False
2023,September,37,LAC QUI PARLE,254,496,64227.0,2023-09-01,0.12021312113407798,False,0.26291533536688844,False,-1.1520631329954603,False
2023,October,37,LAC QUI PARLE,255,501,75528.0,2023-10-01,0.09286621464881296,False,0.2883642640914326,False,-0.23917740535794263,False
2023,November,37,LAC QUI PARLE,256,496,72058.0,2023-11-01,0.07925083583790614,False,0.11664118866094857,False,0.013035848983792881,False
2023,December,37,LAC QUI PARLE,260,499,73391.0,2023-12-01,0.1568675352979871,False,0.08826340268244276,False,0.2826204934472535,False
2024,January,37,LAC QUI PARLE,251,487,71534.0,2024-01-01,-0.09302304228956715,False,-0.10284348224767059,False,0.13254210513899328,False
2024,February,37,LAC QUI PARLE,253,489,69109.0,2024-02-01,-0.026502981053552598,False,-0.07525653172613868,False,-0.07546161169627902,False
2024,March,37,LAC QUI PARLE,256,487,64117.0,2024-03-01,0.06594707105145384,False,-0.10284348224767059,False,-0.46485451683633194,False
2024,April,37,LAC QUI PARLE,255,471,64627.0,2024-04-01,0.039650741447842024,False,-0.32769763695258225,False,-0.23233729025837946,False
2024,May,37,LAC QUI PARLE,261,495,67470.0,2024-05-01,0.1694614403144786,False,0.006833731032487632,False,0.05803578611891821,False
2024,June,37,LAC QUI PARLE,254,485,66281.0,2024-06-01,-0.026399250921065723,False,-0.1441700076818706,False,-0.16002090275947492,False
2024,July,37,LAC QUI PARLE,257,470,66582.0,2024-07-01,0.0656901627421912,False,-0.33521050045535156,False,-0.12945982989175894,False
2024,August,37,LAC QUI PARLE,260,485,69395.0,2024-08-01,0.1304682843769214,False,-0.08270604500794922,False,0.23442683324343186,False
2024,September,37,LAC QUI PARLE,266,509,71326.0,2024-09-01,0.2706221730932303,False,0.28362945723017047,False,0.2939220109468091,False
2024,October,37,LAC QUI PARLE,265,511,75656.0,2024-10-01,0.23216441011430103,False,0.3100287081512362,False,0.5965658000787163,False
2024,November,37,LAC QUI PARLE,261,494,74125.0,2024-11-01,0.11686838141131217,False,0.08227122078557286,False,0.4586735872515968,False
2024,December,37,LAC QUI PARLE,258,496,72522.0,2024-12-01,-0.012895997680559533,False,0.10946883828151885,False,0.3112103838249347,False
2025,January,37,LAC QUI PARLE,262,496,71329.0,2025-01-01,0.11642010880918184,False,0.10946883828151885,False,0.19933271029093402,False
2025,February,37,LAC QUI PARLE,263,495,69192.0,2025-02-01,0.10302898894443,False,0.047851389996224354,False,-0.005831943487882185,False
2025,March,37,LAC QUI PARLE,264,498,69801.0,2025-03-01,0.08969076364698782,False,0.04747974870126998,False,0.04922634181439973,False
2025,April,37,LAC QUI PARLE,256,495,67985.0,2025-04-01,-0.12996548525033694,False,0.0,False,-0.15813075250782455,False
2025,May,37,LAC QUI PARLE,252,482,64525.0,2025-05-01,-0.23577157640147164,False,-0.17914229687303862,False,-0.5104461030582302,False
2025,June,37,LAC QUI PARLE,251,480,66691.0,2025-06-01,-0.2495877173655291,False,-0.20712988889627987,False,-0.28774804104401225,False
2025,July,37,LAC QUI PARLE,242,472,67794.0,2025-07-01,-0.49488747729808175,False,-0.32025623038155293,False,-0.17710683678669056,False
2025,August,37,LAC QUI PARLE,241,471,69883.0,2025-08-01,-0.5227019497032276,False,-0.3345313679850699,False,0.02759230303081505,False
2025,September,37,LAC QUI PARLE,236,466,65904.0,2025-09-01,-0.637578825059526,False,-0.40636378278292484,False,-0.39144865474765894,False
2025,October,37,LAC QUI PARLE,233,463,65257.0,2025-10-01,-0.6585208113031185,False,-0.4430270623766323,False,-0.4244799687690837,False
2025,November,37,LAC QUI PARLE,223,429,60591.0,2025-11-01,-0.8740625272804533,False,-0.8667459861082929,False,-0.8359610031133391,False
2025,December,37,LAC QUI PARLE,227,425,60992.0,2025-12-01,-0.6884193810681296,False,-0.8330251422880756,False,-0.7226324567898371,False
2026,January,37,LAC QUI PARLE,226,436,61361.0,2026-01-01,-0.5820614473862115,False,-0.5905121652009648,False,-0.6171403497178287,False
2026,February,37,LAC QUI PARLE,224,423,60599.0,2026-02-01,-0.5051949862606142,False,-0.7305086710367722,False,-0.606070392326578,False
2026,March,37,LAC QUI PARLE,227,429,61391.0,2026-03-01,-0.331539040143952,False,-0.592675817777726,False,-0.44518311297676116,False
2022,January,38,LAKE,329,632,143281.0,2022-01-01,,False,,False,,False
2022,February,38,LAKE,334,633,143782.0,2022-02-01,,False,,False,,False
2022,March,38,LAKE,329,601,143653.0,2022-03-01,,False,,False,,False
2022,April,38,LAKE,337,622,140173.0,2022-04-01,,False,,False,,False
2022,May,38,LAKE,344,638,147798.0,2022-05-01,0.24911189712836868,False,0.11733591148455538,False,0.20061025658547454,False
2022,June,38,LAKE,346,648,150834.0,2022-06-01,0.23738520358149418,False,0.16837067680662404,False,0.3290136375967422,False
2022,July,38,LAKE,353,665,149187.0,2022-07-01,0.34203017799079305,False,0.33745223027414645,False,0.25193135549023105,False
2022,August,38,LAKE,348,645,149950.0,2022-08-01,0.21601555022240782,False,0.12647245533456192,False,0.2833126329393886,False
2022,September,38,LAKE,345,642,144765.0,2022-09-01,0.08865370880960666,False,0.06858329375496179,False,-0.04694914460874223,False
2022,October,38,LAKE,348,674,165808.0,2022-10-01,0.0777530223788457,False,0.36968155515874496,False,0.9154170853925162,False
2022,November,38,LAKE,347,685,172741.0,2022-11-01,0.048637410758394735,False,0.4576687441314876,False,1.1217825859937718,False
2022,December,38,LAKE,359,707,155624.0,2022-12-01,0.2675421543669479,False,0.6495392469813979,False,0.34801518611332627,False
2023,January,38,LAKE,362,726,179992.0,2023-01-01,0.31378452786345684,False,0.812464681965395,False,1.2976551185133196,False
2023,February,38,LAKE,369,745,187647.0,2023-02-01,0.4231770896199286,False,0.9551560097829945,False,1.5298331300343575,False
2023,March,38,LAKE,371,755,185034.0,2023-03-01,0.44015612640527063,False,0.9421428313489478,False,1.3982212818698732,False
2023,April,38,LAKE,351,703,95865.0,2023-04-01,0.05773216415379255,False,0.32900204842092357,False,-3.162504627656275,False
2023,May,38,LAKE,343,697,91351.0,2023-05-01,-0.126198218348699,False,0.17148449865905024,False,-3.4878241165262667,False
2023,June,38,LAKE,339,690,91081.0,2023-06-01,-0.20508800655142007,False,-0.009500612258709004,False,-3.507789159551813,True
2023,July,38,LAKE,321,643,87063.0,2023-07-01,-0.5719760226352338,False,-0.5091175721487015,False,-2.643077549025158,False
2023,August,38,LAKE,312,629,83514.0,2023-08-01,-0.7343195950620386,False,-0.6573652979668418,False,-2.2900914453866057,False
2023,September,38,LAKE,304,602,79694.0,2023-09-01,-0.8992799874501073,False,-0.952813987797701,False,-1.9744098665798266,False
2023,October,38,LAKE,310,620,81829.0,2023-10-01,-0.7678797280181674,False,-0.7544173320812542,False,-0.7886537423421318,False
2023,November,38,LAKE,316,625,88115.0,2023-11-01,-0.5903243877289447,False,-0.7003272266524054,False,-0.27537084083535496,False
2023,December,38,LAKE,320,618,88032.0,2023-12-01,-0.4273127093702534,False,-0.7761754154649673,False,-0.2396393537846024,False
2024,January,38,LAKE,313,614,84406.0,2024-01-01,-0.35313849278777526,False,-0.5483483130884403,False,-0.4017108009035789,False
2024,February,38,LAKE,317,632,90337.0,2024-02-01,-0.07382369825220263,False,-0.04208104730233149,False,0.17115609614498514,False
2024,March,38,LAKE,319,620,86804.0,2024-03-01,0.010621640446867236,False,-0.11307344191778466,False,-0.09792871599100772,False
2024,April,38,LAKE,322,647,91512.0,2024-04-01,0.08408407339617487,False,0.21149352948314298,False,0.2988266110934784,False
2024,May,38,LAKE,326,652,92070.0,2024-05-01,0.1671005059613318,False,0.2633385195565793,False,0.33982933017942085,False
2024,June,38,LAKE,323,652,96689.0,2024-06-01,0.1049341672786166,False,0.2633385195565793,False,0.6699968505357826,False
2024,July,38,LAKE,323,650,97180.0,2024-07-01,0.1049341672786166,False,0.24264831928384878,False,0.7041618579972403,False
2024,August,38,LAKE,327,640,92172.0,2024-08-01,0.1876959418104095,False,0.1382344695169703,False,0.3067916696488359,False
2024,September,38,LAKE,317,625,87968.0,2024-09-01,-0.052811169218180944,False,-0.037502372146151125,False,-0.0952507325263197,False
2024,October,38,LAKE,309,611,87643.0,2024-10-01,-0.22466759957332308,False,-0.19006137967067496,False,-0.1202161679170879,False
2024,November,38,LAKE,317,613,88854.0,2024-11-01,-0.052811169218180944,False,-0.16805483486384004,False,-0.02765674060944379,False
2024,December,38,LAKE,313,622,87300.0,2024-12-01,-0.13819205611930716,False,-0.06990435599494327,False,-0.17483102041838602,False
2025,January,38,LAKE,324,652,90571.0,2025-01-01,0.12572000807343534,False,0.24731711175321294,False,0.07327164318878197,False
2025,February,38,LAKE,318,646,89669.0,2025-02-01,-0.0525810300991326,False,0.10519741426238484,False,-0.05878529197972782,False
2025,March,38,LAKE,325,650,92145.0,2025-03-01,0.09382781893553574,False,0.07299281502754927,False,0.1499655372245997,False
2025,April,38,LAKE,326,651,92246.0,2025-04-01,0.07259138562393908,False,0.04671631854293841,False,0.08874184346377813,False
2025,May,38,LAKE,327,636,89338.0,2025-05-01,0.0827617745317929,False,-0.125850319718446,False,-0.14781292383114752,False
2025,June,38,LAKE,322,632,90687.0,2025-06-01,-0.020850093882441734,False,-0.11613172430678202,False,0.04238796996326033,False
2025,July,38,LAKE,308,607,85175.0,2025-07-01,-0.3093030544027396,False,-0.3353929280202784,False,-0.3805595487138518,False
2025,August,38,LAKE,311,612,84842.0,2025-08-01,-0.191682952435337,False,-0.23779566920860293,False,-0.3607543289193786,False
2025,September,38,LAKE,310,611,82840.0,2025-09-01,-0.16072208991910442,False,-0.19006137967067496,False,-0.4910283594969415,False
2025,October,38,LAKE,296,578,81881.0,2025-10-01,-0.4714020063438272,False,-0.5477344220620599,False,-0.5695666095662555,False
2025,November,38,LAKE,286,556,78648.0,2025-11-01,-0.7024177372693908,False,-0.809017089982383,False,-0.8412840216346907,False
2025,December,38,LAKE,278,531,74775.0,2025-12-01,-0.8504113707323646,False,-1.118759297682523,False,-1.122388519773569,False
2026,January,38,LAKE,275,528,73886.0,2026-01-01,-0.9017814057671933,False,-1.102330272241877,False,-1.1199533861597628,False
2026,February,38,LAKE,272,522,74592.0,2026-02-01,-0.8898425886893926,False,-1.065488394099789,False,-0.881668815877797,False
2026,March,38,LAKE,274,510,72776.0,2026-03-01,-0.8080239989010884,False,-1.1944315262797325,False,-0.9541667722623801,False
2022,January,39,LAKE OF THE WOODS,148,295,64282.0,2022-01-01,,False,,False,,False
2022,February,39,LAKE OF THE WOODS,143,285,65555.0,2022-02-01,,False,,False,,False
2022,March,39,LAKE OF THE WOODS,144,290,67644.0,2022-03-01,,False,,False,,False
2022,April,39,LAKE OF THE WOODS,144,283,63746.0,2022-04-01,,False,,False,,False
2022,May,39,LAKE OF THE WOODS,143,285,61670.0,2022-05-01,-0.04667838698664821,False,-0.05845033654591045,False,-0.3459252212829151,False
2022,June,39,LAKE OF THE WOODS,140,281,64063.0,2022-06-01,-0.1886836320260269,False,-0.09500157050232637,False,-0.02301816845864822,False
2022,July,39,LAKE OF THE WOODS,143,287,65703.0,2022-07-01,-0.02333919349332111,False,0.04700367453705231,False,0.15898578318661294,False
2022,August,39,LAKE OF THE WOODS,144,274,61877.0,2022-08-01,0.04667838698664821,False,-0.2645437102188782,False,-0.25719026319568333,False
2022,September,39,LAKE OF THE WOODS,150,288,58990.0,2022-09-01,0.29682260018321843,False,0.07038324733845189,False,-0.567956028881249,False
2022,October,39,LAKE OF THE WOODS,154,278,70563.0,2022-10-01,0.4498333209935465,False,-0.1671412955947946,False,0.6518200436757737,False
2022,November,39,LAKE OF THE WOODS,152,279,70744.0,2022-11-01,0.362234687165203,False,-0.1430088906033179,False,0.6575900523232293,False
2022,December,39,LAKE OF THE WOODS,142,261,56371.0,2022-12-01,-0.09368206152370052,False,-0.5911810861113077,False,-0.8857711344003929,False
2023,January,39,LAKE OF THE WOODS,145,266,64402.0,2023-01-01,0.04635757079595567,False,-0.4400057992789333,False,0.024088544848309794,False
2023,February,39,LAKE OF THE WOODS,140,257,64527.0,2023-02-01,-0.1886836320260269,False,-0.623784814641145,False,0.030877519647220728,False
2023,March,39,LAKE OF THE WOODS,145,278,68728.0,2023-03-01,0.04635757079595567,False,-0.04813606504197246,False,0.4562981408251167,False
2023,April,39,LAKE OF THE WOODS,139,275,37453.0,2023-04-01,-0.23669095212701843,False,-0.08498583161867396,False,-3.6383061940795036,True
2023,May,39,LAKE OF THE WOODS,139,265,35993.0,2023-05-01,-0.2133517586336913,False,-0.32184086565254905,False,-3.9064958620176196,True
2023,June,39,LAKE OF THE WOODS,140,282,38125.0,2023-06-01,-0.16534443853269978,False,0.13247567077999656,False,-3.5183601912473654,True
2023,July,39,LAKE OF THE WOODS,141,277,35813.0,2023-07-01,-0.11767639561294142,False,0.012240758019704057,False,-3.8232250592716697,True
2023,August,39,LAKE OF THE WOODS,145,274,34604.0,2023-08-01,0.09319860155780593,False,-0.04883307179173392,False,-2.6457434779250835,False
2023,September,39,LAKE OF THE WOODS,140,260,34610.0,2023-09-01,-0.16502138666215446,False,-0.4012639781611908,False,-1.6952210013093203,False
2023,October,39,LAKE OF THE WOODS,141,258,35959.0,2023-10-01,-0.023666763791281006,False,-0.4165571703482205,False,-0.5860838842719449,False
2023,November,39,LAKE OF THE WOODS,141,255,35231.0,2023-11-01,0.0,False,-0.38333476432070424,False,-0.4724887890389069,False
2023,December,39,LAKE OF THE WOODS,149,271,37710.0,2023-12-01,0.369681555158739,False,0.13779753534537967,False,0.18021927367104856,False
2024,January,39,LAKE OF THE WOODS,150,268,36139.0,2024-01-01,0.41449899579615984,False,-0.012235313623689875,False,-0.10679089006615343,False
2024,February,39,LAKE OF THE WOODS,150,268,38047.0,2024-02-01,0.41449899579615984,False,-0.037403340876050184,False,0.36067031934867944,False
2024,March,39,LAKE OF THE WOODS,146,257,37667.0,2024-03-01,0.23341429430207,False,-0.31901919599414563,False,0.2929667555042423,False
2024,April,39,LAKE OF THE WOODS,148,263,40684.0,2024-04-01,0.3245643300816177,False,-0.1265515546925032,False,0.8126592016521603,False
2024,May,39,LAKE OF THE WOODS,150,261,40335.0,2024-05-01,0.3208124158450447,False,-0.1400217512048831,False,0.7545503271750376,False
2024,June,39,LAKE OF THE WOODS,157,255,41025.0,2024-06-01,0.50975626714424,False,-0.2708306150535022,False,0.7156472361361987,False
2024,July,39,LAKE OF THE WOODS,145,237,33652.0,2024-07-01,-0.09161615228962268,False,-0.6736644953811497,False,-0.620562941384345,False
2024,August,39,LAKE OF THE WOODS,143,242,33297.0,2024-08-01,-0.18465211007222657,False,-0.49488747729808175,False,-0.6920927898057856,False
2024,September,39,LAKE OF THE WOODS,144,244,34562.0,2024-09-01,-0.13797372308557837,False,-0.40076108165328483,False,-0.44059595029957077,False
2024,October,39,LAKE OF THE WOODS,153,270,36147.0,2024-10-01,0.2682024875675797,False,0.3185326086037422,False,-0.1381644745502925,False
2024,November,39,LAKE OF THE WOODS,157,280,40225.0,2024-11-01,0.3730270516262058,False,0.524104205573663,False,0.5820751393496162,False
2024,December,39,LAKE OF THE WOODS,162,288,40234.0,2024-12-01,0.538201325443661,False,0.6359178220231072,False,0.44082544589241585,False
2025,January,39,LAKE OF THE WOODS,163,275,37271.0,2025-01-01,0.5570465563575562,False,0.32547364996692507,False,-0.10513667280646609,False
2025,February,39,LAKE OF THE WOODS,154,256,36700.0,2025-02-01,0.17634991430365515,False,-0.15561199667698936,False,-0.20926849106143997,False
2025,March,39,LAKE OF THE WOODS,156,252,36736.0,2025-03-01,0.1964790557760407,False,-0.18388593761532493,False,-0.13316133797879576,False
2025,April,39,LAKE OF THE WOODS,149,236,32772.0,2025-04-01,-0.1993387997708818,False,-0.611435283286963,False,-0.8188996066058752,False
2025,May,39,LAKE OF THE WOODS,158,257,39442.0,2025-05-01,0.1936849855253363,False,0.039342372479855406,False,0.4826882506517759,False
2025,June,39,LAKE OF THE WOODS,160,265,39679.0,2025-06-01,0.2129322564728763,False,0.24531257491610697,False,0.5230954591960044,False
2025,July,39,LAKE OF THE WOODS,153,259,37771.0,2025-07-01,-0.08689488206739635,False,0.06518230474244939,False,0.19070728881409033,False
2025,August,39,LAKE OF THE WOODS,153,268,38772.0,2025-08-01,-0.08689488206739635,False,0.25557325466638314,False,0.31506387424491733,False
2025,September,39,LAKE OF THE WOODS,153,269,40716.0,2025-09-01,-0.08689488206739635,False,0.1776160114778895,False,0.5513394344030048,False
2025,October,39,LAKE OF THE WOODS,158,284,42564.0,2025-10-01,0.12861865862813418,False,0.4275340918385699,False,0.7175749971237562,False
2025,November,39,LAKE OF THE WOODS,153,279,43127.0,2025-11-01,-0.15154542414067945,False,0.30815044430310673,False,0.6602146176009305,False
2025,December,39,LAKE OF THE WOODS,155,285,42827.0,2025-12-01,0.00013858355080023088,False,0.4511593349064247,False,0.6131321983101221,False
2026,January,39,LAKE OF THE WOODS,157,280,42420.0,2026-01-01,0.1076129065076711,False,0.33219681558263325,False,0.5487270825214734,False
2026,February,39,LAKE OF THE WOODS,158,280,40459.0,2026-02-01,0.150168252716241,False,0.33219681558263325,False,0.15150547945525178,False
2026,March,39,LAKE OF THE WOODS,155,283,39119.0,2026-03-01,-0.021549594088106857,False,0.35348905196811414,False,-0.16152057184319327,False
2022,January,40,LE SUEUR,599,1230,269257.0,2022-01-01,,False,,False,,False
2022,February,40,LE SUEUR,619,1270,280544.0,2022-02-01,,False,,False,,False
2022,March,40,LE SUEUR,622,1274,288273.0,2022-03-01,,False,,False,,False
2022,April,40,LE SUEUR,633,1301,286853.0,2022-04-01,,False,,False,,False
2022,May,40,LE SUEUR,644,1315,293157.0,2022-05-01,0.2503563124898081,False,0.22408068684887048,False,0.22162690721168937,False
2022,June,40,LE SUEUR,657,1335,300697.0,2022-06-01,0.36867099256789393,False,0.3152201319199147,False,0.3179125119858448,False
2022,July,40,LE SUEUR,666,1342,292909.0,2022-07-01,0.4012756262506504,False,0.27979647003162883,False,0.12426312464592593,False
2022,August,40,LE SUEUR,658,1317,297627.0,2022-08-01,0.2608600425403234,False,0.08238270352261397,False,0.21538786790113396,False
2022,September,40,LE SUEUR,662,1326,284423.0,2022-09-01,0.243665516570356,False,0.09221471945087452,False,-0.14449356940664265,False
2022,October,40,LE SUEUR,667,1359,336402.0,2022-10-01,0.23633034371718767,False,0.22182866186840997,False,1.0414174054435323,False
2022,November,40,LE SUEUR,688,1414,349148.0,2022-11-01,0.3778120486987498,False,0.48411156009047357,False,1.2384518749675117,False
2022,December,40,LE SUEUR,709,1462,321588.0,2022-12-01,0.5130249610992472,False,0.7040005117844964,False,0.630043287779171,False
2023,January,40,LE SUEUR,708,1445,358025.0,2023-01-01,0.49839677545485866,False,0.6022140240042073,False,1.3511385410556898,False
2023,February,40,LE SUEUR,709,1452,362131.0,2023-02-01,0.48237344837698576,False,0.5890406433054375,False,1.3741638248184462,False
2023,March,40,LE SUEUR,713,1453,369966.0,2023-03-01,0.47957249672823093,False,0.5532612068750475,False,1.4328970132722545,False
2023,April,40,LE SUEUR,685,1365,187638.0,2023-04-01,0.18439830390832018,False,0.07211384713994165,False,-3.4073748990018746,False
2023,May,40,LE SUEUR,673,1300,182902.0,2023-05-01,-0.02935956665436965,False,-0.31399682104131343,False,-3.5798037176316497,True
2023,June,40,LE SUEUR,671,1302,183108.0,2023-06-01,-0.07956084172866121,False,-0.3036358359010783,False,-3.4845286006230363,False
2023,July,40,LE SUEUR,703,1316,187457.0,2023-07-01,0.2342166637286894,False,-0.23155118034973113,False,-2.531428575211814,False
2023,August,40,LE SUEUR,669,1293,174623.0,2023-08-01,-0.1738978159622043,False,-0.35038611932275643,False,-2.542131212832815,False
2023,September,40,LE SUEUR,665,1302,180227.0,2023-09-01,-0.21428715820418182,False,-0.3036358359010783,False,-1.8295495481497466,False
2023,October,40,LE SUEUR,651,1295,186706.0,2023-10-01,-0.35758541580383235,False,-0.3399691288352361,False,-0.5930374177605191,False
2023,November,40,LE SUEUR,643,1286,183049.0,2023-11-01,-0.44085807842524044,False,-0.27862018923424,False,-0.16375526270073065,False
2023,December,40,LE SUEUR,641,1272,185129.0,2023-12-01,-0.38760524016851683,False,-0.1931534682130448,False,-0.07075100794454238,False
2024,January,40,LE SUEUR,643,1288,187435.0,2024-01-01,-0.2970868948922099,False,-0.07286336288226394,False,0.054891091497950815,False
2024,February,40,LE SUEUR,629,1248,178271.0,2024-02-01,-0.42526015667704675,False,-0.28030882933993906,False,-0.28321538840810373,False
2024,March,40,LE SUEUR,635,1251,181369.0,2024-03-01,-0.3310791891867896,False,-0.24596064772288612,False,-0.10138273818573136,False
2024,April,40,LE SUEUR,639,1245,181703.0,2024-04-01,-0.19694684948927377,False,-0.2601679824309598,False,-0.050867298007395804,False
2024,May,40,LE SUEUR,648,1234,184310.0,2024-05-01,0.010529435284521303,False,-0.3017138996313908,False,0.04901523762175768,False
2024,June,40,LE SUEUR,650,1226,181875.0,2024-06-01,0.046836745825321435,False,-0.32725499295524696,False,-0.044485538358646985,False
2024,July,40,LE SUEUR,644,1218,183242.0,2024-07-01,-0.015617404083990233,False,-0.32925227540161867,False,0.028807240575622426,False
2024,August,40,LE SUEUR,656,1268,188756.0,2024-08-01,0.12956805749801872,False,0.03487092562518889,False,0.22877849949190462,False
2024,September,40,LE SUEUR,649,1247,188860.0,2024-09-01,0.05731794051023362,False,-0.0670686428116467,False,0.20724049285468388,False
2024,October,40,LE SUEUR,647,1254,184272.0,2024-10-01,0.03653209971541485,False,0.024233575439876517,False,0.018208189211467277,False
2024,November,40,LE SUEUR,648,1250,190013.0,2024-11-01,0.04693302698841339,False,0.0027012347273071132,False,0.22583613311726938,False
2024,December,40,LE SUEUR,642,1239,190014.0,2024-12-01,-0.036596901859047265,False,-0.054174839697354885,False,0.2062726591720198,False
2025,January,40,LE SUEUR,614,1215,176087.0,2025-01-01,-0.3369008704868271,False,-0.17790589742418905,False,-0.30715098284355735,False
2025,February,40,LE SUEUR,611,1194,178934.0,2025-02-01,-0.36988382129614866,False,-0.28729760766737206,False,-0.17937070138896805,False
2025,March,40,LE SUEUR,624,1207,178705.0,2025-03-01,-0.2281081893697625,False,-0.19262910922734927,False,-0.18800844264957708,False
2025,April,40,LE SUEUR,620,1204,178475.0,2025-04-01,-0.2714149192004736,False,-0.1794952953247908,False,-0.19669505179796828,False
2025,May,40,LE SUEUR,626,1194,173364.0,2025-05-01,-0.2065586502727364,False,-0.2001604551033594,False,-0.39267062121851204,False
2025,June,40,LE SUEUR,638,1202,181624.0,2025-06-01,-0.05256423110864228,False,-0.11117831471392922,False,-0.03456823719378094,False
2025,July,40,LE SUEUR,630,1181,179124.0,2025-07-01,-0.10602281203912584,False,-0.19959060726393893,False,-0.12339805654088144,False
2025,August,40,LE SUEUR,633,1187,180117.0,2025-08-01,-0.010496596129384965,False,-0.13486776286502408,False,-0.00945522434328538,False
2025,September,40,LE SUEUR,634,1197,185322.0,2025-09-01,0.026626497271424864,False,-0.04768265468927999,False,0.21079615460652154,False
2025,October,40,LE SUEUR,636,1221,193843.0,2025-10-01,0.04783720657446014,False,0.10009484748340684,False,0.5140072641515072,False
2025,November,40,LE SUEUR,625,1193,184342.0,2025-11-01,-0.06965586718961737,False,-0.056253212295903264,False,0.175033517602438,False
2025,December,40,LE SUEUR,613,1172,188010.0,2025-12-01,-0.16276543935229143,False,-0.15629108403967992,False,0.30792565957903617,False
2026,January,40,LE SUEUR,605,1149,177326.0,2026-01-01,-0.22439582878208325,False,-0.2673576366008312,False,-0.08669047103491791,False
2026,February,40,LE SUEUR,621,1214,189996.0,2026-02-01,-0.04862040929384293,False,0.11195277755396207,False,0.3788008434626706,False
2026,March,40,LE SUEUR,634,1222,189700.0,2026-03-01,0.09089928271159801,False,0.14776281055418436,False,0.3215408385550944,False
2022,January,41,LINCOLN,162,284,63542.0,2022-01-01,,False,,False,,False
2022,February,41,LINCOLN,164,289,67492.0,2022-02-01,,False,,False,,False
2022,March,41,LINCOLN,161,289,66295.0,2022-03-01,,False,,False,,False
2022,April,41,LINCOLN,166,299,64737.0,2022-04-01,,False,,False,,False
2022,May,41,LINCOLN,160,289,67114.0,2022-05-01,-0.12440122113030917,False,0.0,False,0.16301725122536945,False
2022,June,41,LINCOLN,158,285,64935.0,2022-06-01,-0.16758626046615024,False,-0.09368206152370052,False,-0.13980627312266403,False
2022,July,41,LINCOLN,157,283,65616.0,2022-07-01,-0.18938769502513103,False,-0.14101558910626852,False,0.0004650152474955682,False
2022,August,41,LINCOLN,158,273,62860.0,2022-08-01,-0.12607843716696598,False,-0.38279774791606935,False,-0.2894203221348525,False
2022,September,41,LINCOLN,162,281,63153.0,2022-09-01,0.06239024296029619,False,-0.14184260126417664,False,-0.22287032056447575,False
2022,October,41,LINCOLN,162,289,72779.0,2022-10-01,0.04150782329918427,False,0.09368206152370052,False,0.7691932082810632,False
2022,November,41,LINCOLN,163,290,71834.0,2022-11-01,0.062007862882197756,False,0.07005964232996464,False,0.6458562336062801,False
2022,December,41,LINCOLN,166,290,60140.0,2022-12-01,0.16352316030940353,False,0.02321861156811439,False,-0.5877795581248574,False
2023,January,41,LINCOLN,166,298,73656.0,2023-01-01,0.16352316030940353,False,0.20614507701657814,False,0.8148006771919555,False
2023,February,41,LINCOLN,171,320,82230.0,2023-02-01,0.36250514166512676,False,0.6850235500083518,False,1.487610922198959,False
2023,March,41,LINCOLN,173,327,84012.0,2023-03-01,0.4404828887603868,False,0.8305299630474474,False,1.6322182510126593,False
2023,April,41,LINCOLN,166,308,40828.0,2023-04-01,0.1428961846930992,False,0.41643078138763695,False,-3.27623923225687,False
2023,May,41,LINCOLN,167,317,40955.0,2023-05-01,0.18316496101706412,False,0.6100804455646344,False,-3.25529124207447,False
2023,June,41,LINCOLN,168,307,42074.0,2023-06-01,0.1414331719435126,False,0.3829575990850377,False,-2.895907344002045,False
2023,July,41,LINCOLN,75,97,11152.0,2023-07-01,-5.310071884519712,True,-7.43242302616294,True,-9.185467615841263,True
2023,August,41,LINCOLN,73,92,9789.0,2023-08-01,-5.489949211088887,True,-7.785645088477238,True,-5.945538074621991,True
2023,September,41,LINCOLN,101,141,18368.0,2023-09-01,-3.32542663914861,False,-4.930975166275446,True,-2.729564309764231,False
2023,October,41,LINCOLN,133,245,32419.0,2023-10-01,-1.4849388140821198,False,-1.224567459932166,False,-0.789396953001605,False
2023,November,41,LINCOLN,139,257,34224.0,2023-11-01,-1.1894901242512608,False,-0.9033162694996419,False,-0.23210418993676593,False
2023,December,41,LINCOLN,144,262,33785.0,2023-12-01,-0.9527991721242424,False,-0.7738497227569278,False,-0.2643372855842313,False
2024,January,41,LINCOLN,149,294,39288.0,2024-01-01,-0.24069093793348284,False,0.2662928931514313,False,0.08181364603473605,False
2024,February,41,LINCOLN,149,281,37047.0,2024-02-01,0.08580540637703567,False,0.06485617043186417,False,0.05311525933272344,False
2024,March,41,LINCOLN,150,272,35942.0,2024-03-01,0.12502549334838228,False,0.01320570303924134,False,0.045575908657825875,False
2024,April,41,LINCOLN,71,85,9984.0,2024-04-01,-4.393550722715116,True,-6.511346774423289,True,-6.384833446192607,True
2024,May,41,LINCOLN,73,84,10323.0,2024-05-01,-3.9082990360456646,True,-5.174492098382374,True,-4.86638608280488,True
2024,June,41,LINCOLN,83,98,12384.0,2024-06-01,-2.1435384011232337,False,-3.511864013884383,True,-3.221676745188131,False
2024,July,41,LINCOLN,144,264,36849.0,2024-07-01,0.5750846624853948,False,0.5428041107094608,False,0.6220870110360391,False
2024,August,41,LINCOLN,148,265,35560.0,2024-08-01,0.5679640380178002,False,0.27095903597001925,False,0.34082861363477174,False
2024,September,41,LINCOLN,162,298,38196.0,2024-09-01,0.9076214878783481,False,0.9300462288525169,False,0.7841435846517233,False
2024,October,41,LINCOLN,168,297,39400.0,2024-10-01,1.0330977395293577,False,0.8171672548209056,False,0.8207872141279461,False
2024,November,41,LINCOLN,165,291,40781.0,2024-11-01,0.8205141693504423,False,0.6417242567947463,False,0.8879716049611162,False
2024,December,41,LINCOLN,86,98,13244.0,2024-12-01,-3.6516261858155183,True,-6.754201541469752,True,-6.817676442548098,True
2025,January,41,LINCOLN,93,105,14628.0,2025-01-01,-3.12965313972951,False,-6.293388240841669,True,-6.147319644649023,True
2025,February,41,LINCOLN,94,109,15305.0,2025-02-01,-2.254112617732013,False,-5.072951736231638,True,-5.00078451993916,True
2025,March,41,LINCOLN,115,170,23209.0,2025-03-01,-0.025171464758436478,False,0.001943692099576879,False,-0.0068494273767362715,False
2025,April,41,LINCOLN,119,177,23715.0,2025-04-01,0.26824472039445824,False,0.3721120000016278,False,0.2505814419074633,False
2025,May,41,LINCOLN,123,194,26160.0,2025-05-01,0.12471246312705765,False,0.14813890468695065,False,0.15307133877062226,False
2025,June,41,LINCOLN,127,195,28425.0,2025-06-01,0.1271945194260286,False,0.07445124059216893,False,0.2010942200945154,False
2025,July,41,LINCOLN,136,207,29814.0,2025-07-01,0.26582983821786177,False,0.11790734386744062,False,0.1886469411940248,False
2025,August,41,LINCOLN,136,218,31025.0,2025-08-01,0.26582983821786177,False,0.2159405906210544,False,0.2889502625530176,False
2025,September,41,LINCOLN,138,233,30949.0,2025-09-01,0.38846956777636793,False,0.4531976552260457,False,0.3427810663505508,False
2025,October,41,LINCOLN,89,99,13021.0,2025-10-01,-2.268655418694258,False,-2.883246181936418,False,-3.31440709836023,False
2025,November,41,LINCOLN,91,101,13563.0,2025-11-01,-1.5426784256298476,False,-2.0858382274582263,False,-1.8771730267859479,False
2025,December,41,LINCOLN,89,100,14247.0,2025-12-01,-1.1654373748151698,False,-1.4154401159091492,False,-1.209084639614788,False
2026,January,41,LINCOLN,134,214,29810.0,2026-01-01,0.579998771957958,False,0.540988447833081,False,0.580629393737737,False
2026,February,41,LINCOLN,134,212,29301.0,2026-02-01,0.5890582613621851,False,0.5923782823141531,False,0.5520375754762391,False
2026,March,41,LINCOLN,134,214,29546.0,2026-03-01,0.46620673549531233,False,0.6148940670055232,False,0.42321188780560315,False
2022,January,42,LYON,1105,2416,520671.0,2022-01-01,,False,,False,,False
2022,February,42,LYON,1104,2399,532986.0,2022-02-01,,False,,False,,False
2022,March,42,LYON,1102,2397,532665.0,2022-03-01,,False,,False,,False
2022,April,42,LYON,1123,2445,530363.0,2022-04-01,,False,,False,,False
2022,May,42,LYON,1120,2446,539122.0,2022-05-01,0.09391417649660737,False,0.10700851390503884,False,0.09587795297696773,False
2022,June,42,LYON,1141,2488,543154.0,2022-06-01,0.21605049886164157,False,0.19799220162441517,False,0.131528473335037,False
2022,July,42,LYON,1173,2515,555304.0,2022-07-01,0.3570209292339944,False,0.23054254423222942,False,0.2787148832967177,False
2022,August,42,LYON,1187,2567,559877.0,2022-08-01,0.3915477683561545,False,0.3283017360556421,False,0.33200150793967875,False
2022,September,42,LYON,1190,2551,549455.0,2022-09-01,0.39954575828575295,False,0.2847668489104564,False,0.16665754021754325,False
2022,October,42,LYON,1210,2608,646252.0,2022-10-01,0.5028580498558284,False,0.43238297532641623,False,1.222513191826658,False
2022,November,42,LYON,1227,2680,645744.0,2022-11-01,0.5433056920211037,False,0.5586071087064298,False,1.1920806182729908,False
2022,December,42,LYON,1238,2648,571958.0,2022-12-01,0.5498759495819421,False,0.42022150567069994,False,0.34853155271756364,False
2023,January,42,LYON,1227,2657,635108.0,2023-01-01,0.3965244759173256,False,0.40671189306390276,False,1.0160325595762763,False
2023,February,42,LYON,1243,2706,668909.0,2023-02-01,0.35065921610498724,False,0.445622983892258,False,1.2911711815440365,False
2023,March,42,LYON,1248,2714,672208.0,2023-03-01,0.3292300296573354,False,0.39653570179403674,False,1.2609851457121275,False
2023,April,42,LYON,1201,2590,345987.0,2023-04-01,0.005847636033255598,False,0.006722779196591135,False,-3.3184659014211473,False
2023,May,42,LYON,1191,2557,332890.0,2023-05-01,-0.08150713105858826,False,-0.10980691854320258,False,-3.5787485938169366,True
2023,June,42,LYON,1213,2640,348852.0,2023-06-01,0.04184626528194246,False,0.10557395037482956,False,-2.637545427525236,False
2023,July,42,LYON,1197,2616,344471.0,2023-07-01,-0.08114288225383642,False,-0.020462280779864495,False,-2.528674046514754,False
2023,August,42,LYON,1200,2590,338721.0,2023-08-01,-0.0642733444898843,False,-0.09813453511356486,False,-2.3073313490593903,False
2023,September,42,LYON,1206,2587,341000.0,2023-09-01,-0.03066031811652255,False,-0.105948785842762,False,-1.8720328708254776,False
2023,October,42,LYON,1236,2649,385448.0,2023-10-01,0.1349371973679549,False,0.05373412051691094,False,-0.34852304638848314,False
2023,November,42,LYON,1236,2665,386239.0,2023-11-01,0.08792331588610415,False,0.05334822819008363,False,0.35026230983808887,False
2023,December,42,LYON,1228,2639,380238.0,2023-12-01,0.044159983121678036,False,-0.012754826325394094,False,0.2446427897231989,False
2024,January,42,LYON,1239,2637,373956.0,2024-01-01,0.10426163634959053,False,-0.0063890052503322355,False,0.17817255649729197,False
2024,February,42,LYON,1207,2595,367517.0,2024-02-01,-0.07483349585086867,False,-0.11080812053818245,False,0.11720498662190171,False
2024,March,42,LYON,1215,2574,363340.0,2024-03-01,0.027812248478476027,False,-0.1360824309155657,False,0.09868153342923125,False
2024,April,42,LYON,1206,2560,366687.0,2024-04-01,-0.022295286957302967,False,-0.11872821482849219,False,0.19907963010966762,False
2024,May,42,LYON,1215,2551,369945.0,2024-05-01,0.027812248478476027,False,-0.1424735943300225,False,0.09058858958447798,False
2024,June,42,LYON,1228,2581,379003.0,2024-06-01,0.07727808886701018,False,-0.06364527210685765,False,0.2151987897572218,False
2024,July,42,LYON,1205,2547,370966.0,2024-07-01,-0.055698086936930326,False,-0.11938051381918496,False,0.040796706357456906,False
2024,August,42,LYON,1216,2581,374304.0,2024-08-01,0.005544595462238498,False,-0.019562838389397548,False,0.06971560258320904,False
2024,September,42,LYON,1209,2538,360990.0,2024-09-01,-0.0361359271748951,False,-0.12110331705178269,False,-0.21094270121495146,False
2024,October,42,LYON,1230,2564,367361.0,2024-10-01,0.07992183164439215,False,-0.04455621409258781,False,-0.09294087786035479,False
2024,November,42,LYON,1233,2609,368632.0,2024-11-01,0.09633968964892509,False,0.08190661289522722,False,-0.03327652684386511,False
2024,December,42,LYON,1222,2566,371111.0,2024-12-01,0.03594449574022865,False,-0.03014348176533309,False,0.0332163914855251,False
2025,January,42,LYON,1193,2562,358823.0,2025-01-01,-0.12592094675981505,False,-0.02101250033471827,False,-0.19390048134830268,False
2025,February,42,LYON,1197,2525,355321.0,2025-02-01,-0.10059009957309288,False,-0.10597181687945345,False,-0.2378456467713143,False
2025,March,42,LYON,1176,2497,360652.0,2025-03-01,-0.21987320826806517,False,-0.17589645601139992,False,-0.13596824828050538,False
2025,April,42,LYON,1171,2465,360666.0,2025-04-01,-0.23190578344296306,False,-0.25759642365039886,False,-0.13570642273841235,False
2025,May,42,LYON,1176,2471,361011.0,2025-05-01,-0.20319139354617724,False,-0.22933247431417908,False,-0.1292575024365311,False
2025,June,42,LYON,1179,2492,368832.0,2025-06-01,-0.15817220928253498,False,-0.1669845350903816,False,0.08575929386371217,False
2025,July,42,LYON,1152,2448,355596.0,2025-07-01,-0.28068681926881556,False,-0.25536396145060497,False,-0.1607428010515183,False
2025,August,42,LYON,1180,2501,371366.0,2025-08-01,-0.08512001218652733,False,-0.08170387988833093,False,0.19094203956053152,False
2025,September,42,LYON,1214,2601,385453.0,2025-09-01,0.15451986071943774,False,0.23214038589015804,False,0.4420655955815429,False
2025,October,42,LYON,1221,2642,399643.0,2025-10-01,0.19326842850867604,False,0.3375934394524102,False,0.626911883262952,False
2025,November,42,LYON,1234,2674,410601.0,2025-11-01,0.2646447559431477,False,0.41876779262805114,False,0.7977176027943109,False
2025,December,42,LYON,1234,2641,403127.0,2025-12-01,0.2646447559431477,False,0.3350409323263962,False,0.6719810558590747,False
2026,January,42,LYON,1237,2630,390362.0,2026-01-01,0.28100950315386497,False,0.30689941606325727,False,0.45494682713202395,False
2026,February,42,LYON,1242,2629,397921.0,2026-02-01,0.29691688353137347,False,0.30433526473034356,False,0.48893578676257266,False
2026,March,42,LYON,1255,2606,393268.0,2026-03-01,0.31957311572922353,False,0.1451169137715617,False,0.26094738941163653,False
2022,January,44,MAHNOMEN,159,308,70998.0,2022-01-01,,False,,False,,False
2022,February,44,MAHNOMEN,171,334,76076.0,2022-02-01,,False,,False,,False
2022,March,44,MAHNOMEN,174,338,81586.0,2022-03-01,,False,,False,,False
2022,April,44,MAHNOMEN,169,321,77009.0,2022-04-01,,False,,False,,False
2022,May,44,MAHNOMEN,165,318,75855.0,2022-05-01,-0.20004771954049116,False,-0.19661631764477833,False,-0.06073082159563793,False
2022,June,44,MAHNOMEN,158,305,72430.0,2022-06-01,-0.451201613928556,False,-0.34376866202822776,False,-0.3312577469729914,False
2022,July,44,MAHNOMEN,158,304,73844.0,2022-07-01,-0.3709002012089907,False,-0.3342791482734094,False,-0.19103926797178625,False
2022,August,44,MAHNOMEN,164,309,72873.0,2022-08-01,-0.04075541100547293,False,-0.19303384178662403,False,-0.27050744062518844,False
2022,September,44,MAHNOMEN,162,311,70308.0,2022-09-01,-0.1026348225205356,False,-0.05314056561550084,False,-0.4215809855966429,False
2022,October,44,MAHNOMEN,172,330,88385.0,2022-10-01,0.31934958342810726,False,0.39873194014332963,False,1.2123819418115152,False
2022,November,44,MAHNOMEN,167,317,84633.0,2022-11-01,0.1011571141128328,False,0.05365133182292601,False,0.8291866133732803,False
2022,December,44,MAHNOMEN,165,311,73806.0,2022-12-01,0.0,False,-0.12848007507733392,False,-0.18469987355400397,False
2023,January,44,MAHNOMEN,165,303,80231.0,2023-01-01,0.0,False,-0.23944469332866294,False,0.468911616007664,False
2023,February,44,MAHNOMEN,160,300,80303.0,2023-02-01,-0.20628519064468318,False,-0.3063378035824648,False,0.374536610854597,False
2023,March,44,MAHNOMEN,165,313,83266.0,2023-03-01,0.0,False,0.043099188176207726,False,0.5778189733597625,False
2023,April,44,MAHNOMEN,152,293,48738.0,2023-04-01,-0.550053852672911,False,-0.4008109710755532,False,-3.034619436242094,False
2023,May,44,MAHNOMEN,149,296,50267.0,2023-05-01,-0.663244868282904,False,-0.31064504791184216,False,-2.684738400984977,False
2023,June,44,MAHNOMEN,148,297,47434.0,2023-06-01,-0.6468558293483907,False,-0.22248526310402547,False,-2.9836547101428272,False
2023,July,44,MAHNOMEN,151,294,49977.0,2023-07-01,-0.5123995498423782,False,-0.2796927613449848,False,-2.5741406765533608,False
2023,August,44,MAHNOMEN,146,276,47548.0,2023-08-01,-0.7380058651279384,False,-0.6932679170074604,False,-2.1634293389198462,False
2023,September,44,MAHNOMEN,147,273,47418.0,2023-09-01,-0.6095119865919512,False,-0.6673562132705302,False,-1.5425077845557627,False
2023,October,44,MAHNOMEN,140,262,46960.0,2023-10-01,-0.7228026502053437,False,-0.8764982040660331,False,-0.7011172325411489,False
2023,November,44,MAHNOMEN,138,259,46786.0,2023-11-01,-0.6251622674835412,False,-0.9087618201518455,False,-0.46453093985266,False
2023,December,44,MAHNOMEN,133,257,44187.0,2023-12-01,-0.8054751352247935,False,-0.9267236270718396,False,-0.7458483453839909,False
2024,January,44,MAHNOMEN,132,250,45309.0,2024-01-01,-0.788771576284957,False,-1.0780170801618671,False,-0.40869564314975804,False
2024,February,44,MAHNOMEN,140,266,44130.0,2024-02-01,-0.3495218494697948,False,-0.4488796040568214,False,-0.4950699970830778,False
2024,March,44,MAHNOMEN,140,273,46597.0,2024-03-01,-0.30394683158001795,False,-0.03672450082303154,False,-0.11894167264598743,False
2024,April,44,MAHNOMEN,137,269,47906.0,2024-04-01,-0.28560052282631204,False,-0.09919296414349578,False,0.10179149561441243,False
2024,May,44,MAHNOMEN,135,266,45573.0,2024-05-01,-0.24352825631107292,False,-0.12496039460610357,False,-0.23494759125455,False
2024,June,44,MAHNOMEN,140,264,45662.0,2024-06-01,0.0,False,-0.08839648089979414,False,-0.17653746722560856,False
2024,July,44,MAHNOMEN,138,269,45401.0,2024-07-01,-0.09635878163423199,False,0.07536391253435568,False,-0.1890309669759422,False
2024,August,44,MAHNOMEN,145,275,47865.0,2024-08-01,0.2832205936390986,False,0.22361163835249007,False,0.24944668198747816,False
2024,September,44,MAHNOMEN,137,255,44037.0,2024-09-01,-0.09687996339828187,False,-0.2837703378950362,False,-0.31276621859032855,False
2024,October,44,MAHNOMEN,139,263,45895.0,2024-10-01,0.04835146153324044,False,-0.05085823787147743,False,0.04090914726671009,False
2024,November,44,MAHNOMEN,138,256,45269.0,2024-11-01,0.0,False,-0.23211674597511922,False,-0.05172267520302452,False
2024,December,44,MAHNOMEN,140,261,47155.0,2024-12-01,0.09635878163423199,False,-0.1021512607247823,False,0.24291771295812156,False
2025,January,44,MAHNOMEN,147,270,47402.0,2025-01-01,0.39899437680581923,False,0.12565650824020475,False,0.2588235756448517,False
2025,February,44,MAHNOMEN,143,254,43661.0,2025-02-01,0.16600890508987445,False,-0.3101695888161019,False,-0.31940944828711115,False
2025,March,44,MAHNOMEN,142,249,43357.0,2025-03-01,0.11900523055282214,False,-0.41838104761252926,False,-0.3665362775572729,False
2025,April,44,MAHNOMEN,140,245,43929.0,2025-04-01,0.024003660050495767,False,-0.4890659786356996,False,-0.25439038804194253,False
2025,May,44,MAHNOMEN,148,252,46002.0,2025-05-01,0.3722323730013761,False,-0.2614180878281241,False,0.07594764810820709,False
2025,June,44,MAHNOMEN,143,249,47917.0,2025-06-01,0.14200524503937867,False,-0.2512470442625755,False,0.3444601841425861,False
2025,July,44,MAHNOMEN,144,255,48167.0,2025-07-01,0.1411828467748637,False,-0.01314816480180591,False,0.36239426759425214,False
2025,August,44,MAHNOMEN,137,246,44665.0,2025-08-01,-0.26356276198625334,False,-0.24139753245893977,False,-0.1910838516481976,False
2025,September,44,MAHNOMEN,133,239,43997.0,2025-09-01,-0.39095679518301374,False,-0.42211269961238707,False,-0.23855099529934395,False
2025,October,44,MAHNOMEN,134,245,44662.0,2025-10-01,-0.3408078652847014,False,-0.2158061469165685,False,-0.1373676313555767,False
2025,November,44,MAHNOMEN,127,228,42069.0,2025-11-01,-0.6999421157140934,False,-0.6320280822506386,False,-0.44917434475926193,False
2025,December,44,MAHNOMEN,126,231,44016.0,2025-12-01,-0.7528443476887117,False,-0.5040103190915892,False,-0.09849776882791507,False
2026,January,44,MAHNOMEN,131,233,45182.0,2026-01-01,-0.49238727800683973,False,-0.4053981876805836,False,0.12721231373853856,False
2026,February,44,MAHNOMEN,131,236,45628.0,2026-02-01,-0.3723568156479806,False,-0.26507711825328434,False,0.19346554430655724,False
2026,March,44,MAHNOMEN,132,242,45909.0,2026-03-01,-0.17479737362054923,False,-0.08276177453178689,False,0.185514184444035,False
2022,January,45,MARSHALL,271,523,116799.0,2022-01-01,,False,,False,,False
2022,February,45,MARSHALL,277,535,120497.0,2022-02-01,,False,,False,,False
2022,March,45,MARSHALL,277,544,121560.0,2022-03-01,,False,,False,,False
2022,April,45,MARSHALL,275,553,118604.0,2022-04-01,,False,,False,,False
2022,May,45,MARSHALL,271,548,122880.0,2022-05-01,-0.12281918838625502,False,0.10548143726871334,False,0.18549092410116783,False
2022,June,45,MARSHALL,273,551,118081.0,2022-06-01,-0.049054761674638625,False,0.08608138713542518,False,-0.1366122648208382,False
2022,July,45,MARSHALL,275,551,121884.0,2022-07-01,0.02452738083732231,False,0.06141948564632689,False,0.13059721271890665,False
2022,August,45,MARSHALL,279,571,125908.0,2022-08-01,0.09705203411441231,False,0.2768185088749528,False,0.2962826811576225,False
2022,September,45,MARSHALL,279,580,115434.0,2022-09-01,0.09705203411441231,False,0.36374107490574414,False,-0.3191536631824556,False
2022,October,45,MARSHALL,298,638,148898.0,2022-10-01,0.5398880632580089,False,0.9871739726374651,False,1.4274785368172855,False
2022,November,45,MARSHALL,298,644,158954.0,2022-11-01,0.515537776967423,False,1.0502118146484793,False,1.8386631797026827,False
2022,December,45,MARSHALL,293,637,136009.0,2022-12-01,0.37744111885606035,False,0.9766101490216013,False,0.7575459106774127,False
2023,January,45,MARSHALL,294,642,151556.0,2023-01-01,0.40034436666874146,False,1.0170674728580258,False,1.4786031919297467,False
2023,February,45,MARSHALL,288,609,153724.0,2023-02-01,0.23756786870839003,False,0.5416715116102386,False,1.5379820813229055,False
2023,March,45,MARSHALL,291,622,154850.0,2023-03-01,0.2830485229229741,False,0.5234230933099369,False,1.477663901256846,False
2023,April,45,MARSHALL,272,580,70139.0,2023-04-01,-0.2774646838249176,False,-0.16426840556384606,False,-3.686684068527962,True
2023,May,45,MARSHALL,279,593,71333.0,2023-05-01,-0.10669606897088489,False,-0.015011251428942796,False,-3.2154771715419956,False
2023,June,45,MARSHALL,286,609,77572.0,2023-06-01,0.059855602951175195,False,0.08963982849639143,False,-2.5564237342881513,False
2023,July,45,MARSHALL,286,604,77751.0,2023-07-01,-0.023420233009857842,False,-0.05551471667579645,False,-2.2814371642522335,False
2023,August,45,MARSHALL,276,574,74408.0,2023-08-01,-0.2626296990749058,False,-0.3985547409156943,False,-2.3125007848366272,False
2023,September,45,MARSHALL,274,585,74267.0,2023-09-01,-0.31150672454747824,False,-0.27073868539687757,False,-1.569176918216031,False
2023,October,45,MARSHALL,275,571,80763.0,2023-10-01,-0.2870239390463302,False,-0.4338381692370888,False,-0.4428778793504133,False
2023,November,45,MARSHALL,279,574,76842.0,2023-11-01,-0.16655167192206008,False,-0.3707973825777931,False,-0.18266641769326933,False
2023,December,45,MARSHALL,285,589,76974.0,2023-12-01,0.059733054642290846,False,-0.10745696787061901,False,-0.059970857608527536,False
2024,January,45,MARSHALL,294,602,85370.0,2024-01-01,0.2804884598338421,False,0.12421773167988734,False,0.6721824417081991,False
2024,February,45,MARSHALL,292,600,83490.0,2024-02-01,0.23460392914187617,False,0.10180907319499455,False,0.5219873242099112,False
2024,March,45,MARSHALL,301,609,86985.0,2024-03-01,0.4386699135152508,False,0.20206690584884426,False,0.7985886081922612,False
2024,April,45,MARSHALL,302,625,90143.0,2024-04-01,0.46096745448244725,False,0.37670449282518287,False,1.0391234394823063,False
2024,May,45,MARSHALL,310,651,91248.0,2024-05-01,0.5534670380096605,False,0.5888886489247669,False,1.0874301285862107,False
2024,June,45,MARSHALL,318,691,95483.0,2024-06-01,0.7130064429851288,False,0.9397801079587543,False,1.2574763951303596,False
2024,July,45,MARSHALL,316,672,102571.0,2024-07-01,0.6008065682428717,False,0.751995085771265,False,1.5002897386042926,False
2024,August,45,MARSHALL,312,668,101181.0,2024-08-01,0.4224340070272242,False,0.7117863228824791,False,1.2211702592604559,False
2024,September,45,MARSHALL,321,679,102685.0,2024-09-01,0.5116106693442408,False,0.7716598446483258,False,1.1823915044061306,False
2024,October,45,MARSHALL,321,671,102460.0,2024-10-01,0.42137117201994123,False,0.5655930472466527,False,0.9841255114730975,False
2024,November,45,MARSHALL,312,667,105314.0,2024-11-01,0.13112503728851888,False,0.30076431887195354,False,1.0080783359198475,False
2024,December,45,MARSHALL,326,685,105637.0,2024-12-01,0.3167594962808423,False,0.26110744866112234,False,0.8346451265505903,False
2025,January,45,MARSHALL,320,697,103683.0,2025-01-01,0.1702298553186249,False,0.29126924009741056,False,0.3602371441695662,False
2025,February,45,MARSHALL,327,702,102497.0,2025-02-01,0.2729102960532556,False,0.31927923906615907,False,0.044798464113212005,False
2025,March,45,MARSHALL,325,694,98331.0,2025-03-01,0.1676196107754311,False,0.22197802069335845,False,-0.2786578983892365,False
2025,April,45,MARSHALL,326,705,99888.0,2025-04-01,0.1459891708041057,False,0.2879856908362346,False,-0.17269353543276653,False
2025,May,45,MARSHALL,323,702,98979.0,2025-05-01,0.05225473891476336,False,0.1947394739285515,False,-0.23435470635011255,False
2025,June,45,MARSHALL,324,712,102811.0,2025-06-01,0.06255068011704258,False,0.23101374586829304,False,0.021849182674000652,False
2025,July,45,MARSHALL,332,722,103495.0,2025-07-01,0.20568850055994675,False,0.3103677047880607,False,0.0629229314718247,False
2025,August,45,MARSHALL,338,769,110472.0,2025-08-01,0.29486278986446607,False,0.676692399414574,False,0.49920830931784,False
2025,September,45,MARSHALL,344,763,99081.0,2025-09-01,0.39244524681026055,False,0.5853296962306102,False,-0.24512100865625996,False
2025,October,45,MARSHALL,332,744,108122.0,2025-10-01,0.13296899990788508,False,0.39139431770719435,False,0.35004382164867315,False
2025,November,45,MARSHALL,331,728,101863.0,2025-11-01,0.10235401263973815,False,0.23059581632097056,False,-0.08484488891818874,False
2025,December,45,MARSHALL,330,722,103853.0,2025-12-01,0.0717093712917757,False,0.12721672466769396,False,0.07833227988808118,False
2026,January,45,MARSHALL,336,721,102555.0,2026-01-01,0.15187674999201112,False,0.03763586975446353,False,-0.0065000965218648685,False
2026,February,45,MARSHALL,332,733,105371.0,2026-02-01,0.03045919128809628,False,0.1065160153584121,False,0.18461609755549116,False
2026,March,45,MARSHALL,338,735,108440.0,2026-03-01,0.13059249415123433,False,0.1202019473654046,False,0.3679445523624986,False
2022,January,46,MARTIN,945,1909,419122.0,2022-01-01,,False,,False,,False
2022,February,46,MARTIN,953,1924,433828.0,2022-02-01,,False,,False,,False
2022,March,46,MARTIN,955,1926,428962.0,2022-03-01,,False,,False,,False
2022,April,46,MARTIN,941,1877,424855.0,2022-04-01,,False,,False,,False
2022,May,46,MARTIN,947,1888,426647.0,2022-05-01,-0.014155178376683843,False,-0.1009525254815542,False,-0.004054829348572859,False
2022,June,46,MARTIN,961,1941,433256.0,2022-06-01,0.09888135203007083,False,0.11206903708246206,False,0.10368257603657792,False
2022,July,46,MARTIN,971,1973,438271.0,2022-07-01,0.14735611027125395,False,0.19592428207643334,False,0.16305855043519543,False
2022,August,46,MARTIN,986,2005,446593.0,2022-08-01,0.22937295206014,False,0.27800678854097993,False,0.2716834491976976,False
2022,September,46,MARTIN,995,1997,435809.0,2022-09-01,0.28353595868291737,False,0.24755162856431362,False,0.07322029207321638,False
2022,October,46,MARTIN,1021,2080,510051.0,2022-10-01,0.4502884952691186,False,0.51858364557016,False,1.1006598642550112,False
2022,November,46,MARTIN,1030,2089,514060.0,2022-11-01,0.4883265480584517,False,0.5215415192691285,False,1.1490186357567782,False
2022,December,46,MARTIN,1022,2036,447588.0,2022-12-01,0.4146847266035275,False,0.3221396309479821,False,0.21061231054909876,False
2023,January,46,MARTIN,1020,2027,501041.0,2023-01-01,0.3666088981077416,False,0.23715372979744634,False,0.9561814659514736,False
2023,February,46,MARTIN,1024,2022,514211.0,2023-02-01,0.30645887012432754,False,0.12462903483795085,False,1.096821895310785,False
2023,March,46,MARTIN,1026,2040,508771.0,2023-03-01,0.2373468467746473,False,0.1301461168816982,False,0.9426485928362784,False
2023,April,46,MARTIN,962,1907,271366.0,2023-04-01,-0.3108711553860326,False,-0.36629768539274615,False,-3.3677144514155986,False
2023,May,46,MARTIN,980,1931,274765.0,2023-05-01,-0.18596017819601451,False,-0.281984087548004,False,-3.2837548627280233,False
2023,June,46,MARTIN,982,1925,270767.0,2023-06-01,-0.17222290257175352,False,-0.30296388673307706,False,-2.782164329118126,False
2023,July,46,MARTIN,985,1956,278192.0,2023-07-01,-0.1516693061696162,False,-0.19526394210173376,False,-2.452339977235744,False
2023,August,46,MARTIN,975,1930,264189.0,2023-08-01,-0.22042627260808512,False,-0.28547619220793646,False,-2.615644258174436,False
2023,September,46,MARTIN,957,1893,263765.0,2023-09-01,-0.3459831555509381,False,-0.4024952243619543,False,-2.2882203451562786,False
2023,October,46,MARTIN,958,1886,282105.0,2023-10-01,-0.3049145475689283,False,-0.3575447398806191,False,-0.5201445101507071,False
2023,November,46,MARTIN,941,1848,279593.0,2023-11-01,-0.297639736576137,False,-0.3395383066572417,False,-0.01322324351285859,False
2023,December,46,MARTIN,930,1828,269077.0,2023-12-01,-0.3597210523466889,False,-0.3677879889139089,False,-0.2416432252399959,False
2024,January,46,MARTIN,939,1857,279804.0,2024-01-01,-0.2707284339063258,False,-0.25119066654159017,False,0.08077447834723267,False
2024,February,46,MARTIN,933,1863,277497.0,2024-02-01,-0.25146412811378394,False,-0.1890335281942099,False,0.02493123370536303,False
2024,March,46,MARTIN,948,1889,280412.0,2024-03-01,-0.08474043470961037,False,-0.03909708778409336,False,0.10385101315543467,False
2024,April,46,MARTIN,971,1942,297539.0,2024-04-01,0.09433811983454145,False,0.17941199843130587,False,0.5037293721898826,False
2024,May,46,MARTIN,976,1968,291244.0,2024-05-01,0.12894568677744683,False,0.2690707828013731,False,0.31769230365770296,False
2024,June,46,MARTIN,954,1916,291615.0,2024-06-01,-0.024673789708593373,False,0.08854533922334366,False,0.30090142536484965,False
2024,July,46,MARTIN,995,2031,297168.0,2024-07-01,0.272954625430128,False,0.4815027370509954,False,0.4086475726216507,False
2024,August,46,MARTIN,992,2015,304176.0,2024-08-01,0.25260770200670435,False,0.42818230127551665,False,0.5560007684092795,False
2024,September,46,MARTIN,998,2022,310019.0,2024-09-01,0.29324035500650947,False,0.4515618740769162,False,0.656717548754427,False
2024,October,46,MARTIN,988,1973,296195.0,2024-10-01,0.22186412097953614,False,0.2454693985231663,False,0.22121937533309913,False
2024,November,46,MARTIN,993,1990,299011.0,2024-11-01,0.21046851258449978,False,0.21003732946614723,False,0.17322747457647836,False
2024,December,46,MARTIN,987,1951,295898.0,2024-12-01,0.09282111175225725,False,-0.013658605002733904,False,0.04578874982995375,False
2025,January,46,MARTIN,958,1917,276419.0,2025-01-01,-0.16318583208017615,False,-0.1477638438613953,False,-0.4626958062751291,False
2025,February,46,MARTIN,968,1923,280206.0,2025-02-01,-0.09321632496574941,False,-0.12669667420999792,False,-0.37091546101156686,False
2025,March,46,MARTIN,965,1914,282932.0,2025-03-01,-0.1141310704055375,False,-0.158322155435557,False,-0.3056137114682725,False
2025,April,46,MARTIN,953,1876,274387.0,2025-04-01,-0.19844466825027365,False,-0.2935112800510196,False,-0.5124623389969911,False
2025,May,46,MARTIN,937,1836,260908.0,2025-05-01,-0.3125277261219842,False,-0.43880499705100023,False,-0.7996624901906272,False
2025,June,46,MARTIN,954,1876,276789.0,2025-06-01,-0.16364931021376594,False,-0.2155409436490765,False,-0.4011179205319328,False
2025,July,46,MARTIN,961,1895,287101.0,2025-07-01,-0.11438983201610219,False,-0.14760768983812567,False,-0.05245314590247007,False
2025,August,46,MARTIN,976,1942,294321.0,2025-08-01,0.0659150335452412,False,0.07681547325951163,False,0.2168555891957977,False
2025,September,46,MARTIN,995,2013,307312.0,2025-09-01,0.19582781792478912,False,0.31889098647220765,False,0.5081880984116369,False
2025,October,46,MARTIN,998,2003,318961.0,2025-10-01,0.2161135475011706,False,0.28531699977975156,False,0.7591371808631112,False
2025,November,46,MARTIN,983,1937,306210.0,2025-11-01,0.11406924113412267,False,0.05943592228872802,False,0.48395759400230753,False
2025,December,46,MARTIN,970,1936,309673.0,2025-12-01,0.02436459414166302,False,0.055954631888861316,False,0.5598100052982047,False
2026,January,46,MARTIN,962,1891,290910.0,2026-01-01,-0.03143717190496711,False,-0.10259275665957437,False,0.13822893782920054,False
2026,February,46,MARTIN,988,1922,302729.0,2026-02-01,0.14825583231187028,False,0.012306111992080905,False,0.31306144018664495,False
2026,March,46,MARTIN,992,1906,301706.0,2026-03-01,0.16852728379048101,False,-0.04229599291906782,False,0.20646752213788147,False
2022,January,43,MCLEOD,893,1690,358959.0,2022-01-01,,False,,False,,False
2022,February,43,MCLEOD,893,1694,382286.0,2022-02-01,,False,,False,,False
2022,March,43,MCLEOD,887,1707,377897.0,2022-03-01,,False,,False,,False
2022,April,43,MCLEOD,896,1710,376449.0,2022-04-01,,False,,False,,False
2022,May,43,MCLEOD,919,1742,395436.0,2022-05-01,0.1933649508952676,False,0.16258720271760027,False,0.31894882770649013,False
2022,June,43,MCLEOD,958,1764,391234.0,2022-06-01,0.47339984654344286,False,0.2214221284023553,False,0.23394415012268738,False
2022,July,43,MCLEOD,1001,1823,401535.0,2022-07-01,0.7579522631282787,False,0.43728743223639993,False,0.37029521497017864,False
2022,August,43,MCLEOD,990,1794,402806.0,2022-08-01,0.672197744469192,False,0.3232677973186025,False,0.3526684199782549,False
2022,September,43,MCLEOD,962,1796,363126.0,2022-09-01,0.3934941655647602,False,0.2682872791374147,False,-0.4248499023974165,False
2022,October,43,MCLEOD,955,1833,449233.0,2022-10-01,0.2589017190910817,False,0.3432638912141451,False,1.0884559928504796,False
2022,November,43,MCLEOD,990,1935,472287.0,2022-11-01,0.3719782700696124,False,0.6660334088495213,False,1.3479811681601264,False
2022,December,43,MCLEOD,1011,2018,437587.0,2022-12-01,0.38396544368908886,False,0.9068763721369982,False,0.7552337781476104,False
2023,January,43,MCLEOD,1039,2091,508939.0,2023-01-01,0.557484355143151,False,1.0896054443192915,False,1.7380528743812746,False
2023,February,43,MCLEOD,1042,2082,518547.0,2023-02-01,0.5523090076466358,False,0.999928358266976,False,1.7765538158148664,False
2023,March,43,MCLEOD,1060,2134,522865.0,2023-03-01,0.5570234516342467,False,1.1121924724534316,False,1.7702107550002666,False
2023,April,43,MCLEOD,962,1899,254272.0,2023-04-01,-0.19331927147741243,False,0.2569052693798789,False,-3.3823422416481894,False
2023,May,43,MCLEOD,977,1929,248883.0,2023-05-01,-0.08906680967092527,False,0.22490105030129076,False,-3.526830721301937,True
2023,June,43,MCLEOD,997,1935,255591.0,2023-06-01,0.047476314665055044,False,0.07377036386953827,False,-2.547169971731548,False
2023,July,43,MCLEOD,1028,1989,267135.0,2023-07-01,0.2300640618123683,False,0.19602752602872284,False,-1.806684734992077,False
2023,August,43,MCLEOD,955,1879,252361.0,2023-08-01,-0.2662655678565961,False,-0.197980670024494,False,-1.7011859754498961,False
2023,September,43,MCLEOD,957,1913,250855.0,2023-09-01,-0.2521694289748425,False,-0.07708655333033221,False,-1.1692657723940925,False
2023,October,43,MCLEOD,980,1945,273648.0,2023-10-01,-0.09214645161991886,False,0.034750205664093904,False,-0.4897894345990139,False
2023,November,43,MCLEOD,966,1939,275064.0,2023-11-01,-0.18909883955582601,False,-0.0034535292623966945,False,0.1160501243715728,False
2023,December,43,MCLEOD,973,1931,267226.0,2023-12-01,-0.10624430117570523,False,-0.03828625653395153,False,-0.07894073603827977,False
2024,January,43,MCLEOD,969,1910,262316.0,2024-01-01,-0.06572997982645434,False,-0.09462773444152199,False,-0.12393594975900928,False
2024,February,43,MCLEOD,948,1806,253228.0,2024-02-01,-0.189208637102907,False,-0.4581328830542228,False,-0.2992188325435874,False
2024,March,43,MCLEOD,975,1884,261965.0,2024-03-01,0.027714522696781055,False,-0.1626222768194338,False,0.07855675383661347,False
2024,April,43,MCLEOD,964,1856,258243.0,2024-04-01,-0.04873657912806356,False,-0.23199674099365064,False,-0.013447501775790948,False
2024,May,43,MCLEOD,982,1866,266544.0,2024-05-01,0.07591789273311267,False,-0.19577216412873635,False,0.16513976068299413,False
2024,June,43,MCLEOD,1013,1871,268328.0,2024-06-01,0.28534382943983944,False,-0.14436728934563575,False,0.1573583499599033,False
2024,July,43,MCLEOD,1076,1958,280759.0,2024-07-01,0.6919087747603162,False,0.2135257627331873,False,0.4043750352784817,False
2024,August,43,MCLEOD,1017,1936,280699.0,2024-08-01,0.31189898185058107,False,0.1373493883774425,False,0.40293343658386493,False
2024,September,43,MCLEOD,999,1885,272923.0,2024-09-01,0.17077216252191038,False,-0.09411160182431948,False,0.15090307554197024,False
2024,October,43,MCLEOD,1006,1947,274580.0,2024-10-01,0.19367167882436398,False,0.1737564643756576,False,0.16923297664137169,False
2024,November,43,MCLEOD,998,1956,272375.0,2024-11-01,0.13300415161002443,False,0.20484742851646034,False,0.11484915644329854,False
2024,December,43,MCLEOD,1020,1995,275153.0,2024-12-01,0.20137783483210356,False,0.33794307002758456,False,0.18329388380444347,False
2025,January,43,MCLEOD,993,1969,269413.0,2025-01-01,-0.037217710460913773,False,0.24950509101249888,False,-0.02326635239172216,False
2025,February,43,MCLEOD,999,1978,269276.0,2025-02-01,0.0033741873750053305,False,0.23467461862945962,False,-0.040306486046783954,False
2025,March,43,MCLEOD,1004,1975,274049.0,2025-03-01,0.03364096749196086,False,0.11535841637324235,False,0.07820304208221132,False
2025,April,43,MCLEOD,985,1911,264936.0,2025-04-01,-0.11191772868571541,False,-0.1413626016076011,False,-0.19355691133611033,False
2025,May,43,MCLEOD,998,1952,275773.0,2025-05-01,-0.023568858495994088,False,0.0017449657470667511,False,0.07684762838296404,False
2025,June,43,MCLEOD,1005,1928,261424.0,2025-06-01,0.023528589719082667,False,-0.09030162987572331,False,-0.30423008409692903,False
2025,July,43,MCLEOD,1047,1953,267232.0,2025-07-01,0.29940930314176956,False,-0.0034474810194676927,False,-0.1560188161692648,False
2025,August,43,MCLEOD,986,1902,263873.0,2025-08-01,-0.1050804245016549,False,-0.17665839242177608,False,-0.22067414096033958,False
2025,September,43,MCLEOD,995,1902,265554.0,2025-09-01,-0.027034104326398134,False,-0.17665839242177608,False,-0.13418753763551255,False
2025,October,43,MCLEOD,989,1891,270344.0,2025-10-01,-0.06441532795685975,False,-0.21575995120255273,False,0.02498355657078069,False
2025,November,43,MCLEOD,962,1840,259769.0,2025-11-01,-0.24755071940613774,False,-0.4000709099171893,False,-0.2441574365934384,False
2025,December,43,MCLEOD,925,1741,248478.0,2025-12-01,-0.5016714045078278,False,-0.7294738711592099,False,-0.5164810293694497,False
2026,January,43,MCLEOD,929,1733,246712.0,2026-01-01,-0.45567632208980396,False,-0.688967322967253,False,-0.5176500065545719,False
2026,February,43,MCLEOD,929,1732,248517.0,2026-02-01,-0.442077513341834,False,-0.6470929790287695,False,-0.4393810442871588,False
2026,March,43,MCLEOD,937,1764,251700.0,2026-03-01,-0.35369122264375674,False,-0.5077696565294324,False,-0.33212389486000793,False
2022,January,47,MEEKER,731,1459,318523.0,2022-01-01,,False,,False,,False
2022,February,47,MEEKER,725,1425,316341.0,2022-02-01,,False,,False,,False
2022,March,47,MEEKER,733,1436,317238.0,2022-03-01,,False,,False,,False
2022,April,47,MEEKER,752,1468,332256.0,2022-04-01,,False,,False,,False
2022,May,47,MEEKER,745,1435,323909.0,2022-05-01,0.11858269103738651,False,-0.05824679002819315,False,0.12673227863481346,False
2022,June,47,MEEKER,756,1464,330113.0,2022-06-01,0.20811174643068522,False,0.13016255058510015,False,0.24106781060197757,False
2022,July,47,MEEKER,764,1462,332054.0,2022-07-01,0.22432871347034944,False,0.06739671874544327,False,0.22406117992398544,False
2022,August,47,MEEKER,776,1490,334150.0,2022-08-01,0.27462098985541733,False,0.1417164974205897,False,0.20995355211951497,False
2022,September,47,MEEKER,765,1489,309543.0,2022-09-01,0.14695166745796082,False,0.13026848557281123,False,-0.3699742280718012,False
2022,October,47,MEEKER,786,1538,385306.0,2022-10-01,0.29787957406510257,False,0.34159197786250245,False,1.170761484386513,False
2022,November,47,MEEKER,809,1607,396056.0,2022-11-01,0.47430844753749674,False,0.6328090774545266,False,1.292384263505019,False
2022,December,47,MEEKER,817,1615,356679.0,2022-12-01,0.5227313159499362,False,0.6616758504134941,False,0.5220695555759902,False
2023,January,47,MEEKER,813,1630,405774.0,2023-01-01,0.4542138468893481,False,0.7147997144382775,False,1.372131877624834,False
2023,February,47,MEEKER,816,1652,420000.0,2023-02-01,0.4391675778005855,False,0.7481069052329251,False,1.5827304405746256,False
2023,March,47,MEEKER,832,1712,427374.0,2023-03-01,0.5174924673503224,False,0.9384631567286298,False,1.6789045043000028,False
2023,April,47,MEEKER,776,1582,209814.0,2023-04-01,-0.04312718617280434,False,0.29699473098172785,False,-3.358941294578103,False
2023,May,47,MEEKER,789,1645,209826.0,2023-05-01,0.0687898677323138,False,0.3582996906233358,False,-3.068012143687497,False
2023,June,47,MEEKER,784,1611,215444.0,2023-06-01,-0.029994199912798558,False,0.06960278989084306,False,-2.573436634893017,False
2023,July,47,MEEKER,790,1640,216469.0,2023-07-01,0.02136391623768617,False,0.12864336961616263,False,-2.106430659814885,False
2023,August,47,MEEKER,785,1613,211268.0,2023-08-01,-0.03850493992886545,False,5.178514813817259e-06,False,-1.8524266461067147,False
2023,September,47,MEEKER,796,1610,215143.0,2023-09-01,0.05523630357613781,False,-0.016725311950937818,False,-1.2065507184115682,False
2023,October,47,MEEKER,803,1648,237293.0,2023-10-01,0.08446727009571435,False,0.14052720918486736,False,-0.37903307193281294,False
2023,November,47,MEEKER,829,1682,246388.0,2023-11-01,0.24416041230682348,False,0.24284882367681204,False,0.5634480510752116,False
2023,December,47,MEEKER,834,1676,250706.0,2023-12-01,0.2846710445929519,False,0.16698539145684776,False,0.680631221197896,False
2024,January,47,MEEKER,810,1633,235902.0,2024-01-01,0.08796208548239627,False,-0.03909375521561347,False,0.2701020370122542,False
2024,February,47,MEEKER,780,1574,220675.0,2024-02-01,-0.16627655385738246,False,-0.287146014676263,False,-0.16013152199147412,False
2024,March,47,MEEKER,801,1603,229521.0,2024-03-01,0.067667759543227,False,-0.13940495061863206,False,0.3299999303082235,False
2024,April,47,MEEKER,796,1581,223739.0,2024-04-01,0.02548500792358679,False,-0.17660712606293857,False,0.15790650255444053,False
2024,May,47,MEEKER,809,1582,229254.0,2024-05-01,0.10913119207043388,False,-0.17234488263516473,False,0.21074623142153254,False
2024,June,47,MEEKER,812,1596,236706.0,2024-06-01,0.1129751496501577,False,-0.06723913601057518,False,0.2978814389261698,False
2024,July,47,MEEKER,796,1557,230652.0,2024-07-01,-0.05058250689588388,False,-0.23190921766813263,False,0.037080727399017736,False
2024,August,47,MEEKER,818,1606,234474.0,2024-08-01,0.13307983025306996,False,-0.0020823168330575824,False,0.12742870743123738,False
2024,September,47,MEEKER,801,1586,224421.0,2024-09-01,-0.0418739755016375,False,-0.07817020996736627,False,-0.2401455161625359,False
2024,October,47,MEEKER,805,1584,225314.0,2024-10-01,-0.008316692354073755,False,-0.06562400715310299,False,-0.21335967058668212,False
2024,November,47,MEEKER,794,1572,223928.0,2024-11-01,-0.10938285851535103,False,-0.08095032870236567,False,-0.18297575461236246,False
2024,December,47,MEEKER,802,1579,234331.0,2024-12-01,-0.008373656062513612,False,-0.025564072048716014,False,0.143816956875357,False
2025,January,47,MEEKER,799,1590,238237.0,2025-01-01,-0.021043949695106166,False,0.029743124604528926,False,0.25532031082712864,False
2025,February,47,MEEKER,800,1613,235922.0,2025-02-01,-0.008415472083556023,False,0.12655289882379556,False,0.1894574538211168,False
2025,March,47,MEEKER,829,1663,249113.0,2025-03-01,0.231468791773247,False,0.3238235241554369,False,0.535917040878129,False
2025,April,47,MEEKER,808,1609,236173.0,2025-04-01,0.054413642744249216,False,0.10130487200459608,False,0.10618084603205424,False
2025,May,47,MEEKER,797,1598,228892.0,2025-05-01,-0.05470620459009687,False,0.0423204125205201,False,-0.16045881068857823,False
2025,June,47,MEEKER,800,1595,233723.0,2025-06-01,-0.012617964839188658,False,0.008469627251475677,False,-0.019580807675412225,False
2025,July,47,MEEKER,798,1601,232887.0,2025-07-01,-0.02107024482434169,False,0.03589165894582869,False,-0.03293092010273744,False
2025,August,47,MEEKER,804,1624,230439.0,2025-08-01,0.02939133717034785,False,0.11512601631168118,False,-0.10420618793618677,False
2025,September,47,MEEKER,799,1621,232473.0,2025-09-01,-0.01263372089769552,False,0.10266220001488859,False,-0.024085726249705147,False
2025,October,47,MEEKER,790,1591,236482.0,2025-10-01,-0.08473729538325776,False,-0.03591411556177404,False,0.09123983132541241,False
2025,November,47,MEEKER,774,1524,225367.0,2025-11-01,-0.21835796255980264,False,-0.3259267043739686,False,-0.2543222548083027,False
2025,December,47,MEEKER,767,1518,226482.0,2025-12-01,-0.27955734546708044,False,-0.3525167519504794,False,-0.2210338908786725,False
2026,January,47,MEEKER,780,1541,229781.0,2026-01-01,-0.1621267174514854,False,-0.2511525443974823,False,-0.10264715226447829,False
2026,February,47,MEEKER,782,1537,226856.0,2026-02-01,-0.1406578066988832,False,-0.2686720347665724,False,-0.17097332592398937,False
2026,March,47,MEEKER,777,1535,225352.0,2026-03-01,-0.17542562891299013,False,-0.26479407491252344,False,-0.18020209215211858,False
2022,January,48,MILLE LACS,1165,2164,487426.0,2022-01-01,,False,,False,,False
2022,February,48,MILLE LACS,1164,2153,498756.0,2022-02-01,,False,,False,,False
2022,March,48,MILLE LACS,1174,2176,500747.0,2022-03-01,,False,,False,,False
2022,April,48,MILLE LACS,1193,2203,498119.0,2022-04-01,,False,,False,,False
2022,May,48,MILLE LACS,1204,2209,514784.0,2022-05-01,0.19598237722184364,False,0.1201179525961685,False,0.21765663250389466,False
2022,June,48,MILLE LACS,1222,2249,515895.0,2022-06-01,0.2700610929396178,False,0.22246651708663123,False,0.22788786225200047,False
2022,July,48,MILLE LACS,1235,2276,529753.0,2022-07-01,0.2872815409388063,False,0.26135492484137757,False,0.39324534415421303,False
2022,August,48,MILLE LACS,1242,2322,527305.0,2022-08-01,0.27127578952981496,False,0.35468961904634294,False,0.34856841126212723,False
2022,September,48,MILLE LACS,1248,2322,505225.0,2022-09-01,0.2728281015608167,False,0.34552105880034006,False,-0.03318745877734281,False
2022,October,48,MILLE LACS,1267,2396,597260.0,2022-10-01,0.3437338947934446,False,0.5478655922778441,False,1.128764619844994,False
2022,November,48,MILLE LACS,1280,2429,615568.0,2022-11-01,0.36252898580724424,False,0.5795971180289708,False,1.269202923241924,False
2022,December,48,MILLE LACS,1278,2443,545492.0,2022-12-01,0.3019848864393181,False,0.5578507902524164,False,0.3908095841439889,False
2023,January,48,MILLE LACS,1297,2499,634398.0,2023-01-01,0.36578816522644675,False,0.6704275728689039,False,1.4019538331919181,False
2023,February,48,MILLE LACS,1323,2554,640560.0,2023-02-01,0.44485549233760135,False,0.7095274812238272,False,1.3861058969209796,False
2023,March,48,MILLE LACS,1342,2561,656755.0,2023-03-01,0.505675319030853,False,0.660529416633891,False,1.4651197474216648,False
2023,April,48,MILLE LACS,1253,2369,341691.0,2023-04-01,-0.023969041230586588,False,0.02934918480312798,False,-3.056440185701126,False
2023,May,48,MILLE LACS,1258,2372,326885.23,2023-05-01,-0.010602425371776171,False,-0.029671105571388814,False,-3.355227205154128,False
2023,June,48,MILLE LACS,1241,2346,330583.0,2023-06-01,-0.11571939207437136,False,-0.10824746694442247,False,-2.723733791131544,False
2023,July,48,MILLE LACS,1243,2353,333110.0,2023-07-01,-0.1048666141899213,False,-0.08816023661218074,False,-2.143973476950699,False
2023,August,48,MILLE LACS,1235,2319,325591.0,2023-08-01,-0.14838289416356432,False,-0.18629204882547726,False,-1.948401592866496,False
2023,September,48,MILLE LACS,1215,2322,322588.0,2023-09-01,-0.25841796085388774,False,-0.17757570042316598,False,-1.5531475242189945,False
2023,October,48,MILLE LACS,1237,2386,351836.0,2023-10-01,-0.13747747545808453,False,0.0057391916958339315,False,-0.4812763724205118,False
2023,November,48,MILLE LACS,1213,2342,348014.0,2023-11-01,-0.2320779534643546,False,-0.10565369942223563,False,0.025001751946638045,False
2023,December,48,MILLE LACS,1227,2356,347194.0,2023-12-01,-0.11431688069493379,False,-0.04136602162605308,False,0.04592614762929359,False
2024,January,48,MILLE LACS,1220,2355,353571.0,2024-01-01,-0.12044744658367185,False,-0.021412162769139577,False,0.1766446564669314,False
2024,February,48,MILLE LACS,1187,2272,340477.0,2024-02-01,-0.2889480968484191,False,-0.2433386905085089,False,-0.07788890932147244,False
2024,March,48,MILLE LACS,1181,2280,336648.0,2024-03-01,-0.3067683175007301,False,-0.21534555110731102,False,-0.08828722748480626,False
2024,April,48,MILLE LACS,1192,2297,347377.0,2024-04-01,-0.21693573377868716,False,-0.1523545992145838,False,0.17346686881574624,False
2024,May,48,MILLE LACS,1199,2272,348692.0,2024-05-01,-0.1362959157432686,False,-0.21033940748971797,False,0.1989518712132791,False
2024,June,48,MILLE LACS,1189,2248,342295.0,2024-06-01,-0.15962165402556217,False,-0.24727260167016132,False,-0.029965926420784782,False
2024,July,48,MILLE LACS,1199,2252,347091.0,2024-07-01,-0.08378761284615333,False,-0.20201719011976377,False,0.04592436922518107,False
2024,August,48,MILLE LACS,1182,2195,333577.0,2024-08-01,-0.1353555554072205,False,-0.33836736931494776,False,-0.268865865101137,False
2024,September,48,MILLE LACS,1206,2248,344650.0,2024-09-01,0.03923151899311219,False,-0.1203367921718609,False,-0.04860391221073979,False
2024,October,48,MILLE LACS,1211,2251,346248.0,2024-10-01,0.06711498160461733,False,-0.07445491054092467,False,-0.017402496027840452,False
2024,November,48,MILLE LACS,1232,2296,341581.9,2024-11-01,0.18298286153376297,False,0.0708452902525631,False,-0.09971551579739547,False
2024,December,48,MILLE LACS,1232,2316,350579.0,2024-12-01,0.18298286153376297,False,0.1293198654109766,False,0.09944615989927742,False
2025,January,48,MILLE LACS,1234,2292,339650.0,2025-01-01,0.19391479261397715,False,0.05908929599116248,False,-0.11417005376148298,False
2025,February,48,MILLE LACS,1240,2329,344216.0,2025-02-01,0.22660467889533636,False,0.16705828966008543,False,0.014624422195466166,False
2025,March,48,MILLE LACS,1269,2350,356349.0,2025-03-01,0.3627943336017425,False,0.21572887930596515,False,0.22940488510334373,False
2025,April,48,MILLE LACS,1231,2260,340986.0,2025-04-01,0.12433699430181987,False,-0.06524830436607913,False,-0.08769098097073459,False
2025,May,48,MILLE LACS,1243,2278,348275.0,2025-05-01,0.12057778799020817,False,0.03563303356198364,False,0.07482213153670234,False
2025,June,48,MILLE LACS,1221,2209,342172.0,2025-06-01,-0.05770808788771379,False,-0.18062743240644694,False,-0.04442145381503685,False
2025,July,48,MILLE LACS,1207,2174,340765.0,2025-07-01,-0.13542911242979846,False,-0.288303607327344,False,-0.0722137703382916,False
2025,August,48,MILLE LACS,1189,2162,337165.0,2025-08-01,-0.236690397094857,False,-0.32562043833514775,False,-0.1195144803476283,False
2025,September,48,MILLE LACS,1198,2156,339833.0,2025-09-01,-0.18586972971637516,False,-0.34435656149366906,False,-0.06635125091394052,False
2025,October,48,MILLE LACS,1177,2110,343813.0,2025-10-01,-0.305052468770175,False,-0.4897558186516074,False,0.038091604092695075,False
2025,November,48,MILLE LACS,1170,2080,340500.0,2025-11-01,-0.34525267291035544,False,-0.5862984973634655,False,-0.027218551580791787,False
2025,December,48,MILLE LACS,1161,2073,347132.0,2025-12-01,-0.36707102435685895,False,-0.5053404223634955,False,0.10878057135151123,False
2026,January,48,MILLE LACS,1154,2061,335550.0,2026-01-01,-0.34148003338070143,False,-0.41369920895040324,False,-0.12010449494477354,False
2026,February,48,MILLE LACS,1151,2093,338842.0,2026-02-01,-0.2949414850332482,False,-0.23733154835867715,False,-0.05425362329503533,False
2026,March,48,MILLE LACS,1143,2073,337056.0,2026-03-01,-0.29131451723777124,False,-0.2740368540891206,False,-0.07600356072115198,False
2022,January,88,MILLE-LACS-BAND TRIBE,13,39,8175.0,2022-01-01,,False,,False,,False
2022,February,88,MILLE-LACS-BAND TRIBE,29,97,31795.0,2022-02-01,,False,,False,,False
2022,March,88,MILLE-LACS-BAND TRIBE,29,96,20161.0,2022-03-01,,False,,False,,False
2022,April,88,MILLE-LACS-BAND TRIBE,27,89,19336.0,2022-04-01,,False,,False,,False
2022,May,88,MILLE-LACS-BAND TRIBE,28,94,20274.0,2022-05-01,0.004012493037273969,False,0.11207874565417013,False,0.07182421598160206,False
2022,June,88,MILLE-LACS-BAND TRIBE,25,78,16783.0,2022-06-01,-0.736549224303871,False,-1.2439738689555875,False,-1.2368548846353193,False
2022,July,88,MILLE-LACS-BAND TRIBE,24,73,17584.0,2022-07-01,-0.8827474584592461,False,-1.5026388764495173,False,-0.7815008988084344,False
2022,August,88,MILLE-LACS-BAND TRIBE,26,83,18616.0,2022-08-01,-0.24529975993254968,False,-0.46535691817948893,False,-0.2559404905447988,False
2022,September,88,MILLE-LACS-BAND TRIBE,24,81,16634.0,2022-09-01,-0.6417521024294635,False,-0.3850827492712877,False,-0.8872294822662214,False
2022,October,88,MILLE-LACS-BAND TRIBE,26,90,17183.0,2022-10-01,0.0,False,0.4387190446240704,False,-0.5402503762600014,False
2022,November,88,MILLE-LACS-BAND TRIBE,24,78,20286.0,2022-11-01,-0.5191022224631872,False,-0.646612002397833,False,0.7717600870742347,False
2022,December,88,MILLE-LACS-BAND TRIBE,22,73,14679.0,2022-12-01,-1.0815111747570854,False,-0.8549402545360207,False,-1.6025386049798658,False
2023,January,88,MILLE-LACS-BAND TRIBE,27,90,23913.0,2023-01-01,0.37257901605470267,False,0.6007483916107319,False,1.8812031472786666,False
2023,February,88,MILLE-LACS-BAND TRIBE,32,116,24124.0,2023-02-01,1.3535238408922092,False,2.002325422922973,False,1.6201550488886176,False
2023,March,88,MILLE-LACS-BAND TRIBE,40,114,27919.0,2023-03-01,2.817623928721357,False,1.8860294385222292,False,2.6055633327518457,False
2023,April,88,MILLE-LACS-BAND TRIBE,27,72,8340.0,2023-04-01,0.24529975993254968,False,-1.179388836741996,False,-5.0010904432123295,True
2023,May,88,MILLE-LACS-BAND TRIBE,28,75,7696.0,2023-05-01,0.48199071205956817,False,-0.574284310445687,False,-5.051669605389654,True
2023,June,88,MILLE-LACS-BAND TRIBE,27,67,8798.0,2023-06-01,0.24529975993254968,False,-1.1370440724308828,False,-2.8393071748679137,False
2023,July,88,MILLE-LACS-BAND TRIBE,27,65,8182.0,2023-07-01,0.12264987996627336,False,-1.3384023088754864,False,-2.0828990411980164,False
2023,August,88,MILLE-LACS-BAND TRIBE,24,57,7808.0,2023-08-01,-0.7644019823957368,False,-2.0053854648487675,False,-1.483937095598337,False
2023,September,88,MILLE-LACS-BAND TRIBE,26,55,9136.0,2023-09-01,-0.24529975993254968,False,-1.5053077865526012,False,-0.7177810706378166,False
2023,October,88,MILLE-LACS-BAND TRIBE,26,57,9683.0,2023-10-01,-0.24529975993254968,False,-1.0791680587681876,False,-0.30604976173405884,False
2023,November,88,MILLE-LACS-BAND TRIBE,26,54,8073.0,2023-11-01,-0.24529975993254968,False,-1.217647976556895,False,-0.5328836499750014,False
2023,December,88,MILLE-LACS-BAND TRIBE,26,61,7823.0,2023-12-01,-0.24529975993254968,False,-0.4432714505679432,False,-0.7564633942733004,False
2024,January,88,MILLE-LACS-BAND TRIBE,25,59,8254.0,2024-01-01,-0.4998582721768526,False,-0.515856458356079,False,-0.25018229288520993,False
2024,February,88,MILLE-LACS-BAND TRIBE,28,72,10849.0,2024-02-01,0.35934083209329176,False,0.774533886267143,False,1.8087660766037639,False
2024,March,88,MILLE-LACS-BAND TRIBE,20,59,9175.0,2024-03-01,-1.817765698720988,False,-0.3756403468482627,False,0.6784814690286243,False
2024,April,88,MILLE-LACS-BAND TRIBE,25,77,10836.0,2024-04-01,-0.2545585122443029,False,1.6590632863626904,False,1.8006796644211256,False
2024,May,88,MILLE-LACS-BAND TRIBE,21,68,8466.0,2024-05-01,-1.381338313297358,False,0.8321106238499112,False,-0.04419542104712828,False
2024,June,88,MILLE-LACS-BAND TRIBE,21,62,9303.0,2024-06-01,-1.381338313297358,False,0.2185059798522819,False,0.5061262415006514,False
2024,July,88,MILLE-LACS-BAND TRIBE,26,77,10555.0,2024-07-01,0.12727925612215296,False,1.6590632863626904,False,1.230559414097155,False
2024,August,88,MILLE-LACS-BAND TRIBE,33,113,18050.0,2024-08-01,1.6821613334589627,False,4.218720784762267,True,3.9904026550263514,True
2024,September,88,MILLE-LACS-BAND TRIBE,32,112,17143.0,2024-09-01,1.3535238408922092,False,3.827215463911071,True,3.3913846431798915,False
2024,October,88,MILLE-LACS-BAND TRIBE,30,95,16850.0,2024-10-01,0.9318240330531116,False,2.2035664959311188,False,2.908431677229583,False
2024,November,88,MILLE-LACS-BAND TRIBE,25,81,12638.0,2024-11-01,-0.2428885638692331,False,0.6428666855793416,False,0.9645954847840367,False
2024,December,88,MILLE-LACS-BAND TRIBE,31,106,14721.0,2024-12-01,1.0295129667364165,False,1.2500189852658736,False,1.0759129493046955,False
2025,January,88,MILLE-LACS-BAND TRIBE,34,116,19798.0,2025-01-01,1.0950348494907447,False,1.2985634985311523,False,1.9600820399620948,False
2025,February,88,MILLE-LACS-BAND TRIBE,27,97,16138.0,2025-02-01,0.0028781336944719493,False,0.6509499709252262,False,0.9130481794676085,False
2025,March,88,MILLE-LACS-BAND TRIBE,24,82,13789.0,2025-03-01,-0.38405032482204526,False,-0.20964504764183592,False,0.03016671367369449,False
2025,April,88,MILLE-LACS-BAND TRIBE,24,79,12615.0,2025-04-01,-0.4724293384163077,False,-0.4675658335275424,False,-0.3893677817225652,False
2025,May,88,MILLE-LACS-BAND TRIBE,26,90,17119.0,2025-05-01,-0.09028938343941956,False,0.08221127593444728,False,0.7021025808178754,False
2025,June,88,MILLE-LACS-BAND TRIBE,27,95,15883.0,2025-06-01,0.11403383696825255,False,0.12406411652229192,False,0.1504098706665348,False
2025,July,88,MILLE-LACS-BAND TRIBE,27,99,14268.0,2025-07-01,0.0,False,0.18166359228923237,False,-0.7622268437754439,False
2025,August,88,MILLE-LACS-BAND TRIBE,27,101,16309.0,2025-08-01,0.0,False,0.2705246698950939,False,0.124802117640786,False
2025,September,88,MILLE-LACS-BAND TRIBE,27,100,16056.0,2025-09-01,0.0,False,0.27292078855251417,False,0.019353991074828877,False
2025,October,88,MILLE-LACS-BAND TRIBE,24,94,15218.0,2025-10-01,-0.7644019823957368,False,-0.1401674636961349,False,-0.3250007775920666,False
2025,November,88,MILLE-LACS-BAND TRIBE,25,99,16744.0,2025-11-01,-0.4998582721768526,False,0.20580580694789685,False,0.5002849192710732,False
2025,December,88,MILLE-LACS-BAND TRIBE,23,90,14779.0,2025-12-01,-1.0397463354348555,False,-0.567991902605193,False,-0.5224251181284959,False
2026,January,88,MILLE-LACS-BAND TRIBE,23,93,14590.0,2026-01-01,-0.9170964554685821,False,-0.2115437911306065,False,-0.60923337090996,False
2026,February,88,MILLE-LACS-BAND TRIBE,20,82,13630.0,2026-02-01,-1.5678365626325588,False,-0.9461341930600486,False,-0.8875197109385081,False
2026,March,88,MILLE-LACS-BAND TRIBE,18,78,11154.0,2026-03-01,-1.9833483793678153,False,-1.2082857052383515,False,-1.996668076370071,False
2022,January,74,MNPRAIRIE,2638,5560,1225189.0,2022-01-01,,False,,False,,False
2022,February,74,MNPRAIRIE,2667,5676,1273123.0,2022-02-01,,False,,False,,False
2022,March,74,MNPRAIRIE,2712,5774,1266770.0,2022-03-01,,False,,False,,False
2022,April,74,MNPRAIRIE,2702,5725,1274329.0,2022-04-01,,False,,False,,False
2022,May,74,MNPRAIRIE,2727,5776,1280558.0,2022-05-01,0.10605192036322551,False,0.088794224469555,False,0.05614719127636607,False
2022,June,74,MNPRAIRIE,2759,5827,1293076.0,2022-06-01,0.14075744187237388,False,0.11909431777670361,False,0.10489100205912637,False
2022,July,74,MNPRAIRIE,2805,5951,1314785.0,2022-07-01,0.2397937289083653,False,0.23236232259513442,False,0.21399711984300546,False
2022,August,74,MNPRAIRIE,2835,5980,1341088.0,2022-08-01,0.29907043332837063,False,0.23640902356002136,False,0.3444092791350911,False
2022,September,74,MNPRAIRIE,2901,6101,1278044.0,2022-09-01,0.43564786518452403,False,0.3703355719156957,False,0.003189985569522546,False
2022,October,74,MNPRAIRIE,2938,6242,1503482.0,2022-10-01,0.502506867087781,False,0.523252273546825,False,1.0957444720967853,False
2022,November,74,MNPRAIRIE,2934,6213,1542147.0,2022-11-01,0.45399072940109936,False,0.46220522869045716,False,1.260384971123661,False
2022,December,74,MNPRAIRIE,2926,6209,1343909.0,2022-12-01,0.3962507272297543,False,0.428219866345829,False,0.3256929431502432,False
2023,January,74,MNPRAIRIE,2930,6240,1509905.0,2023-01-01,0.34971699275749624,False,0.3908041737201085,False,1.0784359387836346,False
2023,February,74,MNPRAIRIE,2939,6254,1547474.0,2023-02-01,0.27878627025384856,False,0.3185232232947078,False,1.1552518193245338,False
2023,March,74,MNPRAIRIE,2944,6243,1565060.0,2023-03-01,0.17679613270118816,False,0.22271194410210277,False,1.1085195589420616,False
2023,April,74,MNPRAIRIE,2763,5884,822359.0,2023-04-01,-0.3575536315921302,False,-0.3034035927498867,False,-3.30578956646845,False
2023,May,74,MNPRAIRIE,2781,5877,835023.0,2023-05-01,-0.3137705712582688,False,-0.31143130771602956,False,-3.2027110494488107,False
2023,June,74,MNPRAIRIE,2755,5784,819285.0,2023-06-01,-0.37710436991793195,False,-0.41900196629910114,False,-2.8869431150654967,False
2023,July,74,MNPRAIRIE,2795,5886,815865.0,2023-07-01,-0.2799124865380103,False,-0.30111171369283984,False,-2.6228027563590812,False
2023,August,74,MNPRAIRIE,2759,5772,810302.0,2023-08-01,-0.36732191715170975,False,-0.43300785470246517,False,-2.426064635210658,False
2023,September,74,MNPRAIRIE,2755,5710,804224.0,2023-09-01,-0.37710436991793195,False,-0.5058385866939547,False,-1.917042662308461,False
2023,October,74,MNPRAIRIE,2818,5836,884401.0,2023-10-01,-0.09916299286405467,False,-0.23767185699131452,False,-0.4479720448157034,False
2023,November,74,MNPRAIRIE,2820,5813,867033.0,2023-11-01,0.03241251586576229,False,-0.08301633522064272,False,0.059977234877070844,False
2023,December,74,MNPRAIRIE,2813,5736,849519.0,2023-12-01,0.015654743270685875,False,-0.1677834178158768,False,-0.010777466074613091,False
2024,January,74,MNPRAIRIE,2860,5838,862105.0,2024-01-01,0.1333676880059422,False,-0.02129543411353975,False,0.15724117627720027,False
2024,February,74,MNPRAIRIE,2816,5792,852308.0,2024-02-01,0.028828786709085674,False,-0.05219257828928623,False,0.08015192506222464,False
2024,March,74,MNPRAIRIE,2819,5768,859170.34,2024-03-01,0.03600813810536156,False,-0.06572414946029494,False,0.13424162772179707,False
2024,April,74,MNPRAIRIE,2808,5718,847866.44,2024-04-01,0.009646406201075458,False,-0.09891935188778589,False,0.04491041759563189,False
2024,May,74,MNPRAIRIE,2816,5737,857473.05,2024-05-01,0.013184690860376505,False,-0.05968386649690981,False,0.06942643834624798,False
2024,June,74,MNPRAIRIE,2846,5782,877192.0,2024-06-01,0.0750454399706031,False,0.0046706481895028235,False,0.20516081660453955,False
2024,July,74,MNPRAIRIE,2845,5729,869992.44,2024-07-01,0.06908236266674947,False,-0.056264745595823354,False,0.11814302368541343,False
2024,August,74,MNPRAIRIE,2857,5687,882257.0,2024-08-01,0.09506894706837828,False,-0.09771227332100213,False,0.18552047528889035,False
2024,September,74,MNPRAIRIE,2889,5740,880790.0,2024-09-01,0.16658095191964556,False,-0.014645588686210562,False,0.1561269710182058,False
2024,October,74,MNPRAIRIE,2915,5725,896303.24,2024-10-01,0.22459943243662897,False,-0.034054672358104825,False,0.24316869351024023,False
2024,November,74,MNPRAIRIE,2859,5626,862677.0,2024-11-01,0.06285435487406969,False,-0.13352148334846584,False,-0.01474934475286214,False
2024,December,74,MNPRAIRIE,2870,5604,864612.0,2024-12-01,0.05780631707495609,False,-0.157593654115662,False,0.0173490795279005,False
2025,January,74,MNPRAIRIE,2848,5588,842924.0,2025-01-01,-0.008268617163684693,False,-0.1727579573043324,False,-0.16379402950893343,False
2025,February,74,MNPRAIRIE,2834,5563,838365.0,2025-02-01,-0.030858339427685365,False,-0.19593614334740764,False,-0.20037369402597874,False
2025,March,74,MNPRAIRIE,2818,5508,839127.28,2025-03-01,-0.06903318487468967,False,-0.2564615420327304,False,-0.19424362370000997,False
2025,April,74,MNPRAIRIE,2818,5527,834969.0,2025-04-01,-0.06903318487468967,False,-0.21078288398765382,False,-0.2277514011313015,False
2025,May,74,MNPRAIRIE,2826,5582,843942.0,2025-05-01,-0.0499187547961088,False,-0.08931256949703534,False,-0.15565301215183389,False
2025,June,74,MNPRAIRIE,2832,5617,849837.0,2025-06-01,-0.03561839608254356,False,0.0024145764113570143,False,-0.10870250846041736,False
2025,July,74,MNPRAIRIE,2866,5674,863864.0,2025-07-01,0.04603401329268888,False,0.07590263680573361,False,0.059847594763686736,False
2025,August,74,MNPRAIRIE,2874,5746,872616.0,2025-08-01,0.05063880744505271,False,0.16093965879237582,False,0.1278387859886262,False
2025,September,74,MNPRAIRIE,2901,5735,888962.0,2025-09-01,0.11132834487411501,False,0.14801707363259398,False,0.253018379940281,False
2025,October,74,MNPRAIRIE,2907,5677,900662.0,2025-10-01,0.12525950301068692,False,0.07946733344468622,False,0.34121292378200496,False
2025,November,74,MNPRAIRIE,2849,5565,891682.0,2025-11-01,-0.010629080549680658,False,-0.05490922047337235,False,0.2736248500299464,False
2025,December,74,MNPRAIRIE,2832,5522,891339.0,2025-12-01,-0.03917026581580147,False,-0.08976601789840237,False,0.26639258489253903,False
2026,January,74,MNPRAIRIE,2838,5519,866425.0,2026-01-01,-0.007103286689850882,False,-0.08016744806240284,False,0.07517693460324741,False
2026,February,74,MNPRAIRIE,2822,5477,854853.0,2026-02-01,-0.03336588314115521,False,-0.11777710168737303,False,-0.08071007246911209,False
2026,March,74,MNPRAIRIE,2814,5462,859624.0,2026-03-01,-0.050127407213290266,False,-0.1362717664145518,False,-0.04317041398785274,False
2022,January,49,MORRISON,1167,2177,492403.0,2022-01-01,,False,,False,,False
2022,February,49,MORRISON,1167,2186,495747.0,2022-02-01,,False,,False,,False
2022,March,49,MORRISON,1185,2208,509081.0,2022-03-01,,False,,False,,False
2022,April,49,MORRISON,1187,2206,501831.0,2022-04-01,,False,,False,,False
2022,May,49,MORRISON,1177,2162,495936.0,2022-05-01,0.005925433521924925,False,-0.10512950927986345,False,-0.038565651667775896,False
2022,June,49,MORRISON,1195,2194,500886.0,2022-06-01,0.1022850266670574,False,0.02462805109523782,False,0.06698880532361841,False
2022,July,49,MORRISON,1205,2212,505232.0,2022-07-01,0.13562107694005898,False,0.06740053863191028,False,0.09176568704211606,False
2022,August,49,MORRISON,1195,2212,507999.0,2022-08-01,0.05663341415734815,False,0.055086513084291376,False,0.09511071103740848,False
2022,September,49,MORRISON,1226,2287,497645.0,2022-09-01,0.2235522665279137,False,0.26150355972953176,False,-0.050142219732066694,False
2022,October,49,MORRISON,1258,2385,588531.0,2022-10-01,0.39152387265124855,False,0.5260034047255849,False,1.087636470699846,False
2022,November,49,MORRISON,1278,2384,598647.0,2022-11-01,0.4751959365234389,False,0.5201211042746827,False,1.1962312456432729,False
2022,December,49,MORRISON,1292,2434,522307.0,2022-12-01,0.5259915865423379,False,0.6570090824913869,False,0.26974637635367654,False
2023,January,49,MORRISON,1314,2451,606222.0,2023-01-01,0.6397902981331907,False,0.697834498286904,False,1.2519080824491935,False
2023,February,49,MORRISON,1303,2429,627443.0,2023-02-01,0.5550500065343401,False,0.6309421139325063,False,1.4427814392623812,False
2023,March,49,MORRISON,1314,2437,619667.0,2023-03-01,0.5254087467186329,False,0.5407093081006437,False,1.3330721888496184,False
2023,April,49,MORRISON,1244,2282,313080.0,2023-04-01,0.011402891420349864,False,-0.1547858206666669,False,-3.35838613392063,False
2023,May,49,MORRISON,1244,2276,307947.0,2023-05-01,-0.03771205430333145,False,-0.17253583091021268,False,-3.469887765695593,False
2023,June,49,MORRISON,1244,2276,311342.0,2023-06-01,-0.03771205430333145,False,-0.17253583091021268,False,-2.39516138580921,False
2023,July,49,MORRISON,1249,2270,313514.0,2023-07-01,-0.010677949976933315,False,-0.19033267500814344,False,-2.1387143225634495,False
2023,August,49,MORRISON,1218,2216,306423.0,2023-08-01,-0.19358016913781545,False,-0.3526533426481146,False,-2.015198656395987,False
2023,September,49,MORRISON,1227,2222,308494.0,2023-09-01,-0.14396408925968363,False,-0.33442360182162956,False,-1.6829093523881102,False
2023,October,49,MORRISON,1245,2266,335085.0,2023-10-01,-0.04581361039078685,False,-0.19484534045338667,False,-0.4617333299385657,False
2023,November,49,MORRISON,1215,2230,325525.0,2023-11-01,-0.17519599448490325,False,-0.1465328442742669,False,0.02917296821352728,False
2023,December,49,MORRISON,1220,2249,330326.0,2023-12-01,-0.13400143118363161,False,-0.08045821048626932,False,0.2255413485452649,False
2024,January,49,MORRISON,1239,2302,339265.75,2024-01-01,-0.02714289377164455,False,0.08548003073956528,False,0.40565711833216683,False
2024,February,49,MORRISON,1203,2249,330117.0,2024-02-01,-0.2258643045376312,False,-0.07155978843730396,False,0.22127239338000598,False
2024,March,49,MORRISON,1220,2279,330585.0,2024-03-01,-0.11772223625993151,False,0.032623039954897924,False,0.2308278388682772,False
2024,April,49,MORRISON,1230,2283,330112.0,2024-04-01,-0.01633812662591913,False,0.0444460052958076,False,0.22117023216672946,False
2024,May,49,MORRISON,1214,2216,327765.0,2024-05-01,-0.08001432747171483,False,-0.15637531572561986,False,-0.0009357924051819565,False
2024,June,49,MORRISON,1220,2216,328116.0,2024-06-01,-0.019279350176304836,False,-0.12504463253144757,False,-0.016843799640115665,False
2024,July,49,MORRISON,1222,2229,331250.0,2024-07-01,0.01103928233327532,False,-0.06022361437031214,False,0.043665511679443755,False
2024,August,49,MORRISON,1236,2257,335211.0,2024-08-01,0.08781246891062587,False,0.0525395022857576,False,0.10333727361084875,False
2024,September,49,MORRISON,1255,2284,345453.0,2024-09-01,0.1851066916614905,False,0.10411452583576196,False,0.30415143751352,False
2024,October,49,MORRISON,1247,2257,341927.0,2024-10-01,0.14200750348528277,False,0.011969843976320385,False,0.23017469995125286,False
2024,November,49,MORRISON,1245,2250,346971.0,2024-11-01,0.13118953805486278,False,-0.008972732174069863,False,0.3289477816105263,False
2024,December,49,MORRISON,1284,2348,353175.22,2024-12-01,0.31156413882420786,False,0.276967856533262,False,0.4390692990371518,False
2025,January,49,MORRISON,1276,2303,342141.0,2025-01-01,0.2310540674887463,False,0.13602828408115145,False,0.1781089673800295,False
2025,February,49,MORRISON,1299,2380,354754.0,2025-02-01,0.3514569541170097,False,0.3577622314875877,False,0.4222884545476284,False
2025,March,49,MORRISON,1316,2397,357838.0,2025-03-01,0.3982427813156622,False,0.37304977723299504,False,0.37368302670698683,False
2025,April,49,MORRISON,1336,2452,360765.0,2025-04-01,0.47004524273919196,False,0.5200926945486346,False,0.3596199721841743,False
2025,May,49,MORRISON,1336,2437,365317.0,2025-05-01,0.44308666593587814,False,0.47724440422015113,False,0.40959371596184097,False
2025,June,49,MORRISON,1333,2432,361530.0,2025-06-01,0.35046429775555404,False,0.3953829980264272,False,0.2920315349589947,False
2025,July,49,MORRISON,1323,2404,362277.0,2025-07-01,0.22272873470907678,False,0.22414767689545412,False,0.23139572903205,False
2025,August,49,MORRISON,1331,2410,368219.0,2025-08-01,0.20315994439475313,False,0.13008719029287133,False,0.2663149317327974,False
2025,September,49,MORRISON,1335,2380,365912.0,2025-09-01,0.1404290889684199,False,-0.02399361449176031,False,0.1796889095153362,False
2025,October,49,MORRISON,1374,2444,389635.0,2025-10-01,0.27281360516383774,False,0.15491451183037364,False,0.5467268568324573,False
2025,November,49,MORRISON,1364,2414,386961.0,2025-11-01,0.18538574371870636,False,0.03781791337021725,False,0.4656601415902956,False
2025,December,49,MORRISON,1344,2438,384796.0,2025-12-01,0.06045039815768089,False,0.08628452118470031,False,0.41371192833579273,False
2026,January,49,MORRISON,1343,2424,378752.0,2026-01-01,0.045321211725870496,False,0.03346249294802818,False,0.2717846323177303,False
2026,February,49,MORRISON,1312,2347,374311.0,2026-02-01,-0.11965354329469735,False,-0.20370914300380316,False,0.158559912359302,False
2026,March,49,MORRISON,1312,2331,373166.0,2026-03-01,-0.11965354329469735,False,-0.24982898081024005,False,0.1112112072241467,False
2022,January,50,MOWER,1989,4370,934161.0,2022-01-01,,False,,False,,False
2022,February,50,MOWER,1964,4295,966100.0,2022-02-01,,False,,False,,False
2022,March,50,MOWER,1985,4340,953374.0,2022-03-01,,False,,False,,False
2022,April,50,MOWER,1986,4356,973009.0,2022-04-01,,False,,False,,False
2022,May,50,MOWER,1976,4320,962042.0,2022-05-01,-0.032333644150954834,False,-0.04355506031806564,False,0.016328270119586676,False
2022,June,50,MOWER,1980,4323,945995.0,2022-06-01,-0.01700278187979521,False,-0.026466277465644738,False,-0.11345634657621513,False
2022,July,50,MOWER,2013,4437,981057.0,2022-07-01,0.10293293334190874,False,0.16229148859423215,False,0.1625399767553353,False
2022,August,50,MOWER,2044,4488,987665.0,2022-08-01,0.19746138501517965,False,0.22612763238836675,False,0.1772952638114063,False
2022,September,50,MOWER,2058,4489,936020.0,2022-09-01,0.24178237246567022,False,0.2152225628873935,False,-0.1991518838041808,False
2022,October,50,MOWER,2093,4622,1124544.0,2022-10-01,0.3537762541865973,False,0.3997093601384351,False,1.0527234479662573,False
2022,November,50,MOWER,2099,4639,1122181.0,2022-11-01,0.3679872589223882,False,0.41364781400333905,False,1.0243396595573766,False
2022,December,50,MOWER,2102,4649,983118.0,2022-12-01,0.37252809010317217,False,0.4173495980785093,False,0.1177797546203889,False
2023,January,50,MOWER,2110,4691,1139244.0,2023-01-01,0.35770793809938406,False,0.4266961909662498,False,1.0878988218774304,False
2023,February,50,MOWER,2105,4652,1146633.0,2023-02-01,0.2497681716503792,False,0.2805601683715061,False,1.0796924020521128,False
2023,March,50,MOWER,2120,4706,1158628.0,2023-03-01,0.2231149331492086,False,0.31910211642546193,False,1.1150281758154046,False
2023,April,50,MOWER,1977,4377,594512.0,2023-04-01,-0.32755093987849626,False,-0.2688305700149212,False,-3.408213387910005,False
2023,May,50,MOWER,2018,4446,604724.0,2023-05-01,-0.18916980403042646,False,-0.16335419968882173,False,-3.293337766973694,False
2023,June,50,MOWER,2001,4390,587333.0,2023-06-01,-0.2462032201925244,False,-0.24883169574468436,False,-2.6633347458325005,False
2023,July,50,MOWER,1988,4363,593602.0,2023-07-01,-0.29014474368047355,False,-0.29043434048573874,False,-2.4666604415007236,False
2023,August,50,MOWER,2030,4381,602171.0,2023-08-01,-0.149199316690821,False,-0.2626707522352049,False,-2.239725227364738,False
2023,September,50,MOWER,1983,4299,587127.0,2023-09-01,-0.307121848037222,False,-0.3900852758407089,False,-1.8035418928655977,False
2023,October,50,MOWER,1958,4214,615902.0,2023-10-01,-0.346477554993218,False,-0.49229857505708835,False,-0.5564307326823911,False
2023,November,50,MOWER,1935,4165,606383.0,2023-11-01,-0.3031292176325529,False,-0.39753012378461944,False,-0.04329074324823809,False
2023,December,50,MOWER,1902,4067,585794.0,2023-12-01,-0.37059000752651683,False,-0.5084356595923186,False,-0.22375680869203338,False
2024,January,50,MOWER,1896,4073,574294.89,2024-01-01,-0.34140255540234316,False,-0.4884951742317603,False,-0.33396999220427137,False
2024,February,50,MOWER,1895,4086,563682.0,2024-02-01,-0.3144997931047219,False,-0.45312457379209053,False,-0.4023447414357372,False
2024,March,50,MOWER,1878,4072,553922.0,2024-03-01,-0.35654677454883793,False,-0.4156418514316915,False,-0.47181933622369093,False
2024,April,50,MOWER,1937,4162,573349.0,2024-04-01,-0.10524677177392115,False,-0.1510633056365331,False,-0.19834245043011164,False
2024,May,50,MOWER,1933,4110,572732.0,2024-05-01,-0.05028349734869221,False,-0.12907676651011193,False,-0.1686156508135102,False
2024,June,50,MOWER,1934,4118,580938.0,2024-06-01,-0.006967076964812073,False,-0.07409881678472892,False,-0.06381185865642815,False
2024,July,50,MOWER,1938,4144,583469.0,2024-07-01,0.0121863169060735,False,0.006607380104831763,False,0.0012492214832867442,False
2024,August,50,MOWER,1905,4086,585222.0,2024-08-01,-0.10359545968119138,False,-0.07382670572241504,False,0.03489574949138578,False
2024,September,50,MOWER,1930,4105,593256.0,2024-09-01,-0.01221423930126636,False,-0.014765095629244804,False,0.12686195936529812,False
2024,October,50,MOWER,1940,4114,583831.0,2024-10-01,0.02960450613015386,False,0.010663985786977505,False,0.018844666475372526,False
2024,November,50,MOWER,1942,4092,574507.0,2024-11-01,0.036550953706015986,False,-0.02549350820660037,False,-0.08974476037999642,False
2024,December,50,MOWER,1939,4044,570595.0,2024-12-01,0.026128597782169513,False,-0.09026298987786831,False,-0.08362762993268265,False
2025,January,50,MOWER,1901,4031,564583.0,2025-01-01,-0.11427984453610776,False,-0.11197527803353446,False,-0.11628521681552478,False
2025,February,50,MOWER,1870,3954,555265.0,2025-02-01,-0.22511986856286526,False,-0.24203189284457596,False,-0.22297559085050392,False
2025,March,50,MOWER,1856,3928,547283.0,2025-03-01,-0.2757799779575938,False,-0.2865196238835923,False,-0.3206392444122433,False
2025,April,50,MOWER,1882,3952,559900.0,2025-04-01,-0.18199771848910337,False,-0.2454436278692627,False,-0.1669064011672729,False
2025,May,50,MOWER,1867,3924,563500.0,2025-05-01,-0.22896482861444195,False,-0.27774796948080305,False,-0.12004564053259872,False
2025,June,50,MOWER,1837,3869,545168.0,2025-06-01,-0.28898534583643704,False,-0.3331481665535744,False,-0.3305177286869269,False
2025,July,50,MOWER,1870,3912,558857.0,2025-07-01,-0.11792511066622421,False,-0.21292411904048367,False,-0.10447928673580725,False
2025,August,50,MOWER,1884,3952,558952.0,2025-08-01,-0.026698639064150244,False,-0.06844004243020747,False,-0.06113500405487494,False
2025,September,50,MOWER,1899,4017,567040.0,2025-09-01,0.057041459218651266,False,0.10830158910507474,False,0.06385536202698705,False
2025,October,50,MOWER,1870,3940,569656.0,2025-10-01,-0.046702299029935675,False,-0.022212597268184336,False,0.09490134108553401,False
2025,November,50,MOWER,1824,3840,549497.0,2025-11-01,-0.18946476647369703,False,-0.1938650257430192,False,-0.14811622772911912,False
2025,December,50,MOWER,1792,3769,540010.0,2025-12-01,-0.28722134125210974,False,-0.3094581704765497,False,-0.23825482836700268,False
2026,January,50,MOWER,1761,3691,518303.0,2026-01-01,-0.4048586409023728,False,-0.42993576157565344,False,-0.5086975172221148,False
2026,February,50,MOWER,1771,3695,536270.0,2026-02-01,-0.36127462001645083,False,-0.40891219938925416,False,-0.25652392920690076,False
2026,March,50,MOWER,1765,3631,522318.0,2026-03-01,-0.3588219190766501,False,-0.5129699743904054,False,-0.3991135391497404,False
2022,January,51,MURRAY,244,500,105046.0,2022-01-01,,False,,False,,False
2022,February,51,MURRAY,243,498,115204.0,2022-02-01,,False,,False,,False
2022,March,51,MURRAY,245,498,111257.0,2022-03-01,,False,,False,,False
2022,April,51,MURRAY,245,495,111075.0,2022-04-01,,False,,False,,False
2022,May,51,MURRAY,248,502,110347.0,2022-05-01,0.09549586666046567,False,0.053852581478747,False,-0.04987409316911168,False
2022,June,51,MURRAY,263,539,115407.0,2022-06-01,0.4763154908581164,False,0.532605730476877,False,0.25805711724368896,False
2022,July,51,MURRAY,259,528,118143.0,2022-07-01,0.37333639133594876,False,0.38029883905352624,False,0.4105747553783844,False
2022,August,51,MURRAY,254,513,116391.0,2022-08-01,0.2423614022297971,False,0.17278777367767972,False,0.30428027703935795,False
2022,September,51,MURRAY,259,523,104289.0,2022-09-01,0.3324571029406126,False,0.2893169861753518,False,-0.5538117770700404,False
2022,October,51,MURRAY,266,541,133764.0,2022-10-01,0.4707724142552326,False,0.5036884823876739,False,1.2426495645166062,False
2022,November,51,MURRAY,271,552,135366.0,2022-11-01,0.5156137377924882,False,0.566251408859233,False,1.2053795185539995,False
2022,December,51,MURRAY,277,565,122636.0,2022-12-01,0.5824817997497639,False,0.6500211319853788,False,0.4216678725965377,False
2023,January,51,MURRAY,285,597,142032.0,2023-01-01,0.7083546573332494,False,0.9559909672767519,False,1.4061032512001108,False
2023,February,51,MURRAY,290,609,154133.0,2023-02-01,0.7597678358719854,False,0.992991474278996,False,1.923023875438592,False
2023,March,51,MURRAY,292,615,154141.0,2023-03-01,0.7544770968593009,False,0.9575753594310412,False,1.844354442787204,False
2023,April,51,MURRAY,269,560,69864.0,2023-04-01,0.11347166262824397,False,0.24486599473494397,False,-3.6692913815141486,True
2023,May,51,MURRAY,265,545,64739.0,2023-05-01,-0.06299155444430118,False,-0.01816445858989398,False,-3.7527060984944742,True
2023,June,51,MURRAY,256,521,64148.0,2023-06-01,-0.2951559645586022,False,-0.34615947556536647,False,-3.255206834810762,False
2023,July,51,MURRAY,295,594,70357.0,2023-07-01,0.6578003622389236,False,0.536719324571508,False,-2.3451284678855546,False
2023,August,51,MURRAY,292,594,75614.0,2023-08-01,0.5265187225148491,False,0.44531806639590843,False,-1.4428438499090182,False
2023,September,51,MURRAY,264,529,66728.0,2023-09-01,-0.2494419982278548,False,-0.4133368734616248,False,-1.1491854932461352,False
2023,October,51,MURRAY,262,537,74043.0,2023-10-01,-0.30054072746589927,False,-0.3122862943242879,False,-0.5011567427044107,False
2023,November,51,MURRAY,258,538,77477.0,2023-11-01,-0.40391439834154286,False,-0.2997607568343354,False,0.15731791633123565,False
2023,December,51,MURRAY,265,542,78372.0,2023-12-01,-0.19914765991113514,False,-0.24988991966113125,False,0.24099511295180517,False
2024,January,51,MURRAY,259,526,77076.0,2024-01-01,-0.2042217568885634,False,-0.33029854966349503,False,0.1999746034800138,False
2024,February,51,MURRAY,254,533,79744.0,2024-02-01,-0.2848599906389786,False,-0.13131374339037347,False,0.4295010285907412,False
2024,March,51,MURRAY,255,537,74702.0,2024-03-01,-0.2457582764901664,False,-0.03746095607655756,False,-0.011040497098865724,False
2024,April,51,MURRAY,250,529,70928.0,2024-04-01,-0.3405482372141687,False,-0.10731334788231615,False,-0.3197838550678854,False
2024,May,51,MURRAY,246,523,72762.0,2024-05-01,-0.38466394356367045,False,-0.17784457754580807,False,-0.14759609522377218,False
2024,June,51,MURRAY,251,524,71138.0,2024-06-01,-0.19780224341700292,False,-0.13981667985837484,False,-0.2998433894931414,False
2024,July,51,MURRAY,264,555,78293.0,2024-07-01,0.141476237595514,False,0.24714418368130162,False,0.34656545321003657,False
2024,August,51,MURRAY,255,520,73846.0,2024-08-01,-0.09157957566690589,False,-0.19140392941241607,False,-0.11865857164618326,False
2024,September,51,MURRAY,250,510,72112.0,2024-09-01,-0.17233349514513696,False,-0.27159978554622416,False,-0.20812067373226759,False
2024,October,51,MURRAY,256,525,77063.0,2024-10-01,0.02629632960361182,False,-0.07645599155435562,False,0.23976022463461286,False
2024,November,51,MURRAY,239,486,68022.0,2024-11-01,-0.4353123250729169,False,-0.5515700443406272,False,-0.7367723048493702,False
2024,December,51,MURRAY,262,529,72116.0,2024-12-01,0.1951567094849053,False,0.044693219240230043,False,-0.19876178471049866,False
2025,January,51,MURRAY,247,499,66558.0,2025-01-01,-0.20094534467131103,False,-0.34833056605598806,False,-0.6509782451061353,False
2025,February,51,MURRAY,234,484,62796.0,2025-02-01,-0.5110066107767172,False,-0.5409547111748498,False,-0.9634651793036271,False
2025,March,51,MURRAY,235,485,64078.0,2025-03-01,-0.4290441099564693,False,-0.5142141777541349,False,-0.7968905173159164,False
2025,April,51,MURRAY,246,486,66395.0,2025-04-01,-0.10835574388817171,False,-0.4745562109938796,False,-0.5112589109155331,False
2025,May,51,MURRAY,228,445,62616.0,2025-05-01,-0.5781735696899917,False,-0.9830221273998866,False,-0.9065159579278349,False
2025,June,51,MURRAY,228,444,61372.0,2025-06-01,-0.5781735696899917,False,-0.8594112216795438,False,-0.8449515286730167,False
2025,July,51,MURRAY,227,437,59211.0,2025-07-01,-0.5535143444215523,False,-0.8041200165357435,False,-0.8623017349310169,False
2025,August,51,MURRAY,224,441,58003.0,2025-08-01,-0.5322697213799055,False,-0.6539563555779951,False,-0.9196862764965409,False
2025,September,51,MURRAY,264,588,78207.0,2025-09-01,0.7250501448573308,False,1.2895752695294995,False,1.2241850476768625,False
2025,October,51,MURRAY,269,606,83552.0,2025-10-01,0.8511285820243027,False,1.492617356495865,False,1.670091715872601,False
2025,November,51,MURRAY,269,603,83777.0,2025-11-01,0.8511285820243027,False,1.4591986258698764,False,1.6882309239649784,False
2025,December,51,MURRAY,260,567,78138.0,2025-12-01,0.5255052196648436,False,1.0446996300737164,False,1.218231559215745,False
2026,January,51,MURRAY,260,539,74844.0,2026-01-01,0.5255052196648436,False,0.7037245071204198,False,0.9277245195979087,False
2026,February,51,MURRAY,259,539,76276.0,2026-02-01,0.4996126734730082,False,0.7028134588869266,False,0.9859611139901373,False
2026,March,51,MURRAY,249,526,70820.0,2026-03-01,-0.09155707489687133,False,0.13234465035332388,False,0.028077007845202912,False
2022,January,52,NICOLLET,916,2065,441856.0,2022-01-01,,False,,False,,False
2022,February,52,NICOLLET,903,2045,449914.0,2022-02-01,,False,,False,,False
2022,March,52,NICOLLET,918,2066,455883.0,2022-03-01,,False,,False,,False
2022,April,52,NICOLLET,898,2034,435010.0,2022-04-01,,False,,False,,False
2022,May,52,NICOLLET,901,2031,442017.0,2022-05-01,-0.06309203028513895,False,-0.07911877848414726,False,-0.058491850470533124,False
2022,June,52,NICOLLET,905,1997,437419.0,2022-06-01,0.01490608341467007,False,-0.16012621435922755,False,-0.07053093588146704,False
2022,July,52,NICOLLET,907,1989,435913.0,2022-07-01,0.0223262561131662,False,-0.16900679718788894,False,-0.09256484958589145,False
2022,August,52,NICOLLET,908,1938,415369.0,2022-08-01,0.022297540967196494,False,-0.3259416205666206,False,-0.41695304141334694,False
2022,September,52,NICOLLET,944,2026,422962.0,2022-09-01,0.276835609482482,False,-0.021592814605680504,False,-0.2607304123419164,False
2022,October,52,NICOLLET,961,2066,493049.0,2022-10-01,0.389659136074464,False,0.1151894303829995,False,0.8074895249123206,False
2022,November,52,NICOLLET,972,2121,523266.0,2022-11-01,0.462635137398196,False,0.28734284040372676,False,1.1746537825506513,False
2022,December,52,NICOLLET,984,2146,458748.0,2022-12-01,0.5416002094786457,False,0.3613680965140701,False,0.25305162007744525,False
2023,January,52,NICOLLET,1003,2157,525174.0,2023-01-01,0.6409167598990687,False,0.3776567563435204,False,1.1639380259095093,False
2023,February,52,NICOLLET,989,2094,521335.0,2023-02-01,0.5388535636445435,False,0.17781378204339593,False,1.0535022709158353,False
2023,March,52,NICOLLET,989,2071,518073.0,2023-03-01,0.4078662257854452,False,0.06891551717796146,False,0.966717621228177,False
2023,April,52,NICOLLET,933,1934,275854.0,2023-04-01,-0.13910382698919843,False,-0.392489683762026,False,-3.305397684737402,False
2023,May,52,NICOLLET,928,1921,273412.0,2023-05-01,-0.17530895954340514,False,-0.4329824234805692,False,-3.365373501737883,False
2023,June,52,NICOLLET,955,1998,286813.0,2023-06-01,0.017929720688955587,False,-0.15972509773093838,False,-2.4923022277357685,False
2023,July,52,NICOLLET,945,1975,285874.0,2023-07-01,-0.09202616838102758,False,-0.23778131474993738,False,-2.008116556890231,False
2023,August,52,NICOLLET,958,1983,287134.0,2023-08-01,3.3003452848126e-05,False,-0.21052875242283853,False,-1.6944387910632612,False
2023,September,52,NICOLLET,946,1946,271355.0,2023-09-01,-0.09546650137439397,False,-0.3375052827006488,False,-1.877796299666224,False
2023,October,52,NICOLLET,970,2011,315972.0,2023-10-01,0.07334314371049701,False,-0.06909184005295534,False,-0.32564314932723637,False
2023,November,52,NICOLLET,948,1967,304477.0,2023-11-01,-0.11264131773292246,False,-0.12728054614651738,False,0.07237478879021778,False
2023,December,52,NICOLLET,963,2010,312983.0,2023-12-01,0.04564207033788384,False,0.06577102515729291,False,0.3836313809164724,False
2024,January,52,NICOLLET,964,2009,309152.0,2024-01-01,0.05263533172121523,False,0.06241613824405947,False,0.30056150526485864,False
2024,February,52,NICOLLET,956,1986,306871.0,2024-02-01,-0.0035148364600688176,False,-0.01521043784723942,False,0.2506108853573409,False
2024,March,52,NICOLLET,957,1986,301386.8,2024-03-01,0.010570262972517614,False,0.00509569474935533,False,0.1289788741487994,False
2024,April,52,NICOLLET,953,1979,304691.0,2024-04-01,-0.017651535522239928,False,-0.01870821198317173,False,0.23692677406509632,False
2024,May,52,NICOLLET,949,1975,305108.0,2024-05-01,-0.04599191335044818,False,-0.03234825707645418,False,0.04836683377590458,False
2024,June,52,NICOLLET,953,1966,309104.0,2024-06-01,-0.017651535522239928,False,-0.06313958622844916,False,0.09935986903540005,False
2024,July,52,NICOLLET,949,1944,301040.0,2024-07-01,-0.03892908354394621,False,-0.12710244082196226,False,-0.08592315180989737,False
2024,August,52,NICOLLET,986,1999,311484.0,2024-08-01,0.21878424634440205,False,0.06098325671495688,False,0.14411315003952602,False
2024,September,52,NICOLLET,984,1982,305003.0,2024-09-01,0.205102700071307,False,-0.0016899907797198609,False,-0.021752725484276567,False
2024,October,52,NICOLLET,999,1989,305535.0,2024-10-01,0.29293328785269773,False,0.016971986072525116,False,-0.009998079078889537,False
2024,November,52,NICOLLET,978,1920,299511.0,2024-11-01,0.14977985998647697,False,-0.22105066606509796,False,-0.12959753300708662,False
2024,December,52,NICOLLET,999,1951,304264.0,2024-12-01,0.2683548344537214,False,-0.11307263070587718,False,-0.023400552141898227,False
2025,January,52,NICOLLET,975,1928,291489.0,2025-01-01,0.10100399238385183,False,-0.18111750352360845,False,-0.306838755496891,False
2025,February,52,NICOLLET,976,1937,300949.0,2025-02-01,0.06968576414368734,False,-0.13779501165278693,False,-0.08680155879214888,False
2025,March,52,NICOLLET,972,1936,296303.0,2025-03-01,-0.024218172347829966,False,-0.11906061493001492,False,-0.18356029798776544,False
2025,April,52,NICOLLET,977,1945,307714.0,2025-04-01,0.010353917692412267,False,-0.046581171912234744,False,0.07132027194397535,False
2025,May,52,NICOLLET,959,1933,298186.0,2025-05-01,-0.12184759251130906,False,-0.05210403801798526,False,-0.1442833422754992,False
2025,June,52,NICOLLET,963,1928,300109.0,2025-06-01,-0.09380181405857325,False,-0.0574488275987874,False,-0.056817694878966034,False
2025,July,52,NICOLLET,964,1954,301239.0,2025-07-01,-0.08680855267524187,False,0.046749245392062155,False,0.005476846835228181,False
2025,August,52,NICOLLET,971,1979,304397.0,2025-08-01,-0.038057695121041846,False,0.13072212062873625,False,0.07359025712891445,False
2025,September,52,NICOLLET,979,1981,306158.0,2025-09-01,0.024133289185410484,False,0.1375318132818594,False,0.11249891901416621,False
2025,October,52,NICOLLET,985,1984,312714.0,2025-10-01,0.0653033051023415,False,0.1477334789523603,False,0.25540967065154657,False
2025,November,52,NICOLLET,966,1940,309274.0,2025-11-01,-0.06593995485996394,False,-0.0034598101757704032,False,0.18080063648847183,False
2025,December,52,NICOLLET,953,1906,300197.0,2025-12-01,-0.1433964259317593,False,-0.12787385057338313,False,-0.057068795937927255,False
2026,January,52,NICOLLET,930,1864,290561.0,2026-01-01,-0.29415394248131127,False,-0.26419393191196866,False,-0.24018091733430497,False
2026,February,52,NICOLLET,949,1909,299350.0,2026-02-01,-0.13702579036858126,False,-0.10337836735815083,False,-0.039181136237633,False
2026,March,52,NICOLLET,958,1909,307113.0,2026-03-01,-0.04905114759316946,False,-0.10163772215822046,False,0.14194340602760555,False
2022,January,53,NOBLES,790,1682,372799.0,2022-01-01,,False,,False,,False
2022,February,53,NOBLES,807,1730,378316.0,2022-02-01,,False,,False,,False
2022,March,53,NOBLES,809,1728,384308.0,2022-03-01,,False,,False,,False
2022,April,53,NOBLES,818,1741,383273.0,2022-04-01,,False,,False,,False
2022,May,53,NOBLES,809,1737,376673.0,2022-05-01,0.008337457892821941,False,0.03111998249323873,False,-0.07325887109234837,False
2022,June,53,NOBLES,795,1729,377004.0,2022-06-01,-0.1175994919900718,False,-0.003897717531174223,False,-0.023432255118153174,False
2022,July,53,NOBLES,798,1744,386137.0,2022-07-01,-0.08388896342409144,False,0.056281718725435984,False,0.1497346784195153,False
2022,August,53,NOBLES,809,1770,382342.0,2022-08-01,0.016674915785649874,False,0.1540900821816848,False,0.07140016190151814,False
2022,September,53,NOBLES,801,1735,371785.0,2022-09-01,-0.05861098255797172,False,0.0058443045331804415,False,-0.15315783864947646,False
2022,October,53,NOBLES,818,1762,426454.0,2022-10-01,0.09120606086416984,False,0.10409752201273645,False,0.8078782126000605,False
2022,November,53,NOBLES,824,1787,428657.0,2022-11-01,0.13210239820980835,False,0.19518920589578273,False,0.8069320597838961,False
2022,December,53,NOBLES,813,1770,390457.0,2022-12-01,0.03322666817669656,False,0.1268689440533121,False,0.14166049723395793,False
2023,January,53,NOBLES,815,1753,419997.0,2023-01-01,0.0497788237224653,False,0.054057406657770285,False,0.6253682367000155,False
2023,February,53,NOBLES,814,1749,427255.0,2023-02-01,0.04150782329918427,False,0.02510199567377072,False,0.7236362316145681,False
2023,March,53,NOBLES,832,1767,445286.0,2023-03-01,0.17224258181656968,False,0.07867227987657412,False,0.9773380257065004,False
2023,April,53,NOBLES,780,1657,243971.0,2023-04-01,-0.283283860579693,False,-0.3719549421286779,False,-3.134429486298137,False
2023,May,53,NOBLES,796,1696,249258.0,2023-05-01,-0.12574452615878515,False,-0.21513416738821686,False,-2.989823081199269,False
2023,June,53,NOBLES,813,1736,252114.0,2023-06-01,0.016613334088345286,False,-0.05799252309682403,False,-2.912978536556826,False
2023,July,53,NOBLES,842,1813,265322.0,2023-07-01,0.23611946303538262,False,0.2345709375103499,False,-2.568561170915187,False
2023,August,53,NOBLES,855,1803,266667.0,2023-08-01,0.3352004408276736,False,0.17232478734880544,False,-2.447254455260431,False
2023,September,53,NOBLES,836,1807,260588.0,2023-09-01,0.17552403143024822,False,0.18726388537164035,False,-1.8720395082030292,False
2023,October,53,NOBLES,833,1784,271352.0,2023-10-01,0.1347933139988166,False,0.07409707215098722,False,-0.4479155731870724,False
2023,November,53,NOBLES,829,1764,264194.0,2023-11-01,0.0777484693027305,False,-0.017172575223384664,False,-0.12157883262065268,False
2023,December,53,NOBLES,826,1735,260460.0,2023-12-01,0.03294707990189896,False,-0.11747234361451829,False,-0.14180052248329533,False
2024,January,53,NOBLES,797,1708,263016.0,2024-01-01,-0.25298202008488035,False,-0.19639003729049045,False,-0.0445105275067063,False
2024,February,53,NOBLES,785,1647,246357.0,2024-02-01,-0.35518094494884445,False,-0.4338438477547982,False,-0.4564159740955235,False
2024,March,53,NOBLES,804,1670,257647.0,2024-03-01,-0.19407334869563114,False,-0.3152130004637439,False,-0.10783399395415029,False
2024,April,53,NOBLES,807,1670,262778.0,2024-04-01,-0.10333658358617881,False,-0.25934054290264535,False,0.05810533560574684,False
2024,May,53,NOBLES,827,1685,269535.0,2024-05-01,0.06158605801761147,False,-0.1990631086792272,False,0.1994702087876986,False
2024,June,53,NOBLES,827,1733,277841.0,2024-06-01,0.004075529196892549,False,-0.009717342016989896,False,0.37290801576132526,False
2024,July,53,NOBLES,852,1755,283448.0,2024-07-01,0.20063942150280076,False,0.08115076718445234,False,0.4895463326392589,False
2024,August,53,NOBLES,843,1750,282264.0,2024-08-01,0.129094849721157,False,0.06191779150682905,False,0.4613126609936634,False
2024,September,53,NOBLES,846,1745,279380.0,2024-09-01,0.15302745909953364,False,0.04262981725370392,False,0.3920421561803731,False
2024,October,53,NOBLES,871,1782,290804.0,2024-10-01,0.3492309379374917,False,0.18407166772563732,False,0.5797882273998473,False
2024,November,53,NOBLES,833,1663,268885.0,2024-11-01,0.04870057258117186,False,-0.2818256935453586,False,0.05121332445444887,False
2024,December,53,NOBLES,863,1718,286201.0,2024-12-01,0.2870645992547765,False,-0.009624540630801887,False,0.4128150792991808,False
2025,January,53,NOBLES,833,1697,271469.0,2025-01-01,0.02435028629058593,False,-0.06323084991412184,False,-0.05413299868773586,False
2025,February,53,NOBLES,831,1704,266890.0,2025-02-01,-0.01619448557069526,False,-0.013704466781758623,False,-0.1929864970215652,False
2025,March,53,NOBLES,844,1702,272558.0,2025-03-01,0.0883812526143907,False,-0.035495676406493114,False,-0.05124187956561424,False
2025,April,53,NOBLES,830,1683,265942.0,2025-04-01,-0.06450347117973998,False,-0.11117110853500195,False,-0.23048916540355194,False
2025,May,53,NOBLES,850,1744,279843.0,2025-05-01,0.09590836974767039,False,0.12883379714705193,False,0.11317064145320016,False
2025,June,53,NOBLES,833,1704,264710.0,2025-06-01,-0.08438776487718493,False,-0.08445881013911749,False,-0.34518117147585775,False
2025,July,53,NOBLES,846,1726,276269.0,2025-07-01,0.019939121641176845,False,0.05889653462301947,False,0.007843594324925006,False
2025,August,53,NOBLES,835,1715,272671.0,2025-08-01,-0.06823206853061958,False,0.015797346446811748,False,-0.04281232785142085,False
2025,September,53,NOBLES,850,1729,283234.0,2025-09-01,0.08383703383718495,False,0.07649405084812416,False,0.2577573806583028,False
2025,October,53,NOBLES,850,1742,289905.0,2025-10-01,0.08383703383718495,False,0.12698953574830973,False,0.4147795692775798,False
2025,November,53,NOBLES,833,1706,283262.0,2025-11-01,-0.05226847448047802,False,-0.013780791035727224,False,0.2584241438248271,False
2025,December,53,NOBLES,808,1673,279014.0,2025-12-01,-0.2575490778307021,False,-0.14940681125747443,False,0.11089734952754991,False
2026,January,53,NOBLES,798,1649,266636.0,2026-01-01,-0.2972525678895113,False,-0.22512104824266294,False,-0.1951729504575635,False
2026,February,53,NOBLES,805,1661,264230.0,2026-02-01,-0.23841730387582782,False,-0.1762440227700845,False,-0.25631274836146994,False
2026,March,53,NOBLES,783,1632,264259.0,2026-03-01,-0.4250833048195341,False,-0.29497546486112924,False,-0.2555725086972264,False
2022,January,54,NORMAN,294,620,137038.0,2022-01-01,,False,,False,,False
2022,February,54,NORMAN,295,627,140819.0,2022-02-01,,False,,False,,False
2022,March,54,NORMAN,296,626,139974.0,2022-03-01,,False,,False,,False
2022,April,54,NORMAN,297,614,140281.0,2022-04-01,,False,,False,,False
2022,May,54,NORMAN,297,620,140800.0,2022-05-01,0.03404666865895624,False,-0.0324281344638716,False,0.032296996953929506,False
2022,June,54,NORMAN,301,642,143756.0,2022-06-01,0.11260695596928591,False,0.23481801734142632,False,0.16504807101434602,False
2022,July,54,NORMAN,306,667,143681.0,2022-07-01,0.21202863612406359,False,0.45966744839948676,False,0.14907401117844904,False
2022,August,54,NORMAN,292,633,140214.0,2022-08-01,-0.11413131865883257,False,0.07488578111003565,False,-0.02813060985268864,False
2022,September,54,NORMAN,293,621,132937.0,2022-09-01,-0.07981389065217284,False,-0.0593779941727637,False,-0.37514516404732745,False
2022,October,54,NORMAN,302,635,150425.0,2022-10-01,0.1349044969364824,False,0.09612989316007334,False,0.4709128762475976,False
2022,November,54,NORMAN,311,663,166346.0,2022-11-01,0.3209970804233803,False,0.38135417852001613,False,1.1370373893256647,False
2022,December,54,NORMAN,323,689,153603.0,2022-12-01,0.5642194475403053,False,0.6350514029253513,False,0.5870194818902142,False
2023,January,54,NORMAN,318,693,171099.0,2023-01-01,0.4593184218048213,False,0.6419715633648544,False,1.3141497206349442,False
2023,February,54,NORMAN,316,710,176914.0,2023-02-01,0.3719295654660307,False,0.7625132853187517,False,1.4712658700470382,False
2023,March,54,NORMAN,330,738,180204.0,2023-03-01,0.6073094392411947,False,0.9755042394396858,False,1.5259324288358138,False
2023,April,54,NORMAN,317,681,94243.0,2023-04-01,0.28167866153412274,False,0.2887954105535078,False,-3.000922386223591,False
2023,May,54,NORMAN,315,676,91186.0,2023-05-01,0.14040895101842538,False,0.11052432143168918,False,-3.2233375522764844,False
2023,June,54,NORMAN,312,662,92002.0,2023-06-01,-0.021378346016009832,False,-0.09581092434534451,False,-2.8218952461861857,False
2023,July,54,NORMAN,301,614,88940.0,2023-07-01,-0.27348064322503146,False,-0.6027160367940257,False,-2.4630608972897186,False
2023,August,54,NORMAN,303,618,88707.0,2023-08-01,-0.2289590294335611,False,-0.5387328527483183,False,-1.8407927114385412,False
2023,September,54,NORMAN,307,637,98053.0,2023-09-01,-0.14078783926177066,False,-0.33481119584531266,False,-1.059041882152893,False
2023,October,54,NORMAN,306,619,92796.0,2023-10-01,-0.16272281794288485,False,-0.5278450376319367,False,-0.6069004096439404,False
2023,November,54,NORMAN,321,652,98349.0,2023-11-01,0.159039299278508,False,-0.17806518003639227,False,0.15398692856932317,False
2023,December,54,NORMAN,317,633,95383.0,2023-12-01,0.03189972912930081,False,-0.3721498246193782,False,-0.05255640643987664,False
2024,January,54,NORMAN,322,662,100264.0,2024-01-01,0.13712807241382505,False,0.05125478591705748,False,0.3771647129171273,False
2024,February,54,NORMAN,315,641,94235.0,2024-02-01,-0.01065561707926912,False,-0.16584441449779666,False,-0.04112246059987126,False
2024,March,54,NORMAN,322,658,98008.0,2024-03-01,0.14778368949309417,False,0.11898731754025306,False,0.26450242429481624,False
2024,April,54,NORMAN,321,647,96180.0,2024-04-01,0.1268689440533121,False,0.0054498242169332915,False,0.13751108369352086,False
2024,May,54,NORMAN,327,661,97185.0,2024-05-01,0.2513955579073288,False,0.17554574715268118,False,0.1670743671861396,False
2024,June,54,NORMAN,317,628,93952.0,2024-06-01,0.021277673104287957,False,-0.16935510119796535,False,-0.13002123362931176,False
2024,July,54,NORMAN,318,628,98700.0,2024-07-01,0.021177411431481916,False,-0.11690458833022628,False,0.202510105152646,False
2024,August,54,NORMAN,322,648,102164.0,2024-08-01,0.09463963756878029,False,0.09422375939438901,False,0.3720535443337354,False
2024,September,54,NORMAN,326,650,99662.0,2024-09-01,0.13549927121157215,False,0.06252710905435724,False,0.14131790168694314,False
2024,October,54,NORMAN,322,661,102554.0,2024-10-01,0.020914745439782095,False,0.13897296426252748,False,0.33425690863893803,False
2024,November,54,NORMAN,336,692,106339.0,2024-11-01,0.29665181780974925,False,0.43207673910295413,False,0.5385584375343346,False
2024,December,54,NORMAN,327,664,96202.0,2024-12-01,0.10361186841423463,False,0.1538929837907935,False,-0.1491768206258302,False
2025,January,54,NORMAN,315,635,93396.0,2025-01-01,-0.14778368949309417,False,-0.19842457872897576,False,-0.3488377065698316,False
2025,February,54,NORMAN,322,652,100548.0,2025-02-01,0.0,False,0.03106713153658414,False,0.20101571211759978,False
2025,March,54,NORMAN,324,657,99988.0,2025-03-01,0.0416359346772605,False,0.061794624956105965,False,0.11117773580262068,False
2025,April,54,NORMAN,330,655,101896.0,2025-04-01,0.16502352178147148,False,0.04126188459471885,False,0.18223447245124458,False
2025,May,54,NORMAN,328,649,100171.0,2025-05-01,0.10332664143698851,False,-0.04651754150779284,False,0.023346948333538398,False
2025,June,54,NORMAN,326,639,98785.0,2025-06-01,0.06219846522652969,False,-0.12528978732733526,False,-0.08781011908453375,False
2025,July,54,NORMAN,331,636,102667.0,2025-07-01,0.12304426158368337,False,-0.1569813099989183,False,0.17217311972869537,False
2025,August,54,NORMAN,329,625,99648.0,2025-08-01,0.061598601634271194,False,-0.2744743837629958,False,-0.0479767006394456,False
2025,September,54,NORMAN,325,615,100150.0,2025-09-01,-0.03095623330806978,False,-0.3830918677995705,False,0.004752546389121974,False
2025,October,54,NORMAN,338,641,104246.0,2025-10-01,0.2327916536546214,False,-0.09906005394143041,False,0.2696597411189342,False
2025,November,54,NORMAN,332,613,100484.0,2025-11-01,0.09177793618635137,False,-0.3425475576873746,False,0.02174982478013823,False
2025,December,54,NORMAN,339,635,105071.0,2025-12-01,0.23209503204910653,False,-0.052811169218180944,False,0.3228288639828951,False
2026,January,54,NORMAN,333,625,102426.0,2026-01-01,0.09150125600350757,False,-0.13333883509986905,False,0.1396333993259013,False
2026,February,54,NORMAN,337,640,104864.0,2026-02-01,0.15136036690569188,False,0.026376598759886016,False,0.2856304602556093,False
2026,March,54,NORMAN,329,631,102028.0,2026-03-01,-0.030581949293752148,False,-0.0689981246494772,False,0.05579198046328061,False
2022,January,55,OLMSTED,6102,12684,2812276.0,2022-01-01,,False,,False,,False
2022,February,55,OLMSTED,6147,12870,2907614.0,2022-02-01,,False,,False,,False
2022,March,55,OLMSTED,6201,12938,2944699.0,2022-03-01,,False,,False,,False
2022,April,55,OLMSTED,6224,12945,2901421.0,2022-04-01,,False,,False,,False
2022,May,55,OLMSTED,6233,13010,2937804.04,2022-05-01,0.06420469834209752,False,0.05519967043536655,False,0.0768637125932365,False
2022,June,55,OLMSTED,6254,13005,2936203.0,2022-06-01,0.05739538525795893,False,0.034836462098161144,False,0.06599600138324588,False
2022,July,55,OLMSTED,6274,13004,2932923.0,2022-07-01,0.0664440068799873,False,0.03249380595796147,False,0.025459026485150787,False
2022,August,55,OLMSTED,6408,13178,2945584.0,2022-08-01,0.19648056960553834,False,0.12031591741673253,False,0.02905450244200679,False
2022,September,55,OLMSTED,6422,13028,2805914.0,2022-09-01,0.2063260859548057,False,0.02777093697104453,False,-0.3023719094369751,False
2022,October,55,OLMSTED,6458,13223,3342751.0,2022-10-01,0.23915291688151158,False,0.11263786861413981,False,0.8822091871261937,False
2022,November,55,OLMSTED,6524,13355,3338156.0,2022-11-01,0.29638400494015776,False,0.17937233398689656,False,0.8691615374594458,False
2022,December,55,OLMSTED,6709,13632,3029010.0,2022-12-01,0.47361910865151485,False,0.31757169693617526,False,0.20989477470127887,False
2023,January,55,OLMSTED,6810,13801,3445348.0,2023-01-01,0.5636232468990848,False,0.3993750768826896,False,1.0767384225035652,False
2023,February,55,OLMSTED,6840,13875,3496025.96,2023-02-01,0.5112409915549834,False,0.42948336418976274,False,1.1654843233253247,False
2023,March,55,OLMSTED,6918,14027,3539013.0,2023-03-01,0.5090921971695845,False,0.4596999733507566,False,1.238995562517974,False
2023,April,55,OLMSTED,6450,13001,2040083.0,2023-04-01,0.010490194213546857,False,-0.1026981242521952,False,-2.5717391166838866,False
2023,May,55,OLMSTED,6404,12864,1998067.0,2023-05-01,-0.05244842493802509,False,-0.17414619634979664,False,-2.7121043864696106,False
2023,June,55,OLMSTED,6422,12964,2000018.0,2023-06-01,-0.03351950699569701,False,-0.12191984173187817,False,-2.4192117109824403,False
2023,July,55,OLMSTED,6399,12835,2002314.0,2023-07-01,-0.05771589884884585,False,-0.18936778951851932,False,-2.113620164422412,False
2023,August,55,OLMSTED,6429,12918,1998976.0,2023-08-01,-0.026172583371916875,False,-0.145893750450937,False,-1.8053697644801463,False
2023,September,55,OLMSTED,6468,12974,1982627.0,2023-09-01,0.014614423617178253,False,-0.07811433278361664,False,-1.3851049206134716,False
2023,October,55,OLMSTED,6510,13026,2134278.0,2023-10-01,0.04886774217977535,False,-0.044140287939561984,False,-0.46264308082127065,False
2023,November,55,OLMSTED,6509,12884,2103883.0,2023-11-01,0.02078917299197316,False,-0.06744875314982017,False,0.05547915053374456,False
2023,December,55,OLMSTED,6530,12920,2094414.41,2023-12-01,0.04303022851426508,False,-0.03514088124156733,False,0.07342878138806502,False
2024,January,55,OLMSTED,6519,12908,2093017.99,2024-01-01,0.03166021586095592,False,-0.03179715419535082,False,0.08414244406780086,False
2024,February,55,OLMSTED,6360,12613,2037070.1,2024-02-01,-0.13486559338062715,False,-0.17365912146817714,False,-0.09636048034399725,False
2024,March,55,OLMSTED,6434,12697,2052531.0,2024-03-01,-0.026147034709448878,False,-0.11690430365028583,False,0.046015339514951556,False
2024,April,55,OLMSTED,6437,12644,2052891.0,2024-04-01,-0.005231195519636591,False,-0.14198251392808425,False,0.047198262402437845,False
2024,May,55,OLMSTED,6474,12597,2059264.0,2024-05-01,0.040225295603805604,False,-0.1582122181637316,False,0.047589523422374075,False
2024,June,55,OLMSTED,6396,12395,2042756.6,2024-06-01,-0.05929262736080109,False,-0.26723995810844775,False,-0.03278867318094663,False
2024,July,55,OLMSTED,6498,12577,2096074.0,2024-07-01,0.047407798695407614,False,-0.1498032633561674,False,0.14100224482411686,False
2024,August,55,OLMSTED,6555,12730,2136238.0,2024-08-01,0.08698074482275742,False,-0.031797335299053126,False,0.2579792482833486,False
2024,September,55,OLMSTED,6667,12891,2163230.0,2024-09-01,0.18563252855937298,False,0.09351761423262725,False,0.2773855458085679,False
2024,October,55,OLMSTED,6820,13084,2181273.38,2024-10-01,0.320469796461567,False,0.19374542756767893,False,0.27633110789273924,False
2024,November,55,OLMSTED,6674,12905,2133073.0,2024-11-01,0.17452901127617598,False,0.10083833748791175,False,0.12561305647030793,False
2024,December,55,OLMSTED,6702,12918,2151788.0,2024-12-01,0.19758695046567507,False,0.10762904474107271,False,0.18453371634430327,False
2025,January,55,OLMSTED,6681,12939,2106027.0,2025-01-01,0.17642219645440854,False,0.11858422716408637,False,0.036872733515836545,False
2025,February,55,OLMSTED,6497,12692,2040799.0,2025-02-01,-0.03048775512417358,False,-0.01140965319290089,False,-0.19623390899523738,False
2025,March,55,OLMSTED,6498,12657,2052436.0,2025-03-01,-0.029449823291701465,False,-0.030034176879898355,False,-0.15788197556375497,False
2025,April,55,OLMSTED,6485,12595,2045181.0,2025-04-01,-0.04295541116939602,False,-0.061824730731966496,False,-0.18176659057266484,False
2025,May,55,OLMSTED,6462,12567,2025060.0,2025-05-01,-0.06691635999086105,False,-0.07683506914737756,False,-0.24845413258995946,False
2025,June,55,OLMSTED,6461,12435,2038913.0,2025-06-01,-0.06796007372601956,False,-0.14805153621208064,False,-0.20247016521624028,False
2025,July,55,OLMSTED,6464,12533,2055065.0,2025-07-01,-0.06482941690490823,False,-0.09510693116976843,False,-0.14924772384368834,False
2025,August,55,OLMSTED,6472,12582,2073592.0,2025-08-01,-0.05648809569962347,False,-0.06878966244421099,False,-0.02207628515304858,False
2025,September,55,OLMSTED,6501,12663,2086372.0,2025-09-01,0.0036318034455216793,False,-0.006115831801833389,False,0.07171111264523891,False
2025,October,55,OLMSTED,6510,12654,2135010.0,2025-10-01,0.012961705801476162,False,-0.0031969982622288735,False,0.22714725785138745,False
2025,November,55,OLMSTED,6405,12397,2087170.0,2025-11-01,-0.09669852489055257,False,-0.13918807233928496,False,0.07429046010896602,False
2025,December,55,OLMSTED,6341,12313,2056290.0,2025-12-01,-0.15767143330431632,False,-0.16848350425952424,False,-0.02624839188701567,False
2026,January,55,OLMSTED,6288,12164,1994646.0,2026-01-01,-0.201275981258644,False,-0.23135365978107753,False,-0.20328638846469307,False
2026,February,55,OLMSTED,6232,12008,2001437.0,2026-02-01,-0.25066840151113046,False,-0.31090355854493795,False,-0.17403444754806408,False
2026,March,55,OLMSTED,6272,12066,2028268.0,2026-03-01,-0.20230683292865861,False,-0.26524693807202837,False,-0.08421264687686926,False
2022,January,56,OTTER TAIL,1860,3452,765444.0,2022-01-01,,False,,False,,False
2022,February,56,OTTER TAIL,1878,3552,814805.0,2022-02-01,,False,,False,,False
2022,March,56,OTTER TAIL,1910,3609,833380.0,2022-03-01,,False,,False,,False
2022,April,56,OTTER TAIL,1921,3614,824959.0,2022-04-01,,False,,False,,False
2022,May,56,OTTER TAIL,1926,3649,836306.0,2022-05-01,0.11318917098266945,False,0.1280006939777712,False,0.1339104838891969,False
2022,June,56,OTTER TAIL,1942,3659,833167.0,2022-06-01,0.11201087715019212,False,0.09278000483692764,False,0.06677821279536023,False
2022,July,56,OTTER TAIL,1940,3693,831098.0,2022-07-01,0.08570747583392092,False,0.15048140730620363,False,0.016618465401418748,False
2022,August,56,OTTER TAIL,1930,3665,839603.0,2022-08-01,0.03151056859887583,False,0.09449268672676372,False,0.06867375057690098,False
2022,September,56,OTTER TAIL,1954,3704,791723.0,2022-09-01,0.10606406905112241,False,0.13337392449630134,False,-0.3357611470653597,False
2022,October,56,OTTER TAIL,2008,3798,962396.0,2022-10-01,0.28108233722183434,False,0.2698722160917913,False,0.9893439606457639,False
2022,November,56,OTTER TAIL,2038,3861,984944.0,2022-11-01,0.37406620080708414,False,0.371582228759252,False,1.1371644399316112,False
2022,December,56,OTTER TAIL,2095,3997,890789.0,2022-12-01,0.5530411865187607,False,0.5957931930449752,False,0.45106112988794694,False
2023,January,56,OTTER TAIL,2123,4099,1035247.0,2023-01-01,0.625129632302889,False,0.7601940466138841,False,1.4638887923212207,False
2023,February,56,OTTER TAIL,2131,4196,1071972.0,2023-02-01,0.6295936044893788,False,0.8867278417468941,False,1.6863363980065607,False
2023,March,56,OTTER TAIL,2162,4244,1090289.0,2023-03-01,0.7027242167933084,False,0.9277427078826431,False,1.775526371802549,False
2023,April,56,OTTER TAIL,1981,3867,543997.0,2023-04-01,0.000625910859587515,False,0.20590468996580902,False,-3.1268063629221645,False
2023,May,56,OTTER TAIL,2030,3977,541062.0,2023-05-01,0.11909323905502471,False,0.2550800581930179,False,-3.163295782929448,False
2023,June,56,OTTER TAIL,2041,3975,541134.0,2023-06-01,0.07316325462927992,False,0.19098405443061248,False,-2.6689857167399977,False
2023,July,56,OTTER TAIL,2035,3965,535704.0,2023-07-01,0.0033267121947406554,False,0.07588864862365687,False,-2.084526693129926,False
2023,August,56,OTTER TAIL,2053,3980,528009.66,2023-08-01,0.05440393138913661,False,0.01696964143959219,False,-1.6867160430243313,False
2023,September,56,OTTER TAIL,2013,3870,511751.0,2023-09-01,-0.08816936769756721,False,-0.18221525105332806,False,-1.3227937288714815,False
2023,October,56,OTTER TAIL,2033,3909,560062.0,2023-10-01,-0.02151862773672967,False,-0.11459998235342837,False,-0.5022749609683943,False
2023,November,56,OTTER TAIL,2031,3937,557721.0,2023-11-01,-0.02815414229057371,False,-0.06647031840182671,False,0.06989982756697953,False
2023,December,56,OTTER TAIL,2063,3996,580300.0,2023-12-01,0.08220427203458569,False,0.03383524780831351,False,0.3517101608545437,False
2024,January,56,OTTER TAIL,2046,4031,587659.0,2024-01-01,0.026419473393178055,False,0.09264120007231087,False,0.4367080535185998,False
2024,February,56,OTTER TAIL,2050,3994,577826.0,2024-02-01,0.03958687630598626,False,0.030459371861963493,False,0.3228926978741251,False
2024,March,56,OTTER TAIL,2034,3952,575217.0,2024-03-01,-0.01323767171391009,False,-0.04082714976341734,False,0.2923687633659101,False
2024,April,56,OTTER TAIL,2065,4029,589532.0,2024-04-01,0.10031779080616797,False,0.09948346537766652,False,0.4581716464223075,False
2024,May,56,OTTER TAIL,2102,4066,605712.0,2024-05-01,0.2084642582224937,False,0.1509388836446732,False,0.5426441712846686,False
2024,June,56,OTTER TAIL,2072,4024,594983.0,2024-06-01,0.09337994003788384,False,0.07837854891152445,False,0.31792777411832485,False
2024,July,56,OTTER TAIL,2101,4059,598590.0,2024-07-01,0.17225299770006844,False,0.12069949515919402,False,0.25338774613437987,False
2024,August,56,OTTER TAIL,2096,4074,594271.0,2024-08-01,0.1446765849118692,False,0.13204630664292263,False,0.17487358036789152,False
2024,September,56,OTTER TAIL,2121,4059,601500.0,2024-09-01,0.20823418176564476,False,0.0819414862264788,False,0.1995201758545026,False
2024,October,56,OTTER TAIL,2107,4010,602358.0,2024-10-01,0.13901122265735402,False,-0.027688606946712723,False,0.1559038583025886,False
2024,November,56,OTTER TAIL,2106,4027,599527.0,2024-11-01,0.12113704837519398,False,0.0008386155746520706,False,0.08639512958633377,False
2024,December,56,OTTER TAIL,2125,4045,608472.0,2024-12-01,0.13145996388688075,False,0.02840024971548595,False,0.15524777180560706,False
2025,January,56,OTTER TAIL,2107,4008,589725.0,2025-01-01,0.02725734422749278,False,-0.03691281989983337,False,-0.08025548418668568,False
2025,February,56,OTTER TAIL,2111,4032,592230.0,2025-02-01,0.03040835707410583,False,0.006693336563071739,False,-0.051665188096829316,False
2025,March,56,OTTER TAIL,2084,3937,579558.0,2025-03-01,-0.06438885271106194,False,-0.15827456620030428,False,-0.19755476245666362,False
2025,April,56,OTTER TAIL,2086,3942,578794.0,2025-04-01,-0.05792192987626807,False,-0.14971600649343908,False,-0.20645218197994908,False
2025,May,56,OTTER TAIL,2105,3998,590544.0,2025-05-01,0.0032065591085099986,False,-0.052920700108826844,False,-0.07089465792450608,False
2025,June,56,OTTER TAIL,2067,3898,570225.0,2025-06-01,-0.12441703985185415,False,-0.21703611016067256,False,-0.28263605366357364,False
2025,July,56,OTTER TAIL,2068,3874,572701.0,2025-07-01,-0.12115622277118608,False,-0.24693187352334492,False,-0.2377709130255122,False
2025,August,56,OTTER TAIL,2038,3822,563512.0,2025-08-01,-0.21967306664017466,False,-0.3221125709140506,False,-0.32565465091655343,False
2025,September,56,OTTER TAIL,2058,3913,570659.0,2025-09-01,-0.15383555026243398,False,-0.15333552025938083,False,-0.22635103750926552,False
2025,October,56,OTTER TAIL,2047,3897,579857.0,2025-10-01,-0.15780139108296412,False,-0.12498141878285966,False,-0.05517072681146212,False
2025,November,56,OTTER TAIL,2029,3857,573286.0,2025-11-01,-0.18354796593662995,False,-0.14271410322520392,False,-0.07513183882493478,False
2025,December,56,OTTER TAIL,2002,3793,568353.0,2025-12-01,-0.244648369331361,False,-0.23064900554204507,False,-0.1272339621970091,False
2026,January,56,OTTER TAIL,2008,3814,563208.0,2026-01-01,-0.1968635621766191,False,-0.15985194544382958,False,-0.1518746370352838,False
2026,February,56,OTTER TAIL,2014,3783,553756.0,2026-02-01,-0.16040956940934298,False,-0.20106982836288834,False,-0.23034192138316376,False
2026,March,56,OTTER TAIL,2017,3824,570849.0,2026-03-01,-0.11760005761186612,False,-0.107556880677834,False,-0.009800960863735293,False
2022,January,57,PENNINGTON,569,1036,225540.0,2022-01-01,,False,,False,,False
2022,February,57,PENNINGTON,561,1017,229383.0,2022-02-01,,False,,False,,False
2022,March,57,PENNINGTON,562,1038,237510.0,2022-03-01,,False,,False,,False
2022,April,57,PENNINGTON,557,1030,233078.0,2022-04-01,,False,,False,,False
2022,May,57,PENNINGTON,556,1019,228830.0,2022-05-01,-0.06627299135804644,False,-0.09192045425403146,False,-0.07017304861325613,False
2022,June,57,PENNINGTON,561,1047,228661.0,2022-06-01,0.0,False,0.11031029892786336,False,-0.02126377714572499,False
2022,July,57,PENNINGTON,550,1024,236061.0,2022-07-01,-0.13332868979653378,False,-0.058937503444703866,False,0.20170170378551652,False
2022,August,57,PENNINGTON,567,1069,237771.0,2022-08-01,0.07162899174122339,False,0.2504380959959976,False,0.24224516562230547,False
2022,September,57,PENNINGTON,584,1089,234240.0,2022-09-01,0.2705419320459297,False,0.35577938577913537,False,0.08743574793248307,False
2022,October,57,PENNINGTON,597,1125,278401.0,2022-10-01,0.4187896578640641,False,0.5553806051708815,False,1.198510014730136,False
2022,November,57,PENNINGTON,599,1133,285731.0,2022-11-01,0.4353149897653281,False,0.596634941784294,False,1.3570287938824688,False
2022,December,57,PENNINGTON,605,1136,246657.0,2022-12-01,0.4964344142353112,False,0.6079572203830789,False,0.3483945064359138,False
2023,January,57,PENNINGTON,613,1151,276186.0,2023-01-01,0.5550757598142869,False,0.6672721474773426,False,1.0849715709524748,False
2023,February,57,PENNINGTON,604,1124,291553.0,2023-02-01,0.4554759188798408,False,0.40815289008049466,False,1.40343907750764,False
2023,March,57,PENNINGTON,604,1143,295435.0,2023-03-01,0.3262005099915072,False,0.38859780044816145,False,1.46831329360955,False
2023,April,57,PENNINGTON,547,1029,134103.0,2023-04-01,-0.5148189620235712,False,-0.48848344720488046,False,-3.9865774685898407,True
2023,May,57,PENNINGTON,555,1046,136401.0,2023-05-01,-0.41706362776776085,False,-0.3780669227368418,False,-3.8719745918644515,True
2023,June,57,PENNINGTON,559,1046,148275.0,2023-06-01,-0.36871216623452036,False,-0.3780669227368418,False,-2.4435881411381306,False
2023,July,57,PENNINGTON,561,1057,144338.0,2023-07-01,-0.3446657949549939,False,-0.3075722192975531,False,-2.290306272389007,False
2023,August,57,PENNINGTON,567,1065,146050.0,2023-08-01,-0.2730368032137705,False,-0.25676218618316277,False,-1.943761787173778,False
2023,September,57,PENNINGTON,566,1065,147127.0,2023-09-01,-0.2849222688442532,False,-0.25676218618316277,False,-1.6582730910598575,False
2023,October,57,PENNINGTON,576,1086,165018.0,2023-10-01,-0.06754321473845204,False,-0.05009223192357424,False,-0.287142504714686,False
2023,November,57,PENNINGTON,580,1115,163238.0,2023-11-01,0.099616326530488,False,0.2433825128847708,False,0.19776053725411577,False
2023,December,57,PENNINGTON,589,1118,166517.0,2023-12-01,0.20329898295326249,False,0.26148990630993224,False,0.44390620476392495,False
2024,January,57,PENNINGTON,584,1107,166033.0,2024-01-01,0.14589438114322362,False,0.19485712373325964,False,0.4387433195688946,False
2024,February,57,PENNINGTON,574,1104,157503.0,2024-02-01,0.029598396742479827,False,0.17656971985124606,False,0.08300033795427215,False
2024,March,57,PENNINGTON,555,1057,157204.0,2024-03-01,-0.18533530250596858,False,-0.11660171549294132,False,0.1907995770717459,False
2024,April,57,PENNINGTON,563,1073,160947.0,2024-04-01,-0.04172531010452001,False,0.05043014146367453,False,0.3559220987295492,False
2024,May,57,PENNINGTON,550,1081,161233.0,2024-05-01,-0.19901494872251888,False,0.07527095908905841,False,0.16428091991324806,False
2024,June,57,PENNINGTON,559,1106,164119.0,2024-06-01,-0.08973263020551155,False,0.1791004266020208,False,0.20458781877009743,False
2024,July,57,PENNINGTON,579,1122,169223.0,2024-07-01,0.14695832192150687,False,0.23531471354634745,False,0.3322199323531403,False
2024,August,57,PENNINGTON,596,1140,172682.0,2024-08-01,0.29456348260695614,False,0.27163193745079744,False,0.4210329396238203,False
2024,September,57,PENNINGTON,596,1137,173821.0,2024-09-01,0.24154492344547351,False,0.1923865649464336,False,0.4055442111288699,False
2024,October,57,PENNINGTON,596,1129,169502.0,2024-10-01,0.2123456068443145,False,0.13565889140606296,False,0.19925662562875482,False
2024,November,57,PENNINGTON,614,1171,176151.0,2024-11-01,0.3894079896816705,False,0.35450347401076443,False,0.43810145290570524,False
2024,December,57,PENNINGTON,630,1226,181281.0,2024-12-01,0.5395048088608215,False,0.6547786782994983,False,0.5828073280870427,False
2025,January,57,PENNINGTON,627,1251,190376.0,2025-01-01,0.5073601888483406,False,0.7787921385979653,False,0.8586275924465777,False
2025,February,57,PENNINGTON,640,1299,192662.0,2025-02-01,0.5770809428231519,False,0.9662456009825595,False,0.8694007899573345,False
2025,March,57,PENNINGTON,633,1271,189279.0,2025-03-01,0.40558926784598504,False,0.7746327673467068,False,0.6816720629431245,False
2025,April,57,PENNINGTON,630,1260,184332.0,2025-04-01,0.37359711300737763,False,0.6833788056440682,False,0.41818486792361526,False
2025,May,57,PENNINGTON,634,1249,180475.0,2025-05-01,0.31603905443717084,False,0.5249982236521202,False,0.20847636244629736,False
2025,June,57,PENNINGTON,644,1262,183529.0,2025-06-01,0.2507055771960052,False,0.349714186179628,False,0.19496833983701994,False
2025,July,57,PENNINGTON,646,1284,185294.0,2025-07-01,0.18497002357433437,False,0.24889629952429043,False,0.16271187600854928,False
2025,August,57,PENNINGTON,655,1285,189759.0,2025-08-01,0.262076478587398,False,0.18611959971164638,False,0.2667251564211535,False
2025,September,57,PENNINGTON,661,1279,187771.0,2025-09-01,0.3074920545353401,False,0.12502810636746534,False,0.13940186711378788,False
2025,October,57,PENNINGTON,657,1270,187524.0,2025-10-01,0.24530185418412162,False,0.04793362600414466,False,0.09824526041682938,False
2025,November,57,PENNINGTON,648,1237,188909.0,2025-11-01,0.11537652193852764,False,-0.15614502007902967,False,0.08997864677709942,False
2025,December,57,PENNINGTON,626,1199,183176.0,2025-12-01,-0.16992912028964705,False,-0.36642455990372413,False,-0.16267197671572328,False
2026,January,57,PENNINGTON,627,1187,183372.0,2026-01-01,-0.15918011403069993,False,-0.4342140752355892,False,-0.15545866270127437,False
2026,February,57,PENNINGTON,626,1193,186937.0,2026-02-01,-0.16992912028964705,False,-0.4002341545035287,False,0.019198639660388945,False
2026,March,57,PENNINGTON,625,1180,188414.0,2026-03-01,-0.14897874908918507,False,-0.4474357329175159,False,0.08285488148927109,False
2022,January,58,PINE,1468,2663,605064.0,2022-01-01,,False,,False,,False
2022,February,58,PINE,1467,2673,619009.0,2022-02-01,,False,,False,,False
2022,March,58,PINE,1478,2662,623722.0,2022-03-01,,False,,False,,False
2022,April,58,PINE,1491,2673,609605.0,2022-04-01,,False,,False,,False
2022,May,58,PINE,1500,2687,629286.0,2022-05-01,0.12247241972912347,False,0.04785784559329274,False,0.16269139113993186,False
2022,June,58,PINE,1520,2765,641311.0,2022-06-01,0.18887234030458347,False,0.22816145952618289,False,0.23873691646277664,False
2022,July,58,PINE,1539,2783,648079.0,2022-07-01,0.24309366940699123,False,0.27191296427988604,False,0.2839661992200437,False
2022,August,58,PINE,1556,2810,650480.0,2022-08-01,0.28762967276912343,False,0.3370126653351191,False,0.2833286466173478,False
2022,September,58,PINE,1579,2815,639447.0,2022-09-01,0.3662556572022866,False,0.33138851153378446,False,0.13799196321385243,False
2022,October,58,PINE,1612,2923,743834.0,2022-10-01,0.48539884258683597,False,0.5676262791836095,False,1.1279785152707253,False
2022,November,58,PINE,1632,2968,759554.0,2022-11-01,0.5238776142574703,False,0.5741706060126005,False,1.2150197965007974,False
2022,December,58,PINE,1649,3008,677426.0,2022-12-01,0.549092067415325,False,0.5679665319140309,False,0.3891628499015176,False
2023,January,58,PINE,1682,3107,789398.0,2023-01-01,0.6407932139101394,False,0.7644374566509617,False,1.4111295801818293,False
2023,February,58,PINE,1684,3133,803770.0,2023-02-01,0.5699114173221446,False,0.7662025023312414,False,1.4876049677349679,False
2023,March,58,PINE,1696,3137,806145.0,2023-03-01,0.5312976894888332,False,0.7362625431590325,False,1.4596298048848135,False
2023,April,58,PINE,1580,2925,421501.0,2023-04-01,-0.06544514900524484,False,0.1315363528547834,False,-3.0634604307155286,False
2023,May,58,PINE,1585,2933,418592.0,2023-05-01,-0.04628119166233452,False,0.020722376689500867,False,-3.110172489285216,False
2023,June,58,PINE,1583,2928,411992.0,2023-06-01,-0.0654411217140724,False,-0.0022961552513445,False,-2.589034956790468,False
2023,July,58,PINE,1546,2810,387776.0,2023-07-01,-0.22486406526387775,False,-0.28311180963759297,False,-2.3545860584845517,False
2023,August,58,PINE,1547,2808,395869.0,2023-08-01,-0.22050542213966468,False,-0.28791252158402625,False,-1.9127243285290243,False
2023,September,58,PINE,1542,2839,402332.0,2023-09-01,-0.2423268581896884,False,-0.21388274675997582,False,-1.6488400056800288,False
2023,October,58,PINE,1532,2818,425047.0,2023-10-01,-0.28618266938881914,False,-0.2639430578374628,False,-0.4974679079057874,False
2023,November,58,PINE,1521,2762,414275.0,2023-11-01,-0.2735701100806028,False,-0.399282603793705,False,-0.14488863466953308,False
2023,December,58,PINE,1548,2811,424770.0,2023-12-01,-0.14431510520973492,False,-0.27150453753871695,False,0.07546572596695646,False
2024,January,58,PINE,1563,2841,419193.0,2024-01-01,-0.003958759939881973,False,-0.09586093630809793,False,-0.013678758820229921,False
2024,February,58,PINE,1514,2755,408811.0,2024-02-01,-0.18220041070466975,False,-0.20488401402618114,False,-0.16431535664445956,False
2024,March,58,PINE,1538,2792,414535.0,2024-03-01,-0.04150747168241901,False,-0.08752882080321221,False,-0.030729751113423357,False
2024,April,58,PINE,1546,2780,413109.0,2024-04-01,-0.0021793215621035374,False,-0.08315585248254717,False,-0.02112681767420331,False
2024,May,58,PINE,1530,2746,410826.0,2024-05-01,-0.07012408840425079,False,-0.15654285567795795,False,-0.04688421533589165,False
2024,June,58,PINE,1538,2755,419159.0,2024-06-01,-0.026239517909182764,False,-0.13088043105055058,False,0.10719544190182184,False
2024,July,58,PINE,1534,2770,418240.0,2024-07-01,-0.026307746622729652,False,-0.07260420295838271,False,0.07375429221351565,False
2024,August,58,PINE,1528,2744,421741.0,2024-08-01,-0.043970168751717206,False,-0.10240499220436297,False,0.11835877961011095,False
2024,September,58,PINE,1521,2742,421555.0,2024-09-01,-0.0661438881395418,False,-0.08065137208031004,False,0.08325896833950605,False
2024,October,58,PINE,1549,2758,425614.0,2024-10-01,0.06998909094813972,False,-0.019522462759024792,False,0.11048253855668422,False
2024,November,58,PINE,1525,2688,419394.0,2024-11-01,-0.048440465902952486,False,-0.17822511331852656,False,0.011182748628524121,False
2024,December,58,PINE,1552,2725,433898.0,2024-12-01,0.06985746734444699,False,-0.07749324374824851,False,0.23282744340959885,False
2025,January,58,PINE,1545,2702,419836.0,2025-01-01,0.0393862958055435,False,-0.13097498910615168,False,0.010611749613765794,False
2025,February,58,PINE,1554,2738,427305.95,2025-02-01,0.07853829222349473,False,-0.03070317154724471,False,0.12795032184006952,False
2025,March,58,PINE,1562,2749,426545.0,2025-03-01,0.10437345594962028,False,0.009818498474650637,False,0.11048544111708457,False
2025,April,58,PINE,1565,2741,431639.0,2025-04-01,0.10200257816367825,False,-0.009831916006567817,False,0.17322727141985322,False
2025,May,58,PINE,1548,2714,423129.0,2025-05-01,0.028380659440659834,False,-0.07166353453956063,False,0.023649793693216344,False
2025,June,58,PINE,1544,2686,417023.0,2025-06-01,-0.010902250062086173,False,-0.13789860383789906,False,-0.08696215487410838,False
2025,July,58,PINE,1520,2668,416068.0,2025-07-01,-0.11650127581645536,False,-0.17831328386853781,False,-0.10242616146527832,False
2025,August,58,PINE,1548,2702,423506.0,2025-08-01,0.006537966506394407,False,-0.0731956910400615,False,0.0170880280581627,False
2025,September,58,PINE,1543,2725,426390.0,2025-09-01,-0.02180732581782984,False,0.013636298673770083,False,0.048779934623043045,False
2025,October,58,PINE,1542,2740,442689.0,2025-10-01,-0.026177264422259417,False,0.05064937856612016,False,0.2820565991708713,False
2025,November,58,PINE,1512,2644,437842.0,2025-11-01,-0.152071562602924,False,-0.1898216887439338,False,0.20165522686458556,False
2025,December,58,PINE,1463,2557,420117.0,2025-12-01,-0.3741305825595077,False,-0.4154106564700433,False,-0.10119433466499718,False
2026,January,58,PINE,1479,2601,413291.0,2026-01-01,-0.2920945350373474,False,-0.27180144553484603,False,-0.18757197043898297,False
2026,February,58,PINE,1464,2573,407301.0,2026-02-01,-0.35643911023050284,False,-0.34477742786581506,False,-0.28604519258379424,False
2026,March,58,PINE,1499,2630,417236.0,2026-03-01,-0.1928220425676536,False,-0.16208097675628563,False,-0.09760248365475845,False
2022,January,59,PIPESTONE,322,718,151005.0,2022-01-01,,False,,False,,False
2022,February,59,PIPESTONE,327,715,166875.0,2022-02-01,,False,,False,,False
2022,March,59,PIPESTONE,340,719,157885.0,2022-03-01,,False,,False,,False
2022,April,59,PIPESTONE,343,732,160833.0,2022-04-01,,False,,False,,False
2022,May,59,PIPESTONE,348,743,167467.0,2022-05-01,0.28749806634118313,False,0.22585463853090848,False,0.3350192452911533,False
2022,June,59,PIPESTONE,344,707,157959.0,2022-06-01,0.07865978359920266,False,-0.11336401304399386,False,-0.121618695437074,False
2022,July,59,PIPESTONE,339,689,153276.0,2022-07-01,-0.049349453349593744,False,-0.28237731566494406,False,-0.26380075953075527,False
2022,August,59,PIPESTONE,338,708,156545.0,2022-08-01,-0.03967658499618697,False,-0.09446933136926212,False,-0.060650634724356736,False
2022,September,59,PIPESTONE,344,722,156444.0,2022-09-01,0.08856434284744187,False,0.05152141147185688,False,-0.06342346775080963,False
2022,October,59,PIPESTONE,344,730,178331.0,2022-10-01,0.07865978359920266,False,0.11164392818379154,False,0.8213637949883867,False
2022,November,59,PIPESTONE,349,723,174219.0,2022-11-01,0.14617148286048764,False,0.04205580022336005,False,0.6624353761425007,False
2022,December,59,PIPESTONE,344,712,157155.0,2022-12-01,0.019579113892954032,False,-0.06589724431370651,False,-0.0344190188225749,False
2023,January,59,PIPESTONE,347,737,177278.0,2023-01-01,0.06818819014878306,False,0.17123895551189255,False,0.7798381335874818,False
2023,February,59,PIPESTONE,345,745,183774.0,2023-02-01,0.019522444887828602,False,0.22525185913986057,False,0.9601836417287432,False
2023,March,59,PIPESTONE,349,755,187458.0,2023-03-01,0.09705203411440631,False,0.2963825097796882,False,1.0940582099859697,False
2023,April,59,PIPESTONE,314,665,97059.0,2023-04-01,-0.6136046439976293,False,-0.5956695360320309,False,-3.542832757995794,True
2023,May,59,PIPESTONE,322,678,95357.0,2023-05-01,-0.44444217273970676,False,-0.42816706716785796,False,-3.601349974438835,True
2023,June,59,PIPESTONE,320,678,94578.0,2023-06-01,-0.4863367173645679,False,-0.37653418669424094,False,-3.151422714126937,False
2023,July,59,PIPESTONE,360,774,109707.0,2023-07-01,0.30577473607875466,False,0.5154374409106801,False,-1.9228978199210585,False
2023,August,59,PIPESTONE,355,768,99651.0,2023-08-01,0.21170068672042083,False,0.4113820167643069,False,-2.1338340952733983,False
2023,September,59,PIPESTONE,344,751,100081.0,2023-09-01,-0.009761222443911305,False,0.22348814121471414,False,-1.7955075253627018,False
2023,October,59,PIPESTONE,318,686,97453.0,2023-10-01,-0.5382543270366604,False,-0.4508651404314785,False,-0.6676753058241895,False
2023,November,59,PIPESTONE,323,718,101116.0,2023-11-01,-0.43335330130117633,False,-0.11133466145745877,False,-0.24030956591226244,False
2023,December,59,PIPESTONE,316,706,96408.0,2023-12-01,-0.5709146280742687,False,-0.20148613590693548,False,-0.2868951879973586,False
2024,January,59,PIPESTONE,316,683,98279.0,2024-01-01,-0.35911858864563617,False,-0.4245618230152203,False,-0.10803085869219554,False
2024,February,59,PIPESTONE,313,666,95435.0,2024-02-01,-0.20103427712686833,False,-0.4495944899495441,False,-0.24481966596997218,False
2024,March,59,PIPESTONE,308,654,95976.0,2024-03-01,-0.27793073514908817,False,-0.41850865689629246,False,-0.13147306985698393,False
2024,April,59,PIPESTONE,346,787,112846.0,2024-04-01,0.546403458843697,False,0.9399291383894731,False,1.0028331845979828,False
2024,May,59,PIPESTONE,340,772,109277.0,2024-05-01,0.3867296614529377,False,0.6987588614660986,False,0.7439369712187027,False
2024,June,59,PIPESTONE,345,773,109519.0,2024-06-01,0.4744868429987451,False,0.5539389377122872,False,0.6836384551700049,False
2024,July,59,PIPESTONE,315,680,100973.0,2024-07-01,-0.3410999310045641,False,-0.5175879264566076,False,0.0743708733218697,False
2024,August,59,PIPESTONE,307,659,100746.0,2024-08-01,-0.28914146499476345,False,-0.5207556624373463,False,0.059190345302443506,False
2024,September,59,PIPESTONE,312,652,98537.0,2024-09-01,-0.1068627063496809,False,-0.43913558428653776,False,-0.12720312035120723,False
2024,October,59,PIPESTONE,301,598,91555.0,2024-10-01,-0.3269622326087596,False,-0.9097959984132173,False,-0.5704687300291983,False
2024,November,59,PIPESTONE,290,582,88254.0,2024-11-01,-0.5665714106512734,False,-1.06282938273721,False,-0.8181482023642931,False
2024,December,59,PIPESTONE,329,695,108062.0,2024-12-01,0.3138114940388035,False,0.21701015161599296,False,0.6312172423680282,False
2025,January,59,PIPESTONE,323,691,106536.0,2025-01-01,0.19004655372181703,False,0.17813396330150952,False,0.45167892842816454,False
2025,February,59,PIPESTONE,316,683,104868.0,2025-02-01,0.04272400450481339,False,0.09970284702443173,False,0.2628810555663432,False
2025,March,59,PIPESTONE,303,647,99261.0,2025-03-01,-0.2717850017380261,False,-0.34985920777518875,False,-0.2429865071542494,False
2025,April,59,PIPESTONE,305,636,100084.0,2025-04-01,-0.22755533505418482,False,-0.465340627837039,False,-0.1872930024734186,False
2025,May,59,PIPESTONE,300,611,94761.0,2025-05-01,-0.29585213968736296,False,-0.6149334755501287,False,-0.4206806304655595,False
2025,June,59,PIPESTONE,305,630,96103.0,2025-06-01,-0.09825026550623649,False,-0.2671196692508195,False,-0.29600557893947677,False
2025,July,59,PIPESTONE,306,632,93496.0,2025-07-01,3.5783062857390746e-05,False,-0.18389224457034367,False,-0.4314234996748358,False
2025,August,59,PIPESTONE,308,674,98707.0,2025-08-01,0.05480212760307067,False,0.33308506307004976,False,-0.01306198232412072,False
2025,September,59,PIPESTONE,334,776,116377.0,2025-09-01,0.5997256520878466,False,1.2822931263646156,False,1.1165631537092313,False
2025,October,59,PIPESTONE,352,849,126972.0,2025-10-01,0.9527422589428599,False,1.8879671404068594,False,1.6795728376681385,False
2025,November,59,PIPESTONE,357,855,127942.0,2025-11-01,1.0147075081972514,False,1.739998763660396,False,1.6841828614512115,False
2025,December,59,PIPESTONE,337,777,115880.0,2025-12-01,0.5188548762941835,False,0.9132137784335937,False,0.83096992936856,False
2026,January,59,PIPESTONE,311,669,100927.0,2026-01-01,-0.021033186963819353,False,-0.09481845711275191,False,-0.10089506377199049,False
2026,February,59,PIPESTONE,296,606,90878.0,2026-02-01,-0.2997484310009175,False,-0.6911359392897432,False,-0.679118009781754,False
2026,March,59,PIPESTONE,295,602,91887.0,2026-03-01,-0.2680129656596869,False,-0.5980589665416294,False,-0.5485093212953975,False
2022,January,60,POLK,1709,3541,773518.0,2022-01-01,,False,,False,,False
2022,February,60,POLK,1705,3550,800549.0,2022-02-01,,False,,False,,False
2022,March,60,POLK,1733,3612,821919.0,2022-03-01,,False,,False,,False
2022,April,60,POLK,1743,3640,806347.0,2022-04-01,,False,,False,,False
2022,May,60,POLK,1732,3611,810196.0,2022-05-01,0.043113273073331224,False,0.056508142905241684,False,0.05645717904295298,False
2022,June,60,POLK,1748,3621,803065.0,2022-06-01,0.06198779986871012,False,0.01864806274923511,False,-0.02750954159230563,False
2022,July,60,POLK,1743,3641,813693.0,2022-07-01,0.04073225194622667,False,0.05485666306852358,False,0.07492492514881832,False
2022,August,60,POLK,1740,3598,801395.0,2022-08-01,0.027174137474850694,False,-0.02618694359776454,False,-0.041550577238805814,False
2022,September,60,POLK,1752,3591,767624.0,2022-09-01,0.059918103794714114,False,-0.03838507611903044,False,-0.3181941884257634,False
2022,October,60,POLK,1768,3635,886958.0,2022-10-01,0.10761481837131572,False,0.04466903742953398,False,0.670195716473079,False
2022,November,60,POLK,1753,3607,898548.0,2022-11-01,0.04437131348753621,False,-0.008407248994970072,False,0.7440077871472554,False
2022,December,60,POLK,1757,3563,777320.0,2022-12-01,0.05392947062044969,False,-0.09023545950695443,False,-0.24728531575235332,False
2023,January,60,POLK,1753,3545,871660.0,2023-01-01,0.038564999284306734,False,-0.12065058871627213,False,0.539090281181531,False
2023,February,60,POLK,1760,3556,894407.0,2023-02-01,0.055774868735223075,False,-0.09975939927130303,False,0.683036656563737,False
2023,March,60,POLK,1756,3538,879902.0,2023-03-01,0.023077398424869812,False,-0.13397875113348312,False,0.5421683149822076,False
2023,April,60,POLK,1626,3326,479424.0,2023-04-01,-0.5050380919180588,False,-0.5384791065399305,False,-3.553558947503171,True
2023,May,60,POLK,1639,3321,483021.0,2023-05-01,-0.451358592191415,False,-0.53363457750403,False,-3.5031418794216918,True
2023,June,60,POLK,1657,3366,491407.0,2023-06-01,-0.37773142084607175,False,-0.4099219105066969,False,-3.357228633220087,False
2023,July,60,POLK,1660,3352,506548.0,2023-07-01,-0.36553798576879465,False,-0.40500375300359587,False,-3.1455221776339957,False
2023,August,60,POLK,1659,3374,510973.0,2023-08-01,-0.36960001540074855,False,-0.3438164327666349,False,-2.426144413158903,False
2023,September,60,POLK,1651,3380,505819.0,2023-09-01,-0.40218461983464304,False,-0.3147262918740675,False,-1.9180114187399329,False
2023,October,60,POLK,1678,3383,553487.0,2023-10-01,-0.11102933839642878,False,-0.14804884329978882,False,-0.32466161811412264,False
2023,November,60,POLK,1685,3374,533294.0,2023-11-01,0.06441309893450044,False,-0.01497159597794547,False,0.0188546491501964,False
2023,December,60,POLK,1668,3371,528968.0,2023-12-01,-0.003942180565771113,False,-0.011988454307781185,False,0.08925728565134108,False
2024,January,60,POLK,1656,3401,527247.0,2024-01-01,-0.03246705217820731,False,0.053745304283695214,False,0.09474537893106906,False
2024,February,60,POLK,1645,3363,528330.28,2024-02-01,-0.05915779308203321,False,-0.022019607032024043,False,0.11957970389135604,False
2024,March,60,POLK,1631,3317,520879.0,2024-03-01,-0.11067582487732347,False,-0.11188936817831795,False,0.0237749226681897,False
2024,April,60,POLK,1658,3326,526993.0,2024-04-01,0.006101618931267344,False,-0.08561491311417699,False,0.143465911709257,False
2024,May,60,POLK,1654,3312,534180.88,2024-05-01,-0.014248982013174327,False,-0.1140577263460091,False,0.1307312805219668,False
2024,June,60,POLK,1654,3301,532084.0,2024-06-01,-0.014248982013174327,False,-0.13649009774071533,False,0.06322193947374088,False
2024,July,60,POLK,1691,3381,550546.0,2024-07-01,0.13691936098245366,False,0.027984056324076266,False,0.28474058513534906,False
2024,August,60,POLK,1705,3445,551239.0,2024-08-01,0.1924994282698566,False,0.14342200986801618,False,0.2822351892675308,False
2024,September,60,POLK,1702,3430,565974.0,2024-09-01,0.18062790863148118,False,0.11399779569054617,False,0.4362893144977816,False
2024,October,60,POLK,1686,3364,552174.98,2024-10-01,0.09262217555574268,False,-0.017015740568003625,False,0.2423330334049974,False
2024,November,60,POLK,1679,3343,536456.0,2024-11-01,0.06457639710300689,False,-0.049233821638958154,False,0.04753480235853475,False
2024,December,60,POLK,1662,3280,525313.0,2024-12-01,-0.004024254060514241,False,-0.169509260223814,False,-0.0996481787032318,False
2025,January,60,POLK,1631,3269,516201.0,2025-01-01,-0.11879866763568948,False,-0.1710480316937769,False,-0.21767230537675117,False
2025,February,60,POLK,1628,3255,514736.0,2025-02-01,-0.1312089747246272,False,-0.16268871193650775,False,-0.23684207517171887,False
2025,March,60,POLK,1660,3312,521795.0,2025-03-01,4.88959625245755e-06,False,-0.019307367465214564,False,-0.14497101829514242,False
2025,April,60,POLK,1637,3276,510630.0,2025-04-01,-0.09810959978319943,False,-0.08791561465519802,False,-0.2908619354252934,False
2025,May,60,POLK,1651,3319,530221.0,2025-05-01,-0.04070499797316057,False,0.014236399073754426,False,-0.036922324578088354,False
2025,June,60,POLK,1659,3339,535236.0,2025-06-01,-0.008120393539266049,False,0.04762883182300566,False,0.051667513219247556,False
2025,July,60,POLK,1656,3321,537775.0,2025-07-01,-0.020321180706822276,False,-0.016193286511119325,False,0.06366877640145405,False
2025,August,60,POLK,1669,3375,548467.0,2025-08-01,0.03847961747014851,False,0.11079120940085813,False,0.1964563806719923,False
2025,September,60,POLK,1677,3331,553074.0,2025-09-01,0.07071384847243478,False,0.0223045497664817,False,0.2528761412856119,False
2025,October,60,POLK,1654,3317,558406.0,2025-10-01,-0.022377938239403542,False,-0.006095492191149309,False,0.3175908481142327,False
2025,November,60,POLK,1634,3314,553563.0,2025-11-01,-0.09625361905596003,False,-0.008133550727317402,False,0.2588370828657824,False
2025,December,60,POLK,1596,3218,540060.0,2025-12-01,-0.24469513970397413,False,-0.20126510308106224,False,0.09226743851731944,False
2026,January,60,POLK,1596,3164,520064.0,2026-01-01,-0.23450323107080498,False,-0.3153749674610461,False,-0.20991839086833233,False
2026,February,60,POLK,1595,3138,513626.0,2026-02-01,-0.23872809810527032,False,-0.3710129732925473,False,-0.29393736651911956,False
2026,March,60,POLK,1612,3147,523842.0,2026-03-01,-0.16726279882652892,False,-0.351701682862472,False,-0.16109661489471191,False
2022,January,62,RAMSEY,32962,67278,15387787.0,2022-01-01,,False,,False,,False
2022,February,62,RAMSEY,33046,67667,15967285.0,2022-02-01,,False,,False,,False
2022,March,62,RAMSEY,33624,68552,16136858.36,2022-03-01,,False,,False,,False
2022,April,62,RAMSEY,33994,69021,16100680.0,2022-04-01,,False,,False,,False
2022,May,62,RAMSEY,34026,68830,16118988.0,2022-05-01,0.13863681665906927,False,0.07111889677186536,False,0.035723080142541,False
2022,June,62,RAMSEY,34108,68926,15960701.0,2022-06-01,0.09639577064403636,False,0.0366982284402036,False,-0.05889729424030953,False
2022,July,62,RAMSEY,34003,68651,15909198.55,2022-07-01,0.03869281596653901,False,-0.0039150119224735744,False,-0.05263971162736988,False
2022,August,62,RAMSEY,34215,69042,16178599.0,2022-08-01,0.04370703305701947,False,0.03830643216586608,False,0.08867905901270533,False
2022,September,62,RAMSEY,33991,68296,15371431.0,2022-09-01,-0.0014879945809707616,False,-0.04375078969933598,False,-0.2845787331946965,False
2022,October,62,RAMSEY,33970,68591,17924498.8,2022-10-01,-0.004763558447709952,False,-0.005897525950600623,False,0.7799005859850348,False
2022,November,62,RAMSEY,33664,68211,17971301.33,2022-11-01,-0.06549804352851044,False,-0.04041998592171185,False,0.7694317196552686,False
2022,December,62,RAMSEY,33501,67914,16100144.0,2022-12-01,-0.09793783350799197,False,-0.06690356448997642,False,-0.00022454827712047984,False
2023,January,62,RAMSEY,33530,68037,17903869.4,2023-01-01,-0.09001760361322916,False,-0.05278074918544167,False,0.7161300674284723,False
2023,February,62,RAMSEY,33450,67733,18249990.0,2023-02-01,-0.10612940250173772,False,-0.08298555469159866,False,0.8413361805817857,False
2023,March,62,RAMSEY,34157,69105,18652111.0,2023-03-01,0.034943201307702995,False,0.052273874060693205,False,0.9807725513174331,False
2023,April,62,RAMSEY,32800,65771,11486384.37,2023-04-01,-0.24086614998449926,False,-0.28611528902986516,False,-2.2978950075837963,False
2023,May,62,RAMSEY,33555,67122,11241421.45,2023-05-01,-0.08499054895865314,False,-0.1314878297838965,False,-2.4432974056771104,False
2023,June,62,RAMSEY,33833,67406,10969461.0,2023-06-01,0.003259476161575145,False,-0.08427406703392659,False,-2.4963500812093486,False
2023,July,62,RAMSEY,33861,67232,10877738.45,2023-07-01,0.02246741747745158,False,-0.08889396782845144,False,-2.5054959766909874,False
2023,August,62,RAMSEY,34238,67739,11070676.0,2023-08-01,0.0971474068111357,False,-0.02350497976708086,False,-2.2068863713731135,False
2023,September,62,RAMSEY,34059,67316,10994917.0,2023-09-01,0.06179234262720269,False,-0.050952271503878224,False,-1.5159460417920216,False
2023,October,62,RAMSEY,34457,68047,11874523.0,2023-10-01,0.14015248720861148,False,0.03089736152313628,False,-0.4174862299327256,False
2023,November,62,RAMSEY,34250,67290,11680661.87,2023-11-01,0.09951096355892643,False,-0.04455787678793212,False,0.0010513385989394661,False
2023,December,62,RAMSEY,34235,67184,11638290.77,2023-12-01,0.0768787959729096,False,-0.0385716971317395,False,0.032052817509690655,False
2024,January,62,RAMSEY,34412,67419,11789472.44,2024-01-01,0.08920830089691985,False,0.0058065832245843465,False,0.13136216119930524,False
2024,February,62,RAMSEY,34687,67937,11786921.97,2024-02-01,0.11354235276651421,False,0.05743156374059411,False,0.129902827048511,False
2024,March,62,RAMSEY,35186,68943,11887297.27,2024-03-01,0.1924984256672553,False,0.15657669857531853,False,0.1870988335011616,False
2024,April,62,RAMSEY,35376,68842,11799061.79,2024-04-01,0.2208337136189612,False,0.14668831836509238,False,0.1368461953659498,False
2024,May,62,RAMSEY,35986,69522,11931452.78,2024-05-01,0.33466807354313327,False,0.20782925438819866,False,0.15554230016718074,False
2024,June,62,RAMSEY,36075,69650,11968012.78,2024-06-01,0.334233255842979,False,0.20361656953557525,False,0.1333814403284153,False
2024,July,62,RAMSEY,35933,69225,11933792.35,2024-07-01,0.28731087642380726,False,0.1365210165833555,False,0.08279676267237146,False
2024,August,62,RAMSEY,36079,69350,12058848.24,2024-08-01,0.2878172219487367,False,0.1333900287668728,False,0.14963910196202226,False
2024,September,62,RAMSEY,35859,68416,11973983.68,2024-09-01,0.17595827977560777,False,-0.0026953853005093984,False,0.07776087064887091,False
2024,October,62,RAMSEY,36251,69311,12377088.06,2024-10-01,0.18295986760406396,False,0.06672903129770172,False,0.2759665878049216,False
2024,November,62,RAMSEY,35969,68763,12152314.76,2024-11-01,0.06639156033555794,False,-0.012688782437504988,False,0.13621848780124624,False
2024,December,62,RAMSEY,36163,68883,12172573.24,2024-12-01,0.04998688156953098,False,-0.0009283470508293589,False,0.13428814539192488,False
2025,January,62,RAMSEY,35844,68416,11822326.13,2025-01-01,-0.02010349141379606,False,-0.048819796694177436,False,-0.07295384881711484,False
2025,February,62,RAMSEY,35880,68589,11784251.21,2025-02-01,-0.013332724317073746,False,-0.03178584047040803,False,-0.09471181335715918,False
2025,March,62,RAMSEY,35927,68630,11680121.0,2025-03-01,-0.004503328412140943,False,-0.027755189065313712,False,-0.1545781341874882,False
2025,April,62,RAMSEY,35768,68503,11634894.0,2025-04-01,-0.03441969194566571,False,-0.03530402036091177,False,-0.18074637568044208,False
2025,May,62,RAMSEY,35872,68706,11581423.83,2025-05-01,-0.014836751973328902,False,-0.011473615894147578,False,-0.21181563532034453,False
2025,June,62,RAMSEY,35717,68083,11472990.0,2025-06-01,-0.04010351547430628,False,-0.06423588814968792,False,-0.2752647881437011,False
2025,July,62,RAMSEY,35620,68190,11543684.0,2025-07-01,-0.05346808749223458,False,-0.047114605264541747,False,-0.19252576516162667,False
2025,August,62,RAMSEY,35496,68020,11504024.0,2025-08-01,-0.07182230845873275,False,-0.05820300010284841,False,-0.17321162267650986,False
2025,September,62,RAMSEY,35416,68001,11604463.15,2025-09-01,-0.08506635445335278,False,-0.05384080309698809,False,-0.07376593381200701,False
2025,October,62,RAMSEY,35829,68841,12145791.0,2025-10-01,-0.005456529859110128,False,0.028966936569014494,False,0.27677551013616064,False
2025,November,62,RAMSEY,35049,67134,11639509.14,2025-11-01,-0.14986847587503327,False,-0.14038993824153095,False,-0.010409154875534872,False
2025,December,62,RAMSEY,34554,66056,11508722.0,2025-12-01,-0.23864691140579422,False,-0.2410577275842863,False,-0.07488160825821662,False
2026,January,62,RAMSEY,34238,65259,11156464.0,2026-01-01,-0.29005412009286763,False,-0.3074888367174957,False,-0.27438773251962156,False
2026,February,62,RAMSEY,34425,65322,11274603.0,2026-02-01,-0.23933259650958355,False,-0.28452581452145936,False,-0.1878038876158897,False
2026,March,62,RAMSEY,34407,65082,11259947.0,2026-03-01,-0.22192853103224833,False,-0.30093478906532,False,-0.1788673901494533,False
2022,January,63,RED LAKE,142,294,64562.0,2022-01-01,,False,,False,,False
2022,February,63,RED LAKE,148,306,69262.0,2022-02-01,,False,,False,,False
2022,March,63,RED LAKE,150,311,68311.0,2022-03-01,,False,,False,,False
2022,April,63,RED LAKE,153,316,67675.0,2022-04-01,,False,,False,,False
2022,May,63,RED LAKE,152,318,72258.0,2022-05-01,0.1337186133325827,False,0.20414170865847722,False,0.410422171052719,False
2022,June,63,RED LAKE,152,316,69462.0,2022-06-01,0.08875128047531167,False,0.10723596302729625,False,0.11270078924686376,False
2022,July,63,RED LAKE,149,315,69027.0,2022-07-01,-0.08919308087507366,False,0.032306747355118876,False,0.023702399062130116,False
2022,August,63,RED LAKE,153,325,69158.0,2022-08-01,0.1326928039632668,False,0.21014160667472018,False,0.012788399266085857,False
2022,September,63,RED LAKE,151,322,65619.0,2022-09-01,0.00014597355381751773,False,0.13712807241382505,False,-0.34790496117733355,False
2022,October,63,RED LAKE,157,339,84658.0,2022-10-01,0.261129384658757,False,0.47244572597859363,False,1.3767840288484827,False
2022,November,63,RED LAKE,158,345,84713.0,2022-11-01,0.2815698975254063,False,0.5904370729620974,False,1.374770397700843,False
2022,December,63,RED LAKE,160,344,71236.0,2022-12-01,0.34376866202822776,False,0.5709146280742687,False,0.19967995718655948,False
2023,January,63,RED LAKE,164,369,89335.0,2023-01-01,0.509298441667438,False,1.0215745464871173,False,1.7216276252322085,False
2023,February,63,RED LAKE,164,364,90324.0,2023-02-01,0.4873276799234605,False,0.8665681957036083,False,1.7810963832769557,False
2023,March,63,RED LAKE,166,369,94698.0,2023-03-01,0.5466229614710842,False,0.8851338943024991,False,2.0052895045952304,False
2023,April,63,RED LAKE,159,355,45431.0,2023-04-01,0.171322983228746,False,0.4519772655472958,False,-3.081911329659217,False
2023,May,63,RED LAKE,151,331,43428.0,2023-05-01,-0.282407057763039,False,-0.20983727648697417,False,-2.658313352438602,False
2023,June,63,RED LAKE,152,340,43929.0,2023-06-01,-0.23817739107919766,False,-0.02942533255136512,False,-1.7114181752663102,False
2023,July,63,RED LAKE,153,328,46117.0,2023-07-01,-0.19423586759124256,False,-0.2809676721644927,False,-1.3199062066576899,False
2023,August,63,RED LAKE,152,316,45741.0,2023-08-01,-0.23817739107919766,False,-0.5315847362746704,False,-1.1707232825724498,False
2023,September,63,RED LAKE,152,314,45407.0,2023-09-01,-0.23817739107919766,False,-0.5742747521980309,False,-0.9137148716377851,False
2023,October,63,RED LAKE,159,331,48704.0,2023-10-01,0.06356621288098674,False,-0.2197418357352134,False,-0.4041512183212789,False
2023,November,63,RED LAKE,159,325,52457.0,2023-11-01,0.021144269888349394,False,-0.34275436375848245,False,0.6847546774646538,False
2023,December,63,RED LAKE,161,329,51577.0,2023-12-01,0.0837898973902672,False,-0.13096138297327148,False,0.5706453005881731,False
2024,January,63,RED LAKE,161,335,51507.0,2024-01-01,0.0837898973902672,False,0.08077940861009933,False,0.5614849864316512,False
2024,February,63,RED LAKE,161,344,53097.0,2024-02-01,0.0837898973902672,False,0.2590717275348117,False,0.7665473353641803,False
2024,March,63,RED LAKE,155,337,47616.0,2024-03-01,-0.17076861485403272,False,0.12080919969124959,False,0.03168348113492832,False
2024,April,63,RED LAKE,162,342,52778.0,2024-04-01,0.21068202811647083,False,0.21985650079254904,False,0.8020938125928314,False
2024,May,63,RED LAKE,160,337,49583.0,2024-05-01,0.12740936549506274,False,0.12080919969124959,False,0.19683551575733457,False
2024,June,63,RED LAKE,159,336,50328.0,2024-06-01,0.0,False,0.06043429557991942,False,0.16091212009539105,False
2024,July,63,RED LAKE,161,334,48629.0,2024-07-01,0.0837898973902672,False,0.020285367513312325,False,-0.1813339422856174,False
2024,August,63,RED LAKE,159,336,49640.0,2024-08-01,-0.021012529034021687,False,0.03009675967073692,False,-0.042545579545093755,False
2024,September,63,RED LAKE,160,338,51224.0,2024-09-01,0.021012529034021687,False,0.04993365469188936,False,0.16544416371680612,False
2024,October,63,RED LAKE,155,331,47359.0,2024-10-01,-0.21279367292207607,False,-0.1008239998849661,False,-0.4696312979468962,False
2024,November,63,RED LAKE,158,323,47322.0,2024-11-01,-0.08431359784474216,False,-0.26534435120741945,False,-0.47490288868025593,False
2024,December,63,RED LAKE,161,339,49873.0,2024-12-01,0.04176483932222382,False,0.05977882555417054,False,-0.014835314315465807,False
2025,January,63,RED LAKE,163,345,49648.0,2025-01-01,0.12452661385401673,False,0.16777757263453547,False,-0.014705555094274113,False
2025,February,63,RED LAKE,169,349,50960.0,2025-02-01,0.3668880160838138,False,0.23531456195796843,False,0.17646914540783976,False
2025,March,63,RED LAKE,175,359,49798.0,2025-03-01,0.6008421047121272,False,0.42532712709833864,False,0.020890791178200797,False
2025,April,63,RED LAKE,178,374,50181.0,2025-04-01,0.6939623989145762,False,0.6907084005133741,False,0.06185043762667203,False
2025,May,63,RED LAKE,173,357,47718.0,2025-05-01,0.502873131720683,False,0.3777873486156781,False,-0.27760352636329877,False
2025,June,63,RED LAKE,178,370,50309.0,2025-06-01,0.6730799792534643,False,0.5984784547561568,False,0.07903310822541687,False
2025,July,63,RED LAKE,172,362,48990.0,2025-07-01,0.4017336364791942,False,0.38251325284381216,False,-0.10016303843209759,False
2025,August,63,RED LAKE,176,363,50792.0,2025-08-01,0.3933501894213533,False,0.30330850483217303,False,0.1434794606479472,False
2025,September,63,RED LAKE,172,356,50063.0,2025-09-01,0.05899567349174885,False,0.057350787971833045,False,0.030722279319375483,False
2025,October,63,RED LAKE,182,372,55751.0,2025-10-01,0.3790322960278657,False,0.28628501980934196,False,0.7565591299987432,False
2025,November,63,RED LAKE,176,358,54972.0,2025-11-01,0.13474004716571233,False,2.6167651426813874e-05,False,0.6437505547341027,False
2025,December,63,RED LAKE,172,344,51733.0,2025-12-01,-0.07741946497964056,False,-0.2776835083658426,False,0.21338423859697564,False
2026,January,63,RED LAKE,177,359,51879.0,2026-01-01,0.1147587768529517,False,0.00938109088893391,False,0.21586177870350293,False
2026,February,63,RED LAKE,179,377,49754.0,2026-02-01,0.13247171288306608,False,0.32908965732281986,False,-0.10704480988778235,False
2026,March,63,RED LAKE,174,362,47477.0,2026-03-01,-0.07664855209637035,False,0.027987712492557666,False,-0.38219655348217046,False
2022,January,93,RED LAKE INDIAN RESV,1598,3572,818347.0,2022-01-01,,False,,False,,False
2022,February,93,RED LAKE INDIAN RESV,1570,3494,811353.0,2022-02-01,,False,,False,,False
2022,March,93,RED LAKE INDIAN RESV,1583,3489,813424.0,2022-03-01,,False,,False,,False
2022,April,93,RED LAKE INDIAN RESV,1607,3497,811351.0,2022-04-01,,False,,False,,False
2022,May,93,RED LAKE INDIAN RESV,1629,3534,832395.0,2022-05-01,0.16130094982137633,False,0.07386397703422218,False,0.1641004305176956,False
2022,June,93,RED LAKE INDIAN RESV,1675,3622,849011.0,2022-06-01,0.3172279275634589,False,0.2368239332099876,False,0.2888181500677466,False
2022,July,93,RED LAKE INDIAN RESV,1687,3656,864111.0,2022-07-01,0.34642046064957344,False,0.26434195405872757,False,0.3873767418723198,False
2022,August,93,RED LAKE INDIAN RESV,1693,3651,850436.0,2022-08-01,0.3514241148159744,False,0.21962841952633516,False,0.25943064852185294,False
2022,September,93,RED LAKE INDIAN RESV,1699,3641,846048.0,2022-09-01,0.329443730061145,False,0.16507404153541244,False,0.16713635141430014,False
2022,October,93,RED LAKE INDIAN RESV,1727,3712,955156.0,2022-10-01,0.39380450177373266,False,0.2592413510565106,False,0.9278923541251732,False
2022,November,93,RED LAKE INDIAN RESV,1750,3739,968897.0,2022-11-01,0.38913284261060893,False,0.26124474957826116,False,0.9693681962153318,False
2022,December,93,RED LAKE INDIAN RESV,1738,3710,867004.0,2022-12-01,0.24889207369115998,False,0.1618730537664451,False,0.16503305969372029,False
2023,January,93,RED LAKE INDIAN RESV,1761,3720,969640.0,2023-01-01,0.31345585503883655,False,0.16238420733454956,False,0.9078810529403614,False
2023,February,93,RED LAKE INDIAN RESV,1759,3733,955581.0,2023-02-01,0.2697683851614206,False,0.15902061306260984,False,0.7919220267657917,False
2023,March,93,RED LAKE INDIAN RESV,1763,3702,979240.0,2023-03-01,0.26119023641574957,False,0.08892777287016583,False,0.8974318229840823,False
2023,April,93,RED LAKE INDIAN RESV,1645,3492,701584.0,2023-04-01,-0.2728241778608474,False,-0.35163205811787573,False,-1.4166625064770415,False
2023,May,93,RED LAKE INDIAN RESV,1619,3444,698105.0,2023-05-01,-0.38021775091724747,False,-0.4449630369848234,False,-1.4501926260874691,False
2023,June,93,RED LAKE INDIAN RESV,1646,3513,704416.0,2023-06-01,-0.26872760925632966,False,-0.3112023666411527,False,-1.38949061649012,False
2023,July,93,RED LAKE INDIAN RESV,1652,3532,713639.0,2023-07-01,-0.24420030950170804,False,-0.27483077290252356,False,-1.2296166654888656,False
2023,August,93,RED LAKE INDIAN RESV,1648,3500,708248.0,2023-08-01,-0.26054192864001957,False,-0.3315875074753022,False,-1.0723499485678811,False
2023,September,93,RED LAKE INDIAN RESV,1675,3558,719677.0,2023-09-01,-0.15099666367603437,False,-0.211513319184673,False,-0.9095400493448127,False
2023,October,93,RED LAKE INDIAN RESV,1656,3466,735542.0,2023-10-01,-0.17994714200216788,False,-0.3104169568687982,False,-0.39731601728815014,False
2023,November,93,RED LAKE INDIAN RESV,1665,3474,735103.0,2023-11-01,-0.0019144097931371195,False,-0.13637721189931853,False,0.06951086691760397,False
2023,December,93,RED LAKE INDIAN RESV,1647,3430,721531.0,2023-12-01,-0.05500351630095261,False,-0.179413055487874,False,-0.054170501354284264,False
2024,January,93,RED LAKE INDIAN RESV,1632,3376,703896.0,2024-01-01,-0.09025797908669818,False,-0.2557304322683551,False,-0.15822603707548136,False
2024,February,93,RED LAKE INDIAN RESV,1635,3395,709486.0,2024-02-01,-0.06155617197128993,False,-0.19767258160694873,False,-0.0677810982944095,False
2024,March,93,RED LAKE INDIAN RESV,1618,3331,701679.0,2024-03-01,-0.12179488883470407,False,-0.3008607122932837,False,-0.09431495690894631,False
2024,April,93,RED LAKE INDIAN RESV,1593,3307,692290.0,2024-04-01,-0.2226683747653665,False,-0.32442300448555494,False,-0.15960398587850547,False
2024,May,93,RED LAKE INDIAN RESV,1610,3330,699713.0,2024-05-01,-0.1511138815535099,False,-0.24844685688393905,False,-0.08766658680751965,False
2024,June,93,RED LAKE INDIAN RESV,1625,3359,711274.0,2024-06-01,-0.0886018493053887,False,-0.17624510516622213,False,0.022866790968252164,False
2024,July,93,RED LAKE INDIAN RESV,1622,3352,703541.0,2024-07-01,-0.07845815230337223,False,-0.12053010583726796,False,-0.06524490890973973,False
2024,August,93,RED LAKE INDIAN RESV,1647,3410,721408.0,2024-08-01,0.05548373194214505,False,0.04864830245158209,False,0.11828904741594849,False
2024,September,93,RED LAKE INDIAN RESV,1657,3425,718068.0,2024-09-01,0.09628845409032176,False,0.07824466411084324,False,0.07260999764855736,False
2024,October,93,RED LAKE INDIAN RESV,1644,3334,709770.0,2024-10-01,0.04319402310636562,False,-0.1033355958932937,False,-0.005789038841230746,False
2024,November,93,RED LAKE INDIAN RESV,1635,3310,696478.0,2024-11-01,0.006189968088282329,False,-0.11610909859247454,False,-0.1261627713209427,False
2024,December,93,RED LAKE INDIAN RESV,1615,3254,693432.0,2024-12-01,-0.07677540757245827,False,-0.2071115994908733,False,-0.12769959417002127,False
2025,January,93,RED LAKE INDIAN RESV,1628,3357,698578.0,2025-01-01,-0.0020544119105074007,False,0.028204117873038254,False,-0.04945120795770212,False
2025,February,93,RED LAKE INDIAN RESV,1611,3317,699651.0,2025-02-01,-0.06454308231476567,False,-0.05262369178042203,False,-0.028460186096716873,False
2025,March,93,RED LAKE INDIAN RESV,1611,3304,699124.0,2025-03-01,-0.0520984187473268,False,-0.05791411145132171,False,-0.015142637932913885,False
2025,April,93,RED LAKE INDIAN RESV,1600,3285,695015.0,2025-04-01,-0.09828285066852499,False,-0.09578978980443187,False,-0.045140962856486805,False
2025,May,93,RED LAKE INDIAN RESV,1627,3317,699850.0,2025-05-01,0.014519406732599683,False,-0.030422833631251905,False,0.0016193456365521807,False
2025,June,93,RED LAKE INDIAN RESV,1621,3305,735212.35,2025-06-01,-0.02075897628509408,False,-0.04167355196050288,False,0.333442226900509,False
2025,July,93,RED LAKE INDIAN RESV,1613,3269,799232.0,2025-07-01,-0.04788078686730228,False,-0.09828953526456877,False,0.8965943408206087,False
2025,August,93,RED LAKE INDIAN RESV,1617,3314,692746.0,2025-08-01,-0.029106651288273187,False,0.0010211826878594188,False,-0.06785745694716205,False
2025,September,93,RED LAKE INDIAN RESV,1590,3269,680924.0,2025-09-01,-0.1218324920224529,False,-0.0881163845170953,False,-0.1804566940617402,False
2025,October,93,RED LAKE INDIAN RESV,1546,3199,684354.2,2025-10-01,-0.29849874590365677,False,-0.2249040603440628,False,-0.14138755273716133,False
2025,November,93,RED LAKE INDIAN RESV,1521,3157,669381.0,2025-11-01,-0.40004261482572356,False,-0.30790129439249697,False,-0.27781345284525916,False
2025,December,93,RED LAKE INDIAN RESV,1491,3063,657636.0,2025-12-01,-0.5259623194696389,False,-0.4912551759489659,False,-0.3901204260257533,False
2026,January,93,RED LAKE INDIAN RESV,1522,3148,677125.0,2026-01-01,-0.38307263080616916,False,-0.306687085276514,False,-0.19313766910128746,False
2026,February,93,RED LAKE INDIAN RESV,1489,3094,660157.0,2026-02-01,-0.5077360742764763,False,-0.3874503108668993,False,-0.33604034977851027,False
2026,March,93,RED LAKE INDIAN RESV,1498,3053,659721.0,2026-03-01,-0.4228937779485838,False,-0.4609383133703122,False,-0.2883651603070793,False
2022,January,64,REDWOOD,487,1004,218069.0,2022-01-01,,False,,False,,False
2022,February,64,REDWOOD,495,1044,225867.0,2022-02-01,,False,,False,,False
2022,March,64,REDWOOD,510,1072,244098.0,2022-03-01,,False,,False,,False
2022,April,64,REDWOOD,513,1076,243402.0,2022-04-01,,False,,False,,False
2022,May,64,REDWOOD,516,1092,239816.0,2022-05-01,0.17921543271754495,False,0.2137391662933924,False,0.1520424217972644,False
2022,June,64,REDWOOD,518,1103,244124.0,2022-06-01,0.1047788060299311,False,0.192107610971776,False,0.12008971148085833,False
2022,July,64,REDWOOD,511,1102,241585.0,2022-07-01,-0.006554809818062339,False,0.1734463891329254,False,-0.0004843032596582563,False
2022,August,64,REDWOOD,527,1117,246146.0,2022-08-01,0.20755483770725358,False,0.25200653188813416,False,0.12615444026914244,False
2022,September,64,REDWOOD,527,1107,227320.0,2022-09-01,0.1944066729054477,False,0.1416705274019668,False,-0.43578700426566563,False
2022,October,64,REDWOOD,540,1148,280764.0,2022-10-01,0.3453171103244239,False,0.3370192513391021,False,1.0137229337232794,False
2022,November,64,REDWOOD,541,1160,281433.0,2022-11-01,0.3381466226831924,False,0.37638265524445946,False,1.00450553420691,False
2022,December,64,REDWOOD,545,1173,252266.0,2022-12-01,0.3681158028400309,False,0.42077320775246774,False,0.24126557801658807,False
2023,January,64,REDWOOD,556,1175,288926.0,2023-01-01,0.48963210305289645,False,0.4291978765127096,False,1.1468379680472027,False
2023,February,64,REDWOOD,571,1187,287794.0,2023-02-01,0.5978694340804137,False,0.48242231697632687,False,1.1103705752415838,False
2023,March,64,REDWOOD,567,1188,294753.0,2023-03-01,0.4925545356754349,False,0.4455992260317036,False,1.243349397945536,False
2023,April,64,REDWOOD,539,1145,157423.0,2023-04-01,0.06955011161174421,False,0.07460598291883315,False,-3.0977470271622036,False
2023,May,64,REDWOOD,531,1116,142959.0,2023-05-01,-0.10691310546080095,False,-0.1816987558820474,False,-3.5498262979218715,True
2023,June,64,REDWOOD,525,1092,140283.0,2023-06-01,-0.1834167611543384,False,-0.3282022528530527,False,-3.2160042285791075,False
2023,July,64,REDWOOD,520,1096,142747.0,2023-07-01,-0.24783940944373337,False,-0.30356295604738137,False,-2.828310135277452,False
2023,August,64,REDWOOD,525,1089,148020.0,2023-08-01,-0.1834167611543384,False,-0.3467409727233954,False,-2.4062302167867387,False
2023,September,64,REDWOOD,522,1091,147257.0,2023-09-01,-0.22199646595228606,False,-0.3343761663275906,False,-1.6586515732071052,False
2023,October,64,REDWOOD,544,1159,168381.0,2023-10-01,0.05592674393338729,False,0.07308340065346049,False,-0.33599544889295735,False
2023,November,64,REDWOOD,548,1156,163147.0,2023-11-01,0.09902247496614282,False,0.023483638233842977,False,0.009951766888900983,False
2023,December,64,REDWOOD,546,1181,161629.0,2023-12-01,0.05579015667403689,False,0.17640795926141484,False,0.04991980190065844,False
2024,January,64,REDWOOD,523,1128,151669.0,2024-01-01,-0.23395560491679776,False,-0.1330231908300828,False,-0.3400773637664503,False
2024,February,64,REDWOOD,507,1086,150973.0,2024-02-01,-0.36169972704826764,False,-0.3061106525210512,False,-0.15660081351526792,False
2024,March,64,REDWOOD,521,1092,148643.0,2024-03-01,-0.08974062749422573,False,-0.18254123970485642,False,-0.12041974598457378,False
2024,April,64,REDWOOD,517,1091,149882.0,2024-04-01,-0.1033736708756436,False,-0.09174531036287628,False,0.0035349113611421764,False
2024,May,64,REDWOOD,517,1108,160314.0,2024-05-01,-0.09052603629042727,False,0.08570205852464043,False,0.48183610488440703,False
2024,June,64,REDWOOD,512,1099,148522.0,2024-06-01,-0.13665861725483108,False,0.030740233361095808,False,-0.0859413145967924,False
2024,July,64,REDWOOD,523,1145,165802.0,2024-07-01,0.019338983052274175,False,0.2855356650821944,False,0.6564168133614623,False
2024,August,64,REDWOOD,514,1110,160881.0,2024-08-01,-0.11041344795476882,False,0.03963406902285101,False,0.4132243627157058,False
2024,September,64,REDWOOD,520,1107,164114.0,2024-09-01,-0.019388396066694135,False,-0.012161377911505532,False,0.3449631278760577,False
2024,October,64,REDWOOD,523,1128,168507.0,2024-10-01,0.03226045479799783,False,0.11448069729070105,False,0.32428154370850215,False
2024,November,64,REDWOOD,506,1099,159938.0,2024-11-01,-0.1901942367248977,False,-0.061038403384083964,False,-0.027744956248846226,False
2024,December,64,REDWOOD,496,1073,157552.0,2024-12-01,-0.29861879431157645,False,-0.21326106449361923,False,-0.10930037481530244,False
2025,January,64,REDWOOD,483,1035,144883.0,2025-01-01,-0.4579203132365274,False,-0.42875429033392964,False,-0.616113788127593,False
2025,February,64,REDWOOD,490,1064,148819.0,2025-02-01,-0.3414787350345196,False,-0.21810214243660672,False,-0.4353201355208562,False
2025,March,64,REDWOOD,487,1045,143244.0,2025-03-01,-0.38281696452907926,False,-0.33952181151994454,False,-0.6928514593982338,False
2025,April,64,REDWOOD,485,1022,137956.0,2025-04-01,-0.37780599211804394,False,-0.4894893231709656,False,-0.9465606452229922,False
2025,May,64,REDWOOD,491,1070,147390.0,2025-05-01,-0.24224470470906953,False,-0.18020878434461812,False,-0.5003999588616714,False
2025,June,64,REDWOOD,486,1041,146237.0,2025-06-01,-0.20428171243008297,False,-0.284693935423613,False,-0.31036634773221744,False
2025,July,64,REDWOOD,482,1045,147342.0,2025-07-01,-0.15862700549458947,False,-0.16874659975985365,False,-0.2595915346743976,False
2025,August,64,REDWOOD,479,1060,152246.0,2025-08-01,-0.15969002153876577,False,-0.0443277061727565,False,0.18610116822493278,False
2025,September,64,REDWOOD,356,534,72142.0,2025-09-01,-2.1290186791230967,False,-4.630994655701133,True,-4.8514286675046465,True
2025,October,64,REDWOOD,351,518,71414.0,2025-10-01,-2.1965671819266137,False,-4.775082337019106,True,-4.8862002835931575,True
2025,November,64,REDWOOD,330,474,63634.0,2025-11-01,-2.5976208972821624,False,-5.324596354781083,True,-5.637711684170516,True
2025,December,64,REDWOOD,365,613,83233.0,2025-12-01,-1.8988080982140467,False,-3.5803674458965404,True,-3.7699727909089398,True
2026,January,64,REDWOOD,392,760,104861.0,2026-01-01,-1.3978416802869749,False,-2.1002342544330976,False,-2.142210223356804,False
2026,February,64,REDWOOD,411,874,125329.0,2026-02-01,-1.0513973084900208,False,-1.1161093669413975,False,-0.774319174476876,False
2026,March,64,REDWOOD,426,885,126197.0,2026-03-01,-0.2739867118634825,False,-0.3711351321309565,False,-0.21264172155174813,False
2022,January,65,RENVILLE,549,1131,247076.0,2022-01-01,,False,,False,,False
2022,February,65,RENVILLE,569,1170,264959.0,2022-02-01,,False,,False,,False
2022,March,65,RENVILLE,560,1140,258137.0,2022-03-01,,False,,False,,False
2022,April,65,RENVILLE,569,1169,253835.0,2022-04-01,,False,,False,,False
2022,May,65,RENVILLE,575,1182,268279.0,2022-05-01,0.12430379062405851,False,0.15917643639651632,False,0.3166093139714582,False
2022,June,65,RENVILLE,579,1199,271302.0,2022-06-01,0.11730730459155525,False,0.17076861485403272,False,0.335509465093522,False
2022,July,65,RENVILLE,591,1213,269751.0,2022-07-01,0.25543499850373586,False,0.24612353861199393,False,0.20886850265154164,False
2022,August,65,RENVILLE,597,1218,263277.0,2022-08-01,0.3234523816081274,False,0.27096530588457174,False,-0.0429546088794906,False
2022,September,65,RENVILLE,582,1170,242060.0,2022-09-01,0.11679085934273814,False,-0.0343843250338087,False,-0.5881972471496835,False
2022,October,65,RENVILLE,588,1195,288663.0,2022-10-01,0.15053843733616296,False,0.14248523080723782,False,0.6208966340870331,False
2022,November,65,RENVILLE,578,1160,277093.0,2022-11-01,0.01169984634274606,False,-0.0922320209481359,False,0.32350442613343783,False
2022,December,65,RENVILLE,585,1160,249601.0,2022-12-01,0.08105676946709173,False,-0.05784769591432721,False,-0.402752191804623,False
2023,January,65,RENVILLE,584,1159,280298.0,2023-01-01,0.06371702477373127,False,-0.06365984620933432,False,0.4010725450320309,False
2023,February,65,RENVILLE,589,1195,291878.0,2023-02-01,0.0979029462316569,False,0.14248523080723782,False,0.6106537969217792,False
2023,March,65,RENVILLE,599,1231,307333.0,2023-03-01,0.1823182836764349,False,0.3081320394100091,False,0.8982180876675788,False
2023,April,65,RENVILLE,556,1117,142550.0,2023-04-01,-0.3365794018283753,False,-0.4180331485960577,False,-4.32131791911674,True
2023,May,65,RENVILLE,580,1172,149817.0,2023-05-01,-0.052038090171769094,False,-0.09411669873633847,False,-3.985947118869421,True
2023,June,65,RENVILLE,584,1172,156038.0,2023-06-01,-0.005760035559033478,False,-0.06548749455307284,False,-3.71152846712405,True
2023,July,65,RENVILLE,564,1135,155312.0,2023-07-01,-0.24039238855516093,False,-0.21618567701669497,False,-3.641722140036027,True
2023,August,65,RENVILLE,547,1093,145938.0,2023-08-01,-0.4406950991145071,False,-0.46453235310405105,False,-3.0578854401487314,False
2023,September,65,RENVILLE,534,1062,137254.0,2023-09-01,-0.5910830329429095,False,-0.6237424875929981,False,-1.9888980522703081,False
2023,October,65,RENVILLE,542,1070,155163.0,2023-10-01,-0.47938051931811343,False,-0.54424670638221,False,-0.4881317258433322,False
2023,November,65,RENVILLE,536,1056,152857.0,2023-11-01,-0.519557385635703,False,-0.6300919117100181,False,-0.11513230280556594,False
2023,December,65,RENVILLE,558,1119,154595.0,2023-12-01,-0.166188509343299,False,-0.16618315757388716,False,-0.02797331081080072,False
2024,January,65,RENVILLE,551,1093,156196.0,2024-01-01,-0.12100230436793948,False,-0.20626411542752715,False,0.057124003528811175,False
2024,February,65,RENVILLE,537,1068,150508.0,2024-02-01,-0.24618438157910474,False,-0.30832337935518606,False,-0.19308276979718697,False
2024,March,65,RENVILLE,533,1058,139194.0,2024-03-01,-0.25402212393775336,False,-0.29250348617904776,False,-0.669687418990314,False
2024,April,65,RENVILLE,548,1079,150104.0,2024-04-01,-0.012230203319900301,False,-0.08687332601539151,False,-0.07035767003110056,False
2024,May,65,RENVILLE,553,1096,159614.0,2024-05-01,0.06730041288735207,False,0.06190769235102754,False,0.34398509225824536,False
2024,June,65,RENVILLE,558,1087,162463.0,2024-06-01,0.12790279720806555,False,0.006342160714763562,False,0.3729588025420503,False
2024,July,65,RENVILLE,566,1134,169750.0,2024-07-01,0.2237481044206071,False,0.310145596221135,False,0.6689038974891989,False
2024,August,65,RENVILLE,589,1182,178617.0,2024-08-01,0.491951112165835,False,0.5895297964752841,False,1.012337644696756,False
2024,September,65,RENVILLE,591,1174,180957.0,2024-09-01,0.49024947223222265,False,0.5437620212114243,False,1.0496300400744785,False
2024,October,65,RENVILLE,591,1179,182538.0,2024-10-01,0.4596735601679021,False,0.5289665901991133,False,1.0735579575423486,False
2024,November,65,RENVILLE,592,1155,170761.0,2024-11-01,0.42855921696887356,False,0.3625830571872561,False,0.5283319773413366,False
2024,December,65,RENVILLE,587,1156,175585.0,2024-12-01,0.34114506714509424,False,0.2892020930780122,False,0.5835666026566411,False
2025,January,65,RENVILLE,573,1117,168625.0,2025-01-01,0.1306844281380667,False,0.013054668389726829,False,0.10312225942882437,False
2025,February,65,RENVILLE,558,1101,162609.0,2025-02-01,-0.13722619447844103,False,-0.1481222376807896,False,-0.26746120696977554,False
2025,March,65,RENVILLE,564,1089,163798.0,2025-03-01,-0.0652148343268379,False,-0.22197334041361377,False,-0.21832138256553213,False
2025,April,65,RENVILLE,551,1072,162551.0,2025-04-01,-0.22222281877057895,False,-0.3279995642499646,False,-0.26986745372769627,False
2025,May,65,RENVILLE,552,1049,158713.0,2025-05-01,-0.21001467064143536,False,-0.47415224423669317,False,-0.4310332268785364,False
2025,June,65,RENVILLE,545,1029,151167.0,2025-06-01,-0.2959393995101994,False,-0.6038677804402924,False,-0.7595959317400854,False
2025,July,65,RENVILLE,562,1072,163931.0,2025-07-01,-0.0891332991073716,False,-0.3279995642499646,False,-0.21284686200294878,False
2025,August,65,RENVILLE,566,1069,155160.0,2025-08-01,-0.029463913735427213,False,-0.24737553427021172,False,-0.4661077531199715,False
2025,September,65,RENVILLE,581,1142,166071.0,2025-09-01,0.18803663983533783,False,0.28331820304917127,False,0.09021803225166478,False
2025,October,65,RENVILLE,560,1079,159092.0,2025-10-01,-0.05983902236262875,False,-0.09909189004912132,False,-0.19936162878753974,False
2025,November,65,RENVILLE,554,1061,154075.0,2025-11-01,-0.10849039697278275,False,-0.14444718238534848,False,-0.38818415214604507,False
2025,December,65,RENVILLE,534,1016,141464.0,2025-12-01,-0.3320800919628392,False,-0.3834710252733423,False,-0.938391289247475,False
2026,January,65,RENVILLE,542,1037,149764.0,2026-01-01,-0.20792048913647102,False,-0.22368226921331227,False,-0.48008242225185244,False
2026,February,65,RENVILLE,553,1048,146089.0,2026-02-01,-0.03638324971499473,False,-0.14313717373420362,False,-0.5670758822953105,False
2026,March,65,RENVILLE,559,1057,152832.0,2026-03-01,0.06657573658834987,False,-0.05076254766099075,False,-0.17832256949259856,False
2022,January,66,RICE,1634,3679,795354.0,2022-01-01,,False,,False,,False
2022,February,66,RICE,1623,3666,798146.0,2022-02-01,,False,,False,,False
2022,March,66,RICE,1632,3688,828636.0,2022-03-01,,False,,False,,False
2022,April,66,RICE,1673,3756,810274.0,2022-04-01,,False,,False,,False
2022,May,66,RICE,1689,3819,840941.0,2022-05-01,0.2272911198230823,False,0.24360469455426295,False,0.301430329874021,False
2022,June,66,RICE,1720,3913,849213.0,2022-06-01,0.34576699837685093,False,0.39933401767378623,False,0.31659356955111756,False
2022,July,66,RICE,1730,3918,873925.0,2022-07-01,0.3053453944643693,False,0.34634513751352725,False,0.4344978224239159,False
2022,August,66,RICE,1768,4014,886143.0,2022-08-01,0.3723134987794069,False,0.44797983754249066,False,0.45257117610479736,False
2022,September,66,RICE,1780,4013,849630.0,2022-09-01,0.3858325744241062,False,0.39021616316183616,False,0.11904722921637831,False
2022,October,66,RICE,1790,4063,979575.0,2022-10-01,0.39151753249852805,False,0.4176321052511722,False,1.0292676614413672,False
2022,November,66,RICE,1794,4072,991702.0,2022-11-01,0.34526305229754223,False,0.3505692359587735,False,1.0792452816015872,False
2022,December,66,RICE,1831,4168,922003.0,2022-12-01,0.42158104215700415,False,0.42571964534260437,False,0.5546976447426395,False
2023,January,66,RICE,1894,4319,1037140.0,2023-01-01,0.630093900093792,False,0.6613958690414179,False,1.3467504847557212,False
2023,February,66,RICE,1918,4341,1061594.0,2023-02-01,0.6222085196862994,False,0.6105755215235927,False,1.4072016094727609,False
2023,March,66,RICE,1921,4343,1076293.0,2023-03-01,0.5367104474331998,False,0.5320643763613647,False,1.3580474249980223,False
2023,April,66,RICE,1791,4078,615985.0,2023-04-01,0.022648029548604787,False,0.06575924095379397,False,-2.586641923600591,False
2023,May,66,RICE,1772,3970,594151.0,2023-05-01,-0.07001439317558725,False,-0.16360548783765977,False,-2.830062613867071,False
2023,June,66,RICE,1797,4008,598410.0,2023-06-01,0.024428482741790818,False,-0.09936690704423397,False,-2.781885574783104,False
2023,July,66,RICE,1762,3907,571142.0,2023-07-01,-0.11568865378346255,False,-0.27147299803571295,False,-2.6900266433191997,False
2023,August,66,RICE,1747,3847,568550.0,2023-08-01,-0.17332215738367743,False,-0.37583299632410144,False,-2.0964872703531516,False
2023,September,66,RICE,1747,3891,569060.0,2023-09-01,-0.17332215738367743,False,-0.29914483171968226,False,-1.5785653531053712,False
2023,October,66,RICE,1801,4034,649428.0,2023-10-01,0.03189367138797443,False,-0.05576406996914072,False,-0.3637696199804228,False
2023,November,66,RICE,1794,4022,635937.0,2023-11-01,-0.005631785333230681,False,-0.05170158666735298,False,0.034590827349116976,False
2023,December,66,RICE,1795,3992,632107.53,2023-12-01,-0.0018751714795073981,False,-0.06053144618362981,False,0.06676503803553703,False
2024,January,66,RICE,1795,3991,622776.0,2024-01-01,0.001878306926858646,False,-0.04041944531303831,False,-0.013180814330444388,False
2024,February,66,RICE,1796,3921,610677.0,2024-02-01,0.005632829706795509,False,-0.1344993678863892,False,-0.09535107897307128,False
2024,March,66,RICE,1798,3891,611500.79,2024-03-01,0.013135611348037037,False,-0.17195992320969414,False,-0.02009432171396733,False
2024,April,66,RICE,1812,3874,612362.0,2024-04-01,0.06542269489315704,False,-0.18285352687105103,False,0.014039009831190245,False
2024,May,66,RICE,1827,3888,609509.0,2024-05-01,0.1191200937599005,False,-0.09886675839522514,False,-0.017459386436815424,False
2024,June,66,RICE,1847,3905,628878.0,2024-06-01,0.19063855113484873,False,-0.01551281553668134,False,0.19354791332214433,False
2024,July,66,RICE,1874,4007,643594.0,2024-07-01,0.2884726595732858,False,0.1721498052367672,False,0.34027232082375775,False
2024,August,66,RICE,1929,4121,663140.0,2024-08-01,0.477851019232568,False,0.34926083737736907,False,0.4804514805878549,False
2024,September,66,RICE,1965,4155,667069.0,2024-09-01,0.5931348265487572,False,0.3312201731951104,False,0.4305421091595875,False
2024,October,66,RICE,1966,4140,667992.0,2024-10-01,0.5704212365409329,False,0.24632545270689274,False,0.38971063855956006,False
2024,November,66,RICE,1943,4135,655941.0,2024-11-01,0.4427755495242262,False,0.23817636388188249,False,0.2669157279186251,False
2024,December,66,RICE,1942,4145,668902.0,2024-12-01,0.3748192943333012,False,0.2544647079482024,False,0.39889302963255185,False
2025,January,66,RICE,1917,4092,640828.0,2025-01-01,0.2018553226464155,False,0.1550394664800677,False,0.04895785969611192,False
2025,February,66,RICE,1905,4079,643447.0,2025-02-01,0.0341363592723937,False,0.04931746890632864,False,0.012984578374207334,False
2025,March,66,RICE,1896,4053,645659.0,2025-03-01,-0.05309124328335095,False,-0.05384901057550165,False,0.02237733645514452,False
2025,April,66,RICE,1916,4052,658580.0,2025-04-01,0.017648786347849027,False,-0.05551300466313958,False,0.14445208410858354,False
2025,May,66,RICE,1890,3999,645321.0,2025-05-01,-0.09386632430295194,False,-0.14429734878290196,False,-0.05681511054318696,False
2025,June,66,RICE,1897,4068,659498.0,2025-06-01,-0.06894415290345167,False,-0.028938234999678333,False,0.08976074633321761,False
2025,July,66,RICE,1917,4136,672707.0,2025-07-01,0.001758800561375935,False,0.0828508215111454,False,0.15669587332032373,False
2025,August,66,RICE,1894,4100,652436.0,2025-08-01,-0.08137261031665129,False,-0.0106401941926738,False,-0.06791813903763447,False
2025,September,66,RICE,1931,4140,663355.0,2025-09-01,0.05081356223601456,False,0.07205536865950127,False,0.06226885451608847,False
2025,October,66,RICE,1949,4167,686876.0,2025-10-01,0.11336424235306315,False,0.11589112290159653,False,0.29728784093046046,False
2025,November,66,RICE,1930,4074,672302.25,2025-11-01,0.0473214575760821,False,-0.03631356417773066,False,0.15263636997801844,False
2025,December,66,RICE,1922,4048,669529.0,2025-12-01,0.019319341592071677,False,-0.062173089134155125,False,0.10651694241685737,False
2026,January,66,RICE,1888,3995,651432.0,2026-01-01,-0.10100389110656913,False,-0.13618159565111163,False,-0.07830564904771906,False
2026,February,66,RICE,1897,3992,652613.0,2026-02-01,-0.04777776543285076,False,-0.1321425075830843,False,-0.06608853236736979,False
2026,March,66,RICE,1888,3973,648600.0,2026-03-01,-0.06565241437415534,False,-0.146889334594644,False,-0.10769237311135088,False
2022,January,67,ROCK,302,616,130497.0,2022-01-01,,False,,False,,False
2022,February,67,ROCK,291,593,134085.0,2022-02-01,,False,,False,,False
2022,March,67,ROCK,288,591,128290.0,2022-03-01,,False,,False,,False
2022,April,67,ROCK,297,590,130856.0,2022-04-01,,False,,False,,False
2022,May,67,ROCK,297,589,132672.0,2022-05-01,0.06859558508969979,False,-0.0342001193079164,False,0.1022268269374989,False
2022,June,67,ROCK,305,603,132101.0,2022-06-01,0.17868594618985373,False,0.13535571277771066,False,0.06386993978378151,False
2022,July,67,ROCK,298,600,136235.0,2022-07-01,0.022596336041228883,False,0.09039620274314553,False,0.23977758872065685,False
2022,August,67,ROCK,313,631,139844.0,2022-08-01,0.35276012347221314,False,0.41825795441951324,False,0.38419732438952503,False
2022,September,67,ROCK,315,637,132489.0,2022-09-01,0.384287496144155,False,0.44247979989009856,False,0.005235928100567273,False
2022,October,67,ROCK,320,644,159487.0,2022-10-01,0.4788784729917736,False,0.47657055334751014,False,1.250937907915697,False
2022,November,67,ROCK,321,647,161274.0,2022-11-01,0.4550403368565978,False,0.4910773476409367,False,1.3214377034291038,False
2022,December,67,ROCK,312,628,135416.0,2022-12-01,0.21901274703263904,False,0.2735573613741465,False,0.13807994603957102,False
2023,January,67,ROCK,304,619,155452.0,2023-01-01,0.01114829030223987,False,0.10453311371789782,False,1.0330575593811484,False
2023,February,67,ROCK,309,630,156635.0,2023-02-01,0.09863792355425086,False,0.2067951206183276,False,1.0151528280228925,False
2023,March,67,ROCK,319,643,161051.0,2023-03-01,0.25794428704601263,False,0.2075663046646386,False,1.1490343774843303,False
2023,April,67,ROCK,312,630,86027.0,2023-04-01,0.032480186848087185,False,0.01070635819799984,False,-3.1889607698775317,False
2023,May,67,ROCK,306,616,81986.0,2023-05-01,-0.13055246271768892,False,-0.1513364765986375,False,-3.513477063444476,True
2023,June,67,ROCK,313,634,80691.0,2023-06-01,0.021515169757835555,False,0.042622574690725584,False,-2.9516557307604456,False
2023,July,67,ROCK,308,638,84785.0,2023-07-01,-0.09751119239695048,False,0.0796370415959532,False,-2.4261352786298787,False
2023,August,67,ROCK,305,622,82288.0,2023-08-01,-0.16331659240343863,False,-0.11271352130450919,False,-2.275797020752454,False
2023,September,67,ROCK,297,609,79535.0,2023-09-01,-0.33124495371437757,False,-0.249608664092018,False,-1.900494736594413,False
2023,October,67,ROCK,291,596,82989.0,2023-10-01,-0.43595593704568397,False,-0.37359711300737763,False,-0.5946357641791176,False
2023,November,67,ROCK,291,588,82966.0,2023-11-01,-0.3925791332866661,False,-0.4538870759125289,False,-0.19532637328087724,False
2023,December,67,ROCK,287,559,78763.0,2023-12-01,-0.4528190465585157,False,-0.7514071915795046,False,-0.42472750381176483,False
2024,January,67,ROCK,285,554,71719.0,2024-01-01,-0.46692002109232095,False,-0.7632971470779768,False,-0.983501128953008,False
2024,February,67,ROCK,283,552,71804.0,2024-02-01,-0.5142535486748889,False,-0.7712891974634545,False,-0.9469040986357098,False
2024,March,67,ROCK,288,575,76493.0,2024-03-01,-0.2961905282555277,False,-0.42531494477404236,False,-0.4801547189356527,False
2024,April,67,ROCK,339,670,89334.0,2024-04-01,0.9579382093915951,False,0.7155170309105348,False,0.6326356765931642,False
2024,May,67,ROCK,344,678,97319.0,2024-05-01,1.0564071114872702,False,0.7954587074199457,False,1.2100830150743016,False
2024,June,67,ROCK,338,691,98726.0,2024-06-01,0.9380707428918806,False,0.9233764726777183,False,1.2945005731794774,False
2024,July,67,ROCK,323,668,93496.0,2024-07-01,0.632815032630005,False,0.6953826876014431,False,0.8336088864349731,False
2024,August,67,ROCK,320,687,98055.0,2024-08-01,0.5700703941227022,False,0.8842749138969416,False,1.1547342477540614,False
2024,September,67,ROCK,324,686,99740.0,2024-09-01,0.6536008734248239,False,0.874464003076284,False,1.2366147476987495,False
2024,October,67,ROCK,320,645,93873.0,2024-10-01,0.31933298960619805,False,0.14804544531464633,False,0.4840238811066424,False
2024,November,67,ROCK,320,631,87883.0,2024-11-01,0.0,False,-0.2657691057687213,False,-0.2640234889705072,False
2024,December,67,ROCK,355,710,97481.0,2024-12-01,0.6980374040849887,False,0.5286774697335814,False,0.435095642867519,False
2025,January,67,ROCK,344,687,90642.0,2025-01-01,0.4549643981109165,False,0.1788250546409527,False,-0.2226705923588169,False
2025,February,67,ROCK,342,682,91777.0,2025-02-01,0.37398393171759303,False,0.07958916067628154,False,-0.1387364642811687,False
2025,March,67,ROCK,320,630,83461.0,2025-03-01,-0.22576541403564998,False,-0.5143206237537159,False,-0.7793845168903413,False
2025,April,67,ROCK,311,619,82658.0,2025-04-01,-0.417579287772647,False,-0.6329407872202129,False,-0.8445933367940387,False
2025,May,67,ROCK,311,615,83513.0,2025-05-01,-0.2649514326417093,False,-0.6765978975606072,False,-0.7751834339641874,False
2025,June,67,ROCK,314,620,88452.0,2025-06-01,-0.15864024588671277,False,-0.572032509043627,False,-0.3114817146695682,False
2025,July,67,ROCK,319,650,91393.0,2025-07-01,-0.021045258882964313,False,-0.06598053259247962,False,0.013686717759377477,False
2025,August,67,ROCK,324,667,93648.0,2025-08-01,0.08353047930212164,False,0.19987863564944977,False,0.19222898120043247,False
2025,September,67,ROCK,375,889,126158.0,2025-09-01,1.0667083966528828,False,2.135243671232898,False,2.2021665763521883,False
2025,October,67,ROCK,390,913,137731.0,2025-10-01,1.330562116589336,False,2.3147221096030157,False,2.7941533172947945,False
2025,November,67,ROCK,378,894,132914.0,2025-11-01,1.078546088117948,False,2.060090346163162,False,2.554031709711938,False
2025,December,67,ROCK,361,844,122877.0,2025-12-01,0.5454438482906556,False,1.5105097723693095,False,1.9824618624784107,False
2026,January,67,ROCK,327,725,104834.0,2026-01-01,-0.11981957192312068,False,0.4867090708384189,False,0.9113268075273027,False
2026,February,67,ROCK,320,685,99103.0,2026-02-01,-0.1145184461706117,False,0.10445381985626434,False,0.4093841547788935,False
2026,March,67,ROCK,318,686,97562.0,2026-03-01,-0.08392162687924201,False,0.09949813628186431,False,0.0595376830029215,False
2022,January,68,ROSEAU,427,910,201066.0,2022-01-01,,False,,False,,False
2022,February,68,ROSEAU,422,897,193886.0,2022-02-01,,False,,False,,False
2022,March,68,ROSEAU,418,883,189506.0,2022-03-01,,False,,False,,False
2022,April,68,ROSEAU,407,848,190504.0,2022-04-01,,False,,False,,False
2022,May,68,ROSEAU,414,868,190125.0,2022-05-01,-0.0967437323149253,False,-0.16842561917955098,False,-0.07277833263429097,False
2022,June,68,ROSEAU,427,891,193678.0,2022-06-01,0.14334659932440094,False,0.06076617676126128,False,0.11145241396251948,False
2022,July,68,ROSEAU,432,918,195487.0,2022-07-01,0.18964362410581034,False,0.23151891941757058,False,0.11843344004080628,False
2022,August,68,ROSEAU,449,958,206432.0,2022-08-01,0.41734959807850336,False,0.4885062358366278,False,0.4301539780654956,False
2022,September,68,ROSEAU,457,968,198148.0,2022-09-01,0.4965769959169972,False,0.5358667197279707,False,0.1502815721523575,False
2022,October,68,ROSEAU,475,1026,244931.0,2022-10-01,0.7169574725917128,False,0.9053620702697837,False,1.5763409390755816,False
2022,November,68,ROSEAU,479,1032,254418.0,2022-11-01,0.7734013166193445,False,0.8961810778535808,False,1.8049300179875938,False
2022,December,68,ROSEAU,490,1069,224856.0,2022-12-01,0.9262296877748218,False,1.085075098671976,False,0.9440682966399623,False
2023,January,68,ROSEAU,504,1105,271980.0,2023-01-01,1.076690640674302,False,1.2787890844912209,False,2.18182589903887,False
2023,February,68,ROSEAU,503,1081,266100.0,2023-02-01,0.8942764675801601,False,0.9576406710073962,False,2.0344053244829907,False
2023,March,68,ROSEAU,494,1049,261889.0,2023-03-01,0.5834383122279032,False,0.5764789604113294,False,1.743089976910861,False
2023,April,68,ROSEAU,476,1014,131594.0,2023-04-01,0.14416069422130814,False,0.11677605391919428,False,-2.680822066408509,False
2023,May,68,ROSEAU,466,987,119665.0,2023-05-01,-0.1358302359396836,False,-0.22149131817711798,False,-3.1316748921371023,False
2023,June,68,ROSEAU,470,1004,125074.0,2023-06-01,-0.07830323477565974,False,-0.10642079026001558,False,-2.4907945814993107,False
2023,July,68,ROSEAU,459,975,125817.0,2023-07-01,-0.23769840735261125,False,-0.30391596913018337,False,-2.007392815659445,False
2023,August,68,ROSEAU,479,994,129092.0,2023-08-01,0.04936619190216525,False,-0.17387135235178106,False,-1.7003164897917016,False
2023,September,68,ROSEAU,479,993,129037.0,2023-09-01,0.021144269888349394,False,-0.18065365558789556,False,-1.3684951346906324,False
2023,October,68,ROSEAU,490,1011,139773.0,2023-10-01,0.15282837115547743,False,-0.05960354726570115,False,-0.41664284370770915,False
2023,November,68,ROSEAU,477,991,140827.0,2023-11-01,-0.028162880163688873,False,-0.14461794897636104,False,0.2464622247741,False
2023,December,68,ROSEAU,479,976,139865.0,2023-12-01,0.0,False,-0.21399647769506716,False,0.20779249334070998,False
2024,January,68,ROSEAU,470,980,137835.0,2024-01-01,-0.127669426677825,False,-0.1293038034122144,False,0.10917891550529962,False
2024,February,68,ROSEAU,461,976,138768.0,2024-02-01,-0.24372064039038788,False,-0.11974614248808423,False,0.20176913234481123,False
2024,March,68,ROSEAU,457,953,138002.0,2024-03-01,-0.28122891399819133,False,-0.2702484448488366,False,0.1644338296998977,False
2024,April,68,ROSEAU,469,984,146534.0,2024-04-01,-0.05702626181211678,False,-0.03413820776717443,False,0.5690588504025423,False
2024,May,68,ROSEAU,485,1013,153415.0,2024-05-01,0.2114593240680922,False,0.1854606190918115,False,0.7182291005141315,False
2024,June,68,ROSEAU,489,1025,155530.0,2024-06-01,0.21699324560320365,False,0.251188194382569,False,0.7878296015866666,False
2024,July,68,ROSEAU,498,1043,156294.0,2024-07-01,0.27592228510727923,False,0.3684954989741242,False,0.7778771803939478,False
2024,August,68,ROSEAU,493,1026,141127.0,2024-08-01,0.19391479261397715,False,0.22708427220059038,False,0.06280575068015827,False
2024,September,68,ROSEAU,497,1057,156215.0,2024-09-01,0.24831024871272056,False,0.4276697969935289,False,0.7225757324461187,False
2024,October,68,ROSEAU,500,1042,155763.0,2024-10-01,0.2469259323037154,False,0.27083182605158534,False,0.6727379191792056,False
2024,November,68,ROSEAU,500,1035,154440.0,2024-11-01,0.2469259323037154,False,0.21875233654912868,False,0.48123114759893076,False
2024,December,68,ROSEAU,512,1064,158067.0,2024-12-01,0.33703981007192163,False,0.29131299675155886,False,0.3562477870089254,False
2025,January,68,ROSEAU,519,1061,152343.0,2025-01-01,0.3733921208597864,False,0.2293238213928093,False,-0.06975371778649629,False
2025,February,68,ROSEAU,529,1095,159403.0,2025-02-01,0.44725561767198496,False,0.4091695818986131,False,0.23579976331259986,False
2025,March,68,ROSEAU,516,1073,155017.0,2025-03-01,0.2457863708717127,False,0.22026361489049545,False,0.0014342007255375134,False
2025,April,68,ROSEAU,523,1063,151004.0,2025-04-01,0.31624327691472526,False,0.13122436742350194,False,-0.18805198331039788,False
2025,May,68,ROSEAU,512,1032,146294.0,2025-05-01,0.1596524238594281,False,-0.11636960524118141,False,-0.40178631408411647,False
2025,June,68,ROSEAU,513,1004,145219.0,2025-06-01,0.0929615617479627,False,-0.30171983522666995,False,-0.4515326932933406,False
2025,July,68,ROSEAU,523,1027,148766.0,2025-07-01,0.1431008350685886,False,-0.14909650108122674,False,-0.2650472651554488,False
2025,August,68,ROSEAU,545,1049,159696.0,2025-08-01,0.41393674081342285,False,-0.0030392333133004356,False,0.27183453349257053,False
2025,September,68,ROSEAU,555,1080,166490.0,2025-09-01,0.5101595876929548,False,0.17065720006726187,False,0.49416946468810774,False
2025,October,68,ROSEAU,560,1091,175157.0,2025-10-01,0.5314052464326243,False,0.226219434170696,False,0.8364591251951372,False
2025,November,68,ROSEAU,554,1092,174054.0,2025-11-01,0.41352155480870634,False,0.18772382043078836,False,0.7938504036382058,False
2025,December,68,ROSEAU,558,1095,171961.0,2025-12-01,0.43611678568571544,False,0.19669832055904843,False,0.6339641854884105,False
2026,January,68,ROSEAU,540,1065,169681.0,2026-01-01,0.17695462586985142,False,-0.018881735537226656,False,0.5155510222355125,False
2026,February,68,ROSEAU,533,1042,167189.0,2026-02-01,-0.018564288700194612,False,-0.17233802062707687,False,0.3154692164216259,False
2026,March,68,ROSEAU,531,1018,164747.0,2026-03-01,-0.06923114919362311,False,-0.29780931459356036,False,0.06952254855821437,False
2022,January,70,SCOTT,2405,5545,1185926.0,2022-01-01,,False,,False,,False
2022,February,70,SCOTT,2420,5609,1229493.0,2022-02-01,,False,,False,,False
2022,March,70,SCOTT,2437,5633,1216110.0,2022-03-01,,False,,False,,False
2022,April,70,SCOTT,2445,5633,1226445.0,2022-04-01,,False,,False,,False
2022,May,70,SCOTT,2465,5665,1230868.0,2022-05-01,0.10062224883272611,False,0.052598905634462075,False,0.05282086961952407,False
2022,June,70,SCOTT,2487,5725,1242141.0,2022-06-01,0.13693121505142203,False,0.10925238856065426,False,0.08577449677898127,False
2022,July,70,SCOTT,2522,5779,1236028.0,2022-07-01,0.2201071264265245,False,0.17256416923706014,False,0.044127086494146636,False
2022,August,70,SCOTT,2534,5819,1241266.0,2022-08-01,0.24106360050372508,False,0.21908159499042915,False,0.06427937464535655,False
2022,September,70,SCOTT,2538,5698,1194616.0,2022-09-01,0.22423470369448065,False,0.05827130566876631,False,-0.19787085723642558,False
2022,October,70,SCOTT,2598,5908,1440834.0,2022-10-01,0.35431047193652004,False,0.2832442078929178,False,1.0698926015802295,False
2022,November,70,SCOTT,2627,5947,1441192.0,2022-11-01,0.39920154893247467,False,0.30803044056704,False,1.067798788262464,False
2022,December,70,SCOTT,2637,5900,1288235.0,2022-12-01,0.39486497667569,False,0.23493581821352075,False,0.3072577957658489,False
2023,January,70,SCOTT,2692,6059,1454875.0,2023-01-01,0.48693430858255315,False,0.39833161595701744,False,1.1136571755230427,False
2023,February,70,SCOTT,2702,6103,1523014.0,2023-02-01,0.4488198135474093,False,0.3995323135423385,False,1.394014079505198,False
2023,March,70,SCOTT,2762,6262,1540440.0,2023-03-01,0.5755850880141548,False,0.5180654498171983,False,1.4541125194829596,False
2023,April,70,SCOTT,2608,5882,873752.0,2023-04-01,0.10467212711978365,False,0.026007310113751677,False,-2.495738539380613,False
2023,May,70,SCOTT,2653,5975,863822.0,2023-05-01,0.12829701599552776,False,0.09548974642066743,False,-2.5728328122882824,False
2023,June,70,SCOTT,2624,5895,857698.0,2023-06-01,0.016767008708712335,False,-0.010286565666019118,False,-2.0115066833888697,False
2023,July,70,SCOTT,2607,5769,844381.0,2023-07-01,-0.0476760495414949,False,-0.15599255727160943,False,-2.0104341645779753,False
2023,August,70,SCOTT,2610,5768,839143.0,2023-08-01,-0.03992168961481195,False,-0.1571616360508659,False,-1.6958381260508268,False
2023,September,70,SCOTT,2597,5772,830386.0,2023-09-01,-0.0735884901704071,False,-0.15248653622758807,False,-1.284221465145022,False
2023,October,70,SCOTT,2633,5852,901999.0,2023-10-01,0.01923407564482585,False,-0.059658647544303146,False,-0.45655302654147467,False
2023,November,70,SCOTT,2626,5778,891477.0,2023-11-01,-0.010258074354842925,False,-0.13805216881067076,False,0.0281579194713863,False
2023,December,70,SCOTT,2640,5740,895022.0,2023-12-01,0.02687596716204544,False,-0.1722476329234391,False,0.09449861698602197,False
2024,January,70,SCOTT,2676,5808,906012.91,2024-01-01,0.11819740726266158,False,-0.06813902930537782,False,0.17682298005865618,False
2024,February,70,SCOTT,2670,5792,908922.0,2024-02-01,0.10306277114457353,False,-0.04405228666771963,False,0.19844558164417694,False
2024,March,70,SCOTT,2701,5927,917432.68,2024-03-01,0.18089538613626008,False,0.14607998879941378,False,0.2613083868615972,False
2024,April,70,SCOTT,2738,6081,938371.0,2024-04-01,0.2726317753973472,False,0.3190669888074677,False,0.41351716934498634,False
2024,May,70,SCOTT,2801,6307,984339.72,2024-05-01,0.40809158563023457,False,0.565158852366167,False,0.6549867784155218,False
2024,June,70,SCOTT,2798,6216,967475.0,2024-06-01,0.40086608949203023,False,0.4671459500934851,False,0.49885109579496856,False
2024,July,70,SCOTT,2840,6260,987707.9,2024-07-01,0.4542812751710788,False,0.5147146678489286,False,0.5972928793632694,False
2024,August,70,SCOTT,2870,6263,983816.0,2024-08-01,0.4794720469308474,False,0.48319536937401375,False,0.5448771768731139,False
2024,September,70,SCOTT,2887,6235,987946.05,2024-09-01,0.48037700460419913,False,0.38458864963743056,False,0.530890621046411,False
2024,October,70,SCOTT,2905,6292,995409.0,2024-10-01,0.4450688266094692,False,0.316527106632534,False,0.4741150625468749,False
2024,November,70,SCOTT,2893,6272,993134.0,2024-11-01,0.29821046477559443,False,0.1345234728088715,False,0.27956721753285735,False
2024,December,70,SCOTT,2901,6210,982848.83,2024-12-01,0.24013768372984268,False,-0.016803816235017973,False,0.04985283572386493,False
2025,January,70,SCOTT,2907,6202,956920.0,2025-01-01,0.20383918995403025,False,-0.025497228103834785,False,-0.18364803314904504,False
2025,February,70,SCOTT,2907,6186,959233.0,2025-02-01,0.12179654020570824,False,-0.04291773819099043,False,-0.16736418077018134,False
2025,March,70,SCOTT,2915,6176,952718.82,2025-03-01,0.08499039315088955,False,-0.05382844907868162,False,-0.21332587048856969,False
2025,April,70,SCOTT,2935,6228,973377.0,2025-04-01,0.10418452546258875,False,0.0027154899916963598,False,-0.06863460303518112,False
2025,May,70,SCOTT,2954,6270,983969.96,2025-05-01,0.1313842329787076,False,0.04153876431888184,False,0.004372524690871477,False
2025,June,70,SCOTT,2943,6288,991173.66,2025-06-01,0.09227390046039755,False,0.060871580102139444,False,0.05357312180248616,False
2025,July,70,SCOTT,2925,6245,988318.0,2025-07-01,0.043941922569754786,False,-0.002685691174053648,False,0.030267350073043237,False
2025,August,70,SCOTT,2955,6318,1000724.0,2025-08-01,0.11042538583203157,False,0.08377871933718553,False,0.11440782672318466,False
2025,September,70,SCOTT,2986,6394,1009382.67,2025-09-01,0.17152772643300798,False,0.1644183458675226,False,0.15838913900877924,False
2025,October,70,SCOTT,2967,6351,1034520.0,2025-10-01,0.10767560796282702,False,0.10003630056050106,False,0.32303723524796496,False
2025,November,70,SCOTT,2892,6137,1000446.0,2025-11-01,-0.08800997869403618,False,-0.13112002789497587,False,0.09713627498223361,False
2025,December,70,SCOTT,2892,6161,987752.0,2025-12-01,-0.08800997869403618,False,-0.0821347579838537,False,0.011005912395809182,False
2026,January,70,SCOTT,2909,6150,969700.0,2026-01-01,-0.048490651441516715,False,-0.09418625148476638,False,-0.1263427315064352,False
2026,February,70,SCOTT,2889,6085,957236.0,2026-02-01,-0.09500807719487374,False,-0.16584255996331393,False,-0.2136012239831934,False
2026,March,70,SCOTT,2894,6060,970805.0,2026-03-01,-0.08334861016021214,False,-0.19360665613378883,False,-0.11866100110752374,False
2022,January,71,SHERBURNE,1989,4723,1015902.0,2022-01-01,,False,,False,,False
2022,February,71,SHERBURNE,1995,4741,1035828.0,2022-02-01,,False,,False,,False
2022,March,71,SHERBURNE,2045,4866,1073342.0,2022-03-01,,False,,False,,False
2022,April,71,SHERBURNE,2050,4925,1087036.0,2022-04-01,,False,,False,,False
2022,May,71,SHERBURNE,2074,4980,1092005.0,2022-05-01,0.1783730829149615,False,0.2439148136219698,False,0.23625237417124625,False
2022,June,71,SHERBURNE,2102,5043,1092241.0,2022-06-01,0.18534065589416263,False,0.2409427805103898,False,0.11772984323721587,False
2022,July,71,SHERBURNE,2125,5098,1119883.0,2022-07-01,0.25047696858389523,False,0.27345529625376397,False,0.24355012524615463,False
2022,August,71,SHERBURNE,2168,5164,1121876.0,2022-08-01,0.3773068873290658,False,0.3195632803801049,False,0.2127880846192315,False
2022,September,71,SHERBURNE,2198,5262,1085305.0,2022-09-01,0.430724875530733,False,0.40889687037166167,False,-0.02613036017851281,False
2022,October,71,SHERBURNE,2261,5437,1287013.0,2022-10-01,0.582014070955996,False,0.5920806334435474,False,1.1390224866786294,False
2022,November,71,SHERBURNE,2305,5579,1336348.0,2022-11-01,0.6667526703722456,False,0.7235613108485978,False,1.3773644755954197,False
2022,December,71,SHERBURNE,2345,5715,1236805.0,2022-12-01,0.7375445269298082,False,0.8435960840535702,False,0.8398595988307775,False
2023,January,71,SHERBURNE,2396,5873,1408336.0,2023-01-01,0.8459199063059364,False,0.9909342736344807,False,1.7151533875758724,False
2023,February,71,SHERBURNE,2421,5967,1442839.0,2023-02-01,0.8116891804821663,False,1.0180706759563567,False,1.793391674416627,False
2023,March,71,SHERBURNE,2443,6033,1478440.0,2023-03-01,0.7588230869565051,False,0.98549162235909,False,1.8675152125324315,False
2023,April,71,SHERBURNE,2314,5668,828627.0,2023-04-01,0.2514781713936968,False,0.3909163163003773,False,-2.3725650189864305,False
2023,May,71,SHERBURNE,2308,5604,812225.0,2023-05-01,0.07374059341022868,False,0.11708642277490998,False,-2.507415743058402,False
2023,June,71,SHERBURNE,2297,5589,810787.0,2023-06-01,-0.027825126127165176,False,-0.0029990245722736827,False,-2.346537832770298,False
2023,July,71,SHERBURNE,2309,5614,831714.0,2023-07-01,0.007305161620481168,False,0.021060698245950336,False,-1.5402656848165928,False
2023,August,71,SHERBURNE,2294,5606,828537.04,2023-08-01,-0.04248125067881831,False,-0.00360523768009104,False,-1.244233196432762,False
2023,September,71,SHERBURNE,2282,5542,820383.0,2023-09-01,-0.07784175106173569,False,-0.08224065337990319,False,-1.0052683090209638,False
2023,October,71,SHERBURNE,2274,5535,874621.0,2023-10-01,-0.10151882671303683,False,-0.09076398694481036,False,-0.4479511916370313,False
2023,November,71,SHERBURNE,2317,5656,883369.0,2023-11-01,0.024779224298252165,False,0.055073017373102995,False,0.23677192944943806,False
2023,December,71,SHERBURNE,2345,5709,889904.62,2023-12-01,0.09701430759752436,False,0.08803150004043411,False,0.28649116768643734,False
2024,January,71,SHERBURNE,2409,5819,892065.0,2024-01-01,0.27855596419231016,False,0.2167344508591941,False,0.3028458279690824,False
2024,February,71,SHERBURNE,2401,5860,899409.0,2024-02-01,0.2561286783593248,False,0.2640841872993154,False,0.35814721909685654,False
2024,March,71,SHERBURNE,2454,5954,913119.0,2024-03-01,0.4033385568950518,False,0.37140364833531514,False,0.46018769696035927,False
2024,April,71,SHERBURNE,2466,5951,909649.0,2024-04-01,0.436227691543515,False,0.3680048072455075,False,0.43450680658589486,False
2024,May,71,SHERBURNE,2429,5897,908967.34,2024-05-01,0.3299325021179418,False,0.3065309640016689,False,0.22624280092927346,False
2024,June,71,SHERBURNE,2481,5931,918658.0,2024-06-01,0.42059418245791835,False,0.28872009099189855,False,0.23934782563127957,False
2024,July,71,SHERBURNE,2520,5996,953314.0,2024-07-01,0.4057044064570975,False,0.2664254864875995,False,0.45608083121749954,False
2024,August,71,SHERBURNE,2549,6091,965543.0,2024-08-01,0.39208093861560805,False,0.2844109206180805,False,0.5062265240139875,False
2024,September,71,SHERBURNE,2580,6190,983073.0,2024-09-01,0.43449885899398416,False,0.348243342252533,False,0.5642851393859113,False
2024,October,71,SHERBURNE,2609,6199,989742.0,2024-10-01,0.44747147517696,False,0.3174326822138832,False,0.5717077267495446,False
2024,November,71,SHERBURNE,2623,6268,997417.0,2024-11-01,0.43259105851526203,False,0.36134645441605895,False,0.6084417053305688,False
2024,December,71,SHERBURNE,2683,6381,1024161.0,2024-12-01,0.5481962120914528,False,0.4687928629989738,False,0.753678501540472,False
2025,January,71,SHERBURNE,2587,6161,964716.0,2025-01-01,0.22950003568002184,False,0.20677557444079828,False,0.20507904711939642,False
2025,February,71,SHERBURNE,2599,6176,960813.0,2025-02-01,0.16954866933410342,False,0.14646650881727505,False,0.012753127059374458,False
2025,March,71,SHERBURNE,2602,6146,957122.0,2025-03-01,0.09800138346810894,False,0.022091495966336527,False,-0.03963300030460281,False
2025,April,71,SHERBURNE,2620,6263,966792.0,2025-04-01,0.09459711178423327,False,0.11895603166390548,False,0.02817110263502849,False
2025,May,71,SHERBURNE,2609,6158,966397.0,2025-05-01,0.04149396183299896,False,-0.011484251080996407,False,0.008852974823515937,False
2025,June,71,SHERBURNE,2611,6155,955700.0,2025-06-01,0.027170046406729553,False,-0.014770487443202,False,-0.0720946928788276,False
2025,July,71,SHERBURNE,2630,6179,965026.0,2025-07-01,0.06311012120440347,False,0.01147468185686625,False,-0.0065941489861226985,False
2025,August,71,SHERBURNE,2639,6189,973228.0,2025-08-01,0.0770865533303382,False,0.012542952119546421,False,0.050491004078542415,False
2025,September,71,SHERBURNE,2692,6329,987169.0,2025-09-01,0.2085729198344335,False,0.15630564245760706,False,0.14206440867449557,False
2025,October,71,SHERBURNE,2692,6328,1008695.0,2025-10-01,0.1943891864444494,False,0.15523999745973358,False,0.2875636557460821,False
2025,November,71,SHERBURNE,2674,6286,998962.0,2025-11-01,0.13369590038261114,False,0.11033019299404594,False,0.22216450249095135,False
2025,December,71,SHERBURNE,2686,6302,1005309.0,2025-12-01,0.15490139659491378,False,0.1274739671162267,False,0.2648838906232919,False
2026,January,71,SHERBURNE,2698,6284,983907.0,2026-01-01,0.1849571462898657,False,0.10818415415952275,False,0.11973935600121972,False
2026,February,71,SHERBURNE,2689,6254,979512.0,2026-02-01,0.13806835586748245,False,0.030380297671866438,False,0.06578803624192649,False
2026,March,71,SHERBURNE,2683,6225,984271.0,2026-03-01,0.06707275455350308,False,-0.03619353027241886,False,0.054397227072601896,False
2022,January,72,SIBLEY,427,870,186502.0,2022-01-01,,False,,False,,False
2022,February,72,SIBLEY,413,836,186252.0,2022-02-01,,False,,False,,False
2022,March,72,SIBLEY,402,806,185785.0,2022-03-01,,False,,False,,False
2022,April,72,SIBLEY,411,814,181567.0,2022-04-01,,False,,False,,False
2022,May,72,SIBLEY,412,811,185015.0,2022-05-01,1.9772115014906612e-05,False,-0.11470379524004493,False,-0.03647973409916042,False
2022,June,72,SIBLEY,415,830,180832.0,2022-06-01,0.04881806594005217,False,0.13113414249038058,False,-0.1822601542577471,False
2022,July,72,SIBLEY,434,876,191209.0,2022-07-01,0.3418989757062185,False,0.4289687684955643,False,0.20810624870440364,False
2022,August,72,SIBLEY,434,876,198452.0,2022-08-01,0.33374298624143073,False,0.363401697250374,False,0.4448787682381936,False
2022,September,72,SIBLEY,442,895,186083.0,2022-09-01,0.44040906199746055,False,0.48370742464014616,False,0.002343655219974474,False
2022,October,72,SIBLEY,456,944,228468.0,2022-10-01,0.6340173911191926,False,0.8185789804937855,False,1.3840898444402672,False
2022,November,72,SIBLEY,442,895,224042.0,2022-11-01,0.3282490816237237,False,0.3251588408550803,False,1.2490790514896941,False
2022,December,72,SIBLEY,447,900,193588.0,2022-12-01,0.30804439843985554,False,0.22840782869810555,False,0.26056872915148477,False
2023,January,72,SIBLEY,451,925,217988.0,2023-01-01,0.3132888360222058,False,0.38985931397823037,False,1.056725377866564,False
2023,February,72,SIBLEY,441,896,225055.0,2023-02-01,0.10767617492089707,False,0.1520921260362044,False,1.1878628107761682,False
2023,March,72,SIBLEY,444,889,222381.0,2023-03-01,0.09946396605766628,False,0.026964891554981673,False,0.976957914516021,False
2023,April,72,SIBLEY,421,842,111457.0,2023-04-01,-0.31994578361135784,False,-0.3886062940794986,False,-3.807532179582217,True
2023,May,72,SIBLEY,418,848,112133.0,2023-05-01,-0.36806727190944205,False,-0.34076921413197303,False,-3.766746875163203,True
2023,June,72,SIBLEY,428,879,117096.0,2023-06-01,-0.2089797086147846,False,-0.09887515990167443,False,-2.9882695588318158,False
2023,July,72,SIBLEY,418,849,117074.0,2023-07-01,-0.36806727190944205,False,-0.3328292485299878,False,-2.674336281878715,False
2023,August,72,SIBLEY,413,819,109804.0,2023-08-01,-0.4490406333325148,False,-0.5751906507597908,False,-2.8748428410612643,False
2023,September,72,SIBLEY,421,848,114935.0,2023-09-01,-0.31994578361135784,False,-0.34076921413197303,False,-1.9016889551334044,False
2023,October,72,SIBLEY,443,907,132551.0,2023-10-01,0.13113063721358237,False,0.17316231767149298,False,-0.2788119813111975,False
2023,November,72,SIBLEY,420,820,116214.0,2023-11-01,-0.2276475732041125,False,-0.5062026427376076,False,-0.3948207086192393,False
2023,December,72,SIBLEY,430,851,126295.0,2023-12-01,0.08685518707858841,False,-0.10112509812245304,False,0.5107290737935082,False
2024,January,72,SIBLEY,434,860,116462.0,2024-01-01,0.14916509902198713,False,0.0788022819971635,False,-0.03598509512931223,False
2024,February,72,SIBLEY,424,807,115641.0,2024-02-01,-0.007702436275994016,False,-0.34972406564309316,False,-0.06539262984746073,False
2024,March,72,SIBLEY,432,840,115245.0,2024-03-01,0.1496748315927453,False,-0.06782844795349673,False,-0.06366471149364893,False
2024,April,72,SIBLEY,424,794,112007.0,2024-04-01,0.023890300611146293,False,-0.4432616483265707,False,-0.23202982549157147,False
2024,May,72,SIBLEY,421,806,118851.0,2024-05-01,-0.047780601222292586,False,-0.34221106918923383,False,0.1680075197997043,False
2024,June,72,SIBLEY,417,784,116958.0,2024-06-01,-0.11201918201571238,False,-0.49671330265144487,False,0.03585420158798732,False
2024,July,72,SIBLEY,417,794,118365.0,2024-07-01,-0.0881288814045661,False,-0.2982319965436143,False,0.11651140407738657,False
2024,August,72,SIBLEY,447,852,127092.0,2024-08-01,0.3793792088550259,False,0.2620150736819497,False,0.5963344006410911,False
2024,September,72,SIBLEY,440,841,124402.0,2024-09-01,0.24926624049378263,False,0.08918663617740859,False,0.4305182395534664,False
2024,October,72,SIBLEY,443,853,121501.0,2024-10-01,0.24771641753287058,False,0.18463634221682215,False,0.2167049856085298,False
2024,November,72,SIBLEY,433,850,123007.0,2024-11-01,0.09406512643474749,False,0.16090024734032693,False,0.2997944171685119,False
2024,December,72,SIBLEY,422,836,116806.0,2024-12-01,-0.14198717389614546,False,-0.03616511583950576,False,-0.10324753762536391,False
2025,January,72,SIBLEY,421,840,105182.0,2025-01-01,-0.1106728667130891,False,0.01607869553301232,False,-0.7561198437519902,False
2025,February,72,SIBLEY,423,862,114227.0,2025-02-01,-0.015889288855639058,False,0.19025504037319624,False,-0.1996926823588168,False
2025,March,72,SIBLEY,412,822,114109.0,2025-03-01,-0.18524278544520564,False,-0.14593117295070054,False,-0.20666401495217473,False
2025,April,72,SIBLEY,404,820,112850.0,2025-04-01,-0.3012704839697476,False,-0.14626367772789833,False,-0.2814966258859586,False
2025,May,72,SIBLEY,406,811,113518.0,2025-05-01,-0.25209815960971826,False,-0.2206122565940061,False,-0.24168858525866274,False
2025,June,72,SIBLEY,396,769,111654.0,2025-06-01,-0.4198928821849171,False,-0.5788380283365908,False,-0.3086475778161882,False
2025,July,72,SIBLEY,402,765,114476.0,2025-07-01,-0.3187159850896447,False,-0.6139683160842372,False,-0.06060919487708161,False
2025,August,72,SIBLEY,402,764,113498.0,2025-08-01,-0.3187159850896447,False,-0.6227795518245399,False,-0.05052790081356406,False
2025,September,72,SIBLEY,396,772,115597.0,2025-09-01,-0.33920721561243333,False,-0.47964428178700674,False,0.08390093223204324,False
2025,October,72,SIBLEY,382,745,111991.0,2025-10-01,-0.4593034731427825,False,-0.6543598000373664,False,-0.12985631212024779,False
2025,November,72,SIBLEY,379,731,105641.0,2025-11-01,-0.4463765021226442,False,-0.7367645171545241,False,-0.5025735932929114,False
2025,December,72,SIBLEY,373,716,105039.0,2025-12-01,-0.5204173354209689,False,-0.673244443711903,False,-0.5230133371575241,False
2026,January,72,SIBLEY,378,736,105333.0,2026-01-01,-0.41414540704940844,False,-0.3085627698679774,False,-0.4842568798414183,False
2026,February,72,SIBLEY,376,740,103809.0,2026-02-01,-0.3992448724459073,False,-0.24137466115200298,False,-0.5825581645483088,False
2026,March,72,SIBLEY,377,741,110616.0,2026-03-01,-0.33078886378098066,False,-0.21030747186615467,False,-0.10909442610974637,False
2022,January,69,ST. LOUIS,11050,18312,4288983.0,2022-01-01,,False,,False,,False
2022,February,69,ST. LOUIS,11116,18393,4408100.52,2022-02-01,,False,,False,,False
2022,March,69,ST. LOUIS,11238,18597,4458733.25,2022-03-01,,False,,False,,False
2022,April,69,ST. LOUIS,11333,18760,4513021.0,2022-04-01,,False,,False,,False
2022,May,69,ST. LOUIS,11461,19005,4563998.0,2022-05-01,0.16933016098756595,False,0.18356809235326066,False,0.1959064949052121,False
2022,June,69,ST. LOUIS,11569,19190,4544966.0,2022-06-01,0.19577813517547243,False,0.21170781793530166,False,0.12920412790608257,False
2022,July,69,ST. LOUIS,11593,19195,4572335.0,2022-07-01,0.18136804369751625,False,0.18403581706932556,False,0.12888530525702555,False
2022,August,69,ST. LOUIS,11630,19187,4550226.0,2022-08-01,0.17447217041590682,False,0.15179512272093035,False,0.05537730114603138,False
2022,September,69,ST. LOUIS,11654,19219,4351002.0,2022-09-01,0.1505020992795869,False,0.11927804456064263,False,-0.27038909496568325,False
2022,October,69,ST. LOUIS,11875,19719,5121126.0,2022-10-01,0.23932838850693006,False,0.24874636194928681,False,0.8526188328668074,False
2022,November,69,ST. LOUIS,11988,19890,5269487.0,2022-11-01,0.27157517647087676,False,0.2748416642975146,False,1.0214592445438964,False
2022,December,69,ST. LOUIS,12072,19969,4561461.0,2022-12-01,0.2870403086607666,False,0.26943620024943266,False,0.024435241669567915,False
2023,January,69,ST. LOUIS,12238,20314,5302635.0,2023-01-01,0.3721617310741102,False,0.3844398954589002,False,1.03606748581097,False
2023,February,69,ST. LOUIS,12314,20416,5407954.0,2023-02-01,0.39618238995595967,False,0.4168154741411204,False,1.15650352564398,False
2023,March,69,ST. LOUIS,12377,20535,5473552.0,2023-03-01,0.4129025499483172,False,0.45092199974942765,False,1.2276355219985968,False
2023,April,69,ST. LOUIS,11653,19268,3042059.0,2023-04-01,-0.06392874559284462,False,-0.06943835460115007,False,-2.74236055620938,False
2023,May,69,ST. LOUIS,11739,19330,3004425.0,2023-05-01,-0.01433717398752754,False,-0.05635746384151938,False,-2.826324897804307,False
2023,June,69,ST. LOUIS,11749,19402,3021549.7,2023-06-01,-0.03310071693350236,False,-0.04211573796438644,False,-2.1627931363754582,False
2023,July,69,ST. LOUIS,11660,19223,3002742.0,2023-07-01,-0.08725641061055951,False,-0.11716754877010592,False,-1.934031306337081,False
2023,August,69,ST. LOUIS,11483,18892,2958102.0,2023-08-01,-0.19042238810497,False,-0.23431481225855125,False,-1.802237305496911,False
2023,September,69,ST. LOUIS,11406,18699,2891550.0,2023-09-01,-0.23579978174203337,False,-0.3035721972692214,False,-1.4586154587754523,False
2023,October,69,ST. LOUIS,11449,18886,3140351.72,2023-10-01,-0.21042153068901662,False,-0.2364572156645981,False,-0.47608410134366436,False
2023,November,69,ST. LOUIS,11403,18742,3083075.0,2023-11-01,-0.19873033921906563,False,-0.22088869817942544,False,-0.01691120733962001,False
2023,December,69,ST. LOUIS,11517,18967,3146141.0,2023-12-01,-0.10599665235407248,False,-0.1170288336693534,False,0.18174794780978082,False
2024,January,69,ST. LOUIS,11494,18954,3123620.0,2024-01-01,-0.09468325056509222,False,-0.10293405364590205,False,0.13329163508525996,False
2024,February,69,ST. LOUIS,11328,18712,3073020.0,2024-02-01,-0.1511853911314081,False,-0.13650500042463315,False,0.02313371856550052,False
2024,March,69,ST. LOUIS,11363,18690,3079453.0,2024-03-01,-0.084050319542335,False,-0.09691502177980693,False,0.04825569529280674,False
2024,April,69,ST. LOUIS,11526,18885,3135932.0,2024-04-01,0.021979590080879647,False,-0.013548743478876295,False,0.1708422183613705,False
2024,May,69,ST. LOUIS,11503,18758,3099266.13,2024-05-01,0.008507743302833378,False,-0.04693866847369133,False,0.05031069311692054,False
2024,June,69,ST. LOUIS,11588,18868,3116171.89,2024-06-01,0.058161542217516356,False,-0.006252729474232951,False,0.0759861808604214,False
2024,July,69,ST. LOUIS,11601,18742,3119158.0,2024-07-01,0.06572352826248173,False,-0.04822867870832492,False,0.06081748848761117,False
2024,August,69,ST. LOUIS,11618,18775,3141195.0,2024-08-01,0.07559950436045226,False,-0.013608320659826215,False,0.07229275253362619,False
2024,September,69,ST. LOUIS,11662,18844,3144972.0,2024-09-01,0.09522562746541084,False,0.027796676628109054,False,0.058821744910091484,False
2024,October,69,ST. LOUIS,11753,18994,3204769.0,2024-10-01,0.14090772535660465,False,0.06584633581828717,False,0.17781280243438113,False
2024,November,69,ST. LOUIS,11600,18718,3145115.74,2024-11-01,0.045796741946033115,False,-0.032878447290284114,False,0.051078864485601956,False
2024,December,69,ST. LOUIS,11638,18724,3146280.0,2024-12-01,0.04712925064149145,False,-0.030716819240596986,False,0.03548746032909531,False
2025,January,69,ST. LOUIS,11529,18571,3075344.13,2025-01-01,-0.037917034644403894,False,-0.07063011737870178,False,-0.11832543913385352,False
2025,February,69,ST. LOUIS,11380,18394,3035422.0,2025-02-01,-0.1256494923376953,False,-0.1292888665948795,False,-0.2016369662451927,False
2025,March,69,ST. LOUIS,11430,18429,3045049.0,2025-03-01,-0.0960816736401755,False,-0.11646740991680372,False,-0.1802787037358621,False
2025,April,69,ST. LOUIS,11414,18428,3032059.0,2025-04-01,-0.10552928089256369,False,-0.11683339922750545,False,-0.20911401639032914,False
2025,May,69,ST. LOUIS,11301,18336,2996713.0,2025-05-01,-0.17263244472391792,False,-0.14447157874139852,False,-0.2668872231170764,False
2025,June,69,ST. LOUIS,11176,18150,2972853.0,2025-06-01,-0.24764767587309616,False,-0.20891716469842936,False,-0.3208062192718553,False
2025,July,69,ST. LOUIS,11242,18239,2996560.0,2025-07-01,-0.19072232835649572,False,-0.14825561155595776,False,-0.22275345967413748,False
2025,August,69,ST. LOUIS,11302,18417,3035104.0,2025-08-01,-0.10503631995527687,False,-0.030278127070464525,False,-0.05545203841490561,False
2025,September,69,ST. LOUIS,11484,18594,3091489.0,2025-09-01,0.036512132668302257,False,0.06030088082016911,False,0.11277046612876267,False
2025,October,69,ST. LOUIS,11483,18604,3170659.0,2025-10-01,0.03592481933256016,False,0.06392722499353264,False,0.28332853439882233,False
2025,November,69,ST. LOUIS,11372,18251,3146929.0,2025-11-01,-0.02958691761359484,False,-0.06527796296345145,False,0.23265743901058666,False
2025,December,69,ST. LOUIS,11263,18163,3113805.0,2025-12-01,-0.07975955569560135,False,-0.0956802925829249,False,0.16128453182860172,False
2026,January,69,ST. LOUIS,11296,18194,3064823.0,2026-01-01,-0.04759614650207773,False,-0.0779508646465597,False,0.054338328048098364,False
2026,February,69,ST. LOUIS,11329,18214,3108920.0,2026-02-01,-0.004728758736548908,False,-0.05567627942364848,False,0.15069453430227533,False
2026,March,69,ST. LOUIS,11308,18046,3092233.0,2026-03-01,-0.0044669250505042155,False,-0.09185545938009264,False,0.08188479728159449,False
2022,January,73,STEARNS,6044,14078,3095268.0,2022-01-01,,False,,False,,False
2022,February,73,STEARNS,6116,14285,3185021.0,2022-02-01,,False,,False,,False
2022,March,73,STEARNS,6149,14346,3164043.0,2022-03-01,,False,,False,,False
2022,April,73,STEARNS,6142,14297,3149670.0,2022-04-01,,False,,False,,False
2022,May,73,STEARNS,6096,14089,3129488.0,2022-05-01,-0.036393688222677495,False,-0.09601187873424603,False,-0.05871351958994298,False
2022,June,73,STEARNS,6131,14095,3080513.0,2022-06-01,0.016519724152940465,False,-0.09030858605026133,False,-0.14974936544262296,False
2022,July,73,STEARNS,6119,14048,3103197.0,2022-07-01,-0.004952678877102352,False,-0.06768158346259001,False,-0.07858380314996592,False
2022,August,73,STEARNS,6205,14198,3172474.0,2022-08-01,0.09412289679067824,False,0.04910677283717779,False,0.09201736689851937,False
2022,September,73,STEARNS,6206,14101,2967150.0,2022-09-01,0.08860339019282842,False,-0.02168297003369485,False,-0.38096862481333427,False
2022,October,73,STEARNS,6340,14523,3532800.0,2022-10-01,0.22606220741267086,False,0.19888187111160047,False,0.8176377243768225,False
2022,November,73,STEARNS,6376,14660,3561959.0,2022-11-01,0.2582031578491383,False,0.23908881109569668,False,0.8514017049849898,False
2022,December,73,STEARNS,6373,14661,3184356.0,2022-12-01,0.24898488827106993,False,0.2164306812958853,False,0.07387381574007343,False
2023,January,73,STEARNS,6389,14697,3618759.0,2023-01-01,0.2620541525460667,False,0.21237065491347926,False,0.9210766016008156,False
2023,February,73,STEARNS,6463,14862,3646192.0,2023-02-01,0.30530566176480783,False,0.2642357198586102,False,0.9476867405362729,False
2023,March,73,STEARNS,6542,15036,3782663.0,2023-03-01,0.3561268885757746,False,0.32837065475910654,False,1.195531183643414,False
2023,April,73,STEARNS,6052,13936,2180292.0,2023-04-01,-0.24149170151897023,False,-0.2253766631677014,False,-2.54233849301757,False
2023,May,73,STEARNS,6043,14119,2136875.0,2023-05-01,-0.25152807602511773,False,-0.11395518660011415,False,-2.6780095952781915,False
2023,June,73,STEARNS,6108,14212,2124683.0,2023-06-01,-0.17937647878572568,False,-0.06967556546406367,False,-2.473692293959363,False
2023,July,73,STEARNS,6095,14069,2125710.0,2023-07-01,-0.19374518557148465,False,-0.141205732065111,False,-2.226973526601375,False
2023,August,73,STEARNS,6028,13910,2105989.0,2023-08-01,-0.2682886246973603,False,-0.21786250225969547,False,-2.0791498458941784,False
2023,September,73,STEARNS,5948,13632,2024676.0,2023-09-01,-0.358388478375986,False,-0.35402091605605895,False,-1.4890022156131733,False
2023,October,73,STEARNS,5927,13680,2182142.0,2023-10-01,-0.3285685185870869,False,-0.3303143675253355,False,-0.5217297372235656,False
2023,November,73,STEARNS,5907,13534,2140497.0,2023-11-01,-0.2184745387019837,False,-0.3075430797651404,False,-0.12710840676519092,False
2023,December,73,STEARNS,5883,13495,2127058.11,2023-12-01,-0.21487286755281526,False,-0.29290301684442854,False,-0.10460527560180463,False
2024,January,73,STEARNS,5881,13479,2108744.0,2024-01-01,-0.18827447011283602,False,-0.2569097461610696,False,-0.0950960485860521,False
2024,February,73,STEARNS,5845,13364,2092143.0,2024-02-01,-0.21628473339498414,False,-0.2763708745639372,False,-0.1271652405880983,False
2024,March,73,STEARNS,5945,13584,2144102.05,2024-03-01,-0.04845219677273935,False,-0.10372264470525222,False,0.05596984826123626,False
2024,April,73,STEARNS,6052,13684,2184394.0,2024-04-01,0.11859791182372602,False,0.013825064091581341,False,0.18154553271466814,False
2024,May,73,STEARNS,6040,13681,2155962.0,2024-05-01,0.10521275777010052,False,0.012346275763957094,False,0.09317651656041309,False
2024,June,73,STEARNS,6019,13758,2155475.0,2024-06-01,0.081724631887133,False,0.05019958745981558,False,0.09165274919922717,False
2024,July,73,STEARNS,6068,13813,2179169.0,2024-07-01,0.13640356479713248,False,0.07710819312614085,False,0.1420136221035311,False
2024,August,73,STEARNS,6033,13795,2190551.0,2024-08-01,0.09739246703899436,False,0.0683135522568498,False,0.15023582005482983,False
2024,September,73,STEARNS,6071,13768,2191759.0,2024-09-01,0.13973689819830698,False,0.05510005265648285,False,0.13043771313558156,False
2024,October,73,STEARNS,6067,13744,2218645.0,2024-10-01,0.09528033903359055,False,0.03123317427211712,False,0.1940709424336479,False
2024,November,73,STEARNS,6004,13657,2193672.0,2024-11-01,-0.024661369131281575,False,-0.012581386964198618,False,0.11771894537585462,False
2024,December,73,STEARNS,6014,13636,2204050.0,2024-12-01,-0.013438404811558478,False,-0.022960212972485267,False,0.11268365520378752,False
2025,January,73,STEARNS,5857,13490,2132184.0,2025-01-01,-0.19183084619888519,False,-0.0955626538487582,False,-0.1550959520123895,False
2025,February,73,STEARNS,5873,13522,2140757.0,2025-02-01,-0.17343328961725876,False,-0.07958278408077055,False,-0.12803031477358798,False
2025,March,73,STEARNS,5908,13545,2172437.0,2025-03-01,-0.13336273130220008,False,-0.06812059210221781,False,-0.02894581100451801,False
2025,April,73,STEARNS,5943,13678,2167161.13,2025-04-01,-0.09352881817699772,False,-0.0022185067752715512,False,-0.0453462901346037,False
2025,May,73,STEARNS,5998,13883,2214783.0,2025-05-01,-0.020767960914921738,False,0.09959426052737978,False,0.11977654333553538,False
2025,June,73,STEARNS,6024,13903,2236435.0,2025-06-01,0.016815803673117812,False,0.09381015244695,False,0.157392610380874,False
2025,July,73,STEARNS,6051,13917,2252854.1,2025-07-01,0.04697483379875286,False,0.10059830627990625,False,0.18730274598551158,False
2025,August,73,STEARNS,6066,13985,2266941.0,2025-08-01,0.06367176451343097,False,0.1334725112639701,False,0.22454574286485918,False
2025,September,73,STEARNS,6109,14132,2301916.0,2025-09-01,0.11130849039988154,False,0.20399593192273957,False,0.30895529637537505,False
2025,October,73,STEARNS,6154,14222,2344153.0,2025-10-01,0.16080320902478462,False,0.2468124108657474,False,0.39929464417853755,False
2025,November,73,STEARNS,6069,13902,2272702.0,2025-11-01,0.06700619648379151,False,0.05939100745370903,False,0.19050521154738978,False
2025,December,73,STEARNS,6043,13741,2235905.5,2025-12-01,0.02683923190943622,False,-0.07395241259855237,False,0.031212717505476096,False
2026,January,73,STEARNS,6042,13611,2187134.0,2026-01-01,0.009502460451824842,False,-0.13806417699771986,False,-0.14955462423460708,False
2026,February,73,STEARNS,6083,13612,2196853.0,2026-02-01,0.04505028332159045,False,-0.13756867653835622,False,-0.11964817948945831,False
2026,March,73,STEARNS,6083,13583,2200837.0,2026-03-01,0.04003126627288962,False,-0.15195298908262858,False,-0.10742718386202968,False
2022,January,75,STEVENS,307,567,126341.0,2022-01-01,,False,,False,,False
2022,February,75,STEVENS,316,607,134000.0,2022-02-01,,False,,False,,False
2022,March,75,STEVENS,324,630,144821.0,2022-03-01,,False,,False,,False
2022,April,75,STEVENS,323,642,143756.0,2022-04-01,,False,,False,,False
2022,May,75,STEVENS,313,622,141690.39,2022-05-01,-0.13779804945959034,False,0.03916245837022912,False,0.13938923120415744,False
2022,June,75,STEVENS,313,618,137307.0,2022-06-01,-0.06413677485108853,False,-0.043446204963769795,False,-0.2119603099333011,False
2022,July,75,STEVENS,303,606,136917.0,2022-07-01,-0.25037223139174497,False,-0.15376647104317281,False,-0.12516543844470351,False
2022,August,75,STEVENS,309,625,138832.0,2022-08-01,-0.08647554345401592,False,0.07584818881256193,False,0.07449983575228143,False
2022,September,75,STEVENS,307,603,121457.0,2022-09-01,-0.1301326537944103,False,-0.1871852016691615,False,-0.8645784896681842,False
2022,October,75,STEVENS,308,605,154299.0,2022-10-01,-0.10826877727587128,False,-0.1431645582200771,False,0.7869538657220699,False
2022,November,75,STEVENS,306,615,148787.0,2022-11-01,-0.10882986074851651,False,0.027700947473885826,False,0.5043459029348348,False
2022,December,75,STEVENS,310,614,132864.0,2022-12-01,0.021723046151781653,False,-0.010958572678627525,False,-0.29636313773487105,False
2023,January,75,STEVENS,317,648,160442.0,2023-01-01,0.16099490727925428,False,0.3574721914748118,False,1.0130286125198487,False
2023,February,75,STEVENS,315,642,162626.0,2023-02-01,0.07520178934367042,False,0.2729607483371459,False,0.9982442009365979,False
2023,March,75,STEVENS,323,651,164610.0,2023-03-01,0.24383557271920633,False,0.32860740345578604,False,0.9624928586757232,False
2023,April,75,STEVENS,315,644,83948.0,2023-04-01,0.07520178934367042,False,0.2558002200479959,False,-3.5794258539346293,True
2023,May,75,STEVENS,324,630,86075.0,2023-05-01,0.2646214135140251,False,0.10778487610099069,False,-3.293117760407048,False
2023,June,75,STEVENS,314,601,81757.0,2023-06-01,0.05382300757884212,False,-0.22575769005588603,False,-2.953477451724932,False
2023,July,75,STEVENS,321,608,84291.0,2023-07-01,0.19134735393312452,False,-0.13139529534861957,False,-2.3844576795668893,False
2023,August,75,STEVENS,323,623,86194.0,2023-08-01,0.17932317425794708,False,0.0327247235999152,False,-1.7687154783023007,False
2023,September,75,STEVENS,307,572,78094.0,2023-09-01,-0.17295819448696656,False,-0.5315933426017692,False,-1.296714994419655,False
2023,October,75,STEVENS,306,585,82468.0,2023-10-01,-0.19489317316808075,False,-0.3802755211457427,False,-0.6015898368598251,False
2023,November,75,STEVENS,304,578,85256.0,2023-11-01,-0.23897829742673043,False,-0.4613322906128344,False,-0.06914417476795931,False
2023,December,75,STEVENS,315,623,94766.0,2023-12-01,0.0,False,0.04899601914841804,False,0.6810481931279189,False
2024,January,75,STEVENS,301,606,87195.0,2024-01-01,-0.30565099845022736,False,-0.1863075389554747,False,0.11944068071131617,False
2024,February,75,STEVENS,293,566,83626.0,2024-02-01,-0.4867356999443172,False,-0.5640507215338415,False,-0.16244652014203045,False
2024,March,75,STEVENS,290,565,80980.0,2024-03-01,-0.5452264026895931,False,-0.4828033982193193,False,-0.3086784061358407,False
2024,April,75,STEVENS,297,564,84867.0,2024-04-01,-0.29841717603887497,False,-0.45574202556941257,False,0.05968577507790361,False
2024,May,75,STEVENS,298,561,78821.0,2024-05-01,-0.18906364429601988,False,-0.3729092471195272,False,-0.47552175182768613,False
2024,June,75,STEVENS,297,548,82545.0,2024-06-01,-0.17864992886736383,False,-0.39938960798162115,False,-0.11446928832489464,False
2024,July,75,STEVENS,303,555,80599.0,2024-07-01,0.011185263279718888,False,-0.23827254051521043,False,-0.2753851863405682,False
2024,August,75,STEVENS,307,563,86073.0,2024-08-01,0.11043199706752262,False,-0.07128290508789037,False,0.2384109101811683,False
2024,September,75,STEVENS,313,592,89315.0,2024-09-01,0.2405646508619329,False,0.3083659406775828,False,0.48779549346337076,False
2024,October,75,STEVENS,315,604,93648.0,2024-10-01,0.2833901915544892,False,0.4434956688559506,False,0.7137692512106284,False
2024,November,75,STEVENS,306,589,90195.0,2024-11-01,0.08849701838640846,False,0.2741562308268354,False,0.3952665370726627,False
2024,December,75,STEVENS,309,584,88128.0,2024-12-01,0.15408910740791698,False,0.21675162901679654,False,0.20673020540707485,False
2025,January,75,STEVENS,304,580,80579.0,2025-01-01,0.044411894127758776,False,0.1704735744040609,False,-0.39729243900874084,False
2025,February,75,STEVENS,306,581,82707.0,2025-02-01,0.05516066787466297,False,0.18207288938647317,False,-0.12421213480447589,False
2025,March,75,STEVENS,311,580,83269.0,2025-03-01,0.13101100642864158,False,0.08821339874283125,False,-0.04126847409131694,False
2025,April,75,STEVENS,312,580,85637.0,2025-04-01,0.13055246271768892,False,0.0,False,0.12502792104997984,False
2025,May,75,STEVENS,314,572,84472.0,2025-05-01,0.16254690206269234,False,-0.09351969572521797,False,0.0021801972410956604,False
2025,June,75,STEVENS,307,564,85532.0,2025-06-01,-0.021828555170200183,False,-0.18835429838339182,False,0.0379185898516134,False
2025,July,75,STEVENS,296,539,79963.0,2025-07-01,-0.26712831510274687,False,-0.4936100086452673,False,-0.4582495987158686,False
2025,August,75,STEVENS,300,553,81339.0,2025-08-01,-0.17689285559579246,False,-0.3209680428557084,False,-0.3431706777236216,False
2025,September,75,STEVENS,312,567,84982.0,2025-09-01,0.08678892886637454,False,-0.15263488569197065,False,-0.0014560771812139705,False
2025,October,75,STEVENS,313,582,85608.0,2025-10-01,0.1083040986242101,False,0.023178716967931282,False,0.06980279916765442,False
2025,November,75,STEVENS,310,573,88626.0,2025-11-01,0.043551601321975844,False,-0.08175857679066045,False,0.303490971551921,False
2025,December,75,STEVENS,313,575,88787.0,2025-12-01,0.07561402037812809,False,-0.017418395177020114,False,0.3157328372126362,False
2026,January,75,STEVENS,311,565,86259.0,2026-01-01,0.010826654563013268,False,-0.1063986673041631,False,0.12090004183110162,False
2026,February,75,STEVENS,303,549,80892.0,2026-02-01,-0.175204655789993,False,-0.2822059320703476,False,-0.3544460921452691,False
2026,March,75,STEVENS,300,547,82181.0,2026-03-01,-0.24209776604379485,False,-0.27133975379317715,False,-0.24781434508376576,False
2022,January,76,SWIFT,428,863,184238.0,2022-01-01,,False,,False,,False
2022,February,76,SWIFT,436,881,197406.0,2022-02-01,,False,,False,,False
2022,March,76,SWIFT,432,865,193153.0,2022-03-01,,False,,False,,False
2022,April,76,SWIFT,421,821,179752.0,2022-04-01,,False,,False,,False
2022,May,76,SWIFT,421,794,181843.0,2022-05-01,-0.14226560360023538,False,-0.569188453575016,False,-0.2476199870476155,False
2022,June,76,SWIFT,439,827,186913.0,2022-06-01,0.17076861485403272,False,-0.2870645992547765,False,0.09722776009131567,False
2022,July,76,SWIFT,433,812,186482.0,2022-07-01,0.046858935734095906,False,-0.2668446920559847,False,0.033042805339254855,False
2022,August,76,SWIFT,436,810,179810.0,2022-08-01,0.062023425542961266,False,-0.13992570132011423,False,-0.24574586539175203,False
2022,September,76,SWIFT,420,772,179308.0,2022-09-01,-0.19734721575435493,False,-0.4390841627690898,False,-0.22377468579479218,False
2022,October,76,SWIFT,449,837,212113.0,2022-10-01,0.2597489703688526,False,0.1300281230977173,False,0.9503033076472117,False
2022,November,76,SWIFT,456,860,214107.0,2022-11-01,0.3560837926393977,False,0.2881310868737887,False,0.9725858701771429,False
2022,December,76,SWIFT,465,895,194463.0,2022-12-01,0.47984671967024667,False,0.5323643591873292,False,0.2826625385424232,False
2023,January,76,SWIFT,472,926,233456.0,2023-01-01,0.5571810036645891,False,0.7212963927015795,False,1.5075314845873082,False
2023,February,76,SWIFT,469,934,239644.0,2023-02-01,0.4910326248594296,False,0.7792559330120837,False,1.5654501090001978,False
2023,March,76,SWIFT,466,928,229634.0,2023-03-01,0.4247683760050828,False,0.7358330362592261,False,1.277657350859829,False
2023,April,76,SWIFT,434,841,115805.0,2023-04-01,-0.15287625969139834,False,0.07260578902438015,False,-3.3625946958110924,False
2023,May,76,SWIFT,442,848,117881.0,2023-05-01,-0.029957140430133238,False,0.07190256976197275,False,-3.242751243213705,False
2023,June,76,SWIFT,443,846,118160.0,2023-06-01,-0.03766484874468416,False,0.0120134815608462,False,-2.8977812314702205,False
2023,July,76,SWIFT,437,828,117704.0,2023-07-01,-0.1370392591863699,False,-0.15284025216151223,False,-2.1322378707953424,False
2023,August,76,SWIFT,433,816,119735.0,2023-08-01,-0.19892042716826797,False,-0.2511895037183571,False,-1.4072478082169524,False
2023,September,76,SWIFT,446,848,122064.0,2023-09-01,0.00015191099302370057,False,0.007954013120962363,False,-1.2129760651415322,False
2023,October,76,SWIFT,439,856,131447.0,2023-10-01,-0.12902080018357465,False,0.06325954927198564,False,-0.38616423399877786,False
2023,November,76,SWIFT,446,854,128037.0,2023-11-01,0.022710523531587305,False,0.015870421672412312,False,0.07247220503155939,False
2023,December,76,SWIFT,450,891,131475.0,2023-12-01,0.08280000780863034,False,0.30949975442792516,False,0.339839629135666,False
2024,January,76,SWIFT,434,845,123829.0,2024-01-01,-0.16083821744376192,False,-0.04762622928026608,False,-0.0642848080636921,False
2024,February,76,SWIFT,430,828,125723.0,2024-02-01,-0.1928333185301186,False,-0.1607942652824746,False,0.15080035729194496,False
2024,March,76,SWIFT,432,826,111791.0,2024-03-01,-0.1310858406121808,False,-0.16913253061428107,False,-0.6413933254302628,False
2024,April,76,SWIFT,428,816,120125.0,2024-04-01,-0.15540412358684746,False,-0.23925143815532082,False,-0.04303520824948528,False
2024,May,76,SWIFT,433,831,121504.0,2024-05-01,-0.07724565924908935,False,-0.11653731964698914,False,0.022986780376976802,False
2024,June,76,SWIFT,429,816,120769.0,2024-06-01,-0.1011565324932379,False,-0.1789907521107923,False,-0.056432998133758974,False
2024,July,76,SWIFT,432,836,125277.16,2024-07-01,-0.023321205723410905,False,0.05259597558820542,False,0.1907620432311097,False
2024,August,76,SWIFT,422,812,117442.0,2024-08-01,-0.17316003484009046,False,-0.17602525049529957,False,-0.3087764140681458,False
2024,September,76,SWIFT,434,846,117384.0,2024-09-01,0.02330330075115927,False,0.10031460103283052,False,-0.3121082996010037,False
2024,October,76,SWIFT,420,823,120350.0,2024-10-01,-0.19734721575435493,False,-0.08537636015589005,False,-0.12829032101684396,False
2024,November,76,SWIFT,428,851,121864.0,2024-11-01,-0.06259905720731841,False,0.172403743600426,False,0.04041747282216076,False
2024,December,76,SWIFT,433,885,130964.0,2024-12-01,0.031172860943944995,False,0.43633845196796567,False,0.5261669931497132,False
2025,January,76,SWIFT,424,878,127218.0,2025-01-01,-0.11017107716809371,False,0.38283675502321124,False,0.33042641115990284,False
2025,February,76,SWIFT,417,870,126729.0,2025-02-01,-0.19874288779436414,False,0.32116775400682596,False,0.304450257864764,False
2025,March,76,SWIFT,420,884,130609.0,2025-03-01,-0.13482061219603392,False,0.39633208118320423,False,0.5078588484866261,False
2025,April,76,SWIFT,428,905,133576.0,2025-04-01,0.0,False,0.4942528488200844,False,0.6289270443493723,False
2025,May,76,SWIFT,431,904,133536.0,2025-05-01,0.04700367453705231,False,0.4269000408100809,False,0.5237720693248142,False
2025,June,76,SWIFT,417,904,133085.0,2025-06-01,-0.175204655789993,False,0.33266806658906967,False,0.3689369559780599,False
2025,July,76,SWIFT,434,934,140783.0,2025-07-01,0.12527479841084083,False,0.4474167056738743,False,0.6963698257557067,False
2025,August,76,SWIFT,432,932,141765.0,2025-08-01,0.0941917940944587,False,0.3791966794828315,False,0.6415500936658638,False
2025,September,76,SWIFT,440,940,140520.0,2025-09-01,0.186080766719502,False,0.41003422779850546,False,0.4841830532685969,False
2025,October,76,SWIFT,425,909,136961.0,2025-10-01,-0.04733352758256801,False,0.10872031015735885,False,0.24781596232446804,False
2025,November,76,SWIFT,419,868,128861.0,2025-11-01,-0.1430088906033179,False,-0.27379181534092856,False,-0.22895902558912642,False
2025,December,76,SWIFT,423,890,134101.0,2025-12-01,-0.055407998838638665,False,-0.10515803196539268,False,0.039887501948134715,False
2026,January,76,SWIFT,415,869,126896.0,2026-01-01,-0.1522953370288263,False,-0.2660344826859921,False,-0.345024341074392,False
2026,February,76,SWIFT,420,879,125283.0,2026-02-01,-0.06376430987556687,False,-0.18894792935565988,False,-0.4313102497768295,False
2026,March,76,SWIFT,415,869,125137.0,2026-03-01,-0.14435069260100677,False,-0.2660344826859921,False,-0.43917513474361874,False
2022,January,77,TODD,875,1661,366425.0,2022-01-01,,False,,False,,False
2022,February,77,TODD,898,1724,401871.0,2022-02-01,,False,,False,,False
2022,March,77,TODD,897,1727,397583.0,2022-03-01,,False,,False,,False
2022,April,77,TODD,893,1704,384388.0,2022-04-01,,False,,False,,False
2022,May,77,TODD,884,1667,383004.0,2022-05-01,-0.08330261654336099,False,-0.1873138886583485,False,-0.13815515498991077,False
2022,June,77,TODD,891,1686,381220.0,2022-06-01,-0.01510638929318492,False,-0.07158675687277392,False,-0.055820279141206755,False
2022,July,77,TODD,894,1678,378271.0,2022-07-01,0.015093720865139385,False,-0.06785523322093118,False,-0.09603557120519812,False
2022,August,77,TODD,906,1705,396744.0,2022-08-01,0.09737537248124366,False,0.07554160893565269,False,0.2377323342317647,False
2022,September,77,TODD,923,1763,381245.0,2022-09-01,0.21885720656853389,False,0.26525050043369713,False,-0.04321330097415291,False
2022,October,77,TODD,941,1812,453166.0,2022-10-01,0.34521959725366924,False,0.41426320289613905,False,1.134594439204837,False
2022,November,77,TODD,961,1854,464998.0,2022-11-01,0.475640924509071,False,0.5667581769783907,False,1.2962790750736382,False
2022,December,77,TODD,964,1881,417765.0,2022-12-01,0.48535693283312265,False,0.6622483286720062,False,0.5616319118374674,False
2023,January,77,TODD,993,1969,494042.0,2023-01-01,0.681316869793883,False,0.9331322561062075,False,1.5860742659290306,False
2023,February,77,TODD,995,1943,495832.0,2023-02-01,0.6612428056392764,False,0.8003066986101348,False,1.4966425309321156,False
2023,March,77,TODD,998,1951,492173.0,2023-03-01,0.5890241073596229,False,0.7526082736817256,False,1.446683233413399,False
2023,April,77,TODD,935,1744,229807.0,2023-04-01,0.02196713872098843,False,-0.16544735646867925,False,-3.857218864740293,True
2023,May,77,TODD,933,1758,226065.0,2023-05-01,-0.03597740707591701,False,-0.11154866783722867,False,-3.9679527819696894,True
2023,June,77,TODD,943,1748,225699.0,2023-06-01,0.03585500772193799,False,-0.1500037320915855,False,-3.3146196808664534,False
2023,July,77,TODD,929,1744,218455.0,2023-07-01,-0.09362825027093448,False,-0.16544735646867925,False,-2.6027503955673037,False
2023,August,77,TODD,913,1705,216832.0,2023-08-01,-0.2106810793762425,False,-0.3179053103838488,False,-2.2175242489079694,False
2023,September,77,TODD,936,1776,225714.0,2023-09-01,-0.04304954513632503,False,-0.04287726018893633,False,-1.785869367969611,False
2023,October,77,TODD,947,1800,248681.0,2023-10-01,0.03567283387563772,False,0.022847511989525723,False,-0.41992242771329924,False
2023,November,77,TODD,942,1789,239489.0,2023-11-01,-0.02140897781808514,False,0.003920950583256331,False,0.012155080623098849,False
2023,December,77,TODD,945,1814,247613.0,2023-12-01,0.017849594747878204,False,0.11813451471249795,False,0.3641838777931926,False
2024,January,77,TODD,927,1763,235456.0,2024-01-01,-0.11172749586411533,False,-0.07410817112928639,False,0.024621857236972546,False
2024,February,77,TODD,934,1803,245114.0,2024-02-01,-0.03593906747822106,False,0.1264766299263443,False,0.3530417046171955,False
2024,March,77,TODD,929,1798,244050.0,2024-03-01,-0.046977530206211815,False,0.1077561072234683,False,0.32369914475767736,False
2024,April,77,TODD,940,1830,257195.0,2024-04-01,0.03954011205660435,False,0.2266792980566928,False,0.6775500756625199,False
2024,May,77,TODD,928,1764,252998.0,2024-05-01,-0.05062909607583784,False,-0.07028555838883321,False,0.42740064629730656,False
2024,June,77,TODD,925,1780,253519.0,2024-06-01,-0.07244582668669572,False,-0.00941656098316034,False,0.3203758601324161,False
2024,July,77,TODD,925,1804,245437.0,2024-07-01,-0.047156474119390994,False,0.07328631160853828,False,0.023553644586973142,False
2024,August,77,TODD,917,1780,244527.0,2024-08-01,-0.10568178707266196,False,-0.05091316952977422,False,-0.02061344210472857,False
2024,September,77,TODD,924,1774,245440.0,2024-09-01,-0.054444427286565615,False,-0.07367472093885159,False,0.004523626271001983,False
2024,October,77,TODD,934,1782,252650.0,2024-10-01,0.03979460162075623,False,-0.04334302283165994,False,0.195325816183502,False
2024,November,77,TODD,938,1801,252397.0,2024-11-01,0.06858866882829368,False,0.0582813853812635,False,0.18856811488029512,False
2024,December,77,TODD,934,1773,253728.0,2024-12-01,0.03979460162075623,False,-0.06426138918667089,False,0.19427576997338541,False
2025,January,77,TODD,933,1781,250501.0,2025-01-01,0.03257683742210536,False,1.0620296147312302e-06,False,0.04340410824768101,False
2025,February,77,TODD,921,1768,237922.0,2025-02-01,-0.07274677181931975,False,-0.05127831471940583,False,-0.37293080517274657,False
2025,March,77,TODD,915,1737,232101.0,2025-03-01,-0.09868135870443394,False,-0.16674071568620297,False,-0.5400055457992597,False
2025,April,77,TODD,904,1736,229962.0,2025-04-01,-0.1656338827379078,False,-0.16872966249251456,False,-0.6024541539412344,False
2025,May,77,TODD,906,1735,229297.0,2025-05-01,-0.139835886661887,False,-0.16123313682333126,False,-0.5277239495202163,False
2025,June,77,TODD,899,1725,225664.0,2025-06-01,-0.18845005748241614,False,-0.2001991608496754,False,-0.5665724611665389,False
2025,July,77,TODD,950,1824,249287.0,2025-07-01,0.1979292056633944,False,0.18927369531459967,False,0.11750976407423518,False
2025,August,77,TODD,961,1823,254449.0,2025-08-01,0.27549932353492695,False,0.185576791960881,False,0.2557106790890831,False
2025,September,77,TODD,993,1889,270060.0,2025-09-01,0.45260379121116806,False,0.4253273948548157,False,0.5923130914230368,False
2025,October,77,TODD,981,1864,272652.0,2025-10-01,0.3344159168980008,False,0.3222386425043496,False,0.5879079926467026,False
2025,November,77,TODD,952,1789,262472.0,2025-11-01,0.1322250671947204,False,0.0453871952795409,False,0.33124924356548907,False
2025,December,77,TODD,909,1687,244444.0,2025-12-01,-0.1791936342518795,False,-0.35035020843462605,False,-0.14871068984073052,False
2026,January,77,TODD,893,1671,232536.0,2026-01-01,-0.2516226008260329,False,-0.40507001350444916,False,-0.40301538575210866,False
2026,February,77,TODD,917,1728,243627.0,2026-02-01,-0.007307556572909494,False,-0.0946425640160319,False,0.0686220006458491,False
2026,March,77,TODD,918,1732,242375.0,2026-03-01,0.01469900555800319,False,-0.017491446412314933,False,-0.04604247519941702,False
2022,January,78,TRAVERSE,216,469,101845.0,2022-01-01,,False,,False,,False
2022,February,78,TRAVERSE,214,472,103868.0,2022-02-01,,False,,False,,False
2022,March,78,TRAVERSE,213,470,102770.0,2022-03-01,,False,,False,,False
2022,April,78,TRAVERSE,207,451,96915.0,2022-04-01,,False,,False,,False
2022,May,78,TRAVERSE,218,475,100456.0,2022-05-01,0.14005795709056426,False,0.07839349183097312,False,-0.12311490001865774,False
2022,June,78,TRAVERSE,216,457,100024.0,2022-06-01,0.062454149909317656,False,-0.1887851972905572,False,-0.12169135902087988,False
2022,July,78,TRAVERSE,213,446,96037.0,2022-07-01,-0.06267235335335584,False,-0.34559221429143333,False,-0.3497408993865714,False
2022,August,78,TRAVERSE,210,456,100020.0,2022-08-01,-0.12667038942501363,False,-0.18919255419777029,False,-0.029338128238271765,False
2022,September,78,TRAVERSE,218,459,97504.0,2022-09-01,0.14005795709056426,False,-0.05783466475089908,False,-0.18664296067986128,False
2022,October,78,TRAVERSE,222,471,113775.0,2022-10-01,0.24642009877741844,False,0.17370058621078266,False,0.8688332194435894,False
2022,November,78,TRAVERSE,222,472,116156.0,2022-11-01,0.2151930238227596,False,0.11544604670659765,False,0.9939955364986874,False
2022,December,78,TRAVERSE,212,468,100791.0,2022-12-01,-0.1254919919203261,False,-0.014366352609030665,False,0.02245553604766013,False
2023,January,78,TRAVERSE,212,462,113435.0,2023-01-01,-0.09426491696566727,False,-0.09402986966301645,False,0.8083506122594297,False
2023,February,78,TRAVERSE,210,449,112621.0,2023-02-01,-0.11094775022566514,False,-0.23551738074525852,False,0.7597749924628416,False
2023,March,78,TRAVERSE,214,443,110617.0,2023-03-01,0.031445278398697006,False,-0.2607091520823588,False,0.6386735491388513,False
2023,April,78,TRAVERSE,189,400,54404.0,2023-04-01,-0.8180534937992554,False,-0.9111578320241728,False,-4.147758967882267,True
2023,May,78,TRAVERSE,199,420,56906.0,2023-05-01,-0.47208022315522974,False,-0.5828691960193222,False,-3.8444882880417084,True
2023,June,78,TRAVERSE,197,421,55939.0,2023-06-01,-0.5083508174815876,False,-0.5448002160428925,False,-3.7285392446841623,True
2023,July,78,TRAVERSE,196,402,55134.0,2023-07-01,-0.5267065073723424,False,-0.7961050983331525,False,-3.414325225172432,False
2023,August,78,TRAVERSE,200,424,57346.0,2023-08-01,-0.3593077791446093,False,-0.4375907642683326,False,-3.058615462204207,False
2023,September,78,TRAVERSE,199,411,56036.0,2023-09-01,-0.39294874663657015,False,-0.5498033183129433,False,-2.5980165988836212,False
2023,October,78,TRAVERSE,199,403,62135.0,2023-10-01,-0.19738672021076573,False,-0.48929570715231474,False,-0.41494720449046335,False
2023,November,78,TRAVERSE,196,407,63438.0,2023-11-01,-0.11876197077475596,False,-0.25145405242797836,False,0.4104722549991978,False
2023,December,78,TRAVERSE,205,417,62643.0,2023-12-01,0.19937412111922065,False,-0.05623739080080255,False,0.3254116827477222,False
2024,January,78,TRAVERSE,203,405,60057.0,2024-01-01,0.13356872111273252,False,-0.22058830126988505,False,0.04106174217275869,False
2024,February,78,TRAVERSE,193,416,56789.0,2024-02-01,-0.20544735448435608,False,0.032604189161896724,False,-0.22160962585580002,False
2024,March,78,TRAVERSE,194,426,57031.0,2024-03-01,-0.17076861485403272,False,0.20052364052934063,False,-0.011175994921709342,False
2024,April,78,TRAVERSE,195,435,59118.0,2024-04-01,-0.10237250319073646,False,0.34121240269150227,False,0.24981407014104792,False
2024,May,78,TRAVERSE,192,427,59834.0,2024-05-01,-0.20641055553711896,False,0.1675415399930161,False,0.30503757435539786,False
2024,June,78,TRAVERSE,193,410,59398.0,2024-06-01,-0.12058185330403727,False,-0.10583318242910215,False,0.13450167011500908,False
2024,July,78,TRAVERSE,198,419,60881.0,2024-07-01,0.06813189242896793,False,0.08903349886842285,False,0.1822680308726981,False
2024,August,78,TRAVERSE,205,426,61843.0,2024-08-01,0.2672496619335062,False,0.15176375502087255,False,0.24741336268930886,False
2024,September,78,TRAVERSE,211,440,64177.0,2024-09-01,0.46089932611050366,False,0.3693632706827747,False,0.46007445917161494,False
2024,October,78,TRAVERSE,218,446,64360.0,2024-10-01,0.6800137210600795,False,0.43633757569570225,False,0.4207780319364428,False
2024,November,78,TRAVERSE,211,428,58967.0,2024-11-01,0.46089932611050366,False,0.087263819772859,False,-0.16949671947797604,False
2024,December,78,TRAVERSE,214,431,60682.0,2024-12-01,0.4379232990981173,False,0.07852242347945242,False,0.08237550425647656,False
2025,January,78,TRAVERSE,205,414,56549.0,2025-01-01,0.1494945578627597,False,-0.2001584427570889,False,-0.3934059388545108,False
2025,February,78,TRAVERSE,201,384,52444.0,2025-02-01,-0.015667281655084707,False,-0.7062707719420387,False,-0.8645004527223319,False
2025,March,78,TRAVERSE,199,391,54189.0,2025-03-01,-0.13324455136191898,False,-0.5847359523264785,False,-0.643727239553081,False
2025,April,78,TRAVERSE,199,398,55021.0,2025-04-01,-0.13324455136191898,False,-0.4653523047910153,False,-0.5409555923199703,False
2025,May,78,TRAVERSE,197,400,53722.0,2025-05-01,-0.20103406669378407,False,-0.36799327121380526,False,-0.7021063906072751,False
2025,June,78,TRAVERSE,205,427,58229.0,2025-06-01,0.06612956975730166,False,0.167657630938108,False,-0.10950825661308491,False
2025,July,78,TRAVERSE,204,421,58990.0,2025-07-01,-0.032822449197160555,False,-0.023702255223714188,False,0.04510438852100155,False
2025,August,78,TRAVERSE,203,429,59632.0,2025-08-01,-0.06580540000648814,False,0.0869467263979271,False,0.11811376738782131,False
2025,September,78,TRAVERSE,203,432,60330.0,2025-09-01,-0.049394175407907866,False,0.1259525766907333,False,0.19660503358898365,False
2025,October,78,TRAVERSE,201,421,61757.0,2025-10-01,-0.08294521491277597,False,-0.04761255551315832,False,0.35428596052064526,False
2025,November,78,TRAVERSE,199,427,63206.0,2025-11-01,-0.13356872111273252,False,0.09522511102631664,False,0.5107128488561647,False
2025,December,78,TRAVERSE,202,429,64210.0,2025-12-01,8.18399116715085e-05,False,0.12667038942501363,False,0.6156953883024948,False
2026,January,78,TRAVERSE,204,414,65264.0,2026-01-01,0.08278233548457373,False,-0.11282222421684404,False,0.7255132239471742,False
2026,February,78,TRAVERSE,197,393,59784.0,2026-02-01,-0.15155885176935147,False,-0.4630739599583371,False,0.05367530950193431,False
2026,March,78,TRAVERSE,209,414,64365.0,2026-03-01,0.2453203208853335,False,-0.11282222421684404,False,0.5065737188744408,False
2022,January,79,WABASHA,530,963,214754.0,2022-01-01,,False,,False,,False
2022,February,79,WABASHA,526,967,218264.0,2022-02-01,,False,,False,,False
2022,March,79,WABASHA,525,936,211991.0,2022-03-01,,False,,False,,False
2022,April,79,WABASHA,525,933,215034.0,2022-04-01,,False,,False,,False
2022,May,79,WABASHA,524,907,202809.0,2022-05-01,-0.019240908733168183,False,-0.30786142675741707,False,-0.3903988757240102,False
2022,June,79,WABASHA,536,956,218058.0,2022-06-01,0.13960046754643915,False,0.1424551366520206,False,0.10298147890685432,False
2022,July,79,WABASHA,543,968,218208.0,2022-07-01,0.22055048012966136,False,0.15527850017905262,False,0.10322544346069519,False
2022,August,79,WABASHA,546,971,226459.0,2022-08-01,0.25123947242477307,False,0.10490102573548407,False,0.3491719447227487,False
2022,September,79,WABASHA,553,984,217260.0,2022-09-01,0.3115070455162466,False,0.1699355409565867,False,0.022367491105608518,False
2022,October,79,WABASHA,568,1053,256781.0,2022-10-01,0.4662036949052241,False,0.6020346506401913,False,1.1272789004506127,False
2022,November,79,WABASHA,574,1062,271038.0,2022-11-01,0.4990624348085477,False,0.645420196502115,False,1.4793821308083612,False
2022,December,79,WABASHA,589,1081,230744.0,2022-12-01,0.6348693639266191,False,0.7509503400158374,False,0.3814131323562729,False
2023,January,79,WABASHA,601,1131,284602.0,2023-01-01,0.7270015598551869,False,1.0521721724154343,False,1.7940737688690862,False
2023,February,79,WABASHA,606,1152,286814.0,2023-02-01,0.7205667745065166,False,1.162246545070359,False,1.8431102942235935,False
2023,March,79,WABASHA,607,1138,283838.0,2023-03-01,0.6702380866384516,False,1.024614338055538,False,1.6484533942729063,False
2023,April,79,WABASHA,562,1047,140366.0,2023-04-01,0.01859642165594717,False,0.189832492375229,False,-3.289403930741917,False
2023,May,79,WABASHA,592,1094,145609.0,2023-05-01,0.3144139112475001,False,0.27665524877501624,False,-2.578473055248726,False
2023,June,79,WABASHA,572,1054,135712.0,2023-06-01,0.011874432560801618,False,-0.022278787688302052,False,-2.454100436961271,False
2023,July,79,WABASHA,581,1056,130551.0,2023-07-01,0.09336812773902234,False,-0.012702361095503972,False,-1.9536993754803993,False
2023,August,79,WABASHA,552,982,126431.0,2023-08-01,-0.3039448272951943,False,-0.508647612912955,False,-1.8339951695779257,False
2023,September,79,WABASHA,538,953,129084.0,2023-09-01,-0.4769030217821549,False,-0.7106296643868972,False,-1.523920514289217,False
2023,October,79,WABASHA,551,1013,145885.0,2023-10-01,-0.3161529754243379,False,-0.2992216762062283,False,-0.44633571802644373,False
2023,November,79,WABASHA,547,1016,148642.0,2023-11-01,-0.3652077370989765,False,-0.2792955169580558,False,0.10066414372292828,False
2023,December,79,WABASHA,561,1035,149143.0,2023-12-01,-0.1833036870617912,False,-0.1289684002623696,False,0.1342134120587153,False
2024,January,79,WABASHA,566,1044,144111.0,2024-01-01,-0.01162412187788461,False,-0.04178723777251099,False,-0.07613674867887767,False
2024,February,79,WABASHA,543,1001,139507.0,2024-02-01,-0.2554346276796185,False,-0.29308531155221257,False,-0.2538773995265518,False
2024,March,79,WABASHA,563,1028,143234.0,2024-03-01,0.017965391686830767,False,-0.07490024219318353,False,0.04762671435945099,False
2024,April,79,WABASHA,585,1079,152528.0,2024-04-01,0.27606644602936836,False,0.30341533163884965,False,0.49225827664639826,False
2024,May,79,WABASHA,587,1066,152322.0,2024-05-01,0.29306281163256087,False,0.22173291747147397,False,0.39434345498374695,False
2024,June,79,WABASHA,595,1083,160686.0,2024-06-01,0.3842128474121087,False,0.32835066502839355,False,0.7548981528069273,False
2024,July,79,WABASHA,582,1059,155691.0,2024-07-01,0.23546211999039282,False,0.17733689447187764,False,0.48005218395942395,False
2024,August,79,WABASHA,594,1076,159615.0,2024-08-01,0.37288622846159813,False,0.2846531498609878,False,0.5435421442211158,False
2024,September,79,WABASHA,602,1105,163587.0,2024-09-01,0.43309927692582034,False,0.41183545775113367,False,0.6348475062855942,False
2024,October,79,WABASHA,590,1083,156535.0,2024-10-01,0.18577599961525382,False,0.19907871713654957,False,0.255151487336404,False
2024,November,79,WABASHA,593,1074,157709.0,2024-11-01,0.10876873278553634,False,0.07258106555856196,False,0.22986217668453607,False
2024,December,79,WABASHA,598,1080,162600.0,2024-12-01,0.1365068571521127,False,0.0627333679167495,False,0.36208595251786746,False
2025,January,79,WABASHA,606,1074,160162.0,2025-01-01,0.19734054520613026,False,-0.006268589165375018,False,0.17273399054759414,False
2025,February,79,WABASHA,590,1040,158932.0,2025-02-01,-0.01707598584845373,False,-0.2230452804464982,False,0.07730289552351098,False
2025,March,79,WABASHA,590,1025,157822.0,2025-03-01,-0.01707598584845373,False,-0.32094249970079486,False,-0.021220881054051483,False
2025,April,79,WABASHA,576,1005,149991.0,2025-04-01,-0.1787789356554549,False,-0.4537223780548931,False,-0.3669042676969485,False
2025,May,79,WABASHA,574,1013,158456.0,2025-05-01,-0.2021990980744577,False,-0.39402776698972675,False,0.0034050263975401317,False
2025,June,79,WABASHA,572,1030,161253.0,2025-06-01,-0.22570086401166747,False,-0.2818833743946946,False,0.10790492573068464,False
2025,July,79,WABASHA,584,1055,168249.0,2025-07-01,-0.06882712782526018,False,-0.07289051408434635,False,0.3943664716426541,False
2025,August,79,WABASHA,576,1047,161952.0,2025-08-01,-0.16170294980700115,False,-0.11143304916006806,False,0.11250214486131105,False
2025,September,79,WABASHA,578,1059,162516.0,2025-09-01,-0.13836382617427898,False,0.05114748698181872,False,0.12441303230376984,False
2025,October,79,WABASHA,568,1019,161146.0,2025-10-01,-0.22146194530940566,False,-0.2083075772016669,False,0.06731242681666176,False
2025,November,79,WABASHA,578,1050,155288.0,2025-11-01,-0.0347683491745094,False,0.04188243084992345,False,-0.22910486728174756,False
2025,December,79,WABASHA,579,1038,162371.0,2025-12-01,0.01163934715058104,False,-0.035572965750825386,False,0.07173631120623336,False
2026,January,79,WABASHA,578,1036,161289.0,2026-01-01,0.0,False,-0.019481729377968042,False,0.026639159319121617,False
2026,February,79,WABASHA,574,1029,158297.0,2026-02-01,-0.046759286051725,False,-0.052182816882489304,False,-0.12255357537641179,False
2026,March,79,WABASHA,568,1007,157360.0,2026-03-01,-0.1058421212313927,False,-0.17174387108306274,False,-0.1625973160135026,False
2022,January,80,WADENA,783,1575,343481.0,2022-01-01,,False,,False,,False
2022,February,80,WADENA,783,1589,356404.0,2022-02-01,,False,,False,,False
2022,March,80,WADENA,805,1600,361240.0,2022-03-01,,False,,False,,False
2022,April,80,WADENA,797,1600,360071.0,2022-04-01,,False,,False,,False
2022,May,80,WADENA,801,1600,353334.0,2022-05-01,0.09341689402841095,False,0.023251423971268934,False,-0.09287360917733083,False
2022,June,80,WADENA,789,1573,352120.0,2022-06-01,-0.06796027266406289,False,-0.11472087571062324,False,-0.08156632821729247,False
2022,July,80,WADENA,791,1613,350664.0,2022-07-01,-0.016925765678630803,False,0.07779915516606797,False,-0.08033846927793531,False
2022,August,80,WADENA,809,1625,354457.0,2022-08-01,0.15157941272213227,False,0.10451092261397205,False,0.02140354978379845,False
2022,September,80,WADENA,807,1604,336353.0,2022-09-01,0.10945154593115278,False,0.016830950717125235,False,-0.3429094734721267,False
2022,October,80,WADENA,827,1654,400836.0,2022-10-01,0.24892123652961343,False,0.22374901712345788,False,0.8508024657025962,False
2022,November,80,WADENA,832,1677,412202.0,2022-11-01,0.27266689148605133,False,0.31684080383529617,False,1.0286982129880173,False
2022,December,80,WADENA,825,1694,354331.0,2022-12-01,0.1988841873393525,False,0.38483129948630357,False,-0.002398086905724934,False
2023,January,80,WADENA,830,1699,414005.0,2023-01-01,0.22281176466657962,False,0.3962832906274495,False,1.0486341691086059,False
2023,February,80,WADENA,842,1738,419567.0,2023-02-01,0.29437916775652206,False,0.521999409200836,False,1.118974031029443,False
2023,March,80,WADENA,849,1759,434561.0,2023-03-01,0.33346063465441195,False,0.5591235277099459,False,1.321289451997191,False
2023,April,80,WADENA,806,1641,211742.0,2023-04-01,-0.09099573147390548,False,0.006427992101900166,False,-3.5281318481978423,True
2023,May,80,WADENA,806,1630,205114.0,2023-05-01,-0.09099573147390548,False,-0.07193330903114328,False,-3.6884445483891426,True
2023,June,80,WADENA,796,1603,211551.0,2023-06-01,-0.1750990655147103,False,-0.18452634077340652,False,-2.53787911172714,False
2023,July,80,WADENA,793,1604,213260.0,2023-07-01,-0.20053592784277866,False,-0.18032253882991575,False,-2.234875641931067,False
2023,August,80,WADENA,787,1591,205966.0,2023-08-01,-0.25169925786331615,False,-0.23517739231268467,False,-2.257594734847554,False
2023,September,80,WADENA,788,1592,206801.0,2023-09-01,-0.23480758195647092,False,-0.23094191336660075,False,-1.6259026730376926,False
2023,October,80,WADENA,785,1575,222230.0,2023-10-01,-0.25632638000490204,False,-0.3033092847416526,False,-0.49336794759020686,False
2023,November,80,WADENA,792,1564,222098.0,2023-11-01,-0.11804051255375907,False,-0.3012879758447605,False,0.13494150775564312,False
2023,December,80,WADENA,799,1590,224993.0,2023-12-01,-0.016710372340235723,False,-0.11328760864097907,False,0.22429645694042355,False
2024,January,80,WADENA,808,1607,226520.0,2024-01-01,0.08812823977943572,False,0.014697609580738947,False,0.2699191018925832,False
2024,February,80,WADENA,771,1518,215683.0,2024-02-01,-0.22763466586297118,False,-0.36935558889973186,False,-0.060742937295467835,False
2024,March,80,WADENA,774,1533,215242.0,2024-03-01,-0.17608524428764005,False,-0.2777662985409,False,0.024295839629526403,False
2024,April,80,WADENA,782,1548,214405.0,2024-04-01,-0.08984775356152229,False,-0.18680613225845605,False,0.004918580855364549,False
2024,May,80,WADENA,779,1515,217073.0,2024-05-01,-0.09443574375009764,False,-0.32781800223315766,False,0.07027474574405103,False
2024,June,80,WADENA,769,1501,210578.0,2024-06-01,-0.1601377024504744,False,-0.3563303710273811,False,-0.15466364841682073,False
2024,July,80,WADENA,791,1523,221302.0,2024-07-01,0.04272249727510615,False,-0.20268354328152346,False,0.18037347623356037,False
2024,August,80,WADENA,782,1504,217301.0,2024-08-01,-0.03436405605523204,False,-0.22902508898738647,False,0.028745501699274492,False
2024,September,80,WADENA,787,1491,214774.0,2024-09-01,0.030037816394914072,False,-0.22006662210417702,False,-0.07535670238063474,False
2024,October,80,WADENA,780,1480,212701.0,2024-10-01,-0.030147414027798785,False,-0.2151050973048137,False,-0.14077540143221637,False
2024,November,80,WADENA,796,1532,216170.0,2024-11-01,0.11953477398203659,False,0.050798344994511635,False,-0.00645213372974216,False
2024,December,80,WADENA,819,1591,225284.0,2024-12-01,0.3114277405842574,False,0.30551981340131884,False,0.2861512288556894,False
2025,January,80,WADENA,823,1584,227416.0,2025-01-01,0.3442501897814239,False,0.275796756174387,False,0.3496828514998675,False
2025,February,80,WADENA,837,1600,225003.0,2025-02-01,0.45788705329368357,False,0.34354371616696255,False,0.27773287865821744,False
2025,March,80,WADENA,843,1601,229213.0,2025-03-01,0.4845412507750525,False,0.31681480886608593,False,0.38110619106090066,False
2025,April,80,WADENA,848,1577,234391.0,2025-04-01,0.4858386097301907,False,0.21500155499542517,False,0.5141830004232978,False
2025,May,80,WADENA,842,1572,231602.0,2025-05-01,0.39970143360836524,False,0.19359563414125702,False,0.368373128581209,False
2025,June,80,WADENA,824,1541,217738.0,2025-06-01,0.13694964908630688,False,-0.047385896997751246,False,-0.16544401560640673,False
2025,July,80,WADENA,821,1561,222651.0,2025-07-01,1.9965013128593335e-05,False,0.01979388920073272,False,-0.014943392960110602,False
2025,August,80,WADENA,831,1566,228853.0,2025-08-01,0.07336521889238938,False,-0.0021103376454348274,False,0.1498749017324782,False
2025,September,80,WADENA,827,1571,225679.0,2025-09-01,0.028573143795170463,False,0.008599202402111355,False,0.016025061836488063,False
2025,October,80,WADENA,821,1552,234190.0,2025-10-01,-0.03681336892407062,False,-0.08416488483206033,False,0.2556007951005216,False
2025,November,80,WADENA,834,1578,235002.0,2025-11-01,0.0690246505410154,False,0.027823639184351615,False,0.2471811709332243,False
2025,December,80,WADENA,813,1513,231950.0,2025-12-01,-0.13127410114667912,False,-0.268560729242742,False,0.11190866459443144,False
2026,January,80,WADENA,813,1530,234517.0,2026-01-01,-0.13127410114667912,False,-0.18039868325887456,False,0.15960146264781858,False
2026,February,80,WADENA,802,1509,232308.0,2026-02-01,-0.2230442242629041,False,-0.2606684696900915,False,0.05549786026577956,False
2026,March,80,WADENA,814,1527,237964.0,2026-03-01,-0.09449850976838212,False,-0.159217860813424,False,0.17771849643340623,False
2022,January,82,WASHINGTON,4726,9113,2066814.0,2022-01-01,,False,,False,,False
2022,February,82,WASHINGTON,4717,9144,2129164.0,2022-02-01,,False,,False,,False
2022,March,82,WASHINGTON,4832,9420,2143076.0,2022-03-01,,False,,False,,False
2022,April,82,WASHINGTON,4821,9413,2142752.0,2022-04-01,,False,,False,,False
2022,May,82,WASHINGTON,4870,9559,2202176.0,2022-05-01,0.13530125357053074,False,0.201575098330568,False,0.20596362745859814,False
2022,June,82,WASHINGTON,4926,9685,2205174.0,2022-06-01,0.14529744315020618,False,0.19212188875907546,False,0.19368550765080325,False
2022,July,82,WASHINGTON,4948,9722,2207979.0,2022-07-01,0.16766349794850935,False,0.21533157070073,False,0.2017498405431552,False
2022,August,82,WASHINGTON,5022,9851,2248703.0,2022-08-01,0.2600870104989632,False,0.30172570509342533,False,0.3245114164774771,False
2022,September,82,WASHINGTON,5060,9895,2142836.0,2022-09-01,0.28450928277884824,False,0.2823871920379301,False,-0.09250011830637077,False
2022,October,82,WASHINGTON,5186,10145,2555504.0,2022-10-01,0.42396534247507206,False,0.40127227248761027,False,1.1871686247365698,False
2022,November,82,WASHINGTON,5251,10288,2631789.0,2022-11-01,0.46941279298394184,False,0.4515152094932597,False,1.2938238183796136,False
2022,December,82,WASHINGTON,5351,10581,2367707.0,2022-12-01,0.558081564836359,False,0.5967497138785821,False,0.4888504990357386,False
2023,January,82,WASHINGTON,5434,10742,2694457.0,2023-01-01,0.6468563648958096,False,0.6857405511344535,False,1.3562200319850848,False
2023,February,82,WASHINGTON,5472,10828,2762083.0,2023-02-01,0.628772014793455,False,0.6822120583270211,False,1.5145425124255492,False
2023,March,82,WASHINGTON,5568,11073,2836764.0,2023-03-01,0.6705863898458136,False,0.7736343726004948,False,1.6285685007666746,False
2023,April,82,WASHINGTON,5254,10379,1611765.0,2023-04-01,0.1707848200134638,False,0.23793520773460836,False,-2.4201582884465314,False
2023,May,82,WASHINGTON,5351,10553,1625194.0,2023-05-01,0.16921921373227305,False,0.21872337765357008,False,-2.364192754933852,False
2023,June,82,WASHINGTON,5385,10553,1612269.0,2023-06-01,0.16800792696153422,False,0.14182586324785632,False,-2.069914383061365,False
2023,July,82,WASHINGTON,5421,10602,1612748.0,2023-07-01,0.1493315176811131,False,0.08730777631768384,False,-1.6860946244733874,False
2023,August,82,WASHINGTON,5376,10444,1595462.0,2023-08-01,0.03143355488588516,False,-0.07002348713101868,False,-1.4862263680013843,False
2023,September,82,WASHINGTON,5371,10557,1587159.0,2023-09-01,0.009441774664560148,False,0.0025558924140628744,False,-1.0866586094495987,False
2023,October,82,WASHINGTON,5462,10761,1736336.0,2023-10-01,0.11016373213702468,False,0.13036068497787176,False,-0.39330484111243275,False
2023,November,82,WASHINGTON,5492,10842,1726224.0,2023-11-01,0.1383248294098008,False,0.1720012438012138,False,0.18369453178982428,False
2023,December,82,WASHINGTON,5497,10869,1716534.97,2023-12-01,0.11635473723321621,False,0.1744323702675439,False,0.16542728418894231,False
2024,January,82,WASHINGTON,5416,10832,1701929.47,2024-01-01,-0.014299259360427915,False,0.10050961350268689,False,0.12677314188344838,False
2024,February,82,WASHINGTON,5406,10863,1710231.76,2024-02-01,-0.015574498247309582,False,0.11382440647200476,False,0.1884147303797873,False
2024,March,82,WASHINGTON,5407,10901,1712842.6,2024-03-01,-0.004984182656782581,False,0.1373758408566798,False,0.19870379048992845,False
2024,April,82,WASHINGTON,5500,10975,1737218.0,2024-04-01,0.11562966533402437,False,0.18300450009969785,False,0.29401499367864836,False
2024,May,82,WASHINGTON,5519,11006,1748274.79,2024-05-01,0.13265467435744735,False,0.12965382685986393,False,0.16480538469877337,False
2024,June,82,WASHINGTON,5525,10916,1745266.97,2024-06-01,0.13126291135634996,False,0.04898783267405428,False,0.1316348301308204,False
2024,July,82,WASHINGTON,5606,11123,1801255.12,2024-07-01,0.20089575706694585,False,0.1660470321214628,False,0.3322092235365977,False
2024,August,82,WASHINGTON,5599,10992,1784931.12,2024-08-01,0.14859421063572179,False,0.07775683634537209,False,0.2445586602983149,False
2024,September,82,WASHINGTON,5606,11035,1786640.93,2024-09-01,0.13548239763048162,False,0.09231326027285638,False,0.21233603030237694,False
2024,October,82,WASHINGTON,5607,10981,1781988.0,2024-10-01,0.1317771183806117,False,0.04467777305491469,False,0.1733364897413083,False
2024,November,82,WASHINGTON,5555,10816,1749262.0,2024-11-01,0.055474574917298035,False,-0.08024640148311814,False,0.031011640461396324,False
2024,December,82,WASHINGTON,5620,10967,1784601.84,2024-12-01,0.11863470651443159,False,0.013259342038882868,False,0.1445238875080936,False
2025,January,82,WASHINGTON,5460,10806,1703224.73,2025-01-01,-0.0980682700422264,False,-0.10220316935851438,False,-0.17798946485923303,False
2025,February,82,WASHINGTON,5508,10930,1737584.0,2025-02-01,-0.03904145760502591,False,-0.02525137325644053,False,-0.043276457959065054,False
2025,March,82,WASHINGTON,5567,11031,1754662.0,2025-03-01,0.03281170902765798,False,0.03678476044794535,False,0.022693672606994984,False
2025,April,82,WASHINGTON,5659,11222,1796706.0,2025-04-01,0.11781301461637081,False,0.14826133314901754,False,0.17010794862122994,False
2025,May,82,WASHINGTON,5659,11174,1792629.0,2025-05-01,0.09121015168309318,False,0.11413216370341484,False,0.09227382133462768,False
2025,June,82,WASHINGTON,5648,11172,1794178.0,2025-06-01,0.05454904693267638,False,0.1129248968306652,False,0.04104003115276948,False
2025,July,82,WASHINGTON,5670,11229,1818113.0,2025-07-01,0.07655340200043904,False,0.13192778341776415,False,0.1248604780915106,False
2025,August,82,WASHINGTON,5698,11341,1858789.07,2025-08-01,0.10917279887058706,False,0.1988643596935729,False,0.2741008606995601,False
2025,September,82,WASHINGTON,5747,11377,1854413.0,2025-09-01,0.15850818354277973,False,0.20707330702216586,False,0.25497365809865624,False
2025,October,82,WASHINGTON,5826,11593,1945607.0,2025-10-01,0.22601299097610114,False,0.2923119493742749,False,0.5674883562387331,False
2025,November,82,WASHINGTON,5761,11356,1916987.0,2025-11-01,0.12703142722987112,False,0.1095701431859903,False,0.4494836216316415,False
2025,December,82,WASHINGTON,5771,11279,1899052.0,2025-12-01,0.13216657995812028,False,0.048625067901479635,False,0.378420134572237,False
2026,January,82,WASHINGTON,5797,11227,1865416.0,2026-01-01,0.15593326991343076,False,0.0009014834644191083,False,0.21318920202136554,False
2026,February,82,WASHINGTON,5737,11043,1831030.0,2026-02-01,0.06261128955030189,False,-0.11205076991254678,False,-0.018919896560598504,False
2026,March,82,WASHINGTON,5739,11054,1843505.0,2026-03-01,0.02535102264121426,False,-0.10533598588362207,False,0.0030030337084554844,False
2022,January,83,WATONWAN,308,642,137010.0,2022-01-01,,False,,False,,False
2022,February,83,WATONWAN,314,651,143815.0,2022-02-01,,False,,False,,False
2022,March,83,WATONWAN,311,634,137606.0,2022-03-01,,False,,False,,False
2022,April,83,WATONWAN,317,640,140283.0,2022-04-01,,False,,False,,False
2022,May,83,WATONWAN,317,650,141008.0,2022-05-01,0.09620710152536907,False,0.09390761074047024,False,0.09974742308777489,False
2022,June,83,WATONWAN,315,649,142160.0,2022-06-01,0.0213787817648283,False,0.07303242270816895,False,0.08964967607226287,False
2022,July,83,WATONWAN,313,650,147511.0,2022-07-01,-0.03213614981014513,False,0.04688516035997151,False,0.32148828201743257,False
2022,August,83,WATONWAN,318,683,146681.0,2022-08-01,0.08511153940488014,False,0.3438975666731911,False,0.26604478941415055,False
2022,September,83,WATONWAN,313,660,141941.0,2022-09-01,-0.03213614981014513,False,0.1080065876057708,False,0.017041615630388224,False
2022,October,83,WATONWAN,328,712,173536.0,2022-10-01,0.2933070800335382,False,0.6136046439976293,False,1.3555582287700632,False
2022,November,83,WATONWAN,329,724,175854.0,2022-11-01,0.3030881145749335,False,0.726180275297984,False,1.4398579898870045,False
2022,December,83,WATONWAN,334,728,158976.0,2022-12-01,0.3938292065163483,False,0.763291785701603,False,0.7540864101596756,False
2023,January,83,WATONWAN,345,753,179738.0,2023-01-01,0.5904706340163476,False,0.9855474687676289,False,1.5429749842538094,False
2023,February,83,WATONWAN,334,741,190135.0,2023-02-01,0.35127386030777835,False,0.8259255351665323,False,1.8166899637862681,False
2023,March,83,WATONWAN,342,752,186470.0,2023-03-01,0.49986658356622443,False,0.7635970594284205,False,1.5998295370595839,False
2023,April,83,WATONWAN,321,707,97424.0,2023-04-01,-0.040961583901068806,False,0.09257124443487524,False,-3.0504375938154884,False
2023,May,83,WATONWAN,327,733,96620.0,2023-05-01,0.05199693674632079,False,0.21952460167562224,False,-2.9930865211637707,False
2023,June,83,WATONWAN,337,721,102221.0,2023-06-01,0.1923014063012195,False,0.028319565487507314,False,-2.070187046831878,False
2023,July,83,WATONWAN,346,746,98877.0,2023-07-01,0.3490508991172263,False,0.21561598680740438,False,-1.976964514512223,False
2023,August,83,WATONWAN,341,745,99604.0,2023-08-01,0.19020322573911347,False,0.17404060617777675,False,-1.589030844332153,False
2023,September,83,WATONWAN,347,760,104285.0,2023-09-01,0.25679528891875875,False,0.26671063857542016,False,-1.0895960727321907,False
2023,October,83,WATONWAN,336,723,107076.0,2023-10-01,0.01008186413016479,False,-0.1290840799427854,False,-0.4394840895365748,False
2023,November,83,WATONWAN,317,672,100331.0,2023-11-01,-0.40141538827752415,False,-0.6217797731307503,False,-0.34978205055132117,False
2023,December,83,WATONWAN,324,698,100552.0,2023-12-01,-0.2545511103157394,False,-0.3661077652173901,False,-0.17845293798849848,False
2024,January,83,WATONWAN,328,716,100439.0,2024-01-01,-0.1720424362173842,False,-0.19461547674000185,False,-0.06310217936999384,False
2024,February,83,WATONWAN,321,702,98905.0,2024-02-01,-0.28703472649633976,False,-0.2447984345603437,False,-0.10760189806701899,False
2024,March,83,WATONWAN,333,714,102971.0,2024-03-01,0.020711550558288057,False,-0.0750430012658022,False,0.17155567545478997,False
2024,April,83,WATONWAN,320,675,98283.0,2024-04-01,-0.21690738775818377,False,-0.4206007554284803,False,-0.14273339854229986,False
2024,May,83,WATONWAN,322,685,102822.0,2024-05-01,-0.17501284313332263,False,-0.32155345432718085,False,0.16178862401417782,False
2024,June,83,WATONWAN,320,687,97839.0,2024-06-01,-0.21690738775818377,False,-0.26906043579735994,False,-0.18069350206784646,False
2024,July,83,WATONWAN,319,698,99379.0,2024-07-01,-0.14583007523426658,False,-0.09556973649995852,False,-0.06793378140498435,False
2024,August,83,WATONWAN,329,720,103793.0,2024-08-01,0.12379706686080089,False,0.18977273517198745,False,0.22518556827428962,False
2024,September,83,WATONWAN,341,745,111425.0,2024-09-01,0.3647155340118244,False,0.41968592755936845,False,0.6963399758272187,False
2024,October,83,WATONWAN,339,737,110277.0,2024-10-01,0.3251553033054045,False,0.3469628511151911,False,0.6264871161006783,False
2024,November,83,WATONWAN,336,732,109266.0,2024-11-01,0.2653764777512339,False,0.3011095134104672,False,0.5643655173137694,False
2024,December,83,WATONWAN,344,744,111238.0,2024-12-01,0.3615519010132657,False,0.33431256010312205,False,0.605930547276062,False
2025,January,83,WATONWAN,338,729,103880.0,2025-01-01,0.19172598265679522,False,0.13061923513297446,False,0.06416470092168065,False
2025,February,83,WATONWAN,336,732,106352.0,2025-02-01,0.10094638924463234,False,0.13951939349643414,False,0.19109336318911171,False
2025,March,83,WATONWAN,337,725,103894.0,2025-03-01,0.05014188360569634,False,0.004776668104385182,False,0.0037346008411642284,False
2025,April,83,WATONWAN,337,717,101575.0,2025-04-01,0.019985199806283504,False,-0.09326787316171845,False,-0.1518036898843537,False
2025,May,83,WATONWAN,336,718,101483.0,2025-05-01,-0.009992599903138758,False,-0.08388025856352753,False,-0.15791557841443551,False
2025,June,83,WATONWAN,334,710,101266.0,2025-06-01,-0.05014152796974585,False,-0.15934957736913133,False,-0.17235363848688448,False
2025,July,83,WATONWAN,335,699,99907.0,2025-07-01,-0.030037191178005507,False,-0.26451825652422684,False,-0.2634841908773637,False
2025,August,83,WATONWAN,335,717,106071.0,2025-08-01,-0.030037191178005507,False,-0.09326787316171845,False,0.14032780480867424,False
2025,September,83,WATONWAN,341,725,111174.0,2025-09-01,0.08934645635745167,False,-0.018530266398741276,False,0.38686686154817573,False
2025,October,83,WATONWAN,340,713,114088.0,2025-10-01,0.0695953441475042,False,-0.11241926901275305,False,0.5613823318527897,False
2025,November,83,WATONWAN,334,713,114106.0,2025-11-01,-0.05014152796974585,False,-0.07974427293036292,False,0.5624464171150356,False
2025,December,83,WATONWAN,327,679,107497.0,2025-12-01,-0.19257517657876533,False,-0.37146512687169125,False,0.16001029585684148,False
2026,January,83,WATONWAN,331,687,102307.0,2026-01-01,-0.1008239998849661,False,-0.2878815313698687,False,-0.1737617897416842,False
2026,February,83,WATONWAN,327,690,103095.0,2026-02-01,-0.17256028103819315,False,-0.23969330079244724,False,-0.12200928175679103,False
2026,March,83,WATONWAN,323,681,105544.0,2026-03-01,-0.2452997599325527,False,-0.3092805388263415,False,0.13231476890675406,False
2022,January,92,WHITE EARTH NATION,1188,2305,552891.0,2022-01-01,,False,,False,,False
2022,February,92,WHITE EARTH NATION,1185,2327,563001.0,2022-02-01,,False,,False,,False
2022,March,92,WHITE EARTH NATION,1196,2354,565337.0,2022-03-01,,False,,False,,False
2022,April,92,WHITE EARTH NATION,1204,2378,578931.0,2022-04-01,,False,,False,,False
2022,May,92,WHITE EARTH NATION,1229,2434,584131.0,2022-05-01,0.2060506256478652,False,0.2642126299545984,False,0.2345472793281135,False
2022,June,92,WHITE EARTH NATION,1250,2447,581952.0,2022-06-01,0.2976218091107913,False,0.2612381477905575,False,0.1953750365777138,False
2022,July,92,WHITE EARTH NATION,1231,2427,579843.0,2022-07-01,0.17192916203491965,False,0.17171012119888246,False,0.09075193300922435,False
2022,August,92,WHITE EARTH NATION,1253,2459,586318.0,2022-08-01,0.268848113683409,False,0.22583014511517502,False,0.08551974205951784,False
2022,September,92,WHITE EARTH NATION,1268,2464,560449.0,2022-09-01,0.2797982522364075,False,0.17076825906423346,False,-0.22415005489060116,False
2022,October,92,WHITE EARTH NATION,1259,2482,650342.0,2022-10-01,0.1625379854007658,False,0.1510855268026011,False,0.7845439277185197,False
2022,November,92,WHITE EARTH NATION,1282,2509,654152.0,2022-11-01,0.27907146376135833,False,0.21432533118369168,False,0.818635285864225,False
2022,December,92,WHITE EARTH NATION,1252,2469,591908.0,2022-12-01,0.11400271386356098,False,0.09626055324046628,False,0.138905214770391,False
2023,January,92,WHITE EARTH NATION,1276,2523,665340.0,2023-01-01,0.19036095643460588,False,0.22417603816445134,False,0.915467121734975,False
2023,February,92,WHITE EARTH NATION,1288,2520,668565.0,2023-02-01,0.19644657538816698,False,0.18170551717855438,False,0.9232339053438867,False
2023,March,92,WHITE EARTH NATION,1306,2543,677351.0,2023-03-01,0.28190643578544017,False,0.21962439528549774,False,0.9860891960818833,False
2023,April,92,WHITE EARTH NATION,1243,2443,442644.0,2023-04-01,-0.0701013736366217,False,-0.06454248517717641,False,-1.9279932556541464,False
2023,May,92,WHITE EARTH NATION,1247,2444,446517.0,2023-05-01,-0.04844806451059516,False,-0.061783229667224465,False,-1.8692333877481775,False
2023,June,92,WHITE EARTH NATION,1240,2413,443387.0,2023-06-01,-0.08638709583414297,False,-0.14784943136356374,False,-1.8825663283108836,False
2023,July,92,WHITE EARTH NATION,1224,2401,438236.0,2023-07-01,-0.17391468254702966,False,-0.1814624577369255,False,-1.7626209371068262,False
2023,August,92,WHITE EARTH NATION,1220,2362,437098.0,2023-08-01,-0.1959752091625156,False,-0.29187625591755406,False,-1.6219916662767262,False
2023,September,92,WHITE EARTH NATION,1227,2367,437989.0,2023-09-01,-0.1547260419739638,False,-0.2776192224969658,False,-1.186968826672571,False
2023,October,92,WHITE EARTH NATION,1225,2380,459592.0,2023-10-01,-0.13344736588472605,False,-0.21321666228439376,False,-0.46883730964539994,False
2023,November,92,WHITE EARTH NATION,1227,2355,461091.0,2023-11-01,-0.09814178973630347,False,-0.24872400863743122,False,0.11929932160307842,False
2023,December,92,WHITE EARTH NATION,1234,2378,459819.0,2023-12-01,-0.04083274738011987,False,-0.1401634652794298,False,0.10066638934430498,False
2024,January,92,WHITE EARTH NATION,1247,2394,461645.66,2024-01-01,0.05428397446422443,False,-0.036491747088375555,False,0.1274081877702189,False
2024,February,92,WHITE EARTH NATION,1215,2339,448261.0,2024-02-01,-0.12092068132576858,False,-0.1665444905229433,False,-0.07104259768951517,False
2024,March,92,WHITE EARTH NATION,1218,2344,452741.0,2024-03-01,-0.06878584322533669,False,-0.12253302419109749,False,0.08022252648353667,False
2024,April,92,WHITE EARTH NATION,1212,2314,451259.0,2024-04-01,-0.08289739740168697,False,-0.18677385159401474,False,0.058107312236146076,False
2024,May,92,WHITE EARTH NATION,1194,2307,444795.0,2024-05-01,-0.17824099735190174,False,-0.18873606416906832,False,-0.07483595302805086,False
2024,June,92,WHITE EARTH NATION,1207,2319,449320.0,2024-06-01,-0.09701158968222418,False,-0.13099917720188348,False,-0.006564383253609333,False
2024,July,92,WHITE EARTH NATION,1226,2370,452513.0,2024-07-01,0.0220335283906512,False,0.032802115956509156,False,0.03323996486865479,False
2024,August,92,WHITE EARTH NATION,1212,2307,447034.0,2024-08-01,-0.05812089849402157,False,-0.14884382620385675,False,-0.07280751743140254,False
2024,September,92,WHITE EARTH NATION,1208,2324,449334.0,2024-09-01,-0.07487133716210069,False,-0.07355621345616736,False,-0.03819338700221234,False
2024,October,92,WHITE EARTH NATION,1194,2279,446459.0,2024-10-01,-0.12581200039886126,False,-0.1824031643928077,False,-0.08148887666766033,False
2024,November,92,WHITE EARTH NATION,1184,2244,440052.0,2024-11-01,-0.16585234745865754,False,-0.25786110050411565,False,-0.1552093085016654,False
2024,December,92,WHITE EARTH NATION,1189,2263,445155.0,2024-12-01,-0.12912171254551819,False,-0.17206799886027516,False,-0.0629197250977403,False
2025,January,92,WHITE EARTH NATION,1187,2250,433428.0,2025-01-01,-0.12932781963432693,False,-0.19637308474096546,False,-0.23492645453924185,False
2025,February,92,WHITE EARTH NATION,1184,2260,430661.0,2025-02-01,-0.13245197634750078,False,-0.14898575075031986,False,-0.2609224158868772,False
2025,March,92,WHITE EARTH NATION,1194,2252,434248.0,2025-03-01,-0.036490160400560835,False,-0.1626805451353079,False,-0.19139105236885992,False
2025,April,92,WHITE EARTH NATION,1188,2242,431782.0,2025-04-01,-0.033951413966721515,False,-0.15152062610786465,False,-0.21559818741599618,False
2025,May,92,WHITE EARTH NATION,1193,2226,435047.0,2025-05-01,-0.005646714436109738,False,-0.13489267073739625,False,-0.15219348177205805,False
2025,June,92,WHITE EARTH NATION,1215,2269,519874.55,2025-06-01,0.12032529181064393,False,0.022323620782379233,False,1.0854693266919835,False
2025,July,92,WHITE EARTH NATION,1213,2265,486955.0,2025-07-01,0.10922240864516222,False,0.010427674136218599,False,0.6442405240537376,False
2025,August,92,WHITE EARTH NATION,1201,2250,443828.0,2025-08-01,0.0422185463888208,False,-0.03436992245860727,False,0.018746882660942425,False
2025,September,92,WHITE EARTH NATION,1211,2289,450527.0,2025-09-01,0.09810121898637005,False,0.09791642435298134,False,0.1298612463721302,False
2025,October,92,WHITE EARTH NATION,1181,2258,446158.0,2025-10-01,-0.07095524964701981,False,0.005984906711482774,False,0.0641323170992224,False
2025,November,92,WHITE EARTH NATION,1154,2185,431878.0,2025-11-01,-0.21267536115851415,False,-0.21259605776849952,False,-0.15528208983609537,False
2025,December,92,WHITE EARTH NATION,1156,2200,440037.0,2025-12-01,-0.20100580807466725,False,-0.16647096350010174,False,0.009532204975154527,False
2026,January,92,WHITE EARTH NATION,1156,2161,423417.0,2026-01-01,-0.19817058302327495,False,-0.2750940997124119,False,-0.2212282940866888,False
2026,February,92,WHITE EARTH NATION,1144,2144,420497.0,2026-02-01,-0.2684926796032687,False,-0.32834025502821995,False,-0.26790468983801363,False
2026,March,92,WHITE EARTH NATION,1174,2192,437911.0,2026-03-01,-0.0940433006742652,False,-0.1640649705487041,False,0.0057956319724609615,False
2022,January,84,WILKIN,335,658,145696.0,2022-01-01,,False,,False,,False
2022,February,84,WILKIN,335,667,149997.0,2022-02-01,,False,,False,,False
2022,March,84,WILKIN,339,679,153847.0,2022-03-01,,False,,False,,False
2022,April,84,WILKIN,332,663,149958.0,2022-04-01,,False,,False,,False
2022,May,84,WILKIN,331,656,140716.0,2022-05-01,-0.08077940861009933,False,-0.0917397096829107,False,-0.4299341293697485,False
2022,June,84,WILKIN,320,648,140559.0,2022-06-01,-0.30804439843985554,False,-0.15411942404945483,False,-0.436586849373987,False
2022,July,84,WILKIN,317,646,144381.0,2022-07-01,-0.3411313575826598,False,-0.1494459128104038,False,-0.15839255251065804,False
2022,August,84,WILKIN,328,660,150259.0,2022-08-01,-0.08151156600566083,False,0.02043940958021031,False,0.20800233836802115,False
2022,September,84,WILKIN,332,662,145365.0,2022-09-01,0.010142864788193737,False,0.030597363794129338,False,-0.11257960114785182,False
2022,October,84,WILKIN,340,678,172222.0,2022-10-01,0.16012621435922755,False,0.18121985558378523,False,1.1281756201047666,False
2022,November,84,WILKIN,343,674,171179.0,2022-11-01,0.21920688406547623,False,0.131178620633587,False,0.9899644012956528,False
2022,December,84,WILKIN,346,662,142085.0,2022-12-01,0.27777454582347166,False,0.0,False,-0.3637539063240833,False
2023,January,84,WILKIN,335,634,162016.0,2023-01-01,0.030246839516858928,False,-0.29104669127243676,False,0.6188924995559377,False
2023,February,84,WILKIN,339,639,161283.0,2023-02-01,0.11007025634589622,False,-0.23814445929781847,False,0.4901918236261939,False
2023,March,84,WILKIN,337,635,162957.0,2023-03-01,0.07027663059800918,False,-0.2702441695725037,False,0.55395318275511,False
2023,April,84,WILKIN,315,600,83869.0,2023-04-01,-0.38368670379122966,False,-0.6213763437991829,False,-3.926241190456781,True
2023,May,84,WILKIN,326,635,90013.0,2023-05-01,-0.15288658173297853,False,-0.17779687969476718,False,-3.3444792445789795,False
2023,June,84,WILKIN,327,650,95846.0,2023-06-01,-0.13229114588390087,False,0.031162821407963656,False,-2.9209744792748698,False
2023,July,84,WILKIN,326,652,97378.0,2023-07-01,-0.15288658173297853,False,0.041476090416840534,False,-2.8140162383333847,False
2023,August,84,WILKIN,318,631,95543.0,2023-08-01,-0.31995394615117784,False,-0.210133673312604,False,-2.405965557123348,False
2023,September,84,WILKIN,324,655,98249.0,2023-09-01,-0.194267079620875,False,0.10907932832656461,False,-1.4419228918355524,False
2023,October,84,WILKIN,324,641,102129.0,2023-10-01,-0.14324492643735104,False,-0.036427084712525176,False,-0.33708108569807144,False
2023,November,84,WILKIN,317,619,99505.0,2023-11-01,-0.19854249377422004,False,-0.22466759957332308,False,-0.031590158120442184,False
2023,December,84,WILKIN,313,598,93981.0,2023-12-01,-0.2736256627508074,False,-0.42541910032876923,False,-0.34239861181265746,False
2024,January,84,WILKIN,307,602,91470.0,2024-01-01,-0.3830680676012725,False,-0.35938281780425724,False,-0.4521911001426549,False
2024,February,84,WILKIN,304,608,91449.0,2024-02-01,-0.4283979215970851,False,-0.29260009402586873,False,-0.3702296845022666,False
2024,March,84,WILKIN,309,608,92905.0,2024-03-01,-0.25587727505177843,False,-0.27132242092158076,False,-0.19952919325611268,False
2024,April,84,WILKIN,324,624,103610.0,2024-04-01,0.13627557224604078,False,-0.010473543975246406,False,0.6023178923146714,False
2024,May,84,WILKIN,322,629,102827.0,2024-05-01,0.021207498587887924,False,0.016183261259436452,False,0.48488231555587263,False
2024,June,84,WILKIN,335,650,110087.0,2024-06-01,0.3081753197415156,False,0.24804000708292362,False,0.8808846572433182,False
2024,July,84,WILKIN,329,646,108792.0,2024-07-01,0.18664050012594932,False,0.20646822679470356,False,0.7175606055413899,False
2024,August,84,WILKIN,332,636,108843.0,2024-08-01,0.24768164070779775,False,0.10140379722036758,False,0.6478509578084087,False
2024,September,84,WILKIN,338,638,100243.0,2024-09-01,0.30528783680568994,False,0.1225480151625975,False,-0.03794071740991183,False
2024,October,84,WILKIN,331,632,106845.0,2024-10-01,0.16455247786626784,False,0.05891546774859231,False,0.3673440491451081,False
2024,November,84,WILKIN,336,650,110105.0,2024-11-01,0.2653764777512339,False,0.24804000708292362,False,0.547094277824289,False
2024,December,84,WILKIN,334,651,102602.0,2024-12-01,0.15292003258491277,False,0.21549898063617615,False,-0.04035819191066659,False
2025,January,84,WILKIN,331,677,104273.0,2025-01-01,0.020377705502733472,False,0.44198129505961625,False,0.06860645976343373,False
2025,February,84,WILKIN,320,658,101334.0,2025-02-01,-0.22726498982975624,False,0.21844680441405503,False,-0.17132917795869135,False
2025,March,84,WILKIN,327,670,104864.0,2025-03-01,-0.08175857679066045,False,0.28763217828147447,False,0.059632765758281046,False
2025,April,84,WILKIN,321,667,104488.0,2025-04-01,-0.2062851906446772,False,0.19466208395198603,False,-0.005167524017766699,False
2025,May,84,WILKIN,324,672,103846.0,2025-05-01,-0.14373451052763458,False,0.22417471175689252,False,-0.05368442346967877,False
2025,June,84,WILKIN,330,688,111127.0,2025-06-01,-0.020346923423423608,False,0.3774783195410919,False,0.4033839454523678,False
2025,July,84,WILKIN,340,697,112911.0,2025-07-01,0.19058540564732385,False,0.42382244292485577,False,0.5108052482344067,False
2025,August,84,WILKIN,334,698,112101.0,2025-08-01,0.060675071818359,False,0.3517172710050077,False,0.4622440600474466,False
2025,September,84,WILKIN,344,690,109351.0,2025-09-01,0.2590717275348117,False,0.21321733162360457,False,0.2947175893166239,False
2025,October,84,WILKIN,333,683,112549.0,2025-10-01,0.04051063228613443,False,0.11939111570025863,False,0.4139163027976378,False
2025,November,84,WILKIN,337,675,112258.0,2025-11-01,0.10055388354818239,False,0.005036945103963081,False,0.31826807828105597,False
2025,December,84,WILKIN,331,663,110288.0,2025-12-01,-0.020255316143067217,False,-0.13077227931533283,False,0.19885116972873682,False
2026,January,84,WILKIN,342,690,114154.0,2026-01-01,0.21985650079254904,False,0.13806773377905837,False,0.261160052755004,False
2026,February,84,WILKIN,328,663,111457.0,2026-02-01,-0.08148115257234655,False,-0.16048612791840305,False,0.04555840533712271,False
2026,March,84,WILKIN,334,682,115166.0,2026-03-01,0.04041975567529178,False,0.029808601668031877,False,0.23080030668107168,False
2022,January,85,WINONA,1678,3039,691815.0,2022-01-01,,False,,False,,False
2022,February,85,WINONA,1693,3043,700085.0,2022-02-01,,False,,False,,False
2022,March,85,WINONA,1704,3050,709580.0,2022-03-01,,False,,False,,False
2022,April,85,WINONA,1709,3045,707076.0,2022-04-01,,False,,False,,False
2022,May,85,WINONA,1715,3067,700666.0,2022-05-01,0.06520491044800238,False,0.05075636963309622,False,-0.02791512169103406,False
2022,June,85,WINONA,1701,3057,701533.0,2022-06-01,-0.011878488541087182,False,0.026520348713662097,False,0.008341052024982946,False
2022,July,85,WINONA,1690,3075,694683.0,2022-07-01,-0.049673556053861624,False,0.06057496678490641,False,-0.06201343767831506,False
2022,August,85,WINONA,1726,3135,715906.0,2022-08-01,0.0983540319951031,False,0.18534380960322996,False,0.14513575165517456,False
2022,September,85,WINONA,1737,3144,689237.0,2022-09-01,0.13524032841711878,False,0.19694478317133476,False,-0.11509946364763682,False
2022,October,85,WINONA,1745,3147,810416.0,2022-10-01,0.16027702836961713,False,0.19564697446069154,False,0.9815067116914424,False
2022,November,85,WINONA,1756,3190,797067.0,2022-11-01,0.19276244507166543,False,0.2761460453246722,False,0.8653089197168731,False
2022,December,85,WINONA,1775,3195,704447.0,2022-12-01,0.25543499850374185,False,0.27569610397137445,False,0.027959046620844915,False
2023,January,85,WINONA,1813,3254,828537.0,2023-01-01,0.3864187965142148,False,0.3902947580422848,False,1.1083435273367044,False
2023,February,85,WINONA,1827,3283,832981.0,2023-02-01,0.4049129593238261,False,0.3761896574670962,False,1.1178825018896077,False
2023,March,85,WINONA,1819,3232,840155.0,2023-03-01,0.3323672141322021,False,0.19580399384322228,False,1.1512398103322472,False
2023,April,85,WINONA,1733,3099,451580.0,2023-04-01,-0.031029453641840565,False,-0.10042292482877704,False,-3.066210641320815,False
2023,May,85,WINONA,1744,3099,448265.0,2023-05-01,0.011623749719953709,False,-0.10042292482877704,False,-3.1033447384524226,False
2023,June,85,WINONA,1767,3152,451268.0,2023-06-01,0.08638967454857303,False,0.013920130060677403,False,-2.471120353153464,False
2023,July,85,WINONA,1752,3108,437900.0,2023-07-01,0.005807260375265421,False,-0.08943684163394962,False,-2.278548734556205,False
2023,August,85,WINONA,1749,3086,434114.0,2023-08-01,-0.019239570448908866,False,-0.13733568721318368,False,-2.1164176385225804,False
2023,September,85,WINONA,1745,3109,445874.0,2023-09-01,-0.03467435979290074,False,-0.08726768258647095,False,-1.6473732996070942,False
2023,October,85,WINONA,1781,3166,492656.0,2023-10-01,0.10298347935959028,False,0.035235286422878,False,-0.3544239612737215,False
2023,November,85,WINONA,1762,3142,483395.0,2023-11-01,0.0019460451787772781,False,-0.036367800567684176,False,0.16560471287571557,False
2023,December,85,WINONA,1772,3146,489561.0,2023-12-01,0.02859942914984641,False,-0.0021344627160827033,False,0.3150969760826596,False
2024,January,85,WINONA,1756,3120,478523.0,2024-01-01,-0.032545465498715107,False,-0.0516682153331044,False,0.16127895465472045,False
2024,February,85,WINONA,1768,3161,474120.84,2024-02-01,0.03441338705994656,False,0.06434141994672637,False,0.1331042955827265,False
2024,March,85,WINONA,1746,3131,462594.16,2024-03-01,-0.049996133193594916,False,4.1600303643498645e-05,False,-0.00173521720848961,False
2024,April,85,WINONA,1783,3176,476103.0,2024-04-01,0.11054938032114922,False,0.10808683473387003,False,0.2754172010044431,False
2024,May,85,WINONA,1750,3042,460010.0,2024-05-01,-0.0345701687797317,False,-0.20626815065054227,False,-0.12078884531574192,False
2024,June,85,WINONA,1744,3019,457947.0,2024-06-01,-0.05772236542442557,False,-0.25744273226727066,False,-0.15110601291648854,False
2024,July,85,WINONA,1774,3096,470388.0,2024-07-01,0.07643579257184102,False,-0.06393396449476159,False,0.029689472222394143,False
2024,August,85,WINONA,1760,3063,468791.0,2024-08-01,0.003841096759105067,False,-0.136190782760063,False,-0.04959598666434303,False
2024,September,85,WINONA,1750,3061,471460.0,2024-09-01,-0.042239302272201636,False,-0.14059496182611453,False,-0.011303200887514214,False
2024,October,85,WINONA,1780,3101,477399.0,2024-10-01,0.07234442724849238,False,-0.0530531749114311,False,0.06545587049337236,False
2024,November,85,WINONA,1776,3088,467088.0,2024-11-01,0.05717859736284741,False,-0.04892047382366636,False,-0.08182050461227258,False
2024,December,85,WINONA,1807,3142,479374.0,2024-12-01,0.16237332676473018,False,0.09400691948866745,False,0.11995965088967488,False
2025,January,85,WINONA,1759,3059,462552.0,2025-01-01,-0.019117443180158834,False,-0.0865084487972814,False,-0.12098542216897998,False
2025,February,85,WINONA,1761,3089,464090.0,2025-02-01,-0.011457022140970365,False,-0.006539726407411006,False,-0.07944894306435077,False
2025,March,85,WINONA,1772,3081,467730.0,2025-03-01,0.04389206615889347,False,-0.01639382721696939,False,-0.0030092893741460714,False
2025,April,85,WINONA,1792,3125,474951.0,2025-04-01,0.09664854732318036,False,0.08796260114626173,False,0.0956946031306543,False
2025,May,85,WINONA,1790,3135,476536.0,2025-05-01,0.08912064475605658,False,0.10950525759373696,False,0.1181664023606198,False
2025,June,85,WINONA,1793,3113,476520.0,2025-06-01,0.0756184555383041,False,0.05327754756916555,False,0.09882909481920298,False
2025,July,85,WINONA,1794,3133,477808.0,2025-07-01,0.07177715958004229,False,0.08773658564849006,False,0.0978893291454146,False
2025,August,85,WINONA,1783,3100,476930.0,2025-08-01,0.018934951283053298,False,0.010896967621167625,False,0.05292640451182226,False
2025,September,85,WINONA,1805,3151,481906.0,2025-09-01,0.08834557671551987,False,0.10894065042749454,False,0.08693211965460207,False
2025,October,85,WINONA,1786,3106,489318.0,2025-10-01,-0.0018740472639110137,False,-0.002157986343765348,False,0.17864838689414617,False
2025,November,85,WINONA,1777,3076,487026.0,2025-11-01,-0.041596701906800315,False,-0.07303321132945266,False,0.14698017009661032,False
2025,December,85,WINONA,1734,2988,466473.0,2025-12-01,-0.2067259282153451,False,-0.26874756827146995,False,-0.14674633407710713,False
2026,January,85,WINONA,1702,2959,458023.0,2026-01-01,-0.3190839173698321,False,-0.3204000924336918,False,-0.2671491951301964,False
2026,February,85,WINONA,1699,2956,463227.0,2026-02-01,-0.33097636829081384,False,-0.32723970768935606,False,-0.19094560836623087,False
2026,March,85,WINONA,1710,2929,465068.0,2026-03-01,-0.2874728460368206,False,-0.3891103640293617,False,-0.16419218509802688,False
2022,January,61,WPHS,573,1148,255050.0,2022-01-01,,False,,False,,False
2022,February,61,WPHS,588,1171,263814.0,2022-02-01,,False,,False,,False
2022,March,61,WPHS,603,1169,264354.0,2022-03-01,,False,,False,,False
2022,April,61,WPHS,598,1161,261362.0,2022-04-01,,False,,False,,False
2022,May,61,WPHS,596,1143,264731.0,2022-05-01,0.0342188858237741,False,-0.12844038541577046,False,0.05489634572450027,False
2022,June,61,WPHS,595,1137,255469.0,2022-06-01,-0.01130763047731662,False,-0.14077032678403698,False,-0.21680530396430406,False
2022,July,61,WPHS,589,1120,256243.0,2022-07-01,-0.07390060320553095,False,-0.2043477648446916,False,-0.16490889109736317,False
2022,August,61,WPHS,583,1115,247377.0,2022-08-01,-0.13719117017939358,False,-0.19655695495108394,False,-0.3709258590412966,False
2022,September,61,WPHS,590,1149,247179.0,2022-09-01,-0.022700867968214994,False,0.020575598643249787,False,-0.30961819310959676,False
2022,October,61,WPHS,595,1173,292641.0,2022-10-01,0.05682426195165132,False,0.14518425352748743,False,0.8958702485042161,False
2022,November,61,WPHS,600,1188,297027.0,2022-11-01,0.08476166506001793,False,0.2278841896069127,False,0.9295030203877442,False
2022,December,61,WPHS,607,1178,256190.0,2022-12-01,0.1344562795060124,False,0.1679820610696066,False,-0.13481221792276052,False
2023,January,61,WPHS,617,1196,288364.0,2023-01-01,0.24449134619633586,False,0.2351720210395636,False,0.7298552587407177,False
2023,February,61,WPHS,607,1173,297091.0,2023-02-01,0.1288024642673541,False,0.046159527468006334,False,0.832755792511787,False
2023,March,61,WPHS,611,1186,303001.0,2023-03-01,0.15609904098473565,False,0.12043812649287391,False,0.9587196964917974,False
2023,April,61,WPHS,569,1091,150887.0,2023-04-01,-0.32344295077202256,False,-0.4537281409539374,False,-3.7487110074243355,True
2023,May,61,WPHS,570,1081,148905.0,2023-05-01,-0.29468689546465315,False,-0.4807711316398064,False,-3.771188991874844,True
2023,June,61,WPHS,578,1098,147141.0,2023-06-01,-0.19518808812593028,False,-0.3756199878837285,False,-2.979384298114406,False
2023,July,61,WPHS,576,1106,149780.0,2023-07-01,-0.19011508078282383,False,-0.3266986492163962,False,-2.579816510956738,False
2023,August,61,WPHS,575,1092,151319.0,2023-08-01,-0.2018149969861688,False,-0.4125452625853983,False,-2.074368093165339,False
2023,September,61,WPHS,579,1098,151389.0,2023-09-01,-0.15513660999952059,False,-0.3756199878837285,False,-1.948901294757897,False
2023,October,61,WPHS,583,1110,163700.0,2023-10-01,-0.045416799691715956,False,-0.173850195749247,False,-0.43665849387244615,False
2023,November,61,WPHS,584,1132,167543.0,2023-11-01,0.034718565800459913,False,0.14442326451437215,False,0.4201835689097663,False
2023,December,61,WPHS,593,1135,165709.0,2023-12-01,0.13769766532262756,False,0.1622593260314677,False,0.34594317037531225,False
2024,January,61,WPHS,580,1124,162349.0,2024-01-01,-0.0115594888122757,False,0.09662855611728978,False,0.2077733691190511,False
2024,February,61,WPHS,587,1128,164088.0,2024-02-01,0.08658905690294741,False,0.12056824406993652,False,0.307585961917841,False
2024,March,61,WPHS,575,1087,162949.0,2024-03-01,-0.05248803527950227,False,-0.12893697319936961,False,0.26060327139795286,False
2024,April,61,WPHS,579,1090,163267.0,2024-04-01,0.005819673575293515,False,-0.07373942734202664,False,0.273753438950947,False
2024,May,61,WPHS,581,1090,167471.0,2024-05-01,0.02321861156811439,False,-0.07373942734202664,False,0.19707015696914829,False
2024,June,61,WPHS,572,1075,164436.0,2024-06-01,-0.08771004743236989,False,-0.16711886061801998,False,0.05469725735203858,False
2024,July,61,WPHS,571,1080,169261.0,2024-07-01,-0.09949170981655459,False,-0.1358485218096292,False,0.23425723975657528,False
2024,August,61,WPHS,581,1112,172572.0,2024-08-01,0.017408963275260328,False,0.10384352425195811,False,0.34800865970337325,False
2024,September,61,WPHS,575,1081,166063.0,2024-09-01,-0.06409734106355647,False,-0.14177593808951586,False,0.07355432876179117,False
2024,October,61,WPHS,581,1068,164633.0,2024-10-01,0.005799657491206128,False,-0.19866707291775748,False,-0.017932035165984885,False
2024,November,61,WPHS,570,1038,157142.0,2024-11-01,-0.12290329332755384,False,-0.3293987844797728,False,-0.33607523438279113,False
2024,December,61,WPHS,591,1082,166147.0,2024-12-01,0.13231804561932659,False,-0.040355062660430624,False,0.06578252951339658,False
2025,January,61,WPHS,584,1068,156357.0,2025-01-01,0.052087702905583684,False,-0.10329580460699525,False,-0.343846093010287,False
2025,February,61,WPHS,571,1056,147670.0,2025-02-01,-0.10529136730775472,False,-0.16078978766426036,False,-0.7293998947126438,False
2025,March,61,WPHS,576,1055,156027.0,2025-03-01,-0.011639277289976121,False,-0.16094024786083808,False,-0.3580967369442598,False
2025,April,61,WPHS,580,1055,155885.0,2025-04-01,0.029108531977350752,False,-0.1421867240966986,False,-0.3642381096698847,False
2025,May,61,WPHS,590,1080,162019.0,2025-05-01,0.13840406612249848,False,0.05328207196045702,False,-0.10391609243993728,False
2025,June,61,WPHS,584,1078,159690.0,2025-06-01,0.0695769382972383,False,0.04079132765011593,False,-0.14760051999900167,False
2025,July,61,WPHS,584,1062,162191.0,2025-07-01,0.040478397121529494,False,-0.06936598334858587,False,0.055987394939687275,False
2025,August,61,WPHS,579,1078,159929.0,2025-08-01,-0.02321861156811439,False,0.06280306080218814,False,-0.03874342624116118,False
2025,September,61,WPHS,582,1090,167982.99,2025-09-01,0.017379059476725155,False,0.13740289958013177,False,0.33644207384110325,False
2025,October,61,WPHS,570,1081,169970.0,2025-10-01,-0.13449265181151948,False,0.08153051383241736,False,0.4157575879412441,False
2025,November,61,WPHS,566,1076,166865.0,2025-11-01,-0.176109709806419,False,0.018887612154817605,False,0.29140178239263875,False
2025,December,61,WPHS,575,1085,169628.0,2025-12-01,-0.06988704205631598,False,0.049873739288245206,False,0.3533415286531104,False
2026,January,61,WPHS,569,1084,164324.0,2026-01-01,-0.12311695288440931,False,0.04366001245542939,False,0.1390695714692833,False
2026,February,61,WPHS,571,1061,163076.0,2026-02-01,-0.0761928261320519,False,-0.10711574951240851,False,0.04028235667205411,False
2026,March,61,WPHS,573,1091,162464.0,2026-03-01,-0.052650044813309704,False,0.08077940861009933,False,-0.007008434847857651,False
2022,January,86,WRIGHT,2379,4628,1045168.0,2022-01-01,,False,,False,,False
2022,February,86,WRIGHT,2409,4757,1097277.49,2022-02-01,,False,,False,,False
2022,March,86,WRIGHT,2433,4768,1095116.0,2022-03-01,,False,,False,,False
2022,April,86,WRIGHT,2447,4735,1087627.0,2022-04-01,,False,,False,,False
2022,May,86,WRIGHT,2464,4772,1094877.0,2022-05-01,0.11878239392745096,False,0.036860637808070876,False,0.02166999198111642,False
2022,June,86,WRIGHT,2451,4796,1103795.0,2022-06-01,0.04969731856571066,False,0.055061530261136325,False,0.05471683375725286,False
2022,July,86,WRIGHT,2475,4844,1102518.0,2022-07-01,0.09605335432276332,False,0.11443040717531539,False,0.04617281348828217,False
2022,August,86,WRIGHT,2531,4896,1143757.0,2022-08-01,0.22756375181682612,False,0.17864896981060954,False,0.29312505476471323,False
2022,September,86,WRIGHT,2592,5029,1088517.0,2022-09-01,0.38262911348693157,False,0.3565686610044405,False,-0.04741716413880691,False
2022,October,86,WRIGHT,2694,5276,1344876.0,2022-10-01,0.6373632865057799,False,0.677081422116457,False,1.3857019204698513,False
2022,November,86,WRIGHT,2724,5390,1403795.0,2022-11-01,0.6941988759069074,False,0.8043278692534017,False,1.6682603119076456,False
2022,December,86,WRIGHT,2748,5452,1231700.0,2022-12-01,0.735511234388629,False,0.8645416796448625,False,0.7794732895212022,False
2023,January,86,WRIGHT,2796,5532,1391306.0,2023-01-01,0.837252351498608,False,0.9291991589964199,False,1.5852659183232756,False
2023,February,86,WRIGHT,2821,5620,1440360.0,2023-02-01,0.8068296415603622,False,0.9660497582973212,False,1.7990090090469473,False
2023,March,86,WRIGHT,2884,5827,1529738.0,2023-03-01,0.8000406011779279,False,1.0836011793904643,False,2.0812364747236227,False
2023,April,86,WRIGHT,2718,5499,852017.0,2023-04-01,0.18992105724227426,False,0.44084795893828554,False,-2.236003667366139,False
2023,May,86,WRIGHT,2775,5627,818427.0,2023-05-01,0.1698381397744581,False,0.36227269411885754,False,-2.371135155819075,False
2023,June,86,WRIGHT,2792,5636,816398.0,2023-06-01,0.17368368309141824,False,0.26240480151133716,False,-1.7785569703752622,False
2023,July,86,WRIGHT,2866,5912,871528.0,2023-07-01,0.313058168860248,False,0.5173166294820133,False,-1.2753199171974525,False
2023,August,86,WRIGHT,2890,5928,857261.0,2023-08-01,0.30675138387693135,False,0.48642536519098045,False,-1.2146486082867445,False
2023,September,86,WRIGHT,2886,5930,845278.0,2023-09-01,0.24386032099035568,False,0.4153096077038379,False,-0.8545549473791083,False
2023,October,86,WRIGHT,2907,6029,944420.0,2023-10-01,0.26732936774353566,False,0.46955418070009997,False,-0.2635569514666386,False
2023,November,86,WRIGHT,2869,5991,928437.0,2023-11-01,0.14377234565784253,False,0.4173278004039122,False,0.1493890294356021,False
2023,December,86,WRIGHT,2885,5989,929511.0,2023-12-01,0.09790664405289809,False,0.29730923570826784,False,0.22112366177684098,False
2024,January,86,WRIGHT,2874,5961,916633.0,2024-01-01,0.015267752082730665,False,0.10449618855951931,False,0.12702111634358368,False
2024,February,86,WRIGHT,2894,6049,914768.0,2024-02-01,0.05262960955304815,False,0.14538059185402197,False,0.15643591965246298,False
2024,March,86,WRIGHT,2898,5982,909992.18,2024-03-01,0.04436228882092127,False,0.060016440836546205,False,0.1279981625661217,False
2024,April,86,WRIGHT,2896,5882,914705.0,2024-04-01,0.03853857927790083,False,-0.07239123978306818,False,0.18049336370150132,False
2024,May,86,WRIGHT,2891,5891,906121.0,2024-05-01,0.012839942397990661,False,-0.06208040974971482,False,-0.04617592437842771,False
2024,June,86,WRIGHT,2882,5882,893884.0,2024-06-01,-0.014021257792345882,False,-0.07239123978306818,False,-0.13788649727756586,False
2024,July,86,WRIGHT,2917,5953,932281.0,2024-07-01,0.06737086929964702,False,0.008524658384428436,False,0.1457961458578634,False
2024,August,86,WRIGHT,2883,5946,919571.0,2024-08-01,-0.01751787281674237,False,-0.012462994160859785,False,0.035554285328942,False
2024,September,86,WRIGHT,2955,6110,951870.0,2024-09-01,0.15347505952876814,False,0.1710248506843734,False,0.2612986135894403,False
2024,October,86,WRIGHT,2945,6078,944035.0,2024-10-01,0.12128596201107894,False,0.11922565828953585,False,0.1878886951267208,False
2024,November,86,WRIGHT,2971,6034,938884.0,2024-11-01,0.18055298746875448,False,0.07022758909526053,False,0.15098477651212977,False
2024,December,86,WRIGHT,3013,6075,963201.0,2024-12-01,0.2693796873364763,False,0.11589616418655534,False,0.32345543805824056,False
2025,January,86,WRIGHT,2985,6045,923378.0,2025-01-01,0.20176935501324506,False,0.08251051608868855,False,0.03865871843925486,False
2025,February,86,WRIGHT,3033,6147,944586.0,2025-02-01,0.28497443496289104,False,0.15431103887818232,False,0.16709886846829058,False
2025,March,86,WRIGHT,3042,6118,945241.0,2025-03-01,0.2507149337649212,False,0.12241972651152878,False,0.12548009127557427,False
2025,April,86,WRIGHT,2998,6061,934446.0,2025-04-01,0.10883893342879399,False,0.023967704464147095,False,-0.008156472486229322,False
2025,May,86,WRIGHT,3033,6095,949926.0,2025-05-01,0.15746752862056942,False,0.04663817358892316,False,0.09484268477327672,False
2025,June,86,WRIGHT,2988,5932,934298.0,2025-06-01,0.02262252977835077,False,-0.1528632462823825,False,-0.051478754114580694,False
2025,July,86,WRIGHT,2999,5968,951367.0,2025-07-01,0.028163730358991747,False,-0.11205989549938893,False,0.07063564856493082,False
2025,August,86,WRIGHT,3035,6043,955181.0,2025-08-01,0.0939711241535634,False,-0.02783754091364927,False,0.07720226006977438,False
2025,September,86,WRIGHT,3072,6130,971675.0,2025-09-01,0.1632876068386307,False,0.06856081446239524,False,0.18837455164051584,False
2025,October,86,WRIGHT,3085,6214,995466.0,2025-10-01,0.17493534885963843,False,0.1603458044108142,False,0.3515331218636374,False
2025,November,86,WRIGHT,3056,6135,971305.0,2025-11-01,0.07324430805606981,False,0.07405930665569418,False,0.16679372053499666,False
2025,December,86,WRIGHT,3055,6125,973543.0,2025-12-01,0.04873256009916036,False,0.04419530971436114,False,0.16053084734817985,False
2026,January,86,WRIGHT,2991,5985,946121.0,2026-01-01,-0.09624649674342556,False,-0.1355228468026037,False,-0.03218389812976155,False
2026,February,86,WRIGHT,3014,5995,952498.0,2026-02-01,-0.04459483764205892,False,-0.12426428969020466,False,0.01312585747395418,False
2026,March,86,WRIGHT,3024,5977,944275.0,2026-03-01,-0.02226038014889846,False,-0.1129803327023338,False,-0.05447603746186308,False
2022,January,87,YELLOW MEDICINE,305,587,130478.0,2022-01-01,,False,,False,,False
2022,February,87,YELLOW MEDICINE,298,571,125951.0,2022-02-01,,False,,False,,False
2022,March,87,YELLOW MEDICINE,302,581,131674.0,2022-03-01,,False,,False,,False
2022,April,87,YELLOW MEDICINE,303,579,134478.0,2022-04-01,,False,,False,,False
2022,May,87,YELLOW MEDICINE,304,569,130208.0,2022-05-01,0.03326312364416652,False,-0.12891661037560945,False,-0.04474415819139072,False
2022,June,87,YELLOW MEDICINE,307,569,128634.0,2022-06-01,0.08817119017179044,False,-0.11730730459155525,False,-0.09600399807442742,False
2022,July,87,YELLOW MEDICINE,317,574,131001.0,2022-07-01,0.29260918725131363,False,-0.011557602440455787,False,0.03396793613990277,False
2022,August,87,YELLOW MEDICINE,317,566,130218.0,2022-08-01,0.28153364363530037,False,-0.09450242153444516,False,-0.013453885963378471,False
2022,September,87,YELLOW MEDICINE,329,579,125693.0,2022-09-01,0.5203377313933454,False,0.07604034736300329,False,-0.2452791569219706,False
2022,October,87,YELLOW MEDICINE,335,599,153239.0,2022-10-01,0.6308332612830043,False,0.2870645992547765,False,1.098002843357948,False
2022,November,87,YELLOW MEDICINE,350,625,153702.0,2022-11-01,0.9034508028644769,False,0.5439930112908798,False,1.1116245473145154,False
2022,December,87,YELLOW MEDICINE,348,634,142813.0,2022-12-01,0.8429370790986133,False,0.6110760591507691,False,0.6092811788337068,False
2023,January,87,YELLOW MEDICINE,358,662,167948.0,2023-01-01,0.9257297038489171,False,0.9021227504232058,False,1.689271217841447,False
2023,February,87,YELLOW MEDICINE,358,672,168350.0,2023-02-01,0.8179729335011457,False,1.003097690073253,False,1.674624370479914,False
2023,March,87,YELLOW MEDICINE,359,667,170278.0,2023-03-01,0.7118134265370344,False,0.9411898663401822,False,1.6630867194023207,False
2023,April,87,YELLOW MEDICINE,332,613,87617.0,2023-04-01,0.00027373077406228847,False,0.2699082489458027,False,-3.09250906302201,False
2023,May,87,YELLOW MEDICINE,328,604,82356.0,2023-05-01,-0.11175840552251974,False,-0.0218122079746624,False,-3.4218355014704884,False
2023,June,87,YELLOW MEDICINE,310,571,76816.0,2023-06-01,-0.49126474178602025,False,-0.4281233730285184,False,-3.3799536954583487,False
2023,July,87,YELLOW MEDICINE,321,582,81049.0,2023-07-01,-0.2568177597379176,False,-0.29964329795118444,False,-2.1928811470369425,False
2023,August,87,YELLOW MEDICINE,330,610,84056.0,2023-08-01,-0.07087949251666402,False,0.01676311972715813,False,-1.5580858256132541,False
2023,September,87,YELLOW MEDICINE,318,571,74038.0,2023-09-01,-0.31995394615117784,False,-0.4614048931257074,False,-1.7092615655069907,False
2023,October,87,YELLOW MEDICINE,332,608,87750.0,2023-10-01,-0.030246839516858928,False,-0.03863317427918706,False,-0.5117309944311248,False
2023,November,87,YELLOW MEDICINE,313,574,79932.0,2023-11-01,-0.396265404966927,False,-0.426121464804313,False,-0.41416198247786945,False
2023,December,87,YELLOW MEDICINE,312,569,80001.0,2023-12-01,-0.39746424822486004,False,-0.4574543488689532,False,-0.47342591020199787,False
2024,January,87,YELLOW MEDICINE,326,605,80641.0,2024-01-01,-0.061567632713383676,False,-0.011084576523115054,False,-0.2108466258710255,False
2024,February,87,YELLOW MEDICINE,312,592,77370.0,2024-02-01,-0.3157049206138724,False,-0.1406995064881158,False,-0.36728426233499245,False
2024,March,87,YELLOW MEDICINE,309,589,79099.0,2024-03-01,-0.30813561720235083,False,-0.1017745739399283,False,-0.14724370154020042,False
2024,April,87,YELLOW MEDICINE,322,610,80595.0,2024-04-01,0.05248283864641521,False,0.21879762329812266,False,0.023023386422579388,False
2024,May,87,YELLOW MEDICINE,338,628,83074.0,2024-05-01,0.3785886427907324,False,0.4146339601301845,False,0.22928606856855008,False
2024,June,87,YELLOW MEDICINE,333,616,83354.0,2024-06-01,0.2783639161374447,False,0.2847101999275527,False,0.25198151748828207,False
2024,July,87,YELLOW MEDICINE,333,599,83553.0,2024-07-01,0.23633845021091757,False,0.006019660794317571,False,0.241193216435099,False
2024,August,87,YELLOW MEDICINE,336,615,86651.0,2024-08-01,0.2446862288072827,False,0.14395275379836997,False,0.48675821450240536,False
2024,September,87,YELLOW MEDICINE,342,621,89040.0,2024-09-01,0.36371872971486563,False,0.209332910290546,False,0.6702009040434229,False
2024,October,87,YELLOW MEDICINE,332,614,83867.0,2024-10-01,0.06131987110806281,False,0.08278233548457373,False,0.16432455231670404,False
2024,November,87,YELLOW MEDICINE,330,606,84520.0,2024-11-01,0.02068721810825772,False,-0.016590552128648937,False,0.21663802978689614,False
2024,December,87,YELLOW MEDICINE,330,599,85807.0,2024-12-01,-0.020316326499902546,False,-0.10038731822146049,False,0.2069773223995458,False
2025,January,87,YELLOW MEDICINE,320,586,78986.0,2025-01-01,-0.22723439290623518,False,-0.2481354329138547,False,-0.37109358010493926,False
2025,February,87,YELLOW MEDICINE,325,603,82340.0,2025-02-01,-0.12298193109974802,False,-0.05556987758403966,False,-0.09059682578045895,False
2025,March,87,YELLOW MEDICINE,316,590,76656.0,2025-03-01,-0.3118123036159359,False,-0.20232880525023303,False,-0.5730547754736467,False
2025,April,87,YELLOW MEDICINE,314,583,75057.0,2025-04-01,-0.35450231953929645,False,-0.2826957134779753,False,-0.7152378736821298,False
2025,May,87,YELLOW MEDICINE,325,609,77993.0,2025-05-01,-0.12298193109974802,False,0.04996333571050262,False,-0.45642714704140736,False
2025,June,87,YELLOW MEDICINE,322,583,75653.0,2025-06-01,-0.16502352178147148,False,-0.24383520120692995,False,-0.6618905495675865,False
2025,July,87,YELLOW MEDICINE,326,590,77256.0,2025-07-01,-0.030674286916388804,False,-0.12435020734747997,False,-0.4791892079090815,False
2025,August,87,YELLOW MEDICINE,322,571,77059.0,2025-08-01,-0.07268717487339148,False,-0.34475674789487837,False,-0.3068427461189299,False
2025,September,87,YELLOW MEDICINE,317,560,74627.0,2025-09-01,-0.16758626046615024,False,-0.4023522731679364,False,-0.3402300718477612,False
2025,October,87,YELLOW MEDICINE,305,547,72648.0,2025-10-01,-0.3958623660588229,False,-0.5095222269397672,False,-0.44682312065080376,False
2025,November,87,YELLOW MEDICINE,300,530,74216.0,2025-11-01,-0.47580618440565303,False,-0.6991758902954461,False,-0.26216262594406475,False
2025,December,87,YELLOW MEDICINE,293,530,73774.0,2025-12-01,-0.6135721171249778,False,-0.6589924361815749,False,-0.2761585886929549,False
2026,January,87,YELLOW MEDICINE,298,542,76112.0,2026-01-01,-0.44721157366194203,False,-0.4909797662219992,False,-0.0036189724022163534,False
2026,February,87,YELLOW MEDICINE,300,555,78363.0,2026-02-01,-0.3599557850961099,False,-0.26138016829638644,False,0.21698626012592456,False
2026,March,87,YELLOW MEDICINE,303,556,79893.0,2026-03-01,-0.26109561085560895,False,-0.11375245899413074,False,0.3474083750877425,False
