protocol,target_month,metric,model,prediction,actual,ape,seconds,error
august,2023-08-01,visits,seasonal_naive,191311.0,237243.0,0.19360739832155216,0.0,
august,2023-08-01,visits,damped_yoy_3m,216798.4388058834,237243.0,0.08617561400807017,0.0,
august,2023-08-01,visits,sf_ets_log,191311.0,237243.0,0.19360739832155216,0.0,
august,2023-08-01,visits,sf_ets_level,191311.0,237243.0,0.19360739832155216,0.0,
august,2023-08-01,visits,sf_arima_log,191311.0,237243.0,0.19360739832155216,0.0,
august,2023-08-01,visits,sf_theta_log,191311.0,237243.0,0.19360739832155216,0.0,
august,2023-08-01,visits,sf_ces_log,191311.0,237243.0,0.19360739832155216,0.0,
august,2023-08-01,visits,sf_mstl_log,191311.0,237243.0,0.19360739832155216,0.0,
august,2023-08-01,visits,ratio_ses,237284.48816361165,237243.0,0.00017487623917933348,0.0,
august,2023-08-01,visits,ratio_ets_auto,237284.48816361165,237243.0,0.00017487623917933348,0.06,
august,2023-08-01,visits,ratio_arima,237200.64197845757,237243.0,0.0001785427664564576,0.1,
august,2023-08-01,visits,ratio_theta,245346.7792815449,237243.0,0.03415813862387895,0.0,
august,2023-08-01,visits,ratio_mean3_half,215533.47869650976,237243.0,0.09150753153302837,0.0,
august,2023-08-01,visits,dyoy_w1_d0.25,202031.61621077874,237243.0,0.14841906310922248,0.0,
august,2023-08-01,visits,dyoy_w1_d0.5,212752.23242155748,237243.0,0.1032307278968927,0.0,
august,2023-08-01,visits,dyoy_w1_d0.75,223472.8486323362,237243.0,0.05804239268456313,0.0,
august,2023-08-01,visits,dyoy_w1_d1.0,234193.46484311493,237243.0,0.012854057472233449,0.0,
august,2023-08-01,visits,dyoy_w3_d0.25,204054.7194029417,237243.0,0.13989150616481116,0.0,
august,2023-08-01,visits,dyoy_w3_d0.5,216798.4388058834,237243.0,0.08617561400807017,0.0,
august,2023-08-01,visits,dyoy_w3_d0.75,229542.15820882507,237243.0,0.03245972185132939,0.0,
august,2023-08-01,visits,dyoy_w3_d1.0,242285.87761176677,237243.0,0.021256170305411715,0.0,
august,2023-08-01,visits,dyoy_w6_d0.25,202135.1581801031,237243.0,0.14798262465024004,0.0,
august,2023-08-01,visits,dyoy_w6_d0.5,212959.31636020623,237243.0,0.1023578509789278,0.0,
august,2023-08-01,visits,dyoy_w6_d0.75,223783.47454030934,237243.0,0.056733077307615676,0.0,
august,2023-08-01,visits,dyoy_w6_d1.0,234607.63272041245,237243.0,0.01110830363630344,0.0,
august,2023-08-01,visits,dyoy_w12_d0.25,,237243.0,,0.01,"KeyError: ""[Timestamp('2021-08-01 00:00:00'), Timestamp('2021-09-01 00:00:00'), Timestamp('2021-10-01 00:00:00'), Timestamp('2021-11-01 00:00:00'), Timestamp('2021-12-01 00:00:00')] not in index"""
august,2023-08-01,visits,dyoy_w12_d0.5,,237243.0,,0.0,"KeyError: ""[Timestamp('2021-08-01 00:00:00'), Timestamp('2021-09-01 00:00:00'), Timestamp('2021-10-01 00:00:00'), Timestamp('2021-11-01 00:00:00'), Timestamp('2021-12-01 00:00:00')] not in index"""
august,2023-08-01,visits,dyoy_w12_d0.75,,237243.0,,0.0,"KeyError: ""[Timestamp('2021-08-01 00:00:00'), Timestamp('2021-09-01 00:00:00'), Timestamp('2021-10-01 00:00:00'), Timestamp('2021-11-01 00:00:00'), Timestamp('2021-12-01 00:00:00')] not in index"""
august,2023-08-01,visits,dyoy_w12_d1.0,,237243.0,,0.0,"KeyError: ""[Timestamp('2021-08-01 00:00:00'), Timestamp('2021-09-01 00:00:00'), Timestamp('2021-10-01 00:00:00'), Timestamp('2021-11-01 00:00:00'), Timestamp('2021-12-01 00:00:00')] not in index"""
august,2023-08-01,visits,damped_yoy_auto,229542.15820882507,237243.0,0.03245972185132939,0.07,
august,2023-08-01,visits,snaive_level12,237200.64245712364,237243.0,0.00017854074883705273,0.0,
august,2023-08-01,visits,seasonal_index_level,191311.0,237243.0,0.19360739832155216,0.0,
august,2023-08-01,visits,combo_stat_median,210426.57910441252,237243.0,0.11303356008644083,0.09,
august,2023-08-01,visits,combo_ratio_mean,239943.96980787138,237243.0,0.011384824032200758,0.11,
august,2023-08-01,pounds,seasonal_naive,10885355.6,13154185.78,0.17247971238551263,0.0,
august,2023-08-01,pounds,damped_yoy_3m,11830912.004118204,13154185.78,0.10059716336785651,0.0,
august,2023-08-01,pounds,sf_ets_log,10885355.6,13154185.78,0.17247971238551263,0.0,
august,2023-08-01,pounds,sf_ets_level,10885355.6,13154185.78,0.17247971238551263,0.0,
august,2023-08-01,pounds,sf_arima_log,10885355.6,13154185.78,0.17247971238551263,0.0,
august,2023-08-01,pounds,sf_theta_log,10885355.6,13154185.78,0.17247971238551263,0.0,
august,2023-08-01,pounds,sf_ces_log,10885355.6,13154185.78,0.17247971238551263,0.0,
august,2023-08-01,pounds,sf_mstl_log,10885355.6,13154185.78,0.17247971238551263,0.0,
august,2023-08-01,pounds,ratio_ses,12807059.168173213,13154185.78,0.02638906106636929,0.0,
august,2023-08-01,pounds,ratio_ets_auto,12808782.67879598,13154185.78,0.02625803732597265,0.0,
august,2023-08-01,pounds,ratio_arima,12808293.414451987,13154185.78,0.02629523190054972,0.11,
august,2023-08-01,pounds,ratio_theta,12578223.725290736,13154185.78,0.04378545843445303,0.0,
august,2023-08-01,pounds,ratio_mean3_half,11793539.726416897,13154185.78,0.10343825732276546,0.0,
august,2023-08-01,pounds,dyoy_w1_d0.25,11376396.899032244,13154185.78,0.13515005114727485,0.0,
august,2023-08-01,pounds,dyoy_w1_d0.5,11867438.198064491,13154185.78,0.09782038990903685,0.0,
august,2023-08-01,pounds,dyoy_w1_d0.75,12358479.497096738,13154185.78,0.060490728670798966,0.0,
august,2023-08-01,pounds,dyoy_w1_d1.0,12849520.796128985,13154185.78,0.023161067432560967,0.0,
august,2023-08-01,pounds,dyoy_w3_d0.25,11358133.802059103,13154185.78,0.13653843787668452,0.0,
august,2023-08-01,pounds,dyoy_w3_d0.5,11830912.004118204,13154185.78,0.10059716336785651,0.0,
august,2023-08-01,pounds,dyoy_w3_d0.75,12303690.206177304,13154185.78,0.06465588885902873,0.0,
august,2023-08-01,pounds,dyoy_w3_d1.0,12776468.408236407,13154185.78,0.028714614350200618,0.0,
august,2023-08-01,pounds,dyoy_w6_d0.25,11364758.30955869,13154185.78,0.13603483335030941,0.0,
august,2023-08-01,pounds,dyoy_w6_d0.5,11844161.01911738,13154185.78,0.0995899543151062,0.0,
august,2023-08-01,pounds,dyoy_w6_d0.75,12323563.728676071,13154185.78,0.06314507527990287,0.0,
august,2023-08-01,pounds,dyoy_w6_d1.0,12802966.438234761,13154185.78,0.02670019624469966,0.0,
august,2023-08-01,pounds,dyoy_w12_d0.25,,13154185.78,,0.0,"KeyError: ""[Timestamp('2021-08-01 00:00:00'), Timestamp('2021-09-01 00:00:00'), Timestamp('2021-10-01 00:00:00'), Timestamp('2021-11-01 00:00:00'), Timestamp('2021-12-01 00:00:00')] not in index"""
august,2023-08-01,pounds,dyoy_w12_d0.5,,13154185.78,,0.0,"KeyError: ""[Timestamp('2021-08-01 00:00:00'), Timestamp('2021-09-01 00:00:00'), Timestamp('2021-10-01 00:00:00'), Timestamp('2021-11-01 00:00:00'), Timestamp('2021-12-01 00:00:00')] not in index"""
august,2023-08-01,pounds,dyoy_w12_d0.75,,13154185.78,,0.0,"KeyError: ""[Timestamp('2021-08-01 00:00:00'), Timestamp('2021-09-01 00:00:00'), Timestamp('2021-10-01 00:00:00'), Timestamp('2021-11-01 00:00:00'), Timestamp('2021-12-01 00:00:00')] not in index"""
august,2023-08-01,pounds,dyoy_w12_d1.0,,13154185.78,,0.0,"KeyError: ""[Timestamp('2021-08-01 00:00:00'), Timestamp('2021-09-01 00:00:00'), Timestamp('2021-10-01 00:00:00'), Timestamp('2021-11-01 00:00:00'), Timestamp('2021-12-01 00:00:00')] not in index"""
august,2023-08-01,pounds,damped_yoy_auto,12776468.408236407,13154185.78,0.028714614350200618,0.07,
august,2023-08-01,pounds,snaive_level12,12808293.414451987,13154185.78,0.02629523190054972,0.0,
august,2023-08-01,pounds,seasonal_index_level,10885355.6,13154185.78,0.17247971238551263,0.0,
august,2023-08-01,pounds,combo_stat_median,11830912.004118204,13154185.78,0.10059716336785651,0.08,
august,2023-08-01,pounds,combo_ratio_mean,12731192.102638645,13154185.78,0.03215658380045738,0.1,
august,2023-08-01,individuals,seasonal_naive,538474.0,729120.0,0.2614741057713408,0.0,
august,2023-08-01,individuals,damped_yoy_3m,619597.7055699793,729120.0,0.15021161733325206,0.0,
august,2023-08-01,individuals,sf_ets_log,538474.0,729120.0,0.2614741057713408,0.0,
august,2023-08-01,individuals,sf_ets_level,538474.0,729120.0,0.2614741057713408,0.0,
august,2023-08-01,individuals,sf_arima_log,538474.0,729120.0,0.2614741057713408,0.0,
august,2023-08-01,individuals,sf_theta_log,538474.0,729120.0,0.2614741057713408,0.0,
august,2023-08-01,individuals,sf_ces_log,538474.0,729120.0,0.2614741057713408,0.0,
august,2023-08-01,individuals,sf_mstl_log,538474.0,729120.0,0.2614741057713408,0.0,
august,2023-08-01,individuals,ratio_ses,711626.8539394002,729120.0,0.02399213580837145,0.0,
august,2023-08-01,individuals,ratio_ets_auto,711626.8539394002,729120.0,0.02399213580837145,0.0,
august,2023-08-01,individuals,ratio_arima,719429.030176329,729120.0,0.013291323545741474,0.07,
august,2023-08-01,individuals,ratio_theta,696864.7526873345,729120.0,0.044238599013420865,0.0,
august,2023-08-01,individuals,ratio_mean3_half,614195.3859589597,729120.0,0.15762098699945182,0.0,
august,2023-08-01,individuals,dyoy_w1_d0.25,581762.3985447743,729120.0,0.20210335946788693,0.0,
august,2023-08-01,individuals,dyoy_w1_d0.5,625050.7970895487,729120.0,0.14273261316443298,0.0,
august,2023-08-01,individuals,dyoy_w1_d0.75,668339.1956343228,729120.0,0.08336186686097924,0.0,
august,2023-08-01,individuals,dyoy_w1_d1.0,711627.5941790971,729120.0,0.02399112055752539,0.0,
august,2023-08-01,individuals,dyoy_w3_d0.25,579035.8527849896,729120.0,0.20584286155229647,0.0,
august,2023-08-01,individuals,dyoy_w3_d0.5,619597.7055699793,729120.0,0.15021161733325206,0.0,
august,2023-08-01,individuals,dyoy_w3_d0.75,660159.558354969,729120.0,0.09458037311420753,0.0,
august,2023-08-01,individuals,dyoy_w3_d1.0,700721.4111399587,729120.0,0.03894912889516311,0.0,
august,2023-08-01,individuals,dyoy_w6_d0.25,581266.2019448895,729120.0,0.20278390121668655,0.0,
august,2023-08-01,individuals,dyoy_w6_d0.5,624058.403889779,729120.0,0.1440936966620323,0.0,
august,2023-08-01,individuals,dyoy_w6_d0.75,666850.6058346687,729120.0,0.08540349210737774,0.0,
august,2023-08-01,individuals,dyoy_w6_d1.0,709642.8077795582,729120.0,0.026713287552723508,0.0,
august,2023-08-01,individuals,dyoy_w12_d0.25,,729120.0,,0.0,"KeyError: ""[Timestamp('2021-08-01 00:00:00'), Timestamp('2021-09-01 00:00:00'), Timestamp('2021-10-01 00:00:00'), Timestamp('2021-11-01 00:00:00'), Timestamp('2021-12-01 00:00:00')] not in index"""
august,2023-08-01,individuals,dyoy_w12_d0.5,,729120.0,,0.0,"KeyError: ""[Timestamp('2021-08-01 00:00:00'), Timestamp('2021-09-01 00:00:00'), Timestamp('2021-10-01 00:00:00'), Timestamp('2021-11-01 00:00:00'), Timestamp('2021-12-01 00:00:00')] not in index"""
august,2023-08-01,individuals,dyoy_w12_d0.75,,729120.0,,0.0,"KeyError: ""[Timestamp('2021-08-01 00:00:00'), Timestamp('2021-09-01 00:00:00'), Timestamp('2021-10-01 00:00:00'), Timestamp('2021-11-01 00:00:00'), Timestamp('2021-12-01 00:00:00')] not in index"""
august,2023-08-01,individuals,dyoy_w12_d1.0,,729120.0,,0.0,"KeyError: ""[Timestamp('2021-08-01 00:00:00'), Timestamp('2021-09-01 00:00:00'), Timestamp('2021-10-01 00:00:00'), Timestamp('2021-11-01 00:00:00'), Timestamp('2021-12-01 00:00:00')] not in index"""
august,2023-08-01,individuals,damped_yoy_auto,711627.5941790971,729120.0,0.02399112055752539,0.07,
august,2023-08-01,individuals,snaive_level12,719429.0310693196,729120.0,0.013291322320990284,0.0,
august,2023-08-01,individuals,seasonal_index_level,538474.0,729120.0,0.2614741057713408,0.0,
august,2023-08-01,individuals,combo_stat_median,625050.4269697,729120.0,0.14273312078985623,0.08,
august,2023-08-01,individuals,combo_ratio_mean,709306.8789343545,729120.0,0.027174019455844634,0.08,
august,2024-08-01,visits,seasonal_naive,237243.0,241478.0,0.017537829533125215,0.0,
august,2024-08-01,visits,damped_yoy_3m,250309.58176526165,241478.0,0.03657302845502142,0.0,
august,2024-08-01,visits,sf_ets_log,234155.44163268237,241478.0,0.030323915086747588,0.04,
august,2024-08-01,visits,sf_ets_level,234173.56315367634,241478.0,0.030248870896411484,0.02,
august,2024-08-01,visits,sf_arima_log,237753.65052407127,241478.0,0.015423141967089049,0.12,
august,2024-08-01,visits,sf_theta_log,238786.75074112468,241478.0,0.011144904541512402,0.0,
august,2024-08-01,visits,sf_ces_log,265206.7652593266,241478.0,0.09826470841785429,0.0,
august,2024-08-01,visits,sf_mstl_log,274031.71564184583,241478.0,0.13481027522940314,0.0,
august,2024-08-01,visits,ratio_ses,269863.6629472641,241478.0,0.11754968546726441,0.0,
august,2024-08-01,visits,ratio_ets_auto,269863.6629472641,241478.0,0.11754968546726441,0.0,
august,2024-08-01,visits,ratio_arima,297784.6086858787,241478.0,0.23317490076064362,0.09,
august,2024-08-01,visits,ratio_theta,263074.65473969706,241478.0,0.08943528909340426,0.0,
august,2024-08-01,visits,ratio_mean3_half,250005.58985032723,241478.0,0.03531414808109745,0.0,
august,2024-08-01,visits,dyoy_w1_d0.25,244132.71640231845,241478.0,0.010993615991181205,0.0,
august,2024-08-01,visits,dyoy_w1_d0.5,251022.43280463686,241478.0,0.0395250615154874,0.0,
august,2024-08-01,visits,dyoy_w1_d0.75,257912.14920695525,241478.0,0.06805650703979338,0.0,
august,2024-08-01,visits,dyoy_w1_d1.0,264801.86560927366,241478.0,0.09658795256409958,0.0,
august,2024-08-01,visits,dyoy_w3_d0.25,243776.29088263083,241478.0,0.009517599460948212,0.0,
august,2024-08-01,visits,dyoy_w3_d0.5,250309.58176526165,241478.0,0.03657302845502142,0.0,
august,2024-08-01,visits,dyoy_w3_d0.75,256842.87264789254,241478.0,0.06362845744909484,0.0,
august,2024-08-01,visits,dyoy_w3_d1.0,263376.16353052336,241478.0,0.09068388644316827,0.0,
august,2024-08-01,visits,dyoy_w6_d0.25,249297.01073547552,241478.0,0.0323798057606719,0.0,
august,2024-08-01,visits,dyoy_w6_d0.5,261351.02147095103,241478.0,0.08229744105446879,0.0,
august,2024-08-01,visits,dyoy_w6_d0.75,273405.0322064266,241478.0,0.13221507634826613,0.0,
august,2024-08-01,visits,dyoy_w6_d1.0,285459.0429419021,241478.0,0.18213271164206324,0.0,
august,2024-08-01,visits,dyoy_w12_d0.25,252596.23297058485,241478.0,0.04604242610335052,0.0,
august,2024-08-01,visits,dyoy_w12_d0.5,267949.4659411697,241478.0,0.10962268173982603,0.0,
august,2024-08-01,visits,dyoy_w12_d0.75,283302.6989117546,241478.0,0.17320293737630177,0.0,
august,2024-08-01,visits,dyoy_w12_d1.0,298655.9318823394,241478.0,0.23678319301277728,0.0,
august,2024-08-01,visits,damped_yoy_auto,264801.86560927366,241478.0,0.09658795256409958,0.31,
august,2024-08-01,visits,snaive_level12,299925.31164492504,241478.0,0.24203990278586462,0.0,
august,2024-08-01,visits,seasonal_index_level,298655.9318823394,241478.0,0.23678319301277728,0.0,
august,2024-08-01,visits,combo_stat_median,251794.30817519917,241478.0,0.0427215240112937,0.36,
august,2024-08-01,visits,combo_ratio_mean,276907.6421242799,241478.0,0.14671995844043728,0.09,
august,2024-08-01,pounds,seasonal_naive,13154185.78,13235462.38,0.00614082059745924,0.0,
august,2024-08-01,pounds,damped_yoy_3m,13908218.059881598,13235462.38,0.05082978293967222,0.0,
august,2024-08-01,pounds,sf_ets_log,13212807.160728753,13235462.38,0.0017117059170884685,0.03,
august,2024-08-01,pounds,sf_ets_level,13657420.182827396,13235462.38,0.031880850907408664,0.03,
august,2024-08-01,pounds,sf_arima_log,15512320.430369625,13235462.38,0.17202708790968768,0.12,
august,2024-08-01,pounds,sf_theta_log,13195028.72051699,13235462.38,0.0030549487673441345,0.0,
august,2024-08-01,pounds,sf_ces_log,14640466.446785768,13235462.38,0.1061545132649735,0.0,
august,2024-08-01,pounds,sf_mstl_log,15215049.760267954,13235462.38,0.14956692281935635,0.01,
august,2024-08-01,pounds,ratio_ses,15511536.99711936,13235462.38,0.17196789592773998,0.0,
august,2024-08-01,pounds,ratio_ets_auto,15045982.655638404,13235462.38,0.13679312619816475,0.0,
august,2024-08-01,pounds,ratio_arima,15512320.430369617,13235462.38,0.17202708790968702,0.12,
august,2024-08-01,pounds,ratio_theta,15316653.415592214,13235462.38,0.1572435458497532,0.0,
august,2024-08-01,pounds,ratio_mean3_half,13886350.972989086,13235462.38,0.04917762404527992,0.0,
august,2024-08-01,pounds,dyoy_w1_d0.25,13693396.47912059,13235462.38,0.03459902540409687,0.0,
august,2024-08-01,pounds,dyoy_w1_d0.5,14232607.17824118,13235462.38,0.0753388714056531,0.0,
august,2024-08-01,pounds,dyoy_w1_d0.75,14771817.877361773,13235462.38,0.11607871740720954,0.0,
august,2024-08-01,pounds,dyoy_w1_d1.0,15311028.576482363,13235462.38,0.15681856340876554,0.0,
august,2024-08-01,pounds,dyoy_w3_d0.25,13531201.919940798,13235462.38,0.022344481171106434,0.0,
august,2024-08-01,pounds,dyoy_w3_d0.5,13908218.059881598,13235462.38,0.05082978293967222,0.0,
august,2024-08-01,pounds,dyoy_w3_d0.75,14285234.1998224,13235462.38,0.07931508470823823,0.0,
august,2024-08-01,pounds,dyoy_w3_d1.0,14662250.339763198,13235462.38,0.10780038647680379,0.0,
august,2024-08-01,pounds,dyoy_w6_d0.25,13672733.819565577,13235462.38,0.0330378665294182,0.0,
august,2024-08-01,pounds,dyoy_w6_d0.5,14191281.859131156,13235462.38,0.07221655365629576,0.0,
august,2024-08-01,pounds,dyoy_w6_d0.75,14709829.898696736,13235462.38,0.11139524078317353,0.0,
august,2024-08-01,pounds,dyoy_w6_d1.0,15228377.938262314,13235462.38,0.1505739279100511,0.0,
august,2024-08-01,pounds,dyoy_w12_d0.25,13741539.253677228,13235462.38,0.0382364332387779,0.0,
august,2024-08-01,pounds,dyoy_w12_d0.5,14328892.727354456,13235462.38,0.08261368707501515,0.0,
august,2024-08-01,pounds,dyoy_w12_d0.75,14916246.201031681,13235462.38,0.12699094091125218,0.0,
august,2024-08-01,pounds,dyoy_w12_d1.0,15503599.67470891,13235462.38,0.17136819474748943,0.0,
august,2024-08-01,pounds,damped_yoy_auto,15228377.938262314,13235462.38,0.1505739279100511,0.29,
august,2024-08-01,pounds,snaive_level12,15532422.21775469,13235462.38,0.17354587031470903,0.0,
august,2024-08-01,pounds,seasonal_index_level,15503599.674708912,13235462.38,0.17136819474748943,0.0,
august,2024-08-01,pounds,combo_stat_median,14220592.549495533,13235462.38,0.07443111099648125,0.34,
august,2024-08-01,pounds,combo_ratio_mean,15446836.94769373,13235462.38,0.16707950989572673,0.15,
august,2024-08-01,individuals,seasonal_naive,729120.0,745923.0,0.022526453802872437,0.0,
august,2024-08-01,individuals,damped_yoy_3m,785737.8417050604,745923.0,0.05337661086340062,0.0,
august,2024-08-01,individuals,sf_ets_log,740388.7199599583,745923.0,0.007419371758266791,0.03,
august,2024-08-01,individuals,sf_ets_level,759344.8168634403,745923.0,0.017993568858233777,0.03,
august,2024-08-01,individuals,sf_arima_log,756656.0659129742,745923.0,0.014388973007903205,0.14,
august,2024-08-01,individuals,sf_theta_log,756104.617034932,745923.0,0.013649689089801464,0.0,
august,2024-08-01,individuals,sf_ces_log,815209.6285769363,745923.0,0.09288710574273251,0.0,
august,2024-08-01,individuals,sf_mstl_log,840532.5899981539,745923.0,0.1268355983099514,0.0,
august,2024-08-01,individuals,ratio_ses,829290.1783582283,745923.0,0.11176378575030976,0.0,
august,2024-08-01,individuals,ratio_ets_auto,829318.1422910333,745923.0,0.11180127478443924,0.0,
august,2024-08-01,individuals,ratio_arima,870733.1676551639,745923.0,0.16732312538313465,0.16,
august,2024-08-01,individuals,ratio_theta,823231.5816705319,745923.0,0.10364150411038664,0.0,
august,2024-08-01,individuals,ratio_mean3_half,783780.7084565419,745923.0,0.05075283703082212,0.0,
august,2024-08-01,individuals,dyoy_w1_d0.25,754899.9459007434,745923.0,0.012034681730880292,0.0,
august,2024-08-01,individuals,dyoy_w1_d0.5,780679.8918014866,745923.0,0.04659581726463258,0.0,
august,2024-08-01,individuals,dyoy_w1_d0.75,806459.8377022297,745923.0,0.08115695279838508,0.0,
august,2024-08-01,individuals,dyoy_w1_d1.0,832239.7836029731,745923.0,0.11571808833213759,0.0,
august,2024-08-01,individuals,dyoy_w3_d0.25,757428.9208525303,745923.0,0.015425078530264313,0.0,
august,2024-08-01,individuals,dyoy_w3_d0.5,785737.8417050604,745923.0,0.05337661086340062,0.0,
august,2024-08-01,individuals,dyoy_w3_d0.75,814046.7625575907,745923.0,0.09132814319653737,0.0,
august,2024-08-01,individuals,dyoy_w3_d1.0,842355.683410121,745923.0,0.1292796755296739,0.0,
august,2024-08-01,individuals,dyoy_w6_d0.25,773660.9115945216,745923.0,0.037186025359885244,0.0,
august,2024-08-01,individuals,dyoy_w6_d0.5,818201.8231890432,745923.0,0.0968985045226427,0.0,
august,2024-08-01,individuals,dyoy_w6_d0.75,862742.7347835649,745923.0,0.15661098368540038,0.0,
august,2024-08-01,individuals,dyoy_w6_d1.0,907283.6463780865,745923.0,0.21632346284815807,0.0,
august,2024-08-01,individuals,dyoy_w12_d0.25,787403.093066975,745923.0,0.05560908172421963,0.0,
august,2024-08-01,individuals,dyoy_w12_d0.5,845686.1861339499,745923.0,0.13374461725131126,0.0,
august,2024-08-01,individuals,dyoy_w12_d0.75,903969.2792009248,745923.0,0.2118801527784031,0.0,
august,2024-08-01,individuals,dyoy_w12_d1.0,962252.3722678998,745923.0,0.2900156883054952,0.0,
august,2024-08-01,individuals,damped_yoy_auto,832239.7836029731,745923.0,0.11571808833213759,0.37,
august,2024-08-01,individuals,snaive_level12,967100.150940776,745923.0,0.2965147219495523,0.0,
august,2024-08-01,individuals,seasonal_index_level,962252.3722678998,745923.0,0.2900156883054952,0.0,
august,2024-08-01,individuals,combo_stat_median,792697.3976965802,745923.0,0.06270673742005561,0.35,
august,2024-08-01,individuals,combo_ratio_mean,841084.9758946415,745923.0,0.12757613841461057,0.17,
august,2025-08-01,visits,seasonal_naive,241478.0,240290.0,0.004944025968621313,0.0,
august,2025-08-01,visits,damped_yoy_3m,248865.81358092456,240290.0,0.03568943185702511,0.0,
august,2025-08-01,visits,sf_ets_log,252828.3577219504,240290.0,0.05218010621311908,0.04,
august,2025-08-01,visits,sf_ets_level,257397.06771747494,240290.0,0.0711934234361602,0.04,
august,2025-08-01,visits,sf_arima_log,254169.50267843672,240290.0,0.05776146605533605,0.25,
august,2025-08-01,visits,sf_theta_log,255348.46316580146,240290.0,0.0626678728444856,0.0,
august,2025-08-01,visits,sf_ces_log,277058.9169092709,240290.0,0.15301892259049854,0.0,
august,2025-08-01,visits,sf_mstl_log,273768.5161235471,240290.0,0.13932546557720715,0.01,
august,2025-08-01,visits,ratio_ses,259272.54400182952,240290.0,0.07899847684809824,0.0,
august,2025-08-01,visits,ratio_ets_auto,259272.54400182952,240290.0,0.07899847684809824,0.0,
august,2025-08-01,visits,ratio_arima,259456.63303449634,240290.0,0.07976458876564285,0.15,
august,2025-08-01,visits,ratio_theta,262190.9332429185,240290.0,0.09114375647308881,0.01,
august,2025-08-01,visits,ratio_mean3_half,248680.34724071596,240290.0,0.03491758808404821,0.0,
august,2025-08-01,visits,dyoy_w1_d0.25,247808.8396976084,240290.0,0.031290689157303264,0.0,
august,2025-08-01,visits,dyoy_w1_d0.5,254139.6793952168,240290.0,0.057637352345985216,0.0,
august,2025-08-01,visits,dyoy_w1_d0.75,260470.5190928252,240290.0,0.08398401553466739,0.0,
august,2025-08-01,visits,dyoy_w1_d1.0,266801.3587904336,240290.0,0.11033067872334934,0.0,
august,2025-08-01,visits,dyoy_w3_d0.25,245171.90679046226,240290.0,0.020316728912823212,0.0,
august,2025-08-01,visits,dyoy_w3_d0.5,248865.81358092456,240290.0,0.03568943185702511,0.0,
august,2025-08-01,visits,dyoy_w3_d0.75,252559.72037138682,240290.0,0.05106213480122701,0.0,
august,2025-08-01,visits,dyoy_w3_d1.0,256253.6271618491,240290.0,0.06643483774542891,0.0,
august,2025-08-01,visits,dyoy_w6_d0.25,244898.03163296788,240290.0,0.01917695964446242,0.0,
august,2025-08-01,visits,dyoy_w6_d0.5,248318.06326593575,240290.0,0.03340989332030353,0.0,
august,2025-08-01,visits,dyoy_w6_d0.75,251738.09489890354,240290.0,0.047642826996144416,0.0,
august,2025-08-01,visits,dyoy_w6_d1.0,255158.1265318714,240290.0,0.061875760671985525,0.0,
august,2025-08-01,visits,dyoy_w12_d0.25,244721.60052802903,240290.0,0.018442717250110485,0.0,
august,2025-08-01,visits,dyoy_w12_d0.5,247965.20105605805,240290.0,0.031941408531599436,0.0,
august,2025-08-01,visits,dyoy_w12_d0.75,251208.80158408714,240290.0,0.04544009981308883,0.0,
august,2025-08-01,visits,dyoy_w12_d1.0,254452.40211211616,240290.0,0.058938791094578,0.01,
august,2025-08-01,visits,damped_yoy_auto,248865.81358092456,240290.0,0.03568943185702511,0.36,
august,2025-08-01,visits,snaive_level12,254401.37419384418,240290.0,0.05872643136977884,0.0,
august,2025-08-01,visits,seasonal_index_level,284577.42823305517,240290.0,0.18430824517481037,0.0,
august,2025-08-01,visits,combo_stat_median,254088.41044387594,240290.0,0.057423989528802455,0.4,
august,2025-08-01,visits,combo_ratio_mean,260306.70342641478,240290.0,0.0833022740289433,0.17,
august,2025-08-01,pounds,seasonal_naive,13235462.38,12821574.42,0.032280587893666945,0.0,
august,2025-08-01,pounds,damped_yoy_3m,12824472.052094165,12821574.42,0.00022599658975153147,0.0,
august,2025-08-01,pounds,sf_ets_log,12517911.857592748,12821574.42,0.023683718743119142,0.04,
august,2025-08-01,pounds,sf_ets_level,12408485.510803137,12821574.42,0.032218267091481234,0.04,
august,2025-08-01,pounds,sf_arima_log,12641291.0308376,12821574.42,0.014060940041901726,0.21,
august,2025-08-01,pounds,sf_theta_log,12511938.946654998,12821574.42,0.02414956722179229,0.0,
august,2025-08-01,pounds,sf_ces_log,13472299.082083076,12821574.42,0.050752321108711085,0.0,
august,2025-08-01,pounds,sf_mstl_log,13376286.955289343,12821574.42,0.04326399528782243,0.01,
august,2025-08-01,pounds,ratio_ses,12641228.916269429,12821574.42,0.014065784577068419,0.0,
august,2025-08-01,pounds,ratio_ets_auto,12641228.916269429,12821574.42,0.014065784577068419,0.0,
august,2025-08-01,pounds,ratio_arima,12422508.475679187,12821574.42,0.031124566394773012,0.11,
august,2025-08-01,pounds,ratio_theta,12429368.658468695,12821574.42,0.030589516441874243,0.01,
august,2025-08-01,pounds,ratio_mean3_half,12815866.111942256,12821574.42,0.0004452111629005273,0.0,
august,2025-08-01,pounds,dyoy_w1_d0.25,13111742.33093568,12821574.42,0.02263122307998744,0.0,
august,2025-08-01,pounds,dyoy_w1_d0.5,12988022.281871358,12821574.42,0.012981858266307933,0.0,
august,2025-08-01,pounds,dyoy_w1_d0.75,12864302.232807035,12821574.42,0.0033324934526282046,0.0,
august,2025-08-01,pounds,dyoy_w1_d1.0,12740582.183742711,12821574.42,0.006316871361051524,0.0,
august,2025-08-01,pounds,dyoy_w3_d0.25,13029967.216047082,12821574.42,0.016253292241709127,0.0,
august,2025-08-01,pounds,dyoy_w3_d0.5,12824472.052094165,12821574.42,0.00022599658975153147,0.0,
august,2025-08-01,pounds,dyoy_w3_d0.75,12618976.888141247,12821574.42,0.015801299062206287,0.0,
august,2025-08-01,pounds,dyoy_w3_d1.0,12413481.724188328,12821574.42,0.031828594714163994,0.0,
august,2025-08-01,pounds,dyoy_w6_d0.25,13101776.198253127,12821574.42,0.021853929094390212,0.0,
august,2025-08-01,pounds,dyoy_w6_d0.5,12968090.016506253,12821574.42,0.011427270295113479,0.0,
august,2025-08-01,pounds,dyoy_w6_d0.75,12834403.834759379,12821574.42,0.0010006114958367451,0.0,
august,2025-08-01,pounds,dyoy_w6_d1.0,12700717.653012505,12821574.42,0.009426047303439877,0.0,
august,2025-08-01,pounds,dyoy_w12_d0.25,13212364.512452265,12821574.42,0.030479103396434892,0.0,
august,2025-08-01,pounds,dyoy_w12_d0.5,13189266.644904532,12821574.42,0.02867761889920306,0.0,
august,2025-08-01,pounds,dyoy_w12_d0.75,13166168.777356796,12821574.42,0.02687613440197123,0.0,
august,2025-08-01,pounds,dyoy_w12_d1.0,13143070.909809062,12821574.42,0.0250746499047394,0.0,
august,2025-08-01,pounds,damped_yoy_auto,13029967.216047082,12821574.42,0.016253292241709127,0.39,
august,2025-08-01,pounds,snaive_level12,13135570.593029203,12821574.42,0.02448967363472998,0.0,
august,2025-08-01,pounds,seasonal_index_level,14269223.077435175,12821574.42,0.11290724602253444,0.0,
august,2025-08-01,pounds,combo_stat_median,12579570.386931088,12821574.42,0.01887475166009389,0.4,
august,2025-08-01,pounds,combo_ratio_mean,12497702.01680577,12821574.42,0.025259955804571965,0.1,
august,2025-08-01,individuals,seasonal_naive,745923.0,727272.0,0.025645150645150716,0.0,
august,2025-08-01,individuals,damped_yoy_3m,742903.9826757953,727272.0,0.021493997673216247,0.0,
august,2025-08-01,individuals,sf_ets_log,750127.3299931989,727272.0,0.03142611016675856,0.04,
august,2025-08-01,individuals,sf_ets_level,753283.6504123928,727272.0,0.03576605508309516,0.04,
august,2025-08-01,individuals,sf_arima_log,743220.4842969143,727272.0,0.02192918783744502,0.47,
august,2025-08-01,individuals,sf_theta_log,761229.192406577,727272.0,0.04669118625022972,0.0,
august,2025-08-01,individuals,sf_ces_log,822597.8676583235,727272.0,0.131073199103394,0.0,
august,2025-08-01,individuals,sf_mstl_log,801262.3718428274,727272.0,0.10173686302075069,0.0,
august,2025-08-01,individuals,ratio_ses,770162.8757214474,727272.0,0.05897501309200326,0.0,
august,2025-08-01,individuals,ratio_ets_auto,770162.8757214474,727272.0,0.05897501309200326,0.0,
august,2025-08-01,individuals,ratio_arima,787341.0606611703,727272.0,0.08259504100415005,0.12,
august,2025-08-01,individuals,ratio_theta,751283.1766284296,727272.0,0.03301540087949162,0.0,
august,2025-08-01,individuals,ratio_mean3_half,742659.9259198941,727272.0,0.021158419298273667,0.0,
august,2025-08-01,individuals,dyoy_w1_d0.25,756277.5151652927,727272.0,0.03988262323490055,0.0,
august,2025-08-01,individuals,dyoy_w1_d0.5,766632.0303305852,727272.0,0.05412009582465038,0.0,
august,2025-08-01,individuals,dyoy_w1_d0.75,776986.5454958776,727272.0,0.06835756841440022,0.0,
august,2025-08-01,individuals,dyoy_w1_d1.0,787341.0606611703,727272.0,0.08259504100415005,0.0,
august,2025-08-01,individuals,dyoy_w3_d0.25,744413.4913378976,727272.0,0.02356957415918326,0.0,
august,2025-08-01,individuals,dyoy_w3_d0.5,742903.9826757953,727272.0,0.021493997673216247,0.0,
august,2025-08-01,individuals,dyoy_w3_d0.75,741394.4740136929,727272.0,0.019418421187249013,0.01,
august,2025-08-01,individuals,dyoy_w3_d1.0,739884.9653515905,727272.0,0.01734284470128178,0.0,
august,2025-08-01,individuals,dyoy_w6_d0.25,745789.2896649871,727272.0,0.025461298750655947,0.0,
august,2025-08-01,individuals,dyoy_w6_d0.5,745655.5793299744,727272.0,0.025277446856161623,0.0,
august,2025-08-01,individuals,dyoy_w6_d0.75,745521.8689949617,727272.0,0.025093594961667298,0.0,
august,2025-08-01,individuals,dyoy_w6_d1.0,745388.1586599489,727272.0,0.02490974306717275,0.0,
august,2025-08-01,individuals,dyoy_w12_d0.25,750577.6628154081,727272.0,0.0320453184165046,0.0,
august,2025-08-01,individuals,dyoy_w12_d0.5,755232.325630816,727272.0,0.03844548618785826,0.0,
august,2025-08-01,individuals,dyoy_w12_d0.75,759886.9884462241,727272.0,0.04484565395921214,0.0,
august,2025-08-01,individuals,dyoy_w12_d1.0,764541.6512616322,727272.0,0.05124582173056602,0.0,
august,2025-08-01,individuals,damped_yoy_auto,745789.2896649871,727272.0,0.025461298750655947,0.35,
august,2025-08-01,individuals,snaive_level12,764611.7024830425,727272.0,0.05134214225632561,0.0,
august,2025-08-01,individuals,seasonal_index_level,875406.1878760632,727272.0,0.20368471201429883,0.0,
august,2025-08-01,individuals,combo_stat_median,755678.261199888,727272.0,0.03905864820849425,0.36,
august,2025-08-01,individuals,combo_ratio_mean,769595.7043370157,727272.0,0.05819515165854838,0.12,
monthly,2024-01-01,visits,seasonal_naive,166522.0,242908.0,0.31446473562007016,0.0,
monthly,2024-01-01,visits,damped_yoy_3m,196296.2141664454,242908.0,0.19189069867420838,0.0,
monthly,2024-01-01,visits,sf_ets_log,238429.96419183916,242908.0,0.018435110445768954,0.02,
monthly,2024-01-01,visits,sf_ets_level,225843.1881204676,242908.0,0.07025216081616259,0.03,
monthly,2024-01-01,visits,sf_arima_log,236366.90242279044,242908.0,0.026928292099105633,0.17,
monthly,2024-01-01,visits,sf_theta_log,231404.36527943113,242908.0,0.04735799035259791,0.0,
monthly,2024-01-01,visits,sf_ces_log,205559.46834600394,242908.0,0.1537558732277079,0.0,
monthly,2024-01-01,visits,sf_mstl_log,203923.42190245766,242908.0,0.16049112461319648,0.0,
monthly,2024-01-01,visits,ratio_ses,210386.43961069267,242908.0,0.13388427054402208,0.0,
monthly,2024-01-01,visits,ratio_ets_auto,210386.43961069267,242908.0,0.13388427054402208,0.0,
monthly,2024-01-01,visits,ratio_arima,210338.04466493573,242908.0,0.1340835021286424,0.15,
monthly,2024-01-01,visits,ratio_theta,228327.36949467484,242908.0,0.06002532030779206,0.0,
monthly,2024-01-01,visits,ratio_mean3_half,194069.69834634804,242908.0,0.2010567855058374,0.0,
monthly,2024-01-01,visits,dyoy_w1_d0.25,182708.702122176,242908.0,0.24782756384237647,0.0,
monthly,2024-01-01,visits,dyoy_w1_d0.5,198895.40424435196,242908.0,0.18119039206468313,0.0,
monthly,2024-01-01,visits,dyoy_w1_d0.75,215082.10636652794,242908.0,0.11455322028698955,0.0,
monthly,2024-01-01,visits,dyoy_w1_d1.0,231268.80848870394,242908.0,0.04791604850929598,0.0,
monthly,2024-01-01,visits,dyoy_w3_d0.25,181409.10708322268,242908.0,0.2531777171471393,0.0,
monthly,2024-01-01,visits,dyoy_w3_d0.5,196296.2141664454,242908.0,0.19189069867420838,0.0,
monthly,2024-01-01,visits,dyoy_w3_d0.75,211183.32124966814,242908.0,0.13060368020127733,0.0,
monthly,2024-01-01,visits,dyoy_w3_d1.0,226070.42833289082,242908.0,0.0693166617283465,0.0,
monthly,2024-01-01,visits,dyoy_w6_d0.25,178329.29885623304,242908.0,0.2658566253222082,0.0,
monthly,2024-01-01,visits,dyoy_w6_d0.5,190136.5977124661,242908.0,0.21724851502434628,0.0,
monthly,2024-01-01,visits,dyoy_w6_d0.75,201943.8965686991,242908.0,0.16864040472648456,0.0,
monthly,2024-01-01,visits,dyoy_w6_d1.0,213751.19542493214,242908.0,0.12003229442862262,0.0,
monthly,2024-01-01,visits,dyoy_w12_d0.25,177527.94156251973,242908.0,0.26915564097304445,0.01,
monthly,2024-01-01,visits,dyoy_w12_d0.5,188533.88312503946,242908.0,0.22384654632601864,0.0,
monthly,2024-01-01,visits,dyoy_w12_d0.75,199539.82468755922,242908.0,0.17853745167899282,0.01,
monthly,2024-01-01,visits,dyoy_w12_d1.0,210545.76625007894,242908.0,0.13322835703196712,0.0,
monthly,2024-01-01,visits,damped_yoy_auto,213751.19542493214,242908.0,0.12003229442862262,0.15,
monthly,2024-01-01,visits,snaive_level12,210338.04510455104,242908.0,0.13408350031884075,0.0,
monthly,2024-01-01,visits,seasonal_index_level,210545.76625007892,242908.0,0.13322835703196723,0.0,
monthly,2024-01-01,visits,combo_stat_median,222577.78035218164,242908.0,0.08369514239061027,0.21,
monthly,2024-01-01,visits,combo_ratio_mean,216350.61792343445,242908.0,0.1093310309934854,0.14,
monthly,2024-01-01,pounds,seasonal_naive,10122638.6,12985532.3,0.2204679510904609,0.0,
monthly,2024-01-01,pounds,damped_yoy_3m,11048600.958713047,12985532.3,0.14916071952529453,0.0,
monthly,2024-01-01,pounds,sf_ets_log,13143517.012761995,12985532.3,0.012166209987556353,0.03,
monthly,2024-01-01,pounds,sf_ets_level,12977455.066059314,12985532.3,0.0006220179315010732,0.03,
monthly,2024-01-01,pounds,sf_arima_log,13266823.466703787,12985532.3,0.021661889571040982,0.2,
monthly,2024-01-01,pounds,sf_theta_log,12757093.473197743,12985532.3,0.01759179535537847,0.0,
monthly,2024-01-01,pounds,sf_ces_log,11946089.19373838,12985532.3,0.08004624548672679,0.0,
monthly,2024-01-01,pounds,sf_mstl_log,11997520.624671409,12985532.3,0.07608557373721148,0.01,
monthly,2024-01-01,pounds,ratio_ses,11946859.888755223,12985532.3,0.07998689520373203,0.0,
monthly,2024-01-01,pounds,ratio_ets_auto,11947395.49501175,12985532.3,0.0799456488193595,0.0,
monthly,2024-01-01,pounds,ratio_arima,11946484.216835717,12985532.3,0.08001582523993134,0.17,
monthly,2024-01-01,pounds,ratio_theta,11894677.381419983,12985532.3,0.08400540643066423,0.0,
monthly,2024-01-01,pounds,ratio_mean3_half,11014561.37622838,12985532.3,0.1517820662439553,0.0,
monthly,2024-01-01,pounds,dyoy_w1_d0.25,10659323.409976624,12985532.3,0.1791385086326709,0.0,
monthly,2024-01-01,pounds,dyoy_w1_d0.5,11196008.219953246,12985532.3,0.13780906617488098,0.0,
monthly,2024-01-01,pounds,dyoy_w1_d0.75,11732693.029929869,12985532.3,0.09647962371709107,0.0,
monthly,2024-01-01,pounds,dyoy_w1_d1.0,12269377.839906493,12985532.3,0.055150181259300934,0.0,
monthly,2024-01-01,pounds,dyoy_w3_d0.25,10585619.779356522,12985532.3,0.18481433530787783,0.0,
monthly,2024-01-01,pounds,dyoy_w3_d0.5,11048600.958713047,12985532.3,0.14916071952529453,0.0,
monthly,2024-01-01,pounds,dyoy_w3_d0.75,11511582.13806957,12985532.3,0.11350710374271145,0.0,
monthly,2024-01-01,pounds,dyoy_w3_d1.0,11974563.317426093,12985532.3,0.07785348796012836,0.0,
monthly,2024-01-01,pounds,dyoy_w6_d0.25,10588582.454418035,12985532.3,0.18458618331587107,0.0,
monthly,2024-01-01,pounds,dyoy_w6_d0.5,11054526.30883607,12985532.3,0.14870441554128122,0.0,
monthly,2024-01-01,pounds,dyoy_w6_d0.75,11520470.163254105,12985532.3,0.1128226477666916,0.0,
monthly,2024-01-01,pounds,dyoy_w6_d1.0,11986414.01767214,12985532.3,0.07694087999210175,0.0,
monthly,2024-01-01,pounds,dyoy_w12_d0.25,10577206.10538579,12985532.3,0.1854622620756341,0.0,
monthly,2024-01-01,pounds,dyoy_w12_d0.5,11031773.61077158,12985532.3,0.15045657306080717,0.0,
monthly,2024-01-01,pounds,dyoy_w12_d0.75,11486341.11615737,12985532.3,0.11545088404598025,0.0,
monthly,2024-01-01,pounds,dyoy_w12_d1.0,11940908.62154316,12985532.3,0.08044519503115333,0.0,
monthly,2024-01-01,pounds,damped_yoy_auto,11986414.01767214,12985532.3,0.07694087999210175,0.18,
monthly,2024-01-01,pounds,snaive_level12,11946484.216835717,12985532.3,0.08001582523993134,0.0,
monthly,2024-01-01,pounds,seasonal_index_level,11940908.621543156,12985532.3,0.08044519503115366,0.0,
monthly,2024-01-01,pounds,combo_stat_median,12371753.745434942,12985532.3,0.04726633767374011,0.2,
monthly,2024-01-01,pounds,combo_ratio_mean,11929340.49567031,12985532.3,0.08133604229144242,0.16,
monthly,2024-01-01,individuals,seasonal_naive,507518.0,769344.0,0.34032370435071957,0.0,
monthly,2024-01-01,individuals,damped_yoy_3m,617283.8572628958,769344.0,0.1976490916119502,0.0,
monthly,2024-01-01,individuals,sf_ets_log,691318.3988400251,769344.0,0.10141835272644606,0.02,
monthly,2024-01-01,individuals,sf_ets_level,695860.612236269,769344.0,0.09551434438135731,0.03,
monthly,2024-01-01,individuals,sf_arima_log,750242.8496404827,769344.0,0.024827840809205415,0.13,
monthly,2024-01-01,individuals,sf_theta_log,724132.1017474069,769344.0,0.05876681725287147,0.0,
monthly,2024-01-01,individuals,sf_ces_log,718603.3032551375,769344.0,0.06595319745765549,0.0,
monthly,2024-01-01,individuals,sf_mstl_log,701753.0600987376,769344.0,0.08785528957301603,0.01,
monthly,2024-01-01,individuals,ratio_ses,739052.8611063653,769344.0,0.03937268490250745,0.0,
monthly,2024-01-01,individuals,ratio_ets_auto,739052.8611063653,769344.0,0.03937268490250745,0.0,
monthly,2024-01-01,individuals,ratio_arima,723288.9834889205,769344.0,0.05986270967353946,0.12,
monthly,2024-01-01,individuals,ratio_theta,740219.6679748204,769344.0,0.03785605922081625,0.0,
monthly,2024-01-01,individuals,ratio_mean3_half,607496.0511525485,769344.0,0.2103713668364886,0.0,
monthly,2024-01-01,individuals,dyoy_w1_d0.25,565401.8030672899,769344.0,0.2650858353775556,0.0,
monthly,2024-01-01,individuals,dyoy_w1_d0.5,623285.6061345799,769344.0,0.1898479664043915,0.0,
monthly,2024-01-01,individuals,dyoy_w1_d0.75,681169.4092018696,769344.0,0.11461009743122763,0.0,
monthly,2024-01-01,individuals,dyoy_w1_d1.0,739053.2122691595,769344.0,0.03937222845806365,0.0,
monthly,2024-01-01,individuals,dyoy_w3_d0.25,562400.9286314478,769344.0,0.26898639798133495,0.0,
monthly,2024-01-01,individuals,dyoy_w3_d0.5,617283.8572628958,769344.0,0.1976490916119502,0.0,
monthly,2024-01-01,individuals,dyoy_w3_d0.75,672166.7858943437,769344.0,0.12631178524256548,0.0,
monthly,2024-01-01,individuals,dyoy_w3_d1.0,727049.7145257916,769344.0,0.054974478873180854,0.0,
monthly,2024-01-01,individuals,dyoy_w6_d0.25,555272.1491400319,769344.0,0.2782524473577075,0.0,
monthly,2024-01-01,individuals,dyoy_w6_d0.5,603026.2982800639,769344.0,0.2161811903646953,0.0,
monthly,2024-01-01,individuals,dyoy_w6_d0.75,650780.4474200959,769344.0,0.154109933371683,0.0,
monthly,2024-01-01,individuals,dyoy_w6_d1.0,698534.5965601278,769344.0,0.09203867637867091,0.0,
monthly,2024-01-01,individuals,dyoy_w12_d0.25,552644.7001886431,769344.0,0.28166762827988123,0.0,
monthly,2024-01-01,individuals,dyoy_w12_d0.5,597771.4003772862,769344.0,0.22301155220904267,0.0,
monthly,2024-01-01,individuals,dyoy_w12_d0.75,642898.1005659293,769344.0,0.16435547613820434,0.0,
monthly,2024-01-01,individuals,dyoy_w12_d1.0,688024.8007545724,769344.0,0.105699400067366,0.0,
monthly,2024-01-01,individuals,damped_yoy_auto,739053.2122691595,769344.0,0.03937222845806365,0.18,
monthly,2024-01-01,individuals,snaive_level12,688661.2573368254,769344.0,0.10487212828484349,0.0,
monthly,2024-01-01,individuals,seasonal_index_level,688024.8007545724,769344.0,0.105699400067366,0.0,
monthly,2024-01-01,individuals,combo_stat_median,731592.481426886,769344.0,0.049069751077689516,0.25,
monthly,2024-01-01,individuals,combo_ratio_mean,734187.1708567021,769344.0,0.045697151265620906,0.12,
monthly,2024-02-01,visits,seasonal_naive,160582.0,239827.0,0.3304256818456638,0.0,
monthly,2024-02-01,visits,damped_yoy_3m,192609.59031509492,239827.0,0.1968811254984013,0.0,
monthly,2024-02-01,visits,sf_ets_log,244138.61083799097,239827.0,0.017978004303064177,0.03,
monthly,2024-02-01,visits,sf_ets_level,237007.78689967957,239827.0,0.011755194787577805,0.03,
monthly,2024-02-01,visits,sf_arima_log,205093.83921722602,239827.0,0.14482589859679673,0.12,
monthly,2024-02-01,visits,sf_theta_log,239785.56266645165,239827.0,0.00017278010210841632,0.0,
monthly,2024-02-01,visits,sf_ces_log,245275.89199300858,239827.0,0.02272009403865538,0.0,
monthly,2024-02-01,visits,sf_mstl_log,239204.6756647456,239827.0,0.0025948885457200976,0.01,
monthly,2024-02-01,visits,ratio_ses,205126.14632489646,239827.0,0.144691188544674,0.0,
monthly,2024-02-01,visits,ratio_ets_auto,205126.14632489646,239827.0,0.144691188544674,0.0,
monthly,2024-02-01,visits,ratio_arima,205093.8389740264,239827.0,0.14482589961085945,0.12,
monthly,2024-02-01,visits,ratio_theta,233877.06694336198,239827.0,0.024809271085565965,0.0,
monthly,2024-02-01,visits,ratio_mean3_half,189944.8757799527,239827.0,0.2079921118975232,0.0,
monthly,2024-02-01,visits,dyoy_w1_d0.25,178997.30946661704,239827.0,0.25363987596635473,0.0,
monthly,2024-02-01,visits,dyoy_w1_d0.5,197412.61893323407,239827.0,0.1768540700870458,0.0,
monthly,2024-02-01,visits,dyoy_w1_d0.75,215827.92839985105,239827.0,0.10006826420773707,0.0,
monthly,2024-02-01,visits,dyoy_w1_d1.0,234243.2378664681,239827.0,0.023282458328428013,0.0,
monthly,2024-02-01,visits,dyoy_w3_d0.25,176595.79515754746,239827.0,0.2636534036720325,0.0,
monthly,2024-02-01,visits,dyoy_w3_d0.5,192609.59031509492,239827.0,0.1968811254984013,0.0,
monthly,2024-02-01,visits,dyoy_w3_d0.75,208623.38547264235,239827.0,0.13010884732477013,0.0,
monthly,2024-02-01,visits,dyoy_w3_d1.0,224637.1806301898,239827.0,0.06333656915113894,0.0,
monthly,2024-02-01,visits,dyoy_w6_d0.25,173478.0053151681,239827.0,0.27665356563202603,0.0,
monthly,2024-02-01,visits,dyoy_w6_d0.5,186374.01063033615,239827.0,0.2228814494183885,0.0,
monthly,2024-02-01,visits,dyoy_w6_d0.75,199270.01594550424,239827.0,0.16910933320475074,0.0,
monthly,2024-02-01,visits,dyoy_w6_d1.0,212166.02126067234,239827.0,0.11533721699111299,0.0,
monthly,2024-02-01,visits,dyoy_w12_d0.25,171658.04340785265,239827.0,0.2842422103939396,0.0,
monthly,2024-02-01,visits,dyoy_w12_d0.5,182734.0868157053,239827.0,0.23805873894221552,0.0,
monthly,2024-02-01,visits,dyoy_w12_d0.75,193810.13022355796,239827.0,0.19187526749049122,0.01,
monthly,2024-02-01,visits,dyoy_w12_d1.0,204886.1736314106,239827.0,0.14569179603876703,0.0,
monthly,2024-02-01,visits,damped_yoy_auto,212166.02126067234,239827.0,0.11533721699111299,0.22,
monthly,2024-02-01,visits,snaive_level12,204291.12487717648,239827.0,0.1481729543496917,0.0,
monthly,2024-02-01,visits,seasonal_index_level,204886.1736314106,239827.0,0.14569179603876703,0.0,
monthly,2024-02-01,visits,combo_stat_median,225975.791963562,239827.0,0.0577549985466107,0.23,
monthly,2024-02-01,visits,combo_ratio_mean,214699.01741409497,239827.0,0.1047754530803664,0.14,
monthly,2024-02-01,pounds,seasonal_naive,9274713.33,12473176.99,0.2564273450592639,0.0,
monthly,2024-02-01,pounds,damped_yoy_3m,10282635.8881281,12473176.99,0.17562014101364087,0.0,
monthly,2024-02-01,pounds,sf_ets_log,13327783.83345671,12473176.99,0.06851557098419003,0.03,
monthly,2024-02-01,pounds,sf_ets_level,13151768.156203484,12473176.99,0.054404035695759356,0.04,
monthly,2024-02-01,pounds,sf_arima_log,11016230.215618968,12473176.99,0.11680638986756109,0.13,
monthly,2024-02-01,pounds,sf_theta_log,12971182.209283197,12473176.99,0.039926092581100914,0.0,
monthly,2024-02-01,pounds,sf_ces_log,11429782.079644283,12473176.99,0.08365109476055921,0.0,
monthly,2024-02-01,pounds,sf_mstl_log,10917153.551416123,12473176.99,0.12474956779907576,0.01,
monthly,2024-02-01,pounds,ratio_ses,11016628.056317542,12473176.99,0.11677449416858299,0.0,
monthly,2024-02-01,pounds,ratio_ets_auto,11016698.408233201,12473176.99,0.11676885391223801,0.0,
monthly,2024-02-01,pounds,ratio_arima,11016230.215618962,12473176.99,0.11680638986756153,0.12,
monthly,2024-02-01,pounds,ratio_theta,11154315.438839525,12473176.99,0.10573581632152207,0.0,
monthly,2024-02-01,pounds,ratio_mean3_half,10239323.16208695,12473176.99,0.17909261046355518,0.0,
monthly,2024-02-01,pounds,dyoy_w1_d0.25,9930484.00924175,12473176.99,0.2038528742754776,0.0,
monthly,2024-02-01,pounds,dyoy_w1_d0.5,10586254.6884835,12473176.99,0.1512784034916913,0.0,
monthly,2024-02-01,pounds,dyoy_w1_d0.75,11242025.367725251,12473176.99,0.098703932707905,0.0,
monthly,2024-02-01,pounds,dyoy_w1_d1.0,11897796.046967002,12473176.99,0.04612946192411871,0.0,
monthly,2024-02-01,pounds,dyoy_w3_d0.25,9778674.60906405,12473176.99,0.21602374303645233,0.0,
monthly,2024-02-01,pounds,dyoy_w3_d0.5,10282635.8881281,12473176.99,0.17562014101364087,0.0,
monthly,2024-02-01,pounds,dyoy_w3_d0.75,10786597.16719215,12473176.99,0.1352165389908293,0.0,
monthly,2024-02-01,pounds,dyoy_w3_d1.0,11290558.4462562,12473176.99,0.09481293696801785,0.0,
monthly,2024-02-01,pounds,dyoy_w6_d0.25,9739229.632983135,12473176.99,0.2191861270956651,0.0,
monthly,2024-02-01,pounds,dyoy_w6_d0.5,10203745.93596627,12473176.99,0.1819449091320663,0.0,
monthly,2024-02-01,pounds,dyoy_w6_d0.75,10668262.238949405,12473176.99,0.14470369116846749,0.0,
monthly,2024-02-01,pounds,dyoy_w6_d1.0,11132778.54193254,12473176.99,0.10746247320486868,0.0,
monthly,2024-02-01,pounds,dyoy_w12_d0.25,9712945.945567466,12473176.99,0.2212933438405843,0.0,
monthly,2024-02-01,pounds,dyoy_w12_d0.5,10151178.561134934,12473176.99,0.18615934262190448,0.0,
monthly,2024-02-01,pounds,dyoy_w12_d0.75,10589411.176702403,12473176.99,0.15102534140322477,0.0,
monthly,2024-02-01,pounds,dyoy_w12_d1.0,11027643.79226987,12473176.99,0.11589134018454506,0.0,
monthly,2024-02-01,pounds,damped_yoy_auto,11132778.54193254,12473176.99,0.10746247320486868,0.28,
monthly,2024-02-01,pounds,snaive_level12,11029960.716402922,12473176.99,0.11570558765855199,0.0,
monthly,2024-02-01,pounds,seasonal_index_level,11027643.792269867,12473176.99,0.11589134018454539,0.0,
monthly,2024-02-01,pounds,combo_stat_median,12051980.375607869,12473176.99,0.03376819031188394,0.28,
monthly,2024-02-01,pounds,combo_ratio_mean,11062391.236925343,12473176.99,0.1131055667858889,0.18,
monthly,2024-02-01,individuals,seasonal_naive,487084.0,754960.0,0.354821447493907,0.0,
monthly,2024-02-01,individuals,damped_yoy_3m,602512.1919684208,754960.0,0.2019283247212823,0.0,
monthly,2024-02-01,individuals,sf_ets_log,780927.982776074,754960.0,0.03439650150481355,0.03,
monthly,2024-02-01,individuals,sf_ets_level,768846.232480242,754960.0,0.01839333538232757,0.03,
monthly,2024-02-01,individuals,sf_arima_log,724523.7838055475,754960.0,0.04031500502603114,0.24,
monthly,2024-02-01,individuals,sf_theta_log,757704.122965747,754960.0,0.0036347925264212932,0.0,
monthly,2024-02-01,individuals,sf_ces_log,737458.0438699407,754960.0,0.023182627066413164,0.01,
monthly,2024-02-01,individuals,sf_mstl_log,722094.336066265,754960.0,0.0435329870903558,0.01,
monthly,2024-02-01,individuals,ratio_ses,738365.2355868752,754960.0,0.021980984970229933,0.0,
monthly,2024-02-01,individuals,ratio_ets_auto,738365.2355868752,754960.0,0.021980984970229933,0.0,
monthly,2024-02-01,individuals,ratio_arima,722258.3286983134,754960.0,0.04331576679782578,0.21,
monthly,2024-02-01,individuals,ratio_theta,740380.7773418267,754960.0,0.019311251799000395,0.0,
monthly,2024-02-01,individuals,ratio_mean3_half,591261.8079778182,754960.0,0.21683028507759594,0.0,
monthly,2024-02-01,individuals,dyoy_w1_d0.25,549905.0503785087,754960.0,0.2716103497158674,0.0,
monthly,2024-02-01,individuals,dyoy_w1_d0.5,612726.1007570175,754960.0,0.1883992519378278,0.0,
monthly,2024-02-01,individuals,dyoy_w1_d0.75,675547.1511355262,754960.0,0.10518815415978822,0.0,
monthly,2024-02-01,individuals,dyoy_w1_d1.0,738368.201514035,754960.0,0.02197705638174874,0.0,
monthly,2024-02-01,individuals,dyoy_w3_d0.25,544798.0959842104,754960.0,0.27837488610759464,0.0,
monthly,2024-02-01,individuals,dyoy_w3_d0.5,602512.1919684208,754960.0,0.2019283247212823,0.0,
monthly,2024-02-01,individuals,dyoy_w3_d0.75,660226.2879526311,754960.0,0.12548176333496985,0.0,
monthly,2024-02-01,individuals,dyoy_w3_d1.0,717940.3839368415,754960.0,0.049035201948657514,0.0,
monthly,2024-02-01,individuals,dyoy_w6_d0.25,536783.6353274003,754960.0,0.2889906282089113,0.0,
monthly,2024-02-01,individuals,dyoy_w6_d0.5,586483.2706548007,754960.0,0.22315980892391563,0.0,
monthly,2024-02-01,individuals,dyoy_w6_d0.75,636182.9059822011,754960.0,0.15732898963891984,0.0,
monthly,2024-02-01,individuals,dyoy_w6_d1.0,685882.5413096014,754960.0,0.09149817035392416,0.0,
monthly,2024-02-01,individuals,dyoy_w12_d0.25,531608.7691386858,754960.0,0.2958451187629997,0.0,
monthly,2024-02-01,individuals,dyoy_w12_d0.5,576133.5382773716,754960.0,0.23686879003209238,0.0,
monthly,2024-02-01,individuals,dyoy_w12_d0.75,620658.3074160574,754960.0,0.17789246130118486,0.0,
monthly,2024-02-01,individuals,dyoy_w12_d1.0,665183.0765547432,754960.0,0.11891613257027756,0.0,
monthly,2024-02-01,individuals,damped_yoy_auto,738368.201514035,754960.0,0.02197705638174874,0.22,
monthly,2024-02-01,individuals,snaive_level12,664487.0968170476,754960.0,0.11983800887855312,0.0,
monthly,2024-02-01,individuals,seasonal_index_level,665183.0765547432,754960.0,0.11891613257027756,0.0,
monthly,2024-02-01,individuals,combo_stat_median,748036.162239891,754960.0,0.009171131927663723,0.26,
monthly,2024-02-01,individuals,combo_ratio_mean,733668.1138756718,754960.0,0.02820266785568537,0.22,
monthly,2024-03-01,visits,seasonal_naive,190705.0,233598.0,0.18361886659988524,0.0,
monthly,2024-03-01,visits,damped_yoy_3m,233358.91941047253,233598.0,0.0010234701903589771,0.0,
monthly,2024-03-01,visits,sf_ets_log,248723.4035516772,233598.0,0.06474971340369873,0.02,
monthly,2024-03-01,visits,sf_ets_level,238886.99615331757,233598.0,0.02264144450430905,0.02,
monthly,2024-03-01,visits,sf_arima_log,281535.8086960255,233598.0,0.20521497913520448,0.08,
monthly,2024-03-01,visits,sf_theta_log,242474.98375224703,233598.0,0.03800111196263245,0.0,
monthly,2024-03-01,visits,sf_ces_log,259399.50806323768,233598.0,0.1104526068854943,0.0,
monthly,2024-03-01,visits,sf_mstl_log,245934.76635328127,233598.0,0.0528119519571284,0.01,
monthly,2024-03-01,visits,ratio_ses,264805.7315911319,233598.0,0.13359588520078036,0.0,
monthly,2024-03-01,visits,ratio_ets_auto,264805.7315911319,233598.0,0.13359588520078036,0.0,
monthly,2024-03-01,visits,ratio_arima,289575.7539837282,233598.0,0.23963284781431415,0.16,
monthly,2024-03-01,visits,ratio_theta,286576.07925312675,233598.0,0.22679166453962263,0.0,
monthly,2024-03-01,visits,ratio_mean3_half,229349.72437105596,233598.0,0.01818626712961602,0.0,
monthly,2024-03-01,visits,dyoy_w1_d0.25,214232.57115523532,233598.0,0.08290066201236601,0.0,
monthly,2024-03-01,visits,dyoy_w1_d0.5,237760.14231047063,233598.0,0.017817542575153222,0.0,
monthly,2024-03-01,visits,dyoy_w1_d0.75,261287.713465706,233598.0,0.11853574716267268,0.0,
monthly,2024-03-01,visits,dyoy_w1_d1.0,284815.2846209413,233598.0,0.2192539517501919,0.0,
monthly,2024-03-01,visits,dyoy_w3_d0.25,212031.95970523625,233598.0,0.09232116839512217,0.0,
monthly,2024-03-01,visits,dyoy_w3_d0.5,233358.91941047253,233598.0,0.0010234701903589771,0.0,
monthly,2024-03-01,visits,dyoy_w3_d0.75,254685.8791157088,233598.0,0.09027422801440421,0.0,
monthly,2024-03-01,visits,dyoy_w3_d1.0,276012.83882094506,233598.0,0.1815719262191673,0.0,
monthly,2024-03-01,visits,dyoy_w6_d0.25,208044.8828686252,233598.0,0.10938928043636853,0.0,
monthly,2024-03-01,visits,dyoy_w6_d0.5,225384.76573725042,233598.0,0.035159694272851594,0.0,
monthly,2024-03-01,visits,dyoy_w6_d0.75,242724.64860587567,233598.0,0.039069891890665565,0.0,
monthly,2024-03-01,visits,dyoy_w6_d1.0,260064.53147450087,233598.0,0.11329947805418228,0.0,
monthly,2024-03-01,visits,dyoy_w12_d0.25,205874.51557043067,233598.0,0.11868031588271022,0.0,
monthly,2024-03-01,visits,dyoy_w12_d0.5,221044.03114086133,233598.0,0.05374176516553508,0.0,
monthly,2024-03-01,visits,dyoy_w12_d0.75,236213.546711292,233598.0,0.011196785551639943,0.0,
monthly,2024-03-01,visits,dyoy_w12_d1.0,251383.06228172267,233598.0,0.07613533626881508,0.0,
monthly,2024-03-01,visits,damped_yoy_auto,284815.2846209413,233598.0,0.2192539517501919,0.26,
monthly,2024-03-01,visits,snaive_level12,251400.9946712127,233598.0,0.07621210229202613,0.0,
monthly,2024-03-01,visits,seasonal_index_level,251383.0622817226,233598.0,0.07613533626881486,0.0,
monthly,2024-03-01,visits,combo_stat_median,256764.56757140456,233598.0,0.09917279930223954,0.29,
monthly,2024-03-01,visits,combo_ratio_mean,280319.1882759956,233598.0,0.20000679918490571,0.15,
monthly,2024-03-01,pounds,seasonal_naive,11291505.7,12216851.57,0.07574339957377418,0.0,
monthly,2024-03-01,pounds,damped_yoy_3m,12863336.861228583,12216851.57,0.052917503951354306,0.0,
monthly,2024-03-01,pounds,sf_ets_log,13414482.586269993,12216851.57,0.09803106875841272,0.04,
monthly,2024-03-01,pounds,sf_ets_level,13224602.087811073,12216851.57,0.08248856197006837,0.03,
monthly,2024-03-01,pounds,sf_arima_log,15185477.33697926,12216851.57,0.2429943385961315,0.07,
monthly,2024-03-01,pounds,sf_theta_log,12841901.187533071,12216851.57,0.051162905102977385,0.0,
monthly,2024-03-01,pounds,sf_ces_log,15048517.73248401,12216851.57,0.23178362659635798,0.0,
monthly,2024-03-01,pounds,sf_mstl_log,14631331.12557483,12216851.57,0.19763517152847188,0.0,
monthly,2024-03-01,pounds,ratio_ses,15110680.691779518,12216851.57,0.23687192278620106,0.0,
monthly,2024-03-01,pounds,ratio_ets_auto,14845593.565502107,12216851.57,0.21517344140918526,0.0,
monthly,2024-03-01,pounds,ratio_arima,15185477.336979195,12216851.57,0.24299433859612618,0.09,
monthly,2024-03-01,pounds,ratio_theta,15137705.320377525,12216851.57,0.23908400078708048,0.0,
monthly,2024-03-01,pounds,ratio_mean3_half,12768712.114834435,12216851.57,0.04517207577356497,0.0,
monthly,2024-03-01,pounds,dyoy_w1_d0.25,12264998.609244797,12216851.57,0.003941034968700796,0.0,
monthly,2024-03-01,pounds,dyoy_w1_d0.5,13238491.518489597,12216851.57,0.083625469511176,0.0,
monthly,2024-03-01,pounds,dyoy_w1_d0.75,14211984.427734395,12216851.57,0.16330990405365098,0.0,
monthly,2024-03-01,pounds,dyoy_w1_d1.0,15185477.336979195,12216851.57,0.24299433859612618,0.0,
monthly,2024-03-01,pounds,dyoy_w3_d0.25,12077421.280614292,12216851.57,0.01141294781120994,0.0,
monthly,2024-03-01,pounds,dyoy_w3_d0.5,12863336.861228583,12216851.57,0.052917503951354306,0.0,
monthly,2024-03-01,pounds,dyoy_w3_d0.75,13649252.441842875,12216851.57,0.11724795571391833,0.0,
monthly,2024-03-01,pounds,dyoy_w3_d1.0,14435168.022457168,12216851.57,0.18157840747648257,0.0,
monthly,2024-03-01,pounds,dyoy_w6_d0.25,11913872.46149994,12216851.57,0.024800097370754837,0.0,
monthly,2024-03-01,pounds,dyoy_w6_d0.5,12536239.22299988,12216851.57,0.02614320483226429,0.0,
monthly,2024-03-01,pounds,dyoy_w6_d0.75,13158605.98449982,12216851.57,0.07708650703528352,0.0,
monthly,2024-03-01,pounds,dyoy_w6_d1.0,13780972.74599976,12216851.57,0.12802980923830276,0.0,
monthly,2024-03-01,pounds,dyoy_w12_d0.25,11851469.427351395,12216851.57,0.02990804468361119,0.0,
monthly,2024-03-01,pounds,dyoy_w12_d0.5,12411433.154702788,12216851.57,0.01592731020655158,0.0,
monthly,2024-03-01,pounds,dyoy_w12_d0.75,12971396.882054185,12216851.57,0.06176266509671491,0.0,
monthly,2024-03-01,pounds,dyoy_w12_d1.0,13531360.609405579,12216851.57,0.10759801998687779,0.0,
monthly,2024-03-01,pounds,damped_yoy_auto,15185477.336979195,12216851.57,0.24299433859612618,0.26,
monthly,2024-03-01,pounds,snaive_level12,13529337.944110144,12216851.57,0.10743245643854071,0.0,
monthly,2024-03-01,pounds,seasonal_index_level,13531360.60940558,12216851.57,0.10759801998687779,0.01,
monthly,2024-03-01,pounds,combo_stat_median,14262581.639024757,12216851.57,0.167451495772307,0.27,
monthly,2024-03-01,pounds,combo_ratio_mean,15144621.116378745,12216851.57,0.23965008738980242,0.08,
monthly,2024-03-01,individuals,seasonal_naive,594339.0,739082.0,0.1958415980906043,0.0,
monthly,2024-03-01,individuals,damped_yoy_3m,745362.3936149821,739082.0,0.008497559966258228,0.0,
monthly,2024-03-01,individuals,sf_ets_log,788466.8010386239,739082.0,0.06681910943389768,0.02,
monthly,2024-03-01,individuals,sf_ets_level,778120.7019716027,739082.0,0.052820528671517764,0.02,
monthly,2024-03-01,individuals,sf_arima_log,921200.8019971943,739082.0,0.24641217347627764,0.07,
monthly,2024-03-01,individuals,sf_theta_log,767463.4907763588,739082.0,0.03840100391615375,0.0,
monthly,2024-03-01,individuals,sf_ces_log,935409.6906329138,739082.0,0.2656372237896658,0.0,
monthly,2024-03-01,individuals,sf_mstl_log,921687.8872886047,739082.0,0.24707121441004487,0.01,
monthly,2024-03-01,individuals,ratio_ses,921198.7545232387,739082.0,0.24640940318291982,0.0,
monthly,2024-03-01,individuals,ratio_ets_auto,921198.7545232387,739082.0,0.24640940318291982,0.0,
monthly,2024-03-01,individuals,ratio_arima,921200.8019971915,739082.0,0.24641217347627387,0.11,
monthly,2024-03-01,individuals,ratio_theta,926181.6459826998,739082.0,0.25315140401565706,0.0,
monthly,2024-03-01,individuals,ratio_mean3_half,729574.7678862083,739082.0,0.012863568743105347,0.0,
monthly,2024-03-01,individuals,dyoy_w1_d0.25,676054.4504992979,739082.0,0.0852781551988846,0.0,
monthly,2024-03-01,individuals,dyoy_w1_d0.5,757769.9009985958,739082.0,0.02528528769283489,0.0,
monthly,2024-03-01,individuals,dyoy_w1_d0.75,839485.3514978936,739082.0,0.13584873058455438,0.0,
monthly,2024-03-01,individuals,dyoy_w1_d1.0,921200.8019971915,739082.0,0.24641217347627387,0.0,
monthly,2024-03-01,individuals,dyoy_w3_d0.25,669850.6968074911,739082.0,0.09367201906217293,0.0,
monthly,2024-03-01,individuals,dyoy_w3_d0.5,745362.3936149821,739082.0,0.008497559966258228,0.0,
monthly,2024-03-01,individuals,dyoy_w3_d0.75,820874.0904224733,739082.0,0.1106671389946896,0.0,
monthly,2024-03-01,individuals,dyoy_w3_d1.0,896385.7872299644,739082.0,0.2128367180231212,0.0,
monthly,2024-03-01,individuals,dyoy_w6_d0.25,659820.3394702185,739082.0,0.10724339184255804,0.0,
monthly,2024-03-01,individuals,dyoy_w6_d0.5,725301.6789404372,739082.0,0.01864518559451167,0.0,
monthly,2024-03-01,individuals,dyoy_w6_d0.75,790783.0184106558,739082.0,0.06995302065353481,0.0,
monthly,2024-03-01,individuals,dyoy_w6_d1.0,856264.3578808743,739082.0,0.15855122690158097,0.0,
monthly,2024-03-01,individuals,dyoy_w12_d0.25,650446.0547418537,739082.0,0.1199270788060679,0.0,
monthly,2024-03-01,individuals,dyoy_w12_d0.5,706553.1094837076,739082.0,0.04401255952153138,0.0,
monthly,2024-03-01,individuals,dyoy_w12_d0.75,762660.1642255613,739082.0,0.03190195976300503,0.0,
monthly,2024-03-01,individuals,dyoy_w12_d1.0,818767.218967415,739082.0,0.10781647904754155,0.0,
monthly,2024-03-01,individuals,damped_yoy_auto,921200.8019971915,739082.0,0.24641217347627387,0.23,
monthly,2024-03-01,individuals,snaive_level12,816738.188637791,739082.0,0.10507114046586308,0.0,
monthly,2024-03-01,individuals,seasonal_index_level,818767.218967415,739082.0,0.10781647904754155,0.0,
monthly,2024-03-01,individuals,combo_stat_median,854832.7777809313,739082.0,0.15661425630840875,0.25,
monthly,2024-03-01,individuals,combo_ratio_mean,922860.4008343768,739082.0,0.2486576602249504,0.09,
monthly,2024-04-01,visits,seasonal_naive,191473.0,238454.0,0.19702332525350796,0.0,
monthly,2024-04-01,visits,damped_yoy_3m,228177.6399850138,238454.0,0.043095775348646614,0.0,
monthly,2024-04-01,visits,sf_ets_log,251506.78445066127,238454.0,0.05473921364565615,0.02,
monthly,2024-04-01,visits,sf_ets_level,235419.94131194154,238454.0,0.012723874156266857,0.02,
monthly,2024-04-01,visits,sf_arima_log,242779.0897245112,238454.0,0.018138046434579502,0.14,
monthly,2024-04-01,visits,sf_theta_log,240537.09605006085,238454.0,0.008735840246172577,0.0,
monthly,2024-04-01,visits,sf_ces_log,253437.97429492185,238454.0,0.06283800772862635,0.0,
monthly,2024-04-01,visits,sf_mstl_log,248203.28049883808,238454.0,0.04088537201656539,0.0,
monthly,2024-04-01,visits,ratio_ses,246457.42644988728,238454.0,0.03356381712987533,0.0,
monthly,2024-04-01,visits,ratio_ets_auto,246457.42644988728,238454.0,0.03356381712987533,0.0,
monthly,2024-04-01,visits,ratio_arima,246424.04196535813,238454.0,0.033423813252694945,0.08,
monthly,2024-04-01,visits,ratio_theta,264272.91984863894,238454.0,0.108276312616433,0.0,
monthly,2024-04-01,visits,ratio_mean3_half,225503.84464996614,238454.0,0.05430881994025627,0.0,
monthly,2024-04-01,visits,dyoy_w1_d0.25,202239.434268897,238454.0,0.15187233483650098,0.0,
monthly,2024-04-01,visits,dyoy_w1_d0.5,213005.86853779398,238454.0,0.10672134441949399,0.0,
monthly,2024-04-01,visits,dyoy_w1_d0.75,223772.30280669095,238454.0,0.061570354002487115,0.0,
monthly,2024-04-01,visits,dyoy_w1_d1.0,234538.73707558794,238454.0,0.016419363585480018,0.0,
monthly,2024-04-01,visits,dyoy_w3_d0.25,209825.3199925069,238454.0,0.12005955030107729,0.0,
monthly,2024-04-01,visits,dyoy_w3_d0.5,228177.6399850138,238454.0,0.043095775348646614,0.0,
monthly,2024-04-01,visits,dyoy_w3_d0.75,246529.95997752066,238454.0,0.03386799960378384,0.0,
monthly,2024-04-01,visits,dyoy_w3_d1.0,264882.27997002756,238454.0,0.1108317745562144,0.0,
monthly,2024-04-01,visits,dyoy_w6_d0.25,209213.65264980553,238454.0,0.12262468799095205,0.0,
monthly,2024-04-01,visits,dyoy_w6_d0.5,226954.305299611,238454.0,0.04822605072839625,0.0,
monthly,2024-04-01,visits,dyoy_w6_d0.75,244694.95794941648,238454.0,0.026172586534159548,0.0,
monthly,2024-04-01,visits,dyoy_w6_d1.0,262435.610599222,238454.0,0.10057122379671557,0.0,
monthly,2024-04-01,visits,dyoy_w12_d0.25,206300.17948663456,238454.0,0.1348428649272625,0.0,
monthly,2024-04-01,visits,dyoy_w12_d0.5,221127.3589732691,238454.0,0.07266240460101703,0.0,
monthly,2024-04-01,visits,dyoy_w12_d0.75,235954.53845990362,238454.0,0.01048194427477156,0.0,
monthly,2024-04-01,visits,dyoy_w12_d1.0,250781.71794653818,238454.0,0.05169851605147402,0.0,
monthly,2024-04-01,visits,damped_yoy_auto,234538.73707558794,238454.0,0.016419363585480018,0.29,
monthly,2024-04-01,visits,snaive_level12,250933.2702985969,238454.0,0.05233407826497727,0.0,
monthly,2024-04-01,visits,seasonal_index_level,250781.7179465382,238454.0,0.05169851605147402,0.0,
monthly,2024-04-01,visits,combo_stat_median,243497.26124997408,238454.0,0.021149828688024064,0.3,
monthly,2024-04-01,visits,combo_ratio_mean,252384.79608796144,238454.0,0.05842131433300102,0.1,
monthly,2024-04-01,pounds,seasonal_naive,10668544.88,12977668.52,0.17793054557075394,0.0,
monthly,2024-04-01,pounds,damped_yoy_3m,11882958.884443607,12977668.52,0.08435333618433283,0.0,
monthly,2024-04-01,pounds,sf_ets_log,13444272.7791888,12977668.52,0.03595439800837208,0.03,
monthly,2024-04-01,pounds,sf_ets_level,13248404.09839706,12977668.52,0.020861649993589193,0.04,
monthly,2024-04-01,pounds,sf_arima_log,12697911.54958697,12977668.52,0.02155679735400029,0.15,
monthly,2024-04-01,pounds,sf_theta_log,12622192.981933706,12977668.52,0.027391325145843193,0.0,
monthly,2024-04-01,pounds,sf_ces_log,13048928.554384002,12977668.52,0.005490973534590049,0.0,
monthly,2024-04-01,pounds,sf_mstl_log,13330268.073864186,12977668.52,0.027169714908405362,0.0,
monthly,2024-04-01,pounds,ratio_ses,12699370.780119477,12977668.52,0.02144435569853209,0.0,
monthly,2024-04-01,pounds,ratio_ets_auto,12547706.63063602,12977668.52,0.03313090396024232,0.0,
monthly,2024-04-01,pounds,ratio_arima,12697911.549586974,12977668.52,0.021556797354000068,0.16,
monthly,2024-04-01,pounds,ratio_theta,12817866.450556356,12977668.52,0.012313619291274946,0.0,
monthly,2024-04-01,pounds,ratio_mean3_half,11838050.752181932,12977668.52,0.08781375222073151,0.0,
monthly,2024-04-01,pounds,dyoy_w1_d0.25,10887118.341456467,12977668.52,0.16108827061823683,0.0,
monthly,2024-04-01,pounds,dyoy_w1_d0.5,11105691.802912934,12977668.52,0.1442459956657196,0.0,
monthly,2024-04-01,pounds,dyoy_w1_d0.75,11324265.264369398,12977668.52,0.1274037207132026,0.0,
monthly,2024-04-01,pounds,dyoy_w1_d1.0,11542838.725825865,12977668.52,0.11056144576068538,0.0,
monthly,2024-04-01,pounds,dyoy_w3_d0.25,11275751.882221803,12977668.52,0.13114194087754338,0.0,
monthly,2024-04-01,pounds,dyoy_w3_d0.5,11882958.884443607,12977668.52,0.08435333618433283,0.0,
monthly,2024-04-01,pounds,dyoy_w3_d0.75,12490165.886665408,12977668.52,0.03756473149112238,0.0,
monthly,2024-04-01,pounds,dyoy_w3_d1.0,13097372.888887212,12977668.52,0.009223873202088173,0.0,
monthly,2024-04-01,pounds,dyoy_w6_d0.25,11214437.26969926,12977668.52,0.13586656552241316,0.0,
monthly,2024-04-01,pounds,dyoy_w6_d0.5,11760329.65939852,12977668.52,0.0938025854740725,0.0,
monthly,2024-04-01,pounds,dyoy_w6_d0.75,12306222.049097782,12977668.52,0.0517386054257315,0.0,
monthly,2024-04-01,pounds,dyoy_w6_d1.0,12852114.438797042,12977668.52,0.009674625377390833,0.0,
monthly,2024-04-01,pounds,dyoy_w12_d0.25,11166405.159194997,12977668.52,0.13956770108695937,0.0,
monthly,2024-04-01,pounds,dyoy_w12_d0.5,11664265.438389992,12977668.52,0.10120485660316492,0.0,
monthly,2024-04-01,pounds,dyoy_w12_d0.75,12162125.71758499,12977668.52,0.06284201211937024,0.0,
monthly,2024-04-01,pounds,dyoy_w12_d1.0,12659985.996779986,12977668.52,0.02447916763557567,0.0,
monthly,2024-04-01,pounds,damped_yoy_auto,12852114.438797042,12977668.52,0.009674625377390833,0.24,
monthly,2024-04-01,pounds,snaive_level12,12661834.568690198,12977668.52,0.024336725107677704,0.0,
monthly,2024-04-01,pounds,seasonal_index_level,12659985.996779984,12977668.52,0.024479167635575894,0.0,
monthly,2024-04-01,pounds,combo_stat_median,12775742.60945826,12977668.52,0.015559490537961351,0.33,
monthly,2024-04-01,pounds,combo_ratio_mean,12738382.926754272,12977668.52,0.01843825744793548,0.22,
monthly,2024-04-01,individuals,seasonal_naive,593014.0,760721.0,0.22045796027715814,0.0,
monthly,2024-04-01,individuals,damped_yoy_3m,718869.9402866438,760721.0,0.05501499197913062,0.0,
monthly,2024-04-01,individuals,sf_ets_log,779175.7364724819,760721.0,0.02425953335386022,0.03,
monthly,2024-04-01,individuals,sf_ets_level,774427.8328547121,760721.0,0.01801821279379978,0.04,
monthly,2024-04-01,individuals,sf_arima_log,813114.0782143926,760721.0,0.06887292215463048,0.09,
monthly,2024-04-01,individuals,sf_theta_log,763815.998724587,760721.0,0.004068507014512557,0.0,
monthly,2024-04-01,individuals,sf_ces_log,791833.1409500033,760721.0,0.040898228062592246,0.0,
monthly,2024-04-01,individuals,sf_mstl_log,868344.3218508058,760721.0,0.1414754185184921,0.0,
monthly,2024-04-01,individuals,ratio_ses,813256.3686697877,760721.0,0.06905996898966582,0.0,
monthly,2024-04-01,individuals,ratio_ets_auto,770440.9421067778,760721.0,0.012777275909009678,0.01,
monthly,2024-04-01,individuals,ratio_arima,813114.0772094035,760721.0,0.0688729208335297,0.09,
monthly,2024-04-01,individuals,ratio_theta,833101.1007670031,760721.0,0.09514671051147938,0.0,
monthly,2024-04-01,individuals,ratio_mean3_half,709043.4982435572,760721.0,0.06793226656874574,0.0,
monthly,2024-04-01,individuals,dyoy_w1_d0.25,629119.0786680666,760721.0,0.17299630394314514,0.0,
monthly,2024-04-01,individuals,dyoy_w1_d0.5,665224.1573361331,760721.0,0.12553464760913258,0.0,
monthly,2024-04-01,individuals,dyoy_w1_d0.75,701329.2360041996,760721.0,0.0780729912751198,0.0,
monthly,2024-04-01,individuals,dyoy_w1_d1.0,737434.3146722662,760721.0,0.030611334941106905,0.0,
monthly,2024-04-01,individuals,dyoy_w3_d0.25,655941.9701433219,760721.0,0.13773647612814433,0.0,
monthly,2024-04-01,individuals,dyoy_w3_d0.5,718869.9402866438,760721.0,0.05501499197913062,0.0,
monthly,2024-04-01,individuals,dyoy_w3_d0.75,781797.9104299656,760721.0,0.02770649216988308,0.0,
monthly,2024-04-01,individuals,dyoy_w3_d1.0,844725.8805732875,760721.0,0.11042797631889689,0.0,
monthly,2024-04-01,individuals,dyoy_w6_d0.25,656526.0203998632,760721.0,0.13696871730915372,0.0,
monthly,2024-04-01,individuals,dyoy_w6_d0.5,720038.0407997264,760721.0,0.053479474341149524,0.0,
monthly,2024-04-01,individuals,dyoy_w6_d0.75,783550.0611995897,760721.0,0.030009768626855005,0.0,
monthly,2024-04-01,individuals,dyoy_w6_d1.0,847062.0815994529,760721.0,0.11349901159485909,0.0,
monthly,2024-04-01,individuals,dyoy_w12_d0.25,647168.9048488245,760721.0,0.1492690423311247,0.0,
monthly,2024-04-01,individuals,dyoy_w12_d0.5,701323.8096976489,760721.0,0.07808012438509149,0.0,
monthly,2024-04-01,individuals,dyoy_w12_d0.75,755478.7145464732,760721.0,0.006891206439058162,0.0,
monthly,2024-04-01,individuals,dyoy_w12_d1.0,809633.6193952976,760721.0,0.06429771150697516,0.0,
monthly,2024-04-01,individuals,damped_yoy_auto,737434.3146722662,760721.0,0.030611334941106905,0.25,
monthly,2024-04-01,individuals,snaive_level12,808502.2456684388,760721.0,0.06281047278626306,0.0,
monthly,2024-04-01,individuals,seasonal_index_level,809633.6193952977,760721.0,0.06429771150697516,0.0,
monthly,2024-04-01,individuals,combo_stat_median,771495.8675985344,760721.0,0.014164020184186388,0.3,
monthly,2024-04-01,individuals,combo_ratio_mean,819823.8488820648,760721.0,0.07769320011155845,0.07,
monthly,2024-05-01,visits,seasonal_naive,203291.0,236713.0,0.14119207648080168,0.0,
monthly,2024-05-01,visits,damped_yoy_3m,234962.79842748173,236713.0,0.007393770399252597,0.0,
monthly,2024-05-01,visits,sf_ets_log,255057.21462220314,236713.0,0.0774955943366149,0.03,
monthly,2024-05-01,visits,sf_ets_level,237405.4656857344,236713.0,0.002925338641031061,0.03,
monthly,2024-05-01,visits,sf_arima_log,242278.5518425119,236713.0,0.023511813219011524,0.11,
monthly,2024-05-01,visits,sf_theta_log,242012.83290288527,236713.0,0.022389276900234734,0.0,
monthly,2024-05-01,visits,sf_ces_log,257779.99379818037,236713.0,0.08899804319230609,0.0,
monthly,2024-05-01,visits,sf_mstl_log,255201.87606436142,236713.0,0.07810672022390586,0.0,
monthly,2024-05-01,visits,ratio_ses,261140.70538103124,236713.0,0.1031954534859989,0.0,
monthly,2024-05-01,visits,ratio_ets_auto,261140.70538103124,236713.0,0.1031954534859989,0.0,
monthly,2024-05-01,visits,ratio_arima,261096.6400220186,236713.0,0.10300929827267025,0.08,
monthly,2024-05-01,visits,ratio_theta,253814.87223317634,236713.0,0.07224728778384093,0.0,
monthly,2024-05-01,visits,ratio_mean3_half,233194.89527760062,236713.0,0.014862321555636493,0.0,
monthly,2024-05-01,visits,dyoy_w1_d0.25,215761.1844006727,236713.0,0.08851147000514248,0.0,
monthly,2024-05-01,visits,dyoy_w1_d0.5,228231.36880134538,236713.0,0.0358308635294835,0.0,
monthly,2024-05-01,visits,dyoy_w1_d0.75,240701.55320201803,236713.0,0.01684974294617536,0.0,
monthly,2024-05-01,visits,dyoy_w1_d1.0,253171.73760269073,236713.0,0.06953034942183467,0.0,
monthly,2024-05-01,visits,dyoy_w3_d0.25,219126.89921374086,236713.0,0.07429292344002714,0.0,
monthly,2024-05-01,visits,dyoy_w3_d0.5,234962.79842748173,236713.0,0.007393770399252597,0.0,
monthly,2024-05-01,visits,dyoy_w3_d0.75,250798.69764122265,236713.0,0.059505382641522164,0.0,
monthly,2024-05-01,visits,dyoy_w3_d1.0,266634.5968549635,236713.0,0.1264045356822967,0.0,
monthly,2024-05-01,visits,dyoy_w6_d0.25,221262.7015777635,236713.0,0.06527017283476821,0.0,
monthly,2024-05-01,visits,dyoy_w6_d0.5,239234.40315552702,236713.0,0.010651730811265248,0.0,
monthly,2024-05-01,visits,dyoy_w6_d0.75,257206.10473329047,236713.0,0.08657363445729849,0.0,
monthly,2024-05-01,visits,dyoy_w6_d1.0,275177.806311054,236713.0,0.16249553810333173,0.0,
monthly,2024-05-01,visits,dyoy_w12_d0.25,218824.7469249348,236713.0,0.07556937335535108,0.0,
monthly,2024-05-01,visits,dyoy_w12_d0.5,234358.49384986958,236713.0,0.009946670229900367,0.0,
monthly,2024-05-01,visits,dyoy_w12_d0.75,249892.24077480444,236713.0,0.055676032895550565,0.0,
monthly,2024-05-01,visits,dyoy_w12_d1.0,265425.9876997392,236713.0,0.12129873602100116,0.0,
monthly,2024-05-01,visits,damped_yoy_auto,253171.73760269073,236713.0,0.06953034942183467,0.29,
monthly,2024-05-01,visits,snaive_level12,265733.988559137,236713.0,0.12259989336934174,0.0,
monthly,2024-05-01,visits,seasonal_index_level,265425.9876997392,236713.0,0.12129873602100116,0.0,
monthly,2024-05-01,visits,combo_stat_median,254114.47611244692,236713.0,0.07351297187922468,0.27,
monthly,2024-05-01,visits,combo_ratio_mean,258684.07254540874,236713.0,0.09281734651416995,0.07,
monthly,2024-05-01,pounds,seasonal_naive,11622829.91,13259350.76,0.12342390510830714,0.0,
monthly,2024-05-01,pounds,damped_yoy_3m,12819715.666408252,13259350.76,0.03315660785730268,0.0,
monthly,2024-05-01,pounds,sf_ets_log,13583925.666028317,13259350.76,0.0244789440978872,0.04,
monthly,2024-05-01,pounds,sf_ets_level,13373787.121910699,13259350.76,0.00863061578067037,0.03,
monthly,2024-05-01,pounds,sf_arima_log,13852575.156578895,13259350.76,0.044740078704946784,0.11,
monthly,2024-05-01,pounds,sf_theta_log,12883451.760804748,13259350.76,0.028349728881842395,0.0,
monthly,2024-05-01,pounds,sf_ces_log,13907732.76593566,13259350.76,0.048899981429834316,0.0,
monthly,2024-05-01,pounds,sf_mstl_log,14070295.015588447,13259350.76,0.06116017822191222,0.01,
monthly,2024-05-01,pounds,ratio_ses,13853585.218166705,13259350.76,0.044816256008503474,0.0,
monthly,2024-05-01,pounds,ratio_ets_auto,13948353.421806207,13259350.76,0.051963529306785494,0.0,
monthly,2024-05-01,pounds,ratio_arima,13852575.156578891,13259350.76,0.04474007870494634,0.17,
monthly,2024-05-01,pounds,ratio_theta,14031208.266418701,13259350.76,0.058212315247530455,0.0,
monthly,2024-05-01,pounds,ratio_mean3_half,12783245.668766834,13259350.76,0.03590711942468938,0.0,
monthly,2024-05-01,pounds,dyoy_w1_d0.25,12251747.714882499,13259350.76,0.07599188401872414,0.0,
monthly,2024-05-01,pounds,dyoy_w1_d0.5,12880665.519764995,13259350.76,0.028559862929141255,0.0,
monthly,2024-05-01,pounds,dyoy_w1_d0.75,13509583.324647496,13259350.76,0.018872158160441854,0.0,
monthly,2024-05-01,pounds,dyoy_w1_d1.0,14138501.129529994,13259350.76,0.06630417925002496,0.0,
monthly,2024-05-01,pounds,dyoy_w3_d0.25,12221272.788204126,13259350.76,0.07829025648280485,0.0,
monthly,2024-05-01,pounds,dyoy_w3_d0.5,12819715.666408252,13259350.76,0.03315660785730268,0.0,
monthly,2024-05-01,pounds,dyoy_w3_d0.75,13418158.544612378,13259350.76,0.01197704076819961,0.0,
monthly,2024-05-01,pounds,dyoy_w3_d1.0,14016601.422816506,13259350.76,0.0571106893937019,0.0,
monthly,2024-05-01,pounds,dyoy_w6_d0.25,12237930.120741896,13259350.76,0.07703398588258659,0.0,
monthly,2024-05-01,pounds,dyoy_w6_d0.5,12853030.331483789,13259350.76,0.030644066656866364,0.0,
monthly,2024-05-01,pounds,dyoy_w6_d0.75,13468130.542225683,13259350.76,0.01574585256885408,0.0,
monthly,2024-05-01,pounds,dyoy_w6_d1.0,14083230.75296758,13259350.76,0.062135771794574524,0.0,
monthly,2024-05-01,pounds,dyoy_w12_d0.25,12190554.919230867,13259350.76,0.08060695128402595,0.0,
monthly,2024-05-01,pounds,dyoy_w12_d0.5,12758279.928461736,13259350.76,0.03778999745974465,0.0,
monthly,2024-05-01,pounds,dyoy_w12_d0.75,13326004.937692607,13259350.76,0.00502695636453665,0.0,
monthly,2024-05-01,pounds,dyoy_w12_d1.0,13893729.946923474,13259350.76,0.04784391018881795,0.0,
monthly,2024-05-01,pounds,damped_yoy_auto,14083230.75296758,13259350.76,0.062135771794574524,0.23,
monthly,2024-05-01,pounds,snaive_level12,13903552.84696859,13259350.76,0.04858473832006771,0.0,
monthly,2024-05-01,pounds,seasonal_index_level,13893729.946923472,13259350.76,0.04784391018881773,0.0,
monthly,2024-05-01,pounds,combo_stat_median,13718755.442097511,13259350.76,0.03464760005319523,0.28,
monthly,2024-05-01,pounds,combo_ratio_mean,13912456.213721432,13259350.76,0.04925621665366009,0.14,
monthly,2024-05-01,individuals,seasonal_naive,616373.0,762730.0,0.19188572627273082,0.0,
monthly,2024-05-01,individuals,damped_yoy_3m,723184.2080651587,762730.0,0.051847694380503295,0.0,
monthly,2024-05-01,individuals,sf_ets_log,789258.601173113,762730.0,0.03478111674263884,0.03,
monthly,2024-05-01,individuals,sf_ets_level,782351.9910781218,762730.0,0.025725998817565543,0.03,
monthly,2024-05-01,individuals,sf_arima_log,849894.5370777532,762730.0,0.11427967574076447,0.18,
monthly,2024-05-01,individuals,sf_theta_log,772936.7043957569,762730.0,0.013381805351509568,0.0,
monthly,2024-05-01,individuals,sf_ces_log,785983.0363248283,762730.0,0.03048658938920501,0.0,
monthly,2024-05-01,individuals,sf_mstl_log,817794.7898295654,762730.0,0.07219434115554058,0.0,
monthly,2024-05-01,individuals,ratio_ses,841560.1278290352,762730.0,0.10335259899182558,0.0,
monthly,2024-05-01,individuals,ratio_ets_auto,790497.4569654479,762730.0,0.03640535571624026,0.0,
monthly,2024-05-01,individuals,ratio_arima,846952.0605291509,762730.0,0.11042185377414149,0.14,
monthly,2024-05-01,individuals,ratio_theta,800398.7564877141,762730.0,0.04938675086559341,0.0,
monthly,2024-05-01,individuals,ratio_mean3_half,716748.4490842947,762730.0,0.06028548885674523,0.0,
monthly,2024-05-01,individuals,dyoy_w1_d0.25,659951.2573054768,762730.0,0.13475114744997996,0.0,
monthly,2024-05-01,individuals,dyoy_w1_d0.5,703529.5146109535,762730.0,0.0776165686272291,0.0,
monthly,2024-05-01,individuals,dyoy_w1_d0.75,747107.7719164303,762730.0,0.02048198980447824,0.0,
monthly,2024-05-01,individuals,dyoy_w1_d1.0,790686.0292219071,762730.0,0.03665258901827273,0.0,
monthly,2024-05-01,individuals,dyoy_w3_d0.25,669778.6040325793,762730.0,0.12186671032661711,0.0,
monthly,2024-05-01,individuals,dyoy_w3_d0.5,723184.2080651587,762730.0,0.051847694380503295,0.0,
monthly,2024-05-01,individuals,dyoy_w3_d0.75,776589.8120977379,762730.0,0.0181713215656103,0.0,
monthly,2024-05-01,individuals,dyoy_w3_d1.0,829995.4161303171,762730.0,0.08819033751172389,0.0,
monthly,2024-05-01,individuals,dyoy_w6_d0.25,679058.9272655488,762730.0,0.10969946473123016,0.0,
monthly,2024-05-01,individuals,dyoy_w6_d0.5,741744.8545310978,762730.0,0.027513203189729274,0.0,
monthly,2024-05-01,individuals,dyoy_w6_d0.75,804430.7817966465,762730.0,0.054673058351771386,0.0,
monthly,2024-05-01,individuals,dyoy_w6_d1.0,867116.7090621954,762730.0,0.13685931989327194,0.0,
monthly,2024-05-01,individuals,dyoy_w12_d0.25,672800.6444228888,762730.0,0.11790457380345765,0.0,
monthly,2024-05-01,individuals,dyoy_w12_d0.5,729228.2888457775,762730.0,0.043923421334184476,0.0,
monthly,2024-05-01,individuals,dyoy_w12_d0.75,785655.9332686662,762730.0,0.030057731135088694,0.0,
monthly,2024-05-01,individuals,dyoy_w12_d1.0,842083.577691555,762730.0,0.10403888360436198,0.0,
monthly,2024-05-01,individuals,damped_yoy_auto,790686.0292219071,762730.0,0.03665258901827273,0.34,
monthly,2024-05-01,individuals,snaive_level12,842149.4560668862,762730.0,0.10412525542051076,0.0,
monthly,2024-05-01,individuals,seasonal_index_level,842083.577691555,762730.0,0.10403888360436198,0.0,
monthly,2024-05-01,individuals,combo_stat_median,789972.3151975101,762730.0,0.035716852880455896,0.3,
monthly,2024-05-01,individuals,combo_ratio_mean,829636.9816152999,762730.0,0.08772040121051994,0.14,
monthly,2024-06-01,visits,seasonal_naive,217703.0,229388.0,0.050939892234990514,0.0,
monthly,2024-06-01,visits,damped_yoy_3m,240626.4247142035,229388.0,0.0489930803451073,0.0,
monthly,2024-06-01,visits,sf_ets_log,236945.07350296152,229388.0,0.032944502340843895,0.02,
monthly,2024-06-01,visits,sf_ets_level,236952.1072099801,229388.0,0.03297516526575106,0.02,
monthly,2024-06-01,visits,sf_arima_log,243430.2573428122,229388.0,0.061216181067938136,0.14,
monthly,2024-06-01,visits,sf_theta_log,241786.65716419663,229388.0,0.05405102779655713,0.0,
monthly,2024-06-01,visits,sf_ces_log,275356.08580518136,229388.0,0.20039446616728585,0.0,
monthly,2024-06-01,visits,sf_mstl_log,283783.73948387406,229388.0,0.23713419831845628,0.01,
monthly,2024-06-01,visits,ratio_ses,278041.5519824509,229388.0,0.21210155711044565,0.0,
monthly,2024-06-01,visits,ratio_ets_auto,278041.5519824509,229388.0,0.21210155711044565,0.0,
monthly,2024-06-01,visits,ratio_arima,277998.77837382496,229388.0,0.21191508873099263,0.08,
monthly,2024-06-01,visits,ratio_theta,255619.74023540883,229388.0,0.11435532911664437,0.0,
monthly,2024-06-01,visits,ratio_mean3_half,239579.18971428677,229388.0,0.04442773690989399,0.0,
monthly,2024-06-01,visits,dyoy_w1_d0.25,226650.85020733823,229388.0,0.011932401837331352,0.0,
monthly,2024-06-01,visits,dyoy_w1_d0.5,235598.70041467648,229388.0,0.02707508856032792,0.0,
monthly,2024-06-01,visits,dyoy_w1_d0.75,244546.55062201477,229388.0,0.06608257895798708,0.0,
monthly,2024-06-01,visits,dyoy_w1_d1.0,253494.400829353,229388.0,0.10509006935564624,0.0,
monthly,2024-06-01,visits,dyoy_w3_d0.25,229164.71235710176,229388.0,0.0009734059449415522,0.0,
monthly,2024-06-01,visits,dyoy_w3_d0.5,240626.4247142035,229388.0,0.0489930803451073,0.0,
monthly,2024-06-01,visits,dyoy_w3_d0.75,252088.1370713052,229388.0,0.09895956663515615,0.0,
monthly,2024-06-01,visits,dyoy_w3_d1.0,263549.849428407,229388.0,0.14892605292520522,0.0,
monthly,2024-06-01,visits,dyoy_w6_d0.25,235010.1198387074,229388.0,0.02450921512331683,0.0,
monthly,2024-06-01,visits,dyoy_w6_d0.5,252317.23967741482,229388.0,0.09995832248162428,0.0,
monthly,2024-06-01,visits,dyoy_w6_d0.75,269624.35951612226,229388.0,0.17540742983993174,0.0,
monthly,2024-06-01,visits,dyoy_w6_d1.0,286931.4793548297,229388.0,0.2508565371982392,0.0,
monthly,2024-06-01,visits,dyoy_w12_d0.25,233413.50639544163,229388.0,0.017548897045362555,0.0,
monthly,2024-06-01,visits,dyoy_w12_d0.5,249124.01279088325,229388.0,0.08603768632571551,0.0,
monthly,2024-06-01,visits,dyoy_w12_d0.75,264834.5191863249,229388.0,0.1545264756060687,0.0,
monthly,2024-06-01,visits,dyoy_w12_d1.0,280545.0255817665,229388.0,0.22301526488642165,0.0,
monthly,2024-06-01,visits,damped_yoy_auto,253494.400829353,229388.0,0.10509006935564624,0.27,
monthly,2024-06-01,visits,snaive_level12,280967.1909591991,229388.0,0.22485566358832676,0.0,
monthly,2024-06-01,visits,seasonal_index_level,280545.0255817665,229388.0,0.22301526488642165,0.0,
monthly,2024-06-01,visits,combo_stat_median,247640.5289967748,229388.0,0.07957054857610157,0.29,
monthly,2024-06-01,visits,combo_ratio_mean,270553.3568638949,229388.0,0.17945732498602762,0.11,
monthly,2024-06-01,pounds,seasonal_naive,11989118.2,12496300.72,0.040586612899629504,0.0,
monthly,2024-06-01,pounds,damped_yoy_3m,12858592.145132402,12496300.72,0.028991893941265667,0.0,
monthly,2024-06-01,pounds,sf_ets_log,13745109.888551297,12496300.72,0.09993430828313943,0.04,
monthly,2024-06-01,pounds,sf_ets_level,13515426.305865902,12496300.72,0.08155418220968524,0.04,
monthly,2024-06-01,pounds,sf_arima_log,14252391.449664824,12496300.72,0.1405288468173822,0.15,
monthly,2024-06-01,pounds,sf_theta_log,13155892.695411319,12496300.72,0.052782978754317256,0.0,
monthly,2024-06-01,pounds,sf_ces_log,14039307.920723649,12496300.72,0.12347711817258888,0.0,
monthly,2024-06-01,pounds,sf_mstl_log,14408871.67367581,12496300.72,0.15305097056561623,0.01,
monthly,2024-06-01,pounds,ratio_ses,14251257.896915,12496300.72,0.14043813575214603,0.0,
monthly,2024-06-01,pounds,ratio_ets_auto,14033555.789163522,12496300.72,0.12301681142349485,0.0,
monthly,2024-06-01,pounds,ratio_arima,14252391.432285173,12496300.72,0.1405288454265985,0.1,
monthly,2024-06-01,pounds,ratio_theta,14306903.00262614,12496300.72,0.14489106201872337,0.0,
monthly,2024-06-01,pounds,ratio_mean3_half,12829373.810799105,12496300.72,0.02665373523430259,0.0,
monthly,2024-06-01,pounds,dyoy_w1_d0.25,12411141.968293587,12496300.72,0.006814716900187867,0.0,
monthly,2024-06-01,pounds,dyoy_w1_d0.5,12833165.736587172,12496300.72,0.026957179099253548,0.0,
monthly,2024-06-01,pounds,dyoy_w1_d0.75,13255189.504880762,12496300.72,0.060729075098695295,0.0,
monthly,2024-06-01,pounds,dyoy_w1_d1.0,13677213.27317435,12496300.72,0.09450097109813704,0.0,
monthly,2024-06-01,pounds,dyoy_w3_d0.25,12423855.1725662,12496300.72,0.005797359479182029,0.01,
monthly,2024-06-01,pounds,dyoy_w3_d0.5,12858592.145132402,12496300.72,0.028991893941265667,0.0,
monthly,2024-06-01,pounds,dyoy_w3_d0.75,13293329.117698604,12496300.72,0.06378114736171336,0.0,
monthly,2024-06-01,pounds,dyoy_w3_d1.0,13728066.090264807,12496300.72,0.09857040078216084,0.0,
monthly,2024-06-01,pounds,dyoy_w6_d0.25,12610316.289907195,12496300.72,0.009123945754979657,0.0,
monthly,2024-06-01,pounds,dyoy_w6_d0.5,13231514.37981439,12496300.72,0.05883450440958904,0.0,
monthly,2024-06-01,pounds,dyoy_w6_d0.75,13852712.469721587,12496300.72,0.1085450630641982,0.0,
monthly,2024-06-01,pounds,dyoy_w6_d1.0,14473910.559628783,12496300.72,0.15825562171880758,0.0,
monthly,2024-06-01,pounds,dyoy_w12_d0.25,12565277.45020076,12496300.72,0.005519771950619257,0.0,
monthly,2024-06-01,pounds,dyoy_w12_d0.5,13141436.700401518,12496300.72,0.051626156800867795,0.0,
monthly,2024-06-01,pounds,dyoy_w12_d0.75,13717595.950602278,12496300.72,0.09773254165111656,0.0,
monthly,2024-06-01,pounds,dyoy_w12_d1.0,14293755.200803038,12496300.72,0.1438389265013651,0.0,
monthly,2024-06-01,pounds,damped_yoy_auto,14473910.559628783,12496300.72,0.15825562171880758,0.34,
monthly,2024-06-01,pounds,snaive_level12,14309816.551359767,12496300.72,0.14512421491724203,0.0,
monthly,2024-06-01,pounds,seasonal_index_level,14293755.200803038,12496300.72,0.1438389265013651,0.0,
monthly,2024-06-01,pounds,combo_stat_median,13998183.89273315,12496300.72,0.12018622201764262,0.35,
monthly,2024-06-01,pounds,combo_ratio_mean,14270184.110608771,12496300.72,0.1419526810658227,0.12,
monthly,2024-06-01,individuals,seasonal_naive,663658.0,725005.0,0.0846159681657368,0.0,
monthly,2024-06-01,individuals,damped_yoy_3m,748064.094940695,725005.0,0.031805428846276795,0.0,
monthly,2024-06-01,individuals,sf_ets_log,793792.9893702349,725005.0,0.09487933099804136,0.04,
monthly,2024-06-01,individuals,sf_ets_level,786729.8105585569,725005.0,0.08513708258364683,0.03,
monthly,2024-06-01,individuals,sf_arima_log,853107.6373498603,725005.0,0.17669207433032907,0.21,
monthly,2024-06-01,individuals,sf_theta_log,778296.5223899182,725005.0,0.07350504119270651,0.0,
monthly,2024-06-01,individuals,sf_ces_log,817349.0984761212,725005.0,0.12737029189608506,0.01,
monthly,2024-06-01,individuals,sf_mstl_log,842427.6542231257,725005.0,0.16196116471352018,0.01,
monthly,2024-06-01,individuals,ratio_ses,901017.0057450157,725005.0,0.24277350603791104,0.0,
monthly,2024-06-01,individuals,ratio_ets_auto,824804.0242863564,725005.0,0.13765287727168274,0.0,
monthly,2024-06-01,individuals,ratio_arima,859122.2892613859,725005.0,0.1849880887185411,0.25,
monthly,2024-06-01,individuals,ratio_theta,826651.946398061,725005.0,0.14020171777858215,0.0,
monthly,2024-06-01,individuals,ratio_mean3_half,743307.7828459323,725005.0,0.025245043614778195,0.0,
monthly,2024-06-01,individuals,dyoy_w1_d0.25,703054.1910669351,725005.0,0.030276769033406592,0.0,
monthly,2024-06-01,individuals,dyoy_w1_d0.5,742450.3821338702,725005.0,0.024062430098923615,0.0,
monthly,2024-06-01,individuals,dyoy_w1_d0.75,781846.5732008053,725005.0,0.07840162923125416,0.0,
monthly,2024-06-01,individuals,dyoy_w1_d1.0,821242.7642677404,725005.0,0.13274082836358425,0.0,
monthly,2024-06-01,individuals,dyoy_w3_d0.25,705861.0474703475,725005.0,0.026405269659730002,0.0,
monthly,2024-06-01,individuals,dyoy_w3_d0.5,748064.094940695,725005.0,0.031805428846276795,0.0,
monthly,2024-06-01,individuals,dyoy_w3_d0.75,790267.1424110425,725005.0,0.0900161273522837,0.0,
monthly,2024-06-01,individuals,dyoy_w3_d1.0,832470.18988139,725005.0,0.1482268258582906,0.0,
monthly,2024-06-01,individuals,dyoy_w6_d0.25,724706.7172689275,725005.0,0.0004114216192612208,0.0,
monthly,2024-06-01,individuals,dyoy_w6_d0.5,785755.434537855,725005.0,0.08379312492721436,0.0,
monthly,2024-06-01,individuals,dyoy_w6_d0.75,846804.1518067823,725005.0,0.1679976714736897,0.0,
monthly,2024-06-01,individuals,dyoy_w6_d1.0,907852.8690757098,725005.0,0.25220221802016507,0.0,
monthly,2024-06-01,individuals,dyoy_w12_d0.25,723505.8830751604,725005.0,0.0020677332223082434,0.01,
monthly,2024-06-01,individuals,dyoy_w12_d0.5,783353.766150321,725005.0,0.08048050172112053,0.01,
monthly,2024-06-01,individuals,dyoy_w12_d0.75,843201.6492254816,725005.0,0.1630287366645493,0.0,
monthly,2024-06-01,individuals,dyoy_w12_d1.0,903049.5323006419,725005.0,0.24557697160797765,0.0,
monthly,2024-06-01,individuals,damped_yoy_auto,821242.7642677404,725005.0,0.13274082836358425,0.26,
monthly,2024-06-01,individuals,snaive_level12,904554.1447238496,725005.0,0.24765228477575962,0.0,
monthly,2024-06-01,individuals,seasonal_index_level,903049.5323006419,725005.0,0.24557697160797765,0.0,
monthly,2024-06-01,individuals,combo_stat_median,807517.8768189877,725005.0,0.1138100796808128,0.31,
monthly,2024-06-01,individuals,combo_ratio_mean,862263.7471348209,725005.0,0.1893211041783449,0.18,
monthly,2024-07-01,visits,seasonal_naive,210833.0,235324.0,0.104073532661352,0.0,
monthly,2024-07-01,visits,damped_yoy_3m,226682.98808425595,235324.0,0.03671963724798166,0.0,
monthly,2024-07-01,visits,sf_ets_log,232019.05903539585,235324.0,0.014044215484201095,0.02,
monthly,2024-07-01,visits,sf_ets_level,231999.8732064689,235324.0,0.014125744902904414,0.02,
monthly,2024-07-01,visits,sf_arima_log,237942.1259482204,235324.0,0.011125622325901308,0.15,
monthly,2024-07-01,visits,sf_theta_log,237782.4000686998,235324.0,0.010446873539034618,0.0,
monthly,2024-07-01,visits,sf_ces_log,244331.58835524955,235324.0,0.03827738928137192,0.01,
monthly,2024-07-01,visits,sf_mstl_log,267958.5871690027,235324.0,0.13867938318659667,0.0,
monthly,2024-07-01,visits,ratio_ses,266404.2409137698,235324.0,0.13207425045371401,0.0,
monthly,2024-07-01,visits,ratio_ets_auto,266404.2409137698,235324.0,0.13207425045371401,0.0,
monthly,2024-07-01,visits,ratio_arima,266366.56960655877,235324.0,0.13191416772857334,0.06,
monthly,2024-07-01,visits,ratio_theta,224403.11324173442,235324.0,0.046407874922513526,0.0,
monthly,2024-07-01,visits,ratio_mean3_half,226268.0009462115,235324.0,0.038483108623805884,0.0,
monthly,2024-07-01,visits,dyoy_w1_d0.25,213662.06483259302,235324.0,0.0920515339166722,0.0,
monthly,2024-07-01,visits,dyoy_w1_d0.5,216491.12966518605,235324.0,0.0800295351719924,0.0,
monthly,2024-07-01,visits,dyoy_w1_d0.75,219320.19449777907,235324.0,0.06800753642731272,0.0,
monthly,2024-07-01,visits,dyoy_w1_d1.0,222149.2593303721,235324.0,0.055985537682632924,0.0,
monthly,2024-07-01,visits,dyoy_w3_d0.25,218757.994042128,235324.0,0.07039658495466672,0.0,
monthly,2024-07-01,visits,dyoy_w3_d0.5,226682.98808425595,235324.0,0.03671963724798166,0.0,
monthly,2024-07-01,visits,dyoy_w3_d0.75,234607.98212638393,235324.0,0.003042689541296606,0.0,
monthly,2024-07-01,visits,dyoy_w3_d1.0,242532.9761685119,235324.0,0.030634258165388673,0.0,
monthly,2024-07-01,visits,dyoy_w6_d0.25,224385.1323543984,235324.0,0.04648428398974014,0.0,
monthly,2024-07-01,visits,dyoy_w6_d0.5,237937.26470879678,235324.0,0.01110496468187172,0.0,
monthly,2024-07-01,visits,dyoy_w6_d0.75,251489.39706319518,235324.0,0.06869421335348358,0.0,
monthly,2024-07-01,visits,dyoy_w6_d1.0,265041.52941759356,235324.0,0.12628346202509544,0.0,
monthly,2024-07-01,visits,dyoy_w12_d0.25,225059.02559123904,235324.0,0.043620601420853666,0.0,
monthly,2024-07-01,visits,dyoy_w12_d0.5,239285.05118247808,235324.0,0.016832329819644665,0.0,
monthly,2024-07-01,visits,dyoy_w12_d0.75,253511.0767737171,235324.0,0.0772852610601431,0.0,
monthly,2024-07-01,visits,dyoy_w12_d1.0,267737.10236495617,235324.0,0.13773819230064155,0.0,
monthly,2024-07-01,visits,damped_yoy_auto,222149.2593303721,235324.0,0.055985537682632924,0.26,
monthly,2024-07-01,visits,snaive_level12,268596.6343998862,235324.0,0.14139073957559023,0.0,
monthly,2024-07-01,visits,seasonal_index_level,267737.1023649561,235324.0,0.13773819230064133,0.0,
monthly,2024-07-01,visits,combo_stat_median,234900.72955204782,235324.0,0.0017986709725832384,0.37,
monthly,2024-07-01,visits,combo_ratio_mean,252391.3079206877,235324.0,0.0725268477532579,0.09,
monthly,2024-07-01,pounds,seasonal_naive,11420959.16,13293611.25,0.1408685762493619,0.0,
monthly,2024-07-01,pounds,damped_yoy_3m,12162715.637110613,13293611.25,0.08507060960500001,0.0,
monthly,2024-07-01,pounds,sf_ets_log,13096506.765115146,13293611.25,0.014827008340931758,0.03,
monthly,2024-07-01,pounds,sf_ets_level,13538027.800125077,13293611.25,0.018386016074080525,0.03,
monthly,2024-07-01,pounds,sf_arima_log,13478156.903979853,13293611.25,0.013882281534286056,0.12,
monthly,2024-07-01,pounds,sf_theta_log,12941182.38624064,13293611.25,0.02651114562714174,0.0,
monthly,2024-07-01,pounds,sf_ces_log,12458423.713935645,13293611.25,0.06282623437362478,0.0,
monthly,2024-07-01,pounds,sf_mstl_log,13412502.243518218,13293611.25,0.008943468503956664,0.01,
monthly,2024-07-01,pounds,ratio_ses,13479336.77891991,13293611.25,0.0139710365699095,0.0,
monthly,2024-07-01,pounds,ratio_ets_auto,12526093.59645967,13293611.25,0.05773582806856414,0.0,
monthly,2024-07-01,pounds,ratio_arima,13478156.90397988,13293611.25,0.013882281534288277,0.18,
monthly,2024-07-01,pounds,ratio_theta,13309801.994798165,13293611.25,0.0012179342763738443,0.0,
monthly,2024-07-01,pounds,ratio_mean3_half,12145589.365628723,13293611.25,0.08635891803826268,0.0,
monthly,2024-07-01,pounds,dyoy_w1_d0.25,11541746.000845099,13293611.25,0.1317824943282362,0.0,
monthly,2024-07-01,pounds,dyoy_w1_d0.5,11662532.841690198,13293611.25,0.12269641240711038,0.0,
monthly,2024-07-01,pounds,dyoy_w1_d0.75,11783319.682535296,13293611.25,0.11361033048598468,0.0,
monthly,2024-07-01,pounds,dyoy_w1_d1.0,11904106.523380395,13293611.25,0.10452424856485898,0.0,
monthly,2024-07-01,pounds,dyoy_w3_d0.25,11791837.398555307,13293611.25,0.112969592927181,0.0,
monthly,2024-07-01,pounds,dyoy_w3_d0.5,12162715.637110613,13293611.25,0.08507060960500001,0.0,
monthly,2024-07-01,pounds,dyoy_w3_d0.75,12533593.875665922,13293611.25,0.05717162628281902,0.0,
monthly,2024-07-01,pounds,dyoy_w3_d1.0,12904472.114221228,13293611.25,0.02927264296063803,0.0,
monthly,2024-07-01,pounds,dyoy_w6_d0.25,11923697.783804275,13293611.25,0.10305051354617611,0.0,
monthly,2024-07-01,pounds,dyoy_w6_d0.5,12426436.40760855,13293611.25,0.06523245084299045,0.0,
monthly,2024-07-01,pounds,dyoy_w6_d0.75,12929175.031412825,13293611.25,0.02741438813980479,0.0,
monthly,2024-07-01,pounds,dyoy_w6_d1.0,13431913.655217102,13293611.25,0.010403674563381093,0.0,
monthly,2024-07-01,pounds,dyoy_w12_d0.25,11935036.783199627,13293611.25,0.1021975474723148,0.0,
monthly,2024-07-01,pounds,dyoy_w12_d0.5,12449114.406399254,13293611.25,0.06352651869526771,0.0,
monthly,2024-07-01,pounds,dyoy_w12_d0.75,12963192.029598879,13293611.25,0.02485548991822073,0.0,
monthly,2024-07-01,pounds,dyoy_w12_d1.0,13477269.652798505,13293611.25,0.01381553885882636,0.0,
monthly,2024-07-01,pounds,damped_yoy_auto,13431913.655217102,13293611.25,0.010403674563381093,0.3,
monthly,2024-07-01,pounds,snaive_level12,13501637.833821123,13293611.25,0.015648613451151094,0.0,
monthly,2024-07-01,pounds,seasonal_index_level,13477269.652798505,13293611.25,0.01381553885882636,0.0,
monthly,2024-07-01,pounds,combo_stat_median,13264210.210166123,13293611.25,0.0022116668887753876,0.37,
monthly,2024-07-01,pounds,combo_ratio_mean,13422431.892565986,13293611.25,0.009690417460190615,0.17,
monthly,2024-07-01,individuals,seasonal_naive,642153.0,732973.0,0.1239063376140731,0.0,
monthly,2024-07-01,individuals,damped_yoy_3m,706505.7784658137,732973.0,0.03610940857874201,0.0,
monthly,2024-07-01,individuals,sf_ets_log,732280.6772219146,732973.0,0.0009445406284888103,0.03,
monthly,2024-07-01,individuals,sf_ets_level,766908.4811771704,732973.0,0.04629840550357289,0.03,
monthly,2024-07-01,individuals,sf_arima_log,770226.5281396238,732973.0,0.05082523931935268,0.16,
monthly,2024-07-01,individuals,sf_theta_log,760860.556407493,732973.0,0.038047181011432896,0.0,
monthly,2024-07-01,individuals,sf_ces_log,716447.5748834908,732973.0,0.022545748774523977,0.0,
monthly,2024-07-01,individuals,sf_mstl_log,738309.5449795664,732973.0,0.007280684253808012,0.01,
monthly,2024-07-01,individuals,ratio_ses,709831.4309360703,732973.0,0.03157219851744841,0.0,
monthly,2024-07-01,individuals,ratio_ets_auto,709021.2227947613,732973.0,0.0326775709408651,0.0,
monthly,2024-07-01,individuals,ratio_arima,749866.9603117901,732973.0,0.023048543823292356,0.18,
monthly,2024-07-01,individuals,ratio_theta,709220.0179128357,732973.0,0.03240635342251941,0.0,
monthly,2024-07-01,individuals,ratio_mean3_half,703859.3875895266,732973.0,0.03971989747299476,0.0,
monthly,2024-07-01,individuals,dyoy_w1_d0.25,656992.7819701562,732973.0,0.10366032313583684,0.0,
monthly,2024-07-01,individuals,dyoy_w1_d0.5,671832.5639403126,732973.0,0.08341430865760047,0.0,
monthly,2024-07-01,individuals,dyoy_w1_d0.75,686672.345910469,732973.0,0.06316829417936409,0.0,
monthly,2024-07-01,individuals,dyoy_w1_d1.0,701512.1278806253,732973.0,0.04292227970112772,0.0,
monthly,2024-07-01,individuals,dyoy_w3_d0.25,674329.3892329069,732973.0,0.08000787309640756,0.0,
monthly,2024-07-01,individuals,dyoy_w3_d0.5,706505.7784658137,732973.0,0.03610940857874201,0.0,
monthly,2024-07-01,individuals,dyoy_w3_d0.75,738682.1676987205,732973.0,0.007789055938923317,0.0,
monthly,2024-07-01,individuals,dyoy_w3_d1.0,770858.5569316273,732973.0,0.051687520456588976,0.0,
monthly,2024-07-01,individuals,dyoy_w6_d0.25,690836.6298563888,732973.0,0.05748693354818146,0.0,
monthly,2024-07-01,individuals,dyoy_w6_d0.5,739520.2597127777,732973.0,0.00893247051771029,0.0,
monthly,2024-07-01,individuals,dyoy_w6_d0.75,788203.8895691663,732973.0,0.07535187458360171,0.0,
monthly,2024-07-01,individuals,dyoy_w6_d1.0,836887.5194255551,732973.0,0.14177127864949335,0.0,
monthly,2024-07-01,individuals,dyoy_w12_d0.25,696330.7355605649,732973.0,0.049991288136718715,0.0,
monthly,2024-07-01,individuals,dyoy_w12_d0.5,750508.4711211298,732973.0,0.023923761340635785,0.0,
monthly,2024-07-01,individuals,dyoy_w12_d0.75,804686.2066816946,732973.0,0.09783881081798995,0.0,
monthly,2024-07-01,individuals,dyoy_w12_d1.0,858863.9422422596,732973.0,0.17175386029534456,0.0,
monthly,2024-07-01,individuals,damped_yoy_auto,701512.1278806253,732973.0,0.04292227970112772,0.32,
monthly,2024-07-01,individuals,snaive_level12,862212.2139100472,732973.0,0.1763219298801555,0.0,
monthly,2024-07-01,individuals,seasonal_index_level,858863.9422422596,732973.0,0.17175386029534456,0.0,
monthly,2024-07-01,individuals,combo_stat_median,721056.0540789925,732973.0,0.016258369572968667,0.36,
monthly,2024-07-01,individuals,combo_ratio_mean,722972.8030535653,732973.0,0.013643336038891896,0.19,
monthly,2024-08-01,visits,seasonal_naive,237243.0,241478.0,0.017537829533125215,0.0,
monthly,2024-08-01,visits,damped_yoy_3m,250309.58176526165,241478.0,0.03657302845502142,0.0,
monthly,2024-08-01,visits,sf_ets_log,234155.44163268237,241478.0,0.030323915086747588,0.03,
monthly,2024-08-01,visits,sf_ets_level,234173.56315367634,241478.0,0.030248870896411484,0.03,
monthly,2024-08-01,visits,sf_arima_log,237753.65052407127,241478.0,0.015423141967089049,0.13,
monthly,2024-08-01,visits,sf_theta_log,238786.75074112468,241478.0,0.011144904541512402,0.0,
monthly,2024-08-01,visits,sf_ces_log,265206.7652593266,241478.0,0.09826470841785429,0.0,
monthly,2024-08-01,visits,sf_mstl_log,274031.71564184583,241478.0,0.13481027522940314,0.0,
monthly,2024-08-01,visits,ratio_ses,269863.6629472641,241478.0,0.11754968546726441,0.0,
monthly,2024-08-01,visits,ratio_ets_auto,269863.6629472641,241478.0,0.11754968546726441,0.0,
monthly,2024-08-01,visits,ratio_arima,297784.6086858787,241478.0,0.23317490076064362,0.07,
monthly,2024-08-01,visits,ratio_theta,263074.65473969706,241478.0,0.08943528909340426,0.0,
monthly,2024-08-01,visits,ratio_mean3_half,250005.58985032723,241478.0,0.03531414808109745,0.0,
monthly,2024-08-01,visits,dyoy_w1_d0.25,244132.71640231845,241478.0,0.010993615991181205,0.0,
monthly,2024-08-01,visits,dyoy_w1_d0.5,251022.43280463686,241478.0,0.0395250615154874,0.0,
monthly,2024-08-01,visits,dyoy_w1_d0.75,257912.14920695525,241478.0,0.06805650703979338,0.0,
monthly,2024-08-01,visits,dyoy_w1_d1.0,264801.86560927366,241478.0,0.09658795256409958,0.0,
monthly,2024-08-01,visits,dyoy_w3_d0.25,243776.29088263083,241478.0,0.009517599460948212,0.0,
monthly,2024-08-01,visits,dyoy_w3_d0.5,250309.58176526165,241478.0,0.03657302845502142,0.0,
monthly,2024-08-01,visits,dyoy_w3_d0.75,256842.87264789254,241478.0,0.06362845744909484,0.0,
monthly,2024-08-01,visits,dyoy_w3_d1.0,263376.16353052336,241478.0,0.09068388644316827,0.0,
monthly,2024-08-01,visits,dyoy_w6_d0.25,249297.01073547552,241478.0,0.0323798057606719,0.0,
monthly,2024-08-01,visits,dyoy_w6_d0.5,261351.02147095103,241478.0,0.08229744105446879,0.0,
monthly,2024-08-01,visits,dyoy_w6_d0.75,273405.0322064266,241478.0,0.13221507634826613,0.0,
monthly,2024-08-01,visits,dyoy_w6_d1.0,285459.0429419021,241478.0,0.18213271164206324,0.0,
monthly,2024-08-01,visits,dyoy_w12_d0.25,252596.23297058485,241478.0,0.04604242610335052,0.0,
monthly,2024-08-01,visits,dyoy_w12_d0.5,267949.4659411697,241478.0,0.10962268173982603,0.0,
monthly,2024-08-01,visits,dyoy_w12_d0.75,283302.6989117546,241478.0,0.17320293737630177,0.0,
monthly,2024-08-01,visits,dyoy_w12_d1.0,298655.9318823394,241478.0,0.23678319301277728,0.0,
monthly,2024-08-01,visits,damped_yoy_auto,264801.86560927366,241478.0,0.09658795256409958,0.34,
monthly,2024-08-01,visits,snaive_level12,299925.31164492504,241478.0,0.24203990278586462,0.0,
monthly,2024-08-01,visits,seasonal_index_level,298655.9318823394,241478.0,0.23678319301277728,0.0,
monthly,2024-08-01,visits,combo_stat_median,251794.30817519917,241478.0,0.0427215240112937,0.31,
monthly,2024-08-01,visits,combo_ratio_mean,276907.6421242799,241478.0,0.14671995844043728,0.1,
monthly,2024-08-01,pounds,seasonal_naive,13154185.78,13235462.38,0.00614082059745924,0.0,
monthly,2024-08-01,pounds,damped_yoy_3m,13908218.059881598,13235462.38,0.05082978293967222,0.0,
monthly,2024-08-01,pounds,sf_ets_log,13212807.160728753,13235462.38,0.0017117059170884685,0.03,
monthly,2024-08-01,pounds,sf_ets_level,13657420.182827396,13235462.38,0.031880850907408664,0.03,
monthly,2024-08-01,pounds,sf_arima_log,15512320.430369625,13235462.38,0.17202708790968768,0.14,
monthly,2024-08-01,pounds,sf_theta_log,13195028.72051699,13235462.38,0.0030549487673441345,0.0,
monthly,2024-08-01,pounds,sf_ces_log,14640466.446785768,13235462.38,0.1061545132649735,0.0,
monthly,2024-08-01,pounds,sf_mstl_log,15215049.760267954,13235462.38,0.14956692281935635,0.0,
monthly,2024-08-01,pounds,ratio_ses,15511536.99711936,13235462.38,0.17196789592773998,0.0,
monthly,2024-08-01,pounds,ratio_ets_auto,15045982.655638404,13235462.38,0.13679312619816475,0.0,
monthly,2024-08-01,pounds,ratio_arima,15512320.430369617,13235462.38,0.17202708790968702,0.12,
monthly,2024-08-01,pounds,ratio_theta,15316653.415592214,13235462.38,0.1572435458497532,0.0,
monthly,2024-08-01,pounds,ratio_mean3_half,13886350.972989086,13235462.38,0.04917762404527992,0.0,
monthly,2024-08-01,pounds,dyoy_w1_d0.25,13693396.47912059,13235462.38,0.03459902540409687,0.0,
monthly,2024-08-01,pounds,dyoy_w1_d0.5,14232607.17824118,13235462.38,0.0753388714056531,0.0,
monthly,2024-08-01,pounds,dyoy_w1_d0.75,14771817.877361773,13235462.38,0.11607871740720954,0.0,
monthly,2024-08-01,pounds,dyoy_w1_d1.0,15311028.576482363,13235462.38,0.15681856340876554,0.0,
monthly,2024-08-01,pounds,dyoy_w3_d0.25,13531201.919940798,13235462.38,0.022344481171106434,0.0,
monthly,2024-08-01,pounds,dyoy_w3_d0.5,13908218.059881598,13235462.38,0.05082978293967222,0.0,
monthly,2024-08-01,pounds,dyoy_w3_d0.75,14285234.1998224,13235462.38,0.07931508470823823,0.0,
monthly,2024-08-01,pounds,dyoy_w3_d1.0,14662250.339763198,13235462.38,0.10780038647680379,0.0,
monthly,2024-08-01,pounds,dyoy_w6_d0.25,13672733.819565577,13235462.38,0.0330378665294182,0.0,
monthly,2024-08-01,pounds,dyoy_w6_d0.5,14191281.859131156,13235462.38,0.07221655365629576,0.0,
monthly,2024-08-01,pounds,dyoy_w6_d0.75,14709829.898696736,13235462.38,0.11139524078317353,0.0,
monthly,2024-08-01,pounds,dyoy_w6_d1.0,15228377.938262314,13235462.38,0.1505739279100511,0.0,
monthly,2024-08-01,pounds,dyoy_w12_d0.25,13741539.253677228,13235462.38,0.0382364332387779,0.0,
monthly,2024-08-01,pounds,dyoy_w12_d0.5,14328892.727354456,13235462.38,0.08261368707501515,0.0,
monthly,2024-08-01,pounds,dyoy_w12_d0.75,14916246.201031681,13235462.38,0.12699094091125218,0.0,
monthly,2024-08-01,pounds,dyoy_w12_d1.0,15503599.67470891,13235462.38,0.17136819474748943,0.0,
monthly,2024-08-01,pounds,damped_yoy_auto,15228377.938262314,13235462.38,0.1505739279100511,0.27,
monthly,2024-08-01,pounds,snaive_level12,15532422.21775469,13235462.38,0.17354587031470903,0.0,
monthly,2024-08-01,pounds,seasonal_index_level,15503599.674708912,13235462.38,0.17136819474748943,0.0,
monthly,2024-08-01,pounds,combo_stat_median,14220592.549495533,13235462.38,0.07443111099648125,0.32,
monthly,2024-08-01,pounds,combo_ratio_mean,15446836.94769373,13235462.38,0.16707950989572673,0.12,
monthly,2024-08-01,individuals,seasonal_naive,729120.0,745923.0,0.022526453802872437,0.0,
monthly,2024-08-01,individuals,damped_yoy_3m,785737.8417050604,745923.0,0.05337661086340062,0.0,
monthly,2024-08-01,individuals,sf_ets_log,740388.7199599583,745923.0,0.007419371758266791,0.03,
monthly,2024-08-01,individuals,sf_ets_level,759344.8168634403,745923.0,0.017993568858233777,0.03,
monthly,2024-08-01,individuals,sf_arima_log,756656.0659129742,745923.0,0.014388973007903205,0.12,
monthly,2024-08-01,individuals,sf_theta_log,756104.617034932,745923.0,0.013649689089801464,0.0,
monthly,2024-08-01,individuals,sf_ces_log,815209.6285769363,745923.0,0.09288710574273251,0.0,
monthly,2024-08-01,individuals,sf_mstl_log,840532.5899981539,745923.0,0.1268355983099514,0.0,
monthly,2024-08-01,individuals,ratio_ses,829290.1783582283,745923.0,0.11176378575030976,0.0,
monthly,2024-08-01,individuals,ratio_ets_auto,829318.1422910333,745923.0,0.11180127478443924,0.0,
monthly,2024-08-01,individuals,ratio_arima,870733.1676551639,745923.0,0.16732312538313465,0.16,
monthly,2024-08-01,individuals,ratio_theta,823231.5816705319,745923.0,0.10364150411038664,0.0,
monthly,2024-08-01,individuals,ratio_mean3_half,783780.7084565419,745923.0,0.05075283703082212,0.0,
monthly,2024-08-01,individuals,dyoy_w1_d0.25,754899.9459007434,745923.0,0.012034681730880292,0.0,
monthly,2024-08-01,individuals,dyoy_w1_d0.5,780679.8918014866,745923.0,0.04659581726463258,0.0,
monthly,2024-08-01,individuals,dyoy_w1_d0.75,806459.8377022297,745923.0,0.08115695279838508,0.0,
monthly,2024-08-01,individuals,dyoy_w1_d1.0,832239.7836029731,745923.0,0.11571808833213759,0.0,
monthly,2024-08-01,individuals,dyoy_w3_d0.25,757428.9208525303,745923.0,0.015425078530264313,0.0,
monthly,2024-08-01,individuals,dyoy_w3_d0.5,785737.8417050604,745923.0,0.05337661086340062,0.0,
monthly,2024-08-01,individuals,dyoy_w3_d0.75,814046.7625575907,745923.0,0.09132814319653737,0.0,
monthly,2024-08-01,individuals,dyoy_w3_d1.0,842355.683410121,745923.0,0.1292796755296739,0.0,
monthly,2024-08-01,individuals,dyoy_w6_d0.25,773660.9115945216,745923.0,0.037186025359885244,0.0,
monthly,2024-08-01,individuals,dyoy_w6_d0.5,818201.8231890432,745923.0,0.0968985045226427,0.0,
monthly,2024-08-01,individuals,dyoy_w6_d0.75,862742.7347835649,745923.0,0.15661098368540038,0.0,
monthly,2024-08-01,individuals,dyoy_w6_d1.0,907283.6463780865,745923.0,0.21632346284815807,0.0,
monthly,2024-08-01,individuals,dyoy_w12_d0.25,787403.093066975,745923.0,0.05560908172421963,0.0,
monthly,2024-08-01,individuals,dyoy_w12_d0.5,845686.1861339499,745923.0,0.13374461725131126,0.0,
monthly,2024-08-01,individuals,dyoy_w12_d0.75,903969.2792009248,745923.0,0.2118801527784031,0.0,
monthly,2024-08-01,individuals,dyoy_w12_d1.0,962252.3722678998,745923.0,0.2900156883054952,0.0,
monthly,2024-08-01,individuals,damped_yoy_auto,832239.7836029731,745923.0,0.11571808833213759,0.28,
monthly,2024-08-01,individuals,snaive_level12,967100.150940776,745923.0,0.2965147219495523,0.0,
monthly,2024-08-01,individuals,seasonal_index_level,962252.3722678998,745923.0,0.2900156883054952,0.0,
monthly,2024-08-01,individuals,combo_stat_median,792697.3976965802,745923.0,0.06270673742005561,0.3,
monthly,2024-08-01,individuals,combo_ratio_mean,841084.9758946415,745923.0,0.12757613841461057,0.15,
monthly,2024-09-01,visits,seasonal_naive,213650.0,236829.0,0.09787230448973727,0.0,
monthly,2024-09-01,visits,damped_yoy_3m,220133.99104657857,236829.0,0.07049393846793017,0.0,
monthly,2024-09-01,visits,sf_ets_log,238869.64224901024,236829.0,0.008616521832251367,0.04,
monthly,2024-09-01,visits,sf_ets_level,238926.56799627948,236829.0,0.008856888287665177,0.02,
monthly,2024-09-01,visits,sf_arima_log,244068.43527543548,236829.0,0.03056819593645832,0.15,
monthly,2024-09-01,visits,sf_theta_log,242362.42590460312,236829.0,0.02336464666321736,0.0,
monthly,2024-09-01,visits,sf_ces_log,230227.99646259643,236829.0,0.02787244609994366,0.0,
monthly,2024-09-01,visits,sf_mstl_log,229587.91753386662,236829.0,0.030575151126481015,0.0,
monthly,2024-09-01,visits,ratio_ses,228585.1374956703,236829.0,0.034809345579847495,0.0,
monthly,2024-09-01,visits,ratio_ets_auto,228585.1374956703,236829.0,0.034809345579847495,0.0,
monthly,2024-09-01,visits,ratio_arima,265375.3030438765,236829.0,0.12053550470540553,0.08,
monthly,2024-09-01,visits,ratio_theta,219249.34456795588,236829.0,0.07422931917984754,0.0,
monthly,2024-09-01,visits,ratio_mean3_half,220151.9703551103,236829.0,0.07041802163117561,0.0,
monthly,2024-09-01,visits,dyoy_w1_d0.25,214603.46095564464,236829.0,0.09384635768573679,0.0,
monthly,2024-09-01,visits,dyoy_w1_d0.5,215556.92191128925,236829.0,0.08982041088173642,0.0,
monthly,2024-09-01,visits,dyoy_w1_d0.75,216510.3828669339,236829.0,0.08579446407773583,0.0,
monthly,2024-09-01,visits,dyoy_w1_d1.0,217463.84382257855,236829.0,0.08176851727373524,0.0,
monthly,2024-09-01,visits,dyoy_w3_d0.25,216891.99552328928,236829.0,0.08418312147883378,0.0,
monthly,2024-09-01,visits,dyoy_w3_d0.5,220133.99104657857,236829.0,0.07049393846793017,0.0,
monthly,2024-09-01,visits,dyoy_w3_d0.75,223375.9865698678,236829.0,0.05680475545702679,0.0,
monthly,2024-09-01,visits,dyoy_w3_d1.0,226617.98209315707,236829.0,0.043115572446123296,0.0,
monthly,2024-09-01,visits,dyoy_w6_d0.25,220638.22306808885,236829.0,0.0683648410114942,0.0,
monthly,2024-09-01,visits,dyoy_w6_d0.5,227626.44613617763,236829.0,0.03885737753325125,0.0,
monthly,2024-09-01,visits,dyoy_w6_d0.75,234614.66920426642,236829.0,0.009349914055008401,0.0,
monthly,2024-09-01,visits,dyoy_w6_d1.0,241602.89227235527,236829.0,0.020157549423234666,0.0,
monthly,2024-09-01,visits,dyoy_w12_d0.25,226214.45539787496,236829.0,0.04481944610721256,0.0,
monthly,2024-09-01,visits,dyoy_w12_d0.5,238778.9107957499,236829.0,0.008233412275312046,0.0,
monthly,2024-09-01,visits,dyoy_w12_d0.75,251343.36619362485,236829.0,0.06128627065783698,0.0,
monthly,2024-09-01,visits,dyoy_w12_d1.0,263907.8215914998,236829.0,0.11433912904036148,0.0,
monthly,2024-09-01,visits,damped_yoy_auto,217463.84382257855,236829.0,0.08176851727373524,0.27,
monthly,2024-09-01,visits,snaive_level12,265689.9743752697,236829.0,0.12186419051412511,0.0,
monthly,2024-09-01,visits,seasonal_index_level,263907.82159149984,236829.0,0.1143391290403617,0.0,
monthly,2024-09-01,visits,combo_stat_median,233727.38987234025,236829.0,0.013096411873798175,0.31,
monthly,2024-09-01,visits,combo_ratio_mean,237736.59503583424,236829.0,0.003832279981903497,0.08,
monthly,2024-09-01,pounds,seasonal_naive,12029961.51,12209702.0,0.01472112013872251,0.0,
monthly,2024-09-01,pounds,damped_yoy_3m,12434825.037739746,12209702.0,0.018438045231550015,0.0,
monthly,2024-09-01,pounds,sf_ets_log,13297927.968509072,12209702.0,0.08912797122395544,0.02,
monthly,2024-09-01,pounds,sf_ets_level,13758795.235417005,12209702.0,0.12687395936583923,0.03,
monthly,2024-09-01,pounds,sf_arima_log,14074408.478241362,12209702.0,0.15272334068770577,0.14,
monthly,2024-09-01,pounds,sf_theta_log,13305362.727053769,12209702.0,0.08973689341916535,0.0,
monthly,2024-09-01,pounds,sf_ces_log,12952628.579737715,12209702.0,0.06084723277748427,0.0,
monthly,2024-09-01,pounds,sf_mstl_log,13422861.817191351,12209702.0,0.09936031339596596,0.01,
monthly,2024-09-01,pounds,ratio_ses,13338772.71266221,12209702.0,0.09247324076068453,0.0,
monthly,2024-09-01,pounds,ratio_ets_auto,13104502.272309413,12209702.0,0.07328600422102127,0.0,
monthly,2024-09-01,pounds,ratio_arima,14074408.460898954,12209702.0,0.1527233392673264,0.07,
monthly,2024-09-01,pounds,ratio_theta,13535840.781069485,12209702.0,0.10861352562654569,0.0,
monthly,2024-09-01,pounds,ratio_mean3_half,12436529.35284531,12209702.0,0.018577632185069692,0.0,
monthly,2024-09-01,pounds,dyoy_w1_d0.25,12048544.081092129,12209702.0,0.013199168899279523,0.0,
monthly,2024-09-01,pounds,dyoy_w1_d0.5,12067126.652184257,12209702.0,0.011677217659836647,0.0,
monthly,2024-09-01,pounds,dyoy_w1_d0.75,12085709.223276386,12209702.0,0.01015526642039366,0.0,
monthly,2024-09-01,pounds,dyoy_w1_d1.0,12104291.794368515,12209702.0,0.008633315180950785,0.0,
monthly,2024-09-01,pounds,dyoy_w3_d0.25,12232393.273869872,12209702.0,0.0018584625464137527,0.0,
monthly,2024-09-01,pounds,dyoy_w3_d0.5,12434825.037739746,12209702.0,0.018438045231550015,0.0,
monthly,2024-09-01,pounds,dyoy_w3_d0.75,12637256.80160962,12209702.0,0.03501762791668628,0.0,
monthly,2024-09-01,pounds,dyoy_w3_d1.0,12839688.565479493,12209702.0,0.05159721060182254,0.0,
monthly,2024-09-01,pounds,dyoy_w6_d0.25,12344318.21474253,12209702.0,0.011025348099612087,0.0,
monthly,2024-09-01,pounds,dyoy_w6_d0.5,12658674.919485057,12209702.0,0.03677181633794646,0.0,
monthly,2024-09-01,pounds,dyoy_w6_d0.75,12973031.624227583,12209702.0,0.06251828457628061,0.0,
monthly,2024-09-01,pounds,dyoy_w6_d1.0,13287388.328970114,12209702.0,0.08826475281461521,0.0,
monthly,2024-09-01,pounds,dyoy_w12_d0.25,12508194.490235249,12209702.0,0.024447156059603126,0.0,
monthly,2024-09-01,pounds,dyoy_w12_d0.5,12986427.470470497,12209702.0,0.06361543225792876,0.0,
monthly,2024-09-01,pounds,dyoy_w12_d0.75,13464660.450705746,12209702.0,0.1027837084562544,0.0,
monthly,2024-09-01,pounds,dyoy_w12_d1.0,13942893.430940995,12209702.0,0.14195198465458003,0.0,
monthly,2024-09-01,pounds,damped_yoy_auto,12839688.565479493,12209702.0,0.05159721060182254,0.3,
monthly,2024-09-01,pounds,snaive_level12,13989770.94275014,12209702.0,0.14579135041544333,0.0,
monthly,2024-09-01,pounds,seasonal_index_level,13942893.430940995,12209702.0,0.14195198465458003,0.0,
monthly,2024-09-01,pounds,combo_stat_median,13301645.34778142,12209702.0,0.08943243232156028,0.28,
monthly,2024-09-01,pounds,combo_ratio_mean,13649673.984876884,12209702.0,0.11793670188485228,0.1,
monthly,2024-09-01,individuals,seasonal_naive,664311.0,729144.0,0.08891659260722162,0.0,
monthly,2024-09-01,individuals,damped_yoy_3m,691891.4510496916,729144.0,0.05109079818294926,0.01,
monthly,2024-09-01,individuals,sf_ets_log,746060.0590192964,729144.0,0.02319988784012006,0.04,
monthly,2024-09-01,individuals,sf_ets_level,764013.7541571575,729144.0,0.04782286373769451,0.03,
monthly,2024-09-01,individuals,sf_arima_log,767548.7617191857,729144.0,0.052671024817026124,0.13,
monthly,2024-09-01,individuals,sf_theta_log,760115.0141884692,729144.0,0.04247585413645205,0.0,
monthly,2024-09-01,individuals,sf_ces_log,707013.3646649581,729144.0,0.030351529101305008,0.0,
monthly,2024-09-01,individuals,sf_mstl_log,716532.512556932,729144.0,0.017296291875223524,0.01,
monthly,2024-09-01,individuals,ratio_ses,689964.394705914,729144.0,0.05373370046806403,0.0,
monthly,2024-09-01,individuals,ratio_ets_auto,689964.394705914,729144.0,0.05373370046806403,0.0,
monthly,2024-09-01,individuals,ratio_arima,679035.8489321353,729144.0,0.06872188630485165,0.16,
monthly,2024-09-01,individuals,ratio_theta,686303.1594681871,729144.0,0.05875497916983874,0.0,
monthly,2024-09-01,individuals,ratio_mean3_half,691822.9472893486,729144.0,0.051184749117665906,0.0,
monthly,2024-09-01,individuals,dyoy_w1_d0.25,668138.3596023289,729144.0,0.08366747912301431,0.0,
monthly,2024-09-01,individuals,dyoy_w1_d0.5,671965.7192046577,729144.0,0.078418365638807,0.0,
monthly,2024-09-01,individuals,dyoy_w1_d0.75,675793.0788069865,729144.0,0.0731692521545998,0.0,
monthly,2024-09-01,individuals,dyoy_w1_d1.0,679620.4384093154,729144.0,0.06792013867039237,0.0,
monthly,2024-09-01,individuals,dyoy_w3_d0.25,678101.2255248459,729144.0,0.07000369539508533,0.0,
monthly,2024-09-01,individuals,dyoy_w3_d0.5,691891.4510496916,729144.0,0.05109079818294926,0.0,
monthly,2024-09-01,individuals,dyoy_w3_d0.75,705681.6765745373,729144.0,0.0321779009708133,0.0,
monthly,2024-09-01,individuals,dyoy_w3_d1.0,719471.9020993832,729144.0,0.013265003758677008,0.0,
monthly,2024-09-01,individuals,dyoy_w6_d0.25,691471.4865091488,729144.0,0.05166676745725285,0.0,
monthly,2024-09-01,individuals,dyoy_w6_d0.5,718631.9730182977,729144.0,0.014416942307284075,0.0,
monthly,2024-09-01,individuals,dyoy_w6_d0.75,745792.4595274468,729144.0,0.022832882842685143,0.0,
monthly,2024-09-01,individuals,dyoy_w6_d1.0,772952.9460365956,729144.0,0.060082707992653805,0.0,
monthly,2024-09-01,individuals,dyoy_w12_d0.25,711724.7166807688,729144.0,0.023890045476930855,0.0,
monthly,2024-09-01,individuals,dyoy_w12_d0.5,759138.4333615376,729144.0,0.04113650165336025,0.0,
monthly,2024-09-01,individuals,dyoy_w12_d0.75,806552.1500423064,729144.0,0.1061630487836509,0.0,
monthly,2024-09-01,individuals,dyoy_w12_d1.0,853965.8667230753,729144.0,0.171189595913942,0.0,
monthly,2024-09-01,individuals,damped_yoy_auto,679620.4384093154,729144.0,0.06792013867039237,0.3,
monthly,2024-09-01,individuals,snaive_level12,860793.429120587,729144.0,0.18055340113967477,0.0,
monthly,2024-09-01,individuals,seasonal_index_level,853965.8667230753,729144.0,0.171189595913942,0.0,
monthly,2024-09-01,individuals,combo_stat_median,718012.2268626052,729144.0,0.015266906313971984,0.32,
monthly,2024-09-01,individuals,combo_ratio_mean,685101.1343687455,729144.0,0.06040352198091803,0.2,
monthly,2024-10-01,visits,seasonal_naive,228490.0,256920.0,0.11065701385645332,0.0,
monthly,2024-10-01,visits,damped_yoy_3m,237451.24185085675,256920.0,0.0757775110896125,0.0,
monthly,2024-10-01,visits,sf_ets_log,237546.80690400625,256920.0,0.07540554684724332,0.04,
monthly,2024-10-01,visits,sf_ets_level,237561.14598894218,256920.0,0.07534973536921152,0.04,
monthly,2024-10-01,visits,sf_arima_log,244096.03568893793,256920.0,0.04991423132127537,0.14,
monthly,2024-10-01,visits,sf_theta_log,241721.60316769377,256920.0,0.05915614522927848,0.0,
monthly,2024-10-01,visits,sf_ces_log,233982.22712985164,256920.0,0.08927982589968997,0.0,
monthly,2024-10-01,visits,sf_mstl_log,232272.01342514288,256920.0,0.09593642602700103,0.0,
monthly,2024-10-01,visits,ratio_ses,249129.01442252324,256920.0,0.030324558529802093,0.0,
monthly,2024-10-01,visits,ratio_ets_auto,249129.01442252324,256920.0,0.030324558529802093,0.0,
monthly,2024-10-01,visits,ratio_arima,270229.5445996245,256920.0,0.05180423711515081,0.14,
monthly,2024-10-01,visits,ratio_theta,249534.91450502473,256920.0,0.028744688988693978,0.0,
monthly,2024-10-01,visits,ratio_mean3_half,237442.1563751783,256920.0,0.0758128741430083,0.0,
monthly,2024-10-01,visits,dyoy_w1_d0.25,234687.24983618068,256920.0,0.0865356926818438,0.0,
monthly,2024-10-01,visits,dyoy_w1_d0.5,240884.49967236136,256920.0,0.06241437150723428,0.0,
monthly,2024-10-01,visits,dyoy_w1_d0.75,247081.74950854198,256920.0,0.03829305033262498,0.0,
monthly,2024-10-01,visits,dyoy_w1_d1.0,253278.99934472266,256920.0,0.014171729158015456,0.0,
monthly,2024-10-01,visits,dyoy_w3_d0.25,232970.62092542837,256920.0,0.09321726247303297,0.0,
monthly,2024-10-01,visits,dyoy_w3_d0.5,237451.24185085675,256920.0,0.0757775110896125,0.0,
monthly,2024-10-01,visits,dyoy_w3_d0.75,241931.86277628507,256920.0,0.05833775970619237,0.0,
monthly,2024-10-01,visits,dyoy_w3_d1.0,246412.4837017134,256920.0,0.04089800832277202,0.0,
monthly,2024-10-01,visits,dyoy_w6_d0.25,234945.25453561585,256920.0,0.08553147074725265,0.0,
monthly,2024-10-01,visits,dyoy_w6_d0.5,241400.50907123173,256920.0,0.06040592763805175,0.0,
monthly,2024-10-01,visits,dyoy_w6_d0.75,247855.76360684764,256920.0,0.03528038452885085,0.0,
monthly,2024-10-01,visits,dyoy_w6_d1.0,254311.0181424635,256920.0,0.010154841419650062,0.0,
monthly,2024-10-01,visits,dyoy_w12_d0.25,241509.87769060672,256920.0,0.059980236296875544,0.0,
monthly,2024-10-01,visits,dyoy_w12_d0.5,254529.7553812134,256920.0,0.009303458737297987,0.0,
monthly,2024-10-01,visits,dyoy_w12_d0.75,267549.6330718201,256920.0,0.04137331882227957,0.0,
monthly,2024-10-01,visits,dyoy_w12_d1.0,280569.51076242677,256920.0,0.09205009638185735,0.0,
monthly,2024-10-01,visits,damped_yoy_auto,253278.99934472266,256920.0,0.014171729158015456,0.33,
monthly,2024-10-01,visits,snaive_level12,282696.9019055863,256920.0,0.10033046047635952,0.0,
monthly,2024-10-01,visits,seasonal_index_level,280569.51076242677,256920.0,0.09205009638185735,0.01,
monthly,2024-10-01,visits,combo_stat_median,245425.30879510852,256920.0,0.044740351879540285,0.36,
monthly,2024-10-01,visits,combo_ratio_mean,256297.82450905754,256920.0,0.0024216701344482727,0.16,
monthly,2024-10-01,pounds,seasonal_naive,12900779.33,13871543.45,0.06998241569145636,0.0,
monthly,2024-10-01,pounds,damped_yoy_3m,13276765.058821755,13871543.45,0.04287759277272385,0.0,
monthly,2024-10-01,pounds,sf_ets_log,13163696.582357308,13871543.45,0.051028702767945466,0.03,
monthly,2024-10-01,pounds,sf_ets_level,13192259.359016951,13871543.45,0.04896961130760458,0.03,
monthly,2024-10-01,pounds,sf_arima_log,14991413.051731074,13871543.45,0.0807314345204373,0.18,
monthly,2024-10-01,pounds,sf_theta_log,12871817.313020242,13871543.45,0.0720702883989277,0.0,
monthly,2024-10-01,pounds,sf_ces_log,13380118.745457368,13871543.45,0.03542682227929228,0.0,
monthly,2024-10-01,pounds,sf_mstl_log,13521878.920844587,13871543.45,0.025207326813759368,0.01,
monthly,2024-10-01,pounds,ratio_ses,13591495.750197388,13871543.45,0.020188647414186023,0.0,
monthly,2024-10-01,pounds,ratio_ets_auto,13458932.811769709,13871543.45,0.029745113780419996,0.0,
monthly,2024-10-01,pounds,ratio_arima,14991413.033425596,13871543.45,0.08073143320079468,0.1,
monthly,2024-10-01,pounds,ratio_theta,13448495.645034382,13871543.45,0.030497529455932093,0.0,
monthly,2024-10-01,pounds,ratio_mean3_half,13277776.115181237,13871543.45,0.04280470568823125,0.0,
monthly,2024-10-01,pounds,dyoy_w1_d0.25,12948967.189874459,13871543.45,0.066508551370002,0.0,
monthly,2024-10-01,pounds,dyoy_w1_d0.5,12997155.049748918,13871543.45,0.06303468704854764,0.0,
monthly,2024-10-01,pounds,dyoy_w1_d0.75,13045342.909623377,13871543.45,0.05956082272709329,0.0,
monthly,2024-10-01,pounds,dyoy_w1_d1.0,13093530.769497836,13871543.45,0.05608695840563893,0.0,
monthly,2024-10-01,pounds,dyoy_w3_d0.25,13088772.194410877,13871543.45,0.0564300042320901,0.0,
monthly,2024-10-01,pounds,dyoy_w3_d0.5,13276765.058821755,13871543.45,0.04287759277272385,0.0,
monthly,2024-10-01,pounds,dyoy_w3_d0.75,13464757.923232628,13871543.45,0.029325181313357818,0.0,
monthly,2024-10-01,pounds,dyoy_w3_d1.0,13652750.787643505,13871543.45,0.015772769853991564,0.0,
monthly,2024-10-01,pounds,dyoy_w6_d0.25,13200455.620305613,13871543.45,0.04837874257564223,0.0,
monthly,2024-10-01,pounds,dyoy_w6_d0.5,13500131.910611227,13871543.45,0.026775069459827994,0.0,
monthly,2024-10-01,pounds,dyoy_w6_d0.75,13799808.200916843,13871543.45,0.005171396344013646,0.0,
monthly,2024-10-01,pounds,dyoy_w6_d1.0,14099484.491222456,13871543.45,0.01643227677180059,0.0,
monthly,2024-10-01,pounds,dyoy_w12_d0.25,13370291.821638005,13871543.45,0.03613524552395753,0.0,
monthly,2024-10-01,pounds,dyoy_w12_d0.5,13839804.31327601,13871543.45,0.0022880753564585854,0.0,
monthly,2024-10-01,pounds,dyoy_w12_d0.75,14309316.804914016,13871543.45,0.03155909481104047,0.0,
monthly,2024-10-01,pounds,dyoy_w12_d1.0,14778829.296552021,13871543.45,0.06540626497853941,0.0,
monthly,2024-10-01,pounds,damped_yoy_auto,13652750.787643505,13871543.45,0.015772769853991564,0.39,
monthly,2024-10-01,pounds,snaive_level12,14830400.992912516,13871543.45,0.06912407017782263,0.0,
monthly,2024-10-01,pounds,seasonal_index_level,14778829.296552021,13871543.45,0.06540626497853941,0.0,
monthly,2024-10-01,pounds,combo_stat_median,13377596.166277349,13871543.45,0.03560867509106569,0.3,
monthly,2024-10-01,pounds,combo_ratio_mean,14010468.14288579,13871543.45,0.010015085443559002,0.11,
monthly,2024-10-01,individuals,seasonal_naive,712506.0,808443.0,0.11866884863867955,0.0,
monthly,2024-10-01,individuals,damped_yoy_3m,742687.9857927748,808443.0,0.08133537454987572,0.0,
monthly,2024-10-01,individuals,sf_ets_log,737942.9805463719,808443.0,0.08720468784271507,0.04,
monthly,2024-10-01,individuals,sf_ets_level,755277.4175188777,808443.0,0.0657629325519824,0.03,
monthly,2024-10-01,individuals,sf_arima_log,761610.352158139,808443.0,0.05792943700651876,0.1,
monthly,2024-10-01,individuals,sf_theta_log,753098.8266408031,808443.0,0.0684577309212856,0.0,
monthly,2024-10-01,individuals,sf_ces_log,746029.5734842196,808443.0,0.07720201240629254,0.0,
monthly,2024-10-01,individuals,sf_mstl_log,741141.3419566728,808443.0,0.0832484888153242,0.01,
monthly,2024-10-01,individuals,ratio_ses,774805.4744355757,808443.0,0.04160778875495774,0.0,
monthly,2024-10-01,individuals,ratio_ets_auto,774805.4744355757,808443.0,0.04160778875495774,0.0,
monthly,2024-10-01,individuals,ratio_arima,782042.5596806316,808443.0,0.032655908109005094,0.1,
monthly,2024-10-01,individuals,ratio_theta,764154.5833901702,808443.0,0.054782361415498415,0.01,
monthly,2024-10-01,individuals,ratio_mean3_half,742596.5224101938,808443.0,0.08144850977719664,0.0,
monthly,2024-10-01,individuals,dyoy_w1_d0.25,729890.1399201578,808443.0,0.09716561350626096,0.0,
monthly,2024-10-01,individuals,dyoy_w1_d0.5,747274.2798403158,808443.0,0.07566237837384227,0.0,
monthly,2024-10-01,individuals,dyoy_w1_d0.75,764658.4197604737,808443.0,0.05415914324142379,0.0,
monthly,2024-10-01,individuals,dyoy_w1_d1.0,782042.5596806316,808443.0,0.032655908109005094,0.0,
monthly,2024-10-01,individuals,dyoy_w3_d0.25,727596.9928963875,808443.0,0.10000211159427752,0.0,
monthly,2024-10-01,individuals,dyoy_w3_d0.5,742687.9857927748,808443.0,0.08133537454987572,0.0,
monthly,2024-10-01,individuals,dyoy_w3_d0.75,757778.9786891624,808443.0,0.06266863750547358,0.0,
monthly,2024-10-01,individuals,dyoy_w3_d1.0,772869.9715855499,808443.0,0.044001900461071664,0.0,
monthly,2024-10-01,individuals,dyoy_w6_d0.25,737473.7396282686,808443.0,0.08778511332491146,0.0,
monthly,2024-10-01,individuals,dyoy_w6_d0.5,762441.4792565372,808443.0,0.05690137801114348,0.0,
monthly,2024-10-01,individuals,dyoy_w6_d0.75,787409.2188848059,808443.0,0.026017642697375165,0.0,
monthly,2024-10-01,individuals,dyoy_w6_d1.0,812376.9585130746,808443.0,0.004866092616393036,0.0,
monthly,2024-10-01,individuals,dyoy_w12_d0.25,760160.0175032633,808443.0,0.0597234220554036,0.0,
monthly,2024-10-01,individuals,dyoy_w12_d0.5,807814.0350065265,808443.0,0.0007779954721278681,0.0,
monthly,2024-10-01,individuals,dyoy_w12_d0.75,855468.0525097897,808443.0,0.05816743111114775,0.0,
monthly,2024-10-01,individuals,dyoy_w12_d1.0,903122.070013053,808443.0,0.11711285769442381,0.0,
monthly,2024-10-01,individuals,damped_yoy_auto,782042.5596806316,808443.0,0.032655908109005094,0.34,
monthly,2024-10-01,individuals,snaive_level12,911054.5579927306,808443.0,0.12692491368312986,0.0,
monthly,2024-10-01,individuals,seasonal_index_level,903122.0700130529,808443.0,0.11711285769442359,0.0,
monthly,2024-10-01,individuals,combo_stat_median,763952.1505381893,808443.0,0.055032759838121725,0.42,
monthly,2024-10-01,individuals,combo_ratio_mean,773667.5391687924,808443.0,0.04301535275982049,0.12,
monthly,2024-11-01,visits,seasonal_naive,240853.0,245399.0,0.018524932864437127,0.0,
monthly,2024-11-01,visits,damped_yoy_3m,250751.83094808084,245399.0,0.02181276593662096,0.0,
monthly,2024-11-01,visits,sf_ets_log,256101.86659787936,245399.0,0.04361414104327799,0.05,
monthly,2024-11-01,visits,sf_ets_level,253868.77948108182,245399.0,0.03451431945966288,0.04,
monthly,2024-11-01,visits,sf_arima_log,253234.25835622998,245399.0,0.03192864826763753,0.11,
monthly,2024-11-01,visits,sf_theta_log,251468.59751607064,245399.0,0.024733586999419854,0.0,
monthly,2024-11-01,visits,sf_ces_log,256506.98660052376,245399.0,0.04526500352700613,0.0,
monthly,2024-11-01,visits,sf_mstl_log,257051.35815832161,245399.0,0.0474833155730936,0.0,
monthly,2024-11-01,visits,ratio_ses,266549.6091475561,245399.0,0.08618865255178765,0.0,
monthly,2024-11-01,visits,ratio_ets_auto,266549.6091475561,245399.0,0.08618865255178765,0.0,
monthly,2024-11-01,visits,ratio_arima,285331.31194896414,245399.0,0.16272402067230973,0.13,
monthly,2024-11-01,visits,ratio_theta,268791.8198212324,245399.0,0.09532565259529346,0.0,
monthly,2024-11-01,visits,ratio_mean3_half,250597.3864302535,245399.0,0.021183405108633258,0.0,
monthly,2024-11-01,visits,dyoy_w1_d0.25,248345.06835091254,245399.0,0.012005217425142378,0.0,
monthly,2024-11-01,visits,dyoy_w1_d0.5,255837.13670182505,245399.0,0.042535367714721994,0.0,
monthly,2024-11-01,visits,dyoy_w1_d0.75,263329.20505273755,245399.0,0.07306551800430139,0.0,
monthly,2024-11-01,visits,dyoy_w1_d1.0,270821.2734036501,245399.0,0.103595668293881,0.0,
monthly,2024-11-01,visits,dyoy_w3_d0.25,245802.41547404043,245399.0,0.0016439165360919716,0.0,
monthly,2024-11-01,visits,dyoy_w3_d0.5,250751.83094808084,245399.0,0.02181276593662096,0.0,
monthly,2024-11-01,visits,dyoy_w3_d0.75,255701.2464221212,245399.0,0.041981615337149725,0.0,
monthly,2024-11-01,visits,dyoy_w3_d1.0,260650.66189616165,245399.0,0.062150464737678934,0.0,
monthly,2024-11-01,visits,dyoy_w6_d0.25,246613.5345493857,245399.0,0.004949223710714712,0.0,
monthly,2024-11-01,visits,dyoy_w6_d0.5,252374.06909877138,245399.0,0.028423380285866662,0.0,
monthly,2024-11-01,visits,dyoy_w6_d0.75,258134.60364815703,245399.0,0.05189753686101839,0.0,
monthly,2024-11-01,visits,dyoy_w6_d1.0,263895.13819754275,245399.0,0.07537169343617034,0.0,
monthly,2024-11-01,visits,dyoy_w12_d0.25,253507.56817499342,245399.0,0.03304238474889232,0.0,
monthly,2024-11-01,visits,dyoy_w12_d0.5,266162.13634998683,245399.0,0.08460970236222165,0.0,
monthly,2024-11-01,visits,dyoy_w12_d0.75,278816.7045249803,245399.0,0.1361770199755512,0.0,
monthly,2024-11-01,visits,dyoy_w12_d1.0,291471.27269997366,245399.0,0.18774433758888032,0.0,
monthly,2024-11-01,visits,damped_yoy_auto,270821.2734036501,245399.0,0.103595668293881,0.32,
monthly,2024-11-01,visits,snaive_level12,293770.5510477046,245399.0,0.19711388818904974,0.0,
monthly,2024-11-01,visits,seasonal_index_level,291471.27269997366,245399.0,0.18774433758888032,0.0,
monthly,2024-11-01,visits,combo_stat_median,261325.73787271773,245399.0,0.0649013967975327,0.34,
monthly,2024-11-01,visits,combo_ratio_mean,273557.5803059176,245399.0,0.11474610860646384,0.14,
monthly,2024-11-01,pounds,seasonal_naive,13438380.85,13130956.42,0.02341218873682016,0.0,
monthly,2024-11-01,pounds,damped_yoy_3m,13655699.701484421,13130956.42,0.039962304701977036,0.0,
monthly,2024-11-01,pounds,sf_ets_log,13347849.82205187,13130956.42,0.016517715474366756,0.03,
monthly,2024-11-01,pounds,sf_ets_level,13391299.516276935,13130956.42,0.01982666669127031,0.04,
monthly,2024-11-01,pounds,sf_arima_log,15116361.730005443,13130956.42,0.15120035787960084,0.2,
monthly,2024-11-01,pounds,sf_theta_log,13409960.863868406,13130956.42,0.021247838690824583,0.0,
monthly,2024-11-01,pounds,sf_ces_log,14231625.792737667,13130956.42,0.08382248311031004,0.0,
monthly,2024-11-01,pounds,sf_mstl_log,14168415.836083813,13130956.42,0.07900867102899212,0.01,
monthly,2024-11-01,pounds,ratio_ses,14300380.57971973,13130956.42,0.08905856681837432,0.0,
monthly,2024-11-01,pounds,ratio_ets_auto,14307607.392584488,13130956.42,0.08960893136407866,0.0,
monthly,2024-11-01,pounds,ratio_arima,15148012.029616348,13130956.42,0.15361071540410687,0.14,
monthly,2024-11-01,pounds,ratio_theta,14160380.415678203,13130956.42,0.07839672623619931,0.0,
monthly,2024-11-01,pounds,ratio_mean3_half,13649531.566601943,13130956.42,0.03949256474662355,0.0,
monthly,2024-11-01,pounds,dyoy_w1_d0.25,13691185.305187806,13130956.42,0.04266474331865977,0.0,
monthly,2024-11-01,pounds,dyoy_w1_d0.5,13943989.760375611,13130956.42,0.06191729790049916,0.0,
monthly,2024-11-01,pounds,dyoy_w1_d0.75,14196794.215563422,13130956.42,0.08116985248233899,0.0,
monthly,2024-11-01,pounds,dyoy_w1_d1.0,14449598.670751227,13130956.42,0.10042240706417838,0.0,
monthly,2024-11-01,pounds,dyoy_w3_d0.25,13547040.275742212,13130956.42,0.03168724671939871,0.0,
monthly,2024-11-01,pounds,dyoy_w3_d0.5,13655699.701484421,13130956.42,0.039962304701977036,0.0,
monthly,2024-11-01,pounds,dyoy_w3_d0.75,13764359.127226632,13130956.42,0.048237362684555585,0.0,
monthly,2024-11-01,pounds,dyoy_w3_d1.0,13873018.552968845,13130956.42,0.05651242066713413,0.0,
monthly,2024-11-01,pounds,dyoy_w6_d0.25,13679520.58148607,13130956.42,0.041776405612811374,0.0,
monthly,2024-11-01,pounds,dyoy_w6_d0.5,13920660.312972141,13130956.42,0.06014062248880281,0.0,
monthly,2024-11-01,pounds,dyoy_w6_d0.75,14161800.04445821,13130956.42,0.07850483936479402,0.0,
monthly,2024-11-01,pounds,dyoy_w6_d1.0,14402939.775944281,13130956.42,0.09686905624078546,0.0,
monthly,2024-11-01,pounds,dyoy_w12_d0.25,13896814.898491764,13130956.42,0.058324653132293625,0.0,
monthly,2024-11-01,pounds,dyoy_w12_d0.5,14355248.946983531,13130956.42,0.09323711752776731,0.0,
monthly,2024-11-01,pounds,dyoy_w12_d0.75,14813682.995475298,13130956.42,0.128149581923241,0.0,
monthly,2024-11-01,pounds,dyoy_w12_d1.0,15272117.043967063,13130956.42,0.16306204631871468,0.0,
monthly,2024-11-01,pounds,damped_yoy_auto,13764359.127226632,13130956.42,0.048237362684555585,0.36,
monthly,2024-11-01,pounds,snaive_level12,15333610.715236258,13130956.42,0.16774515311629212,0.0,
monthly,2024-11-01,pounds,seasonal_index_level,15272117.043967064,13130956.42,0.16306204631871468,0.0,
monthly,2024-11-01,pounds,combo_stat_median,13587159.995547518,13130956.42,0.03474260068768986,0.34,
monthly,2024-11-01,pounds,combo_ratio_mean,14536257.67500476,13130956.42,0.10702200281956009,0.18,
monthly,2024-11-01,individuals,seasonal_naive,765313.0,769640.0,0.005622109037991763,0.0,
monthly,2024-11-01,individuals,damped_yoy_3m,797578.6673369147,769640.0,0.036300955429700466,0.0,
monthly,2024-11-01,individuals,sf_ets_log,780196.1135684694,769640.0,0.013715650912724753,0.03,
monthly,2024-11-01,individuals,sf_ets_level,798387.3878755972,769640.0,0.0373517331162585,0.04,
monthly,2024-11-01,individuals,sf_arima_log,802235.9370420852,769640.0,0.0423521867913379,0.15,
monthly,2024-11-01,individuals,sf_theta_log,789466.9364690112,769640.0,0.02576131239152235,0.0,
monthly,2024-11-01,individuals,sf_ces_log,838094.3084627785,769640.0,0.0889432831749628,0.0,
monthly,2024-11-01,individuals,sf_mstl_log,833395.4463439591,769640.0,0.08283801042560035,0.01,
monthly,2024-11-01,individuals,ratio_ses,862090.6301659471,769640.0,0.12012191435729314,0.0,
monthly,2024-11-01,individuals,ratio_ets_auto,862090.6301659471,769640.0,0.12012191435729314,0.0,
monthly,2024-11-01,individuals,ratio_arima,868360.3192941534,769640.0,0.12826817641254795,0.09,
monthly,2024-11-01,individuals,ratio_theta,850999.8253466273,769640.0,0.10571153441430714,0.0,
monthly,2024-11-01,individuals,ratio_mean3_half,796841.6854058863,769640.0,0.035343388345052684,0.0,
monthly,2024-11-01,individuals,dyoy_w1_d0.25,791074.8298235384,769640.0,0.027850462324643166,0.0,
monthly,2024-11-01,individuals,dyoy_w1_d0.5,816836.6596470767,769640.0,0.061323033687278095,0.0,
monthly,2024-11-01,individuals,dyoy_w1_d0.75,842598.4894706149,769640.0,0.0947956050499128,0.0,
monthly,2024-11-01,individuals,dyoy_w1_d1.0,868360.3192941534,769640.0,0.12826817641254795,0.0,
monthly,2024-11-01,individuals,dyoy_w3_d0.25,781445.8336684573,769640.0,0.015339423195854351,0.0,
monthly,2024-11-01,individuals,dyoy_w3_d0.5,797578.6673369147,769640.0,0.036300955429700466,0.0,
monthly,2024-11-01,individuals,dyoy_w3_d0.75,813711.5010053719,769640.0,0.05726248766354658,0.0,
monthly,2024-11-01,individuals,dyoy_w3_d1.0,829844.3346738293,769640.0,0.0782240198973927,0.0,
monthly,2024-11-01,individuals,dyoy_w6_d0.25,787926.7213455728,769640.0,0.023760097377439893,0.0,
monthly,2024-11-01,individuals,dyoy_w6_d0.5,810540.4426911456,769640.0,0.05314230379287155,0.0,
monthly,2024-11-01,individuals,dyoy_w6_d0.75,833154.1640367184,769640.0,0.0825245102083032,0.0,
monthly,2024-11-01,individuals,dyoy_w6_d1.0,855767.8853822912,769640.0,0.11190671662373464,0.0,
monthly,2024-11-01,individuals,dyoy_w12_d0.25,812271.5534935361,769640.0,0.05539155123633921,0.0,
monthly,2024-11-01,individuals,dyoy_w12_d0.5,859230.1069870723,769640.0,0.11640521151067018,0.0,
monthly,2024-11-01,individuals,dyoy_w12_d0.75,906188.6604806085,769640.0,0.17741887178500138,0.0,
monthly,2024-11-01,individuals,dyoy_w12_d1.0,953147.2139741445,769640.0,0.23843253205933235,0.0,
monthly,2024-11-01,individuals,damped_yoy_auto,868360.3192941534,769640.0,0.12826817641254795,0.34,
monthly,2024-11-01,individuals,snaive_level12,961950.9028726029,769640.0,0.24987124223351564,0.0,
monthly,2024-11-01,individuals,seasonal_index_level,953147.2139741447,769640.0,0.23843253205933257,0.0,
monthly,2024-11-01,individuals,combo_stat_median,825778.7833174792,769640.0,0.07294161337440785,0.4,
monthly,2024-11-01,individuals,combo_ratio_mean,860483.5916022426,769640.0,0.11803387506138274,0.12,
monthly,2024-12-01,visits,seasonal_naive,220936.0,225715.0,0.021172717807855013,0.0,
monthly,2024-12-01,visits,damped_yoy_3m,230018.5682547259,225715.0,0.01906638129821192,0.0,
monthly,2024-12-01,visits,sf_ets_log,255091.11073321613,225715.0,0.13014691417591262,0.03,
monthly,2024-12-01,visits,sf_ets_level,252875.94402723596,225715.0,0.12033291552283165,0.03,
monthly,2024-12-01,visits,sf_arima_log,256424.93392593323,225715.0,0.13605623873439177,0.19,
monthly,2024-12-01,visits,sf_theta_log,250579.82350918488,225715.0,0.11016026187530681,0.0,
monthly,2024-12-01,visits,sf_ces_log,226722.5817151427,225715.0,0.004463955497608474,0.0,
monthly,2024-12-01,visits,sf_mstl_log,227256.98149709616,225715.0,0.00683154197592617,0.0,
monthly,2024-12-01,visits,ratio_ses,235010.00237737727,225715.0,0.041180259962241283,0.0,
monthly,2024-12-01,visits,ratio_ets_auto,235010.00237737727,225715.0,0.041180259962241283,0.0,
monthly,2024-12-01,visits,ratio_arima,238084.3112929124,225715.0,0.05480057281488793,0.18,
monthly,2024-12-01,visits,ratio_theta,228195.47840826446,225715.0,0.010989426525771284,0.01,
monthly,2024-12-01,visits,ratio_mean3_half,229913.10409953035,225715.0,0.01859913651963918,0.0,
monthly,2024-12-01,visits,dyoy_w1_d0.25,221978.51873134234,225715.0,0.01655397855108287,0.0,
monthly,2024-12-01,visits,dyoy_w1_d0.5,223021.0374626847,225715.0,0.011935239294310507,0.01,
monthly,2024-12-01,visits,dyoy_w1_d0.75,224063.5561940271,225715.0,0.007316500037538032,0.0,
monthly,2024-12-01,visits,dyoy_w1_d1.0,225106.07492536944,225715.0,0.00269776078076589,0.0,
monthly,2024-12-01,visits,dyoy_w3_d0.25,225477.28412736292,225715.0,0.0010531682548217125,0.0,
monthly,2024-12-01,visits,dyoy_w3_d0.5,230018.5682547259,225715.0,0.01906638129821192,0.0,
monthly,2024-12-01,visits,dyoy_w3_d0.75,234559.85238208887,225715.0,0.03918593085124544,0.0,
monthly,2024-12-01,visits,dyoy_w3_d1.0,239101.1365094518,225715.0,0.059305480404278965,0.0,
monthly,2024-12-01,visits,dyoy_w6_d0.25,224890.50561251273,225715.0,0.003652811676172485,0.0,
monthly,2024-12-01,visits,dyoy_w6_d0.5,228845.01122502543,225715.0,0.013867094455509932,0.0,
monthly,2024-12-01,visits,dyoy_w6_d0.75,232799.5168375381,225715.0,0.03138700058719235,0.0,
monthly,2024-12-01,visits,dyoy_w6_d1.0,236754.02245005083,225715.0,0.048906906718874765,0.0,
monthly,2024-12-01,visits,dyoy_w12_d0.25,230916.2324953407,225715.0,0.023043362183907456,0.0,
monthly,2024-12-01,visits,dyoy_w12_d0.5,240896.46499068142,225715.0,0.06725944217567026,0.0,
monthly,2024-12-01,visits,dyoy_w12_d0.75,250876.6974860221,225715.0,0.11147552216743284,0.0,
monthly,2024-12-01,visits,dyoy_w12_d1.0,260856.9299813628,225715.0,0.15569160215919542,0.0,
monthly,2024-12-01,visits,damped_yoy_auto,225106.07492536944,225715.0,0.00269776078076589,0.32,
monthly,2024-12-01,visits,snaive_level12,263199.6795189456,225715.0,0.16607083941672274,0.0,
monthly,2024-12-01,visits,seasonal_index_level,260856.92998136277,225715.0,0.15569160215919542,0.0,
monthly,2024-12-01,visits,combo_stat_median,242794.91294328106,225715.0,0.07567026091877382,0.41,
monthly,2024-12-01,visits,combo_ratio_mean,233763.2640261847,225715.0,0.03565675310096683,0.24,
monthly,2024-12-01,pounds,seasonal_naive,12076633.25,13409452.06,0.09939398001024657,0.0,
monthly,2024-12-01,pounds,damped_yoy_3m,12209312.468154447,13409452.06,0.08949952514655946,0.0,
monthly,2024-12-01,pounds,sf_ets_log,13364908.28761095,13409452.06,0.003321818981845137,0.04,
monthly,2024-12-01,pounds,sf_ets_level,13407980.978038836,13409452.06,0.00010970485256089901,0.06,
monthly,2024-12-01,pounds,sf_arima_log,12374869.606506677,13409452.06,0.07715322362644872,0.11,
monthly,2024-12-01,pounds,sf_theta_log,13365244.586580323,13409452.06,0.003296739734172105,0.0,
monthly,2024-12-01,pounds,sf_ces_log,12044145.341548586,13409452.06,0.1018167418282574,0.0,
monthly,2024-12-01,pounds,sf_mstl_log,12071864.24389249,13409452.06,0.09974962512431773,0.0,
monthly,2024-12-01,pounds,ratio_ses,12376198.723030137,13409452.06,0.07705410574172733,0.0,
monthly,2024-12-01,pounds,ratio_ets_auto,12376198.723030137,13409452.06,0.07705410574172733,0.0,
monthly,2024-12-01,pounds,ratio_arima,12374869.601153335,13409452.06,0.07715322402567026,0.13,
monthly,2024-12-01,pounds,ratio_theta,12285250.81712337,13409452.06,0.08383647876486244,0.0,
monthly,2024-12-01,pounds,ratio_mean3_half,12206628.420376953,13409452.06,0.08969968603050049,0.0,
monthly,2024-12-01,pounds,dyoy_w1_d0.25,12007565.1804416,13409452.06,0.104544680370661,0.0,
monthly,2024-12-01,pounds,dyoy_w1_d0.5,11938497.1108832,13409452.06,0.1096953807310751,0.0,
monthly,2024-12-01,pounds,dyoy_w1_d0.75,11869429.041324798,13409452.06,0.11484608109148964,0.0,
monthly,2024-12-01,pounds,dyoy_w1_d1.0,11800360.9717664,13409452.06,0.11999678145190384,0.0,
monthly,2024-12-01,pounds,dyoy_w3_d0.25,12142972.859077225,13409452.06,0.09444675257840296,0.0,
monthly,2024-12-01,pounds,dyoy_w3_d0.5,12209312.468154447,13409452.06,0.08949952514655946,0.0,
monthly,2024-12-01,pounds,dyoy_w3_d0.75,12275652.077231668,13409452.06,0.08455229771471606,0.0,
monthly,2024-12-01,pounds,dyoy_w3_d1.0,12341991.686308892,13409452.06,0.07960507028287245,0.0,
monthly,2024-12-01,pounds,dyoy_w6_d0.25,12209763.18832911,13409452.06,0.08946591302186968,0.0,
monthly,2024-12-01,pounds,dyoy_w6_d0.5,12342893.12665822,13409452.06,0.07953784603349268,0.0,
monthly,2024-12-01,pounds,dyoy_w6_d0.75,12476023.064987333,13409452.06,0.06960977904511534,0.0,
monthly,2024-12-01,pounds,dyoy_w6_d1.0,12609153.003316443,13409452.06,0.059681712056738334,0.0,
monthly,2024-12-01,pounds,dyoy_w12_d0.25,12434646.615021145,13409452.06,0.07269539729268071,0.0,
monthly,2024-12-01,pounds,dyoy_w12_d0.5,12792659.98004229,13409452.06,0.04599681457511473,0.0,
monthly,2024-12-01,pounds,dyoy_w12_d0.75,13150673.345063437,13409452.06,0.019298231857548642,0.0,
monthly,2024-12-01,pounds,dyoy_w12_d1.0,13508686.710084582,13409452.06,0.007400350860017335,0.0,
monthly,2024-12-01,pounds,damped_yoy_auto,12275652.077231668,13409452.06,0.08455229771471606,0.36,
monthly,2024-12-01,pounds,snaive_level12,13579851.135561874,13409452.06,0.012707385417348283,0.0,
monthly,2024-12-01,pounds,seasonal_index_level,13508686.710084582,13409452.06,0.007400350860017335,0.0,
monthly,2024-12-01,pounds,combo_stat_median,12870553.505320543,13409452.06,0.040187962361786234,0.37,
monthly,2024-12-01,pounds,combo_ratio_mean,12345439.713768946,13409452.06,0.07934793617742009,0.12,
monthly,2024-12-01,individuals,seasonal_naive,678852.0,710647.0,0.04474091919054046,0.0,
monthly,2024-12-01,individuals,damped_yoy_3m,705012.0436584147,710647.0,0.007929332483758156,0.0,
monthly,2024-12-01,individuals,sf_ets_log,776353.6355173715,710647.0,0.09246030098962144,0.03,
monthly,2024-12-01,individuals,sf_ets_level,794705.8535021879,710647.0,0.11828496215728457,0.03,
monthly,2024-12-01,individuals,sf_arima_log,814894.208224048,710647.0,0.14669337691434436,0.1,
monthly,2024-12-01,individuals,sf_theta_log,788261.7291456339,710647.0,0.10921699401479756,0.0,
monthly,2024-12-01,individuals,sf_ces_log,694881.7926382357,710647.0,0.022184301575556176,0.0,
monthly,2024-12-01,individuals,sf_mstl_log,682402.5940567863,710647.0,0.039744635442369725,0.0,
monthly,2024-12-01,individuals,ratio_ses,698870.3778302188,710647.0,0.016571690543661255,0.0,
monthly,2024-12-01,individuals,ratio_ets_auto,698870.3778302188,710647.0,0.016571690543661255,0.0,
monthly,2024-12-01,individuals,ratio_arima,682690.1585103088,710647.0,0.03933998383120052,0.1,
monthly,2024-12-01,individuals,ratio_theta,691734.8343283844,710647.0,0.02661260185663994,0.0,
monthly,2024-12-01,individuals,ratio_mean3_half,704801.7637107429,710647.0,0.008225231780697118,0.0,
monthly,2024-12-01,individuals,dyoy_w1_d0.25,679811.5396275772,710647.0,0.04339068535070556,0.0,
monthly,2024-12-01,individuals,dyoy_w1_d0.5,680771.0792551544,710647.0,0.04204045151087055,0.0,
monthly,2024-12-01,individuals,dyoy_w1_d0.75,681730.6188827317,710647.0,0.04069021767103542,0.0,
monthly,2024-12-01,individuals,dyoy_w1_d1.0,682690.1585103088,710647.0,0.03933998383120052,0.0,
monthly,2024-12-01,individuals,dyoy_w3_d0.25,691932.0218292073,710647.0,0.026335125837149365,0.0,
monthly,2024-12-01,individuals,dyoy_w3_d0.5,705012.0436584147,710647.0,0.007929332483758156,0.0,
monthly,2024-12-01,individuals,dyoy_w3_d0.75,718092.0654876222,710647.0,0.010476460869633053,0.0,
monthly,2024-12-01,individuals,dyoy_w3_d1.0,731172.0873168295,710647.0,0.028882254223024262,0.0,
monthly,2024-12-01,individuals,dyoy_w6_d0.25,692425.0631587617,710647.0,0.0256413336596627,0.0,
monthly,2024-12-01,individuals,dyoy_w6_d0.5,705998.1263175233,710647.0,0.006541748128785052,0.0,
monthly,2024-12-01,individuals,dyoy_w6_d0.75,719571.1894762848,710647.0,0.012557837402092487,0.0,
monthly,2024-12-01,individuals,dyoy_w6_d1.0,733144.2526350465,710647.0,0.03165742293297025,0.0,
monthly,2024-12-01,individuals,dyoy_w12_d0.25,713865.0675402194,710647.0,0.004528362942810338,0.0,
monthly,2024-12-01,individuals,dyoy_w12_d0.5,748878.1350804387,710647.0,0.05379764507616125,0.0,
monthly,2024-12-01,individuals,dyoy_w12_d0.75,783891.202620658,710647.0,0.10306692720951194,0.0,
monthly,2024-12-01,individuals,dyoy_w12_d1.0,818904.2701608774,710647.0,0.15233620934286285,0.0,
monthly,2024-12-01,individuals,damped_yoy_auto,718092.0654876222,710647.0,0.010476460869633053,0.31,
monthly,2024-12-01,individuals,snaive_level12,827680.575489433,710647.0,0.16468594884581655,0.0,
monthly,2024-12-01,individuals,seasonal_index_level,818904.2701608775,710647.0,0.15233620934286285,0.0,
monthly,2024-12-01,individuals,combo_stat_median,747222.8505024968,710647.0,0.051468380929627244,0.34,
monthly,2024-12-01,individuals,combo_ratio_mean,691098.4568896374,710647.0,0.0275080920771672,0.08,
monthly,2025-01-01,visits,seasonal_naive,242908.0,247974.0,0.02042956116367034,0.0,
monthly,2025-01-01,visits,damped_yoy_3m,249550.95997705276,247974.0,0.006359376293695096,0.0,
monthly,2025-01-01,visits,sf_ets_log,233119.5087108014,247974.0,0.059903422492674996,0.03,
monthly,2025-01-01,visits,sf_ets_level,233414.7490325552,247974.0,0.05871281250229776,0.03,
monthly,2025-01-01,visits,sf_arima_log,238331.25557486262,247974.0,0.038886110742002766,0.24,
monthly,2025-01-01,visits,sf_theta_log,239744.7997456627,247974.0,0.03318573824004656,0.0,
monthly,2025-01-01,visits,sf_ces_log,233869.8051356889,247974.0,0.05687771647152973,0.0,
monthly,2025-01-01,visits,sf_mstl_log,231312.79950369193,247974.0,0.0671893041057049,0.01,
monthly,2025-01-01,visits,ratio_ses,253169.8720692197,247974.0,0.020953293769587544,0.0,
monthly,2025-01-01,visits,ratio_ets_auto,253169.8720692197,247974.0,0.020953293769587544,0.0,
monthly,2025-01-01,visits,ratio_arima,247874.97525257277,247974.0,0.00039933520218748964,0.17,
monthly,2025-01-01,visits,ratio_theta,247399.2732899439,247974.0,0.0023176893950821453,0.0,
monthly,2025-01-01,visits,ratio_mean3_half,249363.4022087744,247974.0,0.005603015674120693,0.0,
monthly,2025-01-01,visits,dyoy_w1_d0.25,244221.5674267661,247974.0,0.01513236296238274,0.0,
monthly,2025-01-01,visits,dyoy_w1_d0.5,245535.13485353222,247974.0,0.009835164761095028,0.0,
monthly,2025-01-01,visits,dyoy_w1_d0.75,246848.70228029837,247974.0,0.004537966559807205,0.0,
monthly,2025-01-01,visits,dyoy_w1_d1.0,248162.26970706446,247974.0,0.0007592316414803957,0.0,
monthly,2025-01-01,visits,dyoy_w3_d0.25,246229.4799885264,247974.0,0.0070350924349874555,0.0,
monthly,2025-01-01,visits,dyoy_w3_d0.5,249550.95997705276,247974.0,0.006359376293695096,0.0,
monthly,2025-01-01,visits,dyoy_w3_d0.75,252872.4399655791,247974.0,0.01975384502237776,0.0,
monthly,2025-01-01,visits,dyoy_w3_d1.0,256193.9199541055,247974.0,0.03314831375106064,0.0,
monthly,2025-01-01,visits,dyoy_w6_d0.25,246935.19133435158,247974.0,0.004189183808175123,0.0,
monthly,2025-01-01,visits,dyoy_w6_d0.5,250962.38266870315,247974.0,0.012051193547320205,0.0,
monthly,2025-01-01,visits,dyoy_w6_d0.75,254989.5740030547,247974.0,0.02829157090281531,0.0,
monthly,2025-01-01,visits,dyoy_w6_d1.0,259016.76533740628,247974.0,0.044531948258310416,0.0,
monthly,2025-01-01,visits,dyoy_w12_d0.25,252211.04737618341,247974.0,0.017086659795718218,0.0,
monthly,2025-01-01,visits,dyoy_w12_d0.5,261514.09475236683,247974.0,0.054602880755106664,0.0,
monthly,2025-01-01,visits,dyoy_w12_d0.75,270817.14212855033,247974.0,0.09211910171449555,0.0,
monthly,2025-01-01,visits,dyoy_w12_d1.0,280120.1895047337,247974.0,0.129635322673884,0.0,
monthly,2025-01-01,visits,damped_yoy_auto,249550.95997705276,247974.0,0.006359376293695096,0.34,
monthly,2025-01-01,visits,snaive_level12,282064.2605302142,247974.0,0.1374751406607715,0.0,
monthly,2025-01-01,visits,seasonal_index_level,261460.2131951343,247974.0,0.05438559363132556,0.0,
monthly,2025-01-01,visits,combo_stat_median,244647.87986135774,247974.0,0.013413180973175676,0.37,
monthly,2025-01-01,visits,combo_ratio_mean,249481.37353724547,247974.0,0.0060787563907727105,0.17,
monthly,2025-01-01,pounds,seasonal_naive,12985532.3,12757764.66,0.017853256120496708,0.0,
monthly,2025-01-01,pounds,damped_yoy_3m,13322908.914710592,12757764.66,0.04429806237784861,0.0,
monthly,2025-01-01,pounds,sf_ets_log,13429544.822531046,12757764.66,0.05265657271742197,0.04,
monthly,2025-01-01,pounds,sf_ets_level,13470542.436501414,12757764.66,0.05587011482789128,0.03,
monthly,2025-01-01,pounds,sf_arima_log,13770217.687366404,12757764.66,0.0793597510495545,0.16,
monthly,2025-01-01,pounds,sf_theta_log,13469005.574029665,12757764.66,0.05574964995706888,0.0,
monthly,2025-01-01,pounds,sf_ces_log,13093612.32555152,12757764.66,0.02632496166076148,0.0,
monthly,2025-01-01,pounds,sf_mstl_log,12861390.494660955,12757764.66,0.008122569856289674,0.01,
monthly,2025-01-01,pounds,ratio_ses,13770357.588174922,12757764.66,0.07937071698381071,0.0,
monthly,2025-01-01,pounds,ratio_ets_auto,13770357.588174922,12757764.66,0.07937071698381071,0.0,
monthly,2025-01-01,pounds,ratio_arima,13770217.664400559,12757764.66,0.07935974924940803,0.23,
monthly,2025-01-01,pounds,ratio_theta,13620636.720374934,12757764.66,0.06763505076091714,0.0,
monthly,2025-01-01,pounds,ratio_mean3_half,13323356.796967845,12757764.66,0.044333169018329066,0.0,
monthly,2025-01-01,pounds,dyoy_w1_d0.25,13343814.30933614,12757764.66,0.045936703251284294,0.0,
monthly,2025-01-01,pounds,dyoy_w1_d0.5,13702096.318672283,12757764.66,0.07402015038207188,0.0,
monthly,2025-01-01,pounds,dyoy_w1_d0.75,14060378.328008423,12757764.66,0.10210359751285947,0.0,
monthly,2025-01-01,pounds,dyoy_w1_d1.0,14418660.337344563,12757764.66,0.13018704464364705,0.0,
monthly,2025-01-01,pounds,dyoy_w3_d0.25,13154220.607355295,12757764.66,0.03107565924917255,0.0,
monthly,2025-01-01,pounds,dyoy_w3_d0.5,13322908.914710592,12757764.66,0.04429806237784861,0.0,
monthly,2025-01-01,pounds,dyoy_w3_d0.75,13491597.222065888,12757764.66,0.057520465506524676,0.0,
monthly,2025-01-01,pounds,dyoy_w3_d1.0,13660285.529421182,12757764.66,0.07074286863520052,0.0,
monthly,2025-01-01,pounds,dyoy_w6_d0.25,13164242.535473898,12757764.66,0.031861214429542484,0.0,
monthly,2025-01-01,pounds,dyoy_w6_d0.5,13342952.770947795,12757764.66,0.04586917273858804,0.0,
monthly,2025-01-01,pounds,dyoy_w6_d0.75,13521663.006421695,12757764.66,0.059877131047634036,0.0,
monthly,2025-01-01,pounds,dyoy_w6_d1.0,13700373.241895592,12757764.66,0.07388508935667981,0.0,
monthly,2025-01-01,pounds,dyoy_w12_d0.25,13346586.729573332,12757764.66,0.04615401563406252,0.0,
monthly,2025-01-01,pounds,dyoy_w12_d0.5,13707641.159146663,12757764.66,0.07445477514762855,0.0,
monthly,2025-01-01,pounds,dyoy_w12_d0.75,14068695.588719994,12757764.66,0.10275553466119458,0.0,
monthly,2025-01-01,pounds,dyoy_w12_d1.0,14429750.018293325,12757764.66,0.1310562941747606,0.0,
monthly,2025-01-01,pounds,damped_yoy_auto,13491597.222065888,12757764.66,0.057520465506524676,0.37,
monthly,2025-01-01,pounds,snaive_level12,14495624.060097974,12757764.66,0.1362197411860686,0.0,
monthly,2025-01-01,pounds,seasonal_index_level,13849347.991057122,12757764.66,0.08556227208670908,0.0,
monthly,2025-01-01,pounds,combo_stat_median,13480301.398047777,12757764.66,0.05663505773179689,0.41,
monthly,2025-01-01,pounds,combo_ratio_mean,13720403.990983471,12757764.66,0.07545517233137855,0.17,
monthly,2025-01-01,individuals,seasonal_naive,769344.0,778384.0,0.011613805011408296,0.0,
monthly,2025-01-01,individuals,damped_yoy_3m,792898.5429265754,778384.0,0.018647021170239197,0.0,
monthly,2025-01-01,individuals,sf_ets_log,740645.6224918945,778384.0,0.04848298206040391,0.04,
monthly,2025-01-01,individuals,sf_ets_level,748701.878720871,778384.0,0.03813300540495301,0.04,
monthly,2025-01-01,individuals,sf_arima_log,749992.1615006785,778384.0,0.036475362416649726,0.47,
monthly,2025-01-01,individuals,sf_theta_log,756305.2166632125,778384.0,0.028364898734798638,0.0,
monthly,2025-01-01,individuals,sf_ces_log,774881.0474395852,778384.0,0.004500288495671523,0.0,
monthly,2025-01-01,individuals,sf_mstl_log,738372.5518914253,778384.0,0.05140322528286134,0.01,
monthly,2025-01-01,individuals,ratio_ses,802605.5952286657,778384.0,0.031117796908294304,0.0,
monthly,2025-01-01,individuals,ratio_ets_auto,802605.5952286657,778384.0,0.031117796908294304,0.0,
monthly,2025-01-01,individuals,ratio_arima,805377.3216665784,778384.0,0.034678669739586665,0.09,
monthly,2025-01-01,individuals,ratio_theta,789759.7900478848,778384.0,0.014614624719784475,0.0,
monthly,2025-01-01,individuals,ratio_mean3_half,792474.467262329,778384.0,0.018102205675256666,0.0,
monthly,2025-01-01,individuals,dyoy_w1_d0.25,778352.3304166446,778384.0,4.068632365961111e-05,0.0,
monthly,2025-01-01,individuals,dyoy_w1_d0.5,787360.6608332891,778384.0,0.011532432364089074,0.0,
monthly,2025-01-01,individuals,dyoy_w1_d0.75,796368.9912499338,778384.0,0.02310555105183787,0.0,
monthly,2025-01-01,individuals,dyoy_w1_d1.0,805377.3216665784,778384.0,0.034678669739586665,0.0,
monthly,2025-01-01,individuals,dyoy_w3_d0.25,781121.2714632876,778384.0,0.00351660807941534,0.0,
monthly,2025-01-01,individuals,dyoy_w3_d0.5,792898.5429265754,778384.0,0.018647021170239197,0.0,
monthly,2025-01-01,individuals,dyoy_w3_d0.75,804675.8143898628,778384.0,0.03377743426106239,0.0,
monthly,2025-01-01,individuals,dyoy_w3_d1.0,816453.0858531506,778384.0,0.04890784735188625,0.0,
monthly,2025-01-01,individuals,dyoy_w6_d0.25,783314.8097527465,778384.0,0.00633467511247221,0.0,
monthly,2025-01-01,individuals,dyoy_w6_d0.5,797285.6195054929,778384.0,0.024283155236352272,0.0,
monthly,2025-01-01,individuals,dyoy_w6_d0.75,811256.4292582392,778384.0,0.042231635360232556,0.0,
monthly,2025-01-01,individuals,dyoy_w6_d1.0,825227.2390109857,778384.0,0.06018011548411284,0.0,
monthly,2025-01-01,individuals,dyoy_w12_d0.25,803376.6755658726,778384.0,0.03210841379816709,0.0,
monthly,2025-01-01,individuals,dyoy_w12_d0.5,837409.3511317451,778384.0,0.0758306326077427,0.0,
monthly,2025-01-01,individuals,dyoy_w12_d0.75,871442.0266976177,778384.0,0.11955285141731808,0.0,
monthly,2025-01-01,individuals,dyoy_w12_d1.0,905474.7022634903,778384.0,0.16327507022689347,0.0,
monthly,2025-01-01,individuals,damped_yoy_auto,804675.8143898628,778384.0,0.03377743426106239,0.4,
monthly,2025-01-01,individuals,snaive_level12,912562.8387099777,778384.0,0.17238129086669018,0.0,
monthly,2025-01-01,individuals,seasonal_index_level,857620.6358607764,778384.0,0.1017963317087407,0.0,
monthly,2025-01-01,individuals,combo_stat_median,779455.4059459391,778384.0,0.001376449086747833,0.37,
monthly,2025-01-01,individuals,combo_ratio_mean,799247.5689810431,778384.0,0.02680369712255537,0.1,
monthly,2025-02-01,visits,seasonal_naive,239827.0,241336.0,0.006252693340405124,0.0,
monthly,2025-02-01,visits,damped_yoy_3m,242275.81868164614,241336.0,0.0038942332749616337,0.0,
monthly,2025-02-01,visits,sf_ets_log,242430.88495107697,241336.0,0.004536765965612144,0.05,
monthly,2025-02-01,visits,sf_ets_level,242564.82789306468,241336.0,0.005091772023505303,0.03,
monthly,2025-02-01,visits,sf_arima_log,242315.9871061343,241336.0,0.004060675183703566,0.28,
monthly,2025-02-01,visits,sf_theta_log,245808.7756517145,241336.0,0.018533395977867073,0.0,
monthly,2025-02-01,visits,sf_ces_log,251869.9997012626,241336.0,0.04364868772691444,0.0,
monthly,2025-02-01,visits,sf_mstl_log,254577.65319121373,241336.0,0.05486812241527872,0.0,
monthly,2025-02-01,visits,ratio_ses,247381.39869908633,241336.0,0.025049717817011707,0.0,
monthly,2025-02-01,visits,ratio_ets_auto,247381.39869908633,241336.0,0.025049717817011707,0.0,
monthly,2025-02-01,visits,ratio_arima,244908.4316457471,241336.0,0.014802729993648178,0.15,
monthly,2025-02-01,visits,ratio_theta,243534.53869976543,241336.0,0.009109866326471927,0.0,
monthly,2025-02-01,visits,ratio_mean3_half,242267.1741194079,241336.0,0.0038584136614838727,0.0,
monthly,2025-02-01,visits,dyoy_w1_d0.25,241077.43594900126,241336.0,0.0010713861628548482,0.0,
monthly,2025-02-01,visits,dyoy_w1_d0.5,242327.87189800254,241336.0,0.004109921014695539,0.0,
monthly,2025-02-01,visits,dyoy_w1_d0.75,243578.3078470038,241336.0,0.009291228192245704,0.0,
monthly,2025-02-01,visits,dyoy_w1_d1.0,244828.7437960051,241336.0,0.014472535369796091,0.0,
monthly,2025-02-01,visits,dyoy_w3_d0.25,241051.4093408231,241336.0,0.0011792300327215788,0.0,
monthly,2025-02-01,visits,dyoy_w3_d0.5,242275.81868164614,241336.0,0.0038942332749616337,0.0,
monthly,2025-02-01,visits,dyoy_w3_d0.75,243500.2280224692,241336.0,0.008967696582645068,0.0,
monthly,2025-02-01,visits,dyoy_w3_d1.0,244724.6373632923,241336.0,0.014041159890328503,0.0,
monthly,2025-02-01,visits,dyoy_w6_d0.25,242869.4992314389,241336.0,0.0063542083710632635,0.0,
monthly,2025-02-01,visits,dyoy_w6_d0.5,245911.99846287785,241336.0,0.01896111008253154,0.0,
monthly,2025-02-01,visits,dyoy_w6_d0.75,248954.49769431681,241336.0,0.03156801179400004,0.0,
monthly,2025-02-01,visits,dyoy_w6_d1.0,251996.99692575572,241336.0,0.044174913505468316,0.0,
monthly,2025-02-01,visits,dyoy_w12_d0.25,247066.6125896805,241336.0,0.023745369897903768,0.0,
monthly,2025-02-01,visits,dyoy_w12_d0.5,254306.225179361,241336.0,0.05374343313621255,0.0,
monthly,2025-02-01,visits,dyoy_w12_d0.75,261545.83776904145,241336.0,0.08374149637452111,0.0,
monthly,2025-02-01,visits,dyoy_w12_d1.0,268785.45035872195,241336.0,0.11373955961283011,0.0,
monthly,2025-02-01,visits,damped_yoy_auto,242275.81868164614,241336.0,0.0038942332749616337,0.35,
monthly,2025-02-01,visits,snaive_level12,270325.59175503295,241336.0,0.1201212904623965,0.0,
monthly,2025-02-01,visits,seasonal_index_level,249205.5328527964,241336.0,0.03260820123312058,0.0,
monthly,2025-02-01,visits,combo_stat_median,244119.83030139573,241336.0,0.011535080971739609,0.44,
monthly,2025-02-01,visits,combo_ratio_mean,245274.78968153297,241336.0,0.016320771379044086,0.2,
monthly,2025-02-01,pounds,seasonal_naive,12473176.99,11767658.75,0.05995400232013015,0.0,
monthly,2025-02-01,pounds,damped_yoy_3m,12602382.162786543,11767658.75,0.07093368617496187,0.0,
monthly,2025-02-01,pounds,sf_ets_log,13382187.558465356,11767658.75,0.13720051224848406,0.03,
monthly,2025-02-01,pounds,sf_ets_level,13415153.9748772,11767658.75,0.140001954498995,0.03,
monthly,2025-02-01,pounds,sf_arima_log,12848175.32779201,11767658.75,0.09182086264967615,0.2,
monthly,2025-02-01,pounds,sf_theta_log,13215042.618536483,11767658.75,0.12299675740822136,0.0,
monthly,2025-02-01,pounds,sf_ces_log,11982833.811744787,11767658.75,0.018285290754610495,0.0,
monthly,2025-02-01,pounds,sf_mstl_log,11671221.529151442,11767658.75,0.008195106851527134,0.01,
monthly,2025-02-01,pounds,ratio_ses,12847385.927046867,11767658.75,0.09175378042355842,0.0,
monthly,2025-02-01,pounds,ratio_ets_auto,12847385.927046867,11767658.75,0.09175378042355842,0.0,
monthly,2025-02-01,pounds,ratio_arima,12848175.298094098,11767658.75,0.09182086012598711,0.14,
monthly,2025-02-01,pounds,ratio_theta,12697429.207107143,11767658.75,0.07901065767284798,0.0,
monthly,2025-02-01,pounds,ratio_mean3_half,12606619.687583955,11767658.75,0.07129378540008702,0.0,
monthly,2025-02-01,pounds,dyoy_w1_d0.25,12418481.77187801,11767658.75,0.055306075380373354,0.0,
monthly,2025-02-01,pounds,dyoy_w1_d0.5,12363786.55375602,11767658.75,0.05065814844061656,0.0,
monthly,2025-02-01,pounds,dyoy_w1_d0.75,12309091.335634029,11767658.75,0.04601022150085954,0.0,
monthly,2025-02-01,pounds,dyoy_w1_d1.0,12254396.117512038,11767658.75,0.04136229456110274,0.0,
monthly,2025-02-01,pounds,dyoy_w3_d0.25,12537779.576393273,11767658.75,0.06544384424754601,0.0,
monthly,2025-02-01,pounds,dyoy_w3_d0.5,12602382.162786543,11767658.75,0.07093368617496187,0.0,
monthly,2025-02-01,pounds,dyoy_w3_d0.75,12666984.749179814,11767658.75,0.07642352810237751,0.0,
monthly,2025-02-01,pounds,dyoy_w3_d1.0,12731587.335573085,11767658.75,0.08191337002979338,0.0,
monthly,2025-02-01,pounds,dyoy_w6_d0.25,12555807.42742856,11767658.75,0.06697582706743255,0.0,
monthly,2025-02-01,pounds,dyoy_w6_d0.5,12638437.86485712,11767658.75,0.07399765181473517,0.0,
monthly,2025-02-01,pounds,dyoy_w6_d0.75,12721068.30228568,11767658.75,0.08101947656203756,0.0,
monthly,2025-02-01,pounds,dyoy_w6_d1.0,12803698.739714239,11767658.75,0.08804130130933974,0.0,
monthly,2025-02-01,pounds,dyoy_w12_d0.25,12745570.348785533,11767658.75,0.08310162790755071,0.0,
monthly,2025-02-01,pounds,dyoy_w12_d0.5,13017963.707571065,11767658.75,0.10624925349497105,0.0,
monthly,2025-02-01,pounds,dyoy_w12_d0.75,13290357.066356597,11767658.75,0.1293968790823916,0.0,
monthly,2025-02-01,pounds,dyoy_w12_d1.0,13562750.42514213,11767658.75,0.15254450466981218,0.0,
monthly,2025-02-01,pounds,damped_yoy_auto,12602382.162786543,11767658.75,0.07093368617496187,0.35,
monthly,2025-02-01,pounds,snaive_level12,13617581.367684705,11767658.75,0.1572039652904369,0.0,
monthly,2025-02-01,pounds,seasonal_index_level,12776847.763463013,11767658.75,0.08575954103555339,0.0,
monthly,2025-02-01,pounds,combo_stat_median,13031214.272791676,11767658.75,0.10737526891589,0.36,
monthly,2025-02-01,pounds,combo_ratio_mean,12797663.477416037,11767658.75,0.08752843274079791,0.16,
monthly,2025-02-01,individuals,seasonal_naive,754960.0,722068.0,0.04555249644077852,0.0,
monthly,2025-02-01,individuals,damped_yoy_3m,762661.6862185787,722068.0,0.056218647299947744,0.0,
monthly,2025-02-01,individuals,sf_ets_log,762908.1138729312,722068.0,0.05655992769785012,0.03,
monthly,2025-02-01,individuals,sf_ets_level,767640.8546787149,722068.0,0.06311435305084134,0.03,
monthly,2025-02-01,individuals,sf_arima_log,775562.9591654361,722068.0,0.07408576361981978,0.61,
monthly,2025-02-01,individuals,sf_theta_log,775332.9835441344,722068.0,0.07376726782537713,0.0,
monthly,2025-02-01,individuals,sf_ces_log,755220.0923950082,722068.0,0.045912701289917646,0.0,
monthly,2025-02-01,individuals,sf_mstl_log,721937.9141806075,722068.0,0.00018015729736320374,0.01,
monthly,2025-02-01,individuals,ratio_ses,768990.991591534,722068.0,0.06498417267007262,0.0,
monthly,2025-02-01,individuals,ratio_ets_auto,768990.991591534,722068.0,0.06498417267007262,0.01,
monthly,2025-02-01,individuals,ratio_arima,763830.9841111389,722068.0,0.05783802094974266,0.07,
monthly,2025-02-01,individuals,ratio_theta,756802.535146703,722068.0,0.04810424384781342,0.0,
monthly,2025-02-01,individuals,ratio_mean3_half,762940.5963574846,722068.0,0.05660491305179649,0.0,
monthly,2025-02-01,individuals,dyoy_w1_d0.25,757177.7460277847,722068.0,0.04862387756801945,0.0,
monthly,2025-02-01,individuals,dyoy_w1_d0.5,759395.4920555693,722068.0,0.05169525869526037,0.0,
monthly,2025-02-01,individuals,dyoy_w1_d0.75,761613.2380833542,722068.0,0.05476663982250174,0.0,
monthly,2025-02-01,individuals,dyoy_w1_d1.0,763830.9841111389,722068.0,0.05783802094974266,0.0,
monthly,2025-02-01,individuals,dyoy_w3_d0.25,758810.8431092894,722068.0,0.05088557187036313,0.0,
monthly,2025-02-01,individuals,dyoy_w3_d0.5,762661.6862185787,722068.0,0.056218647299947744,0.0,
monthly,2025-02-01,individuals,dyoy_w3_d0.75,766512.5293278681,722068.0,0.061551722729532576,0.0,
monthly,2025-02-01,individuals,dyoy_w3_d1.0,770363.3724371576,722068.0,0.06688479815911741,0.0,
monthly,2025-02-01,individuals,dyoy_w6_d0.25,764692.4990056595,722068.0,0.059031142504112566,0.0,
monthly,2025-02-01,individuals,dyoy_w6_d0.5,774424.9980113191,722068.0,0.07250978856744661,0.0,
monthly,2025-02-01,individuals,dyoy_w6_d0.75,784157.4970169787,722068.0,0.08598843463078087,0.0,
monthly,2025-02-01,individuals,dyoy_w6_d1.0,793889.9960226382,722068.0,0.09946708069411492,0.0,
monthly,2025-02-01,individuals,dyoy_w12_d0.25,781224.7035327012,722068.0,0.08192677633228618,0.0,
monthly,2025-02-01,individuals,dyoy_w12_d0.5,807489.4070654025,722068.0,0.11830105622379405,0.0,
monthly,2025-02-01,individuals,dyoy_w12_d0.75,833754.1105981038,722068.0,0.15467533611530193,0.0,
monthly,2025-02-01,individuals,dyoy_w12_d1.0,860018.8141308051,722068.0,0.1910496160068098,0.0,
monthly,2025-02-01,individuals,damped_yoy_auto,762661.6862185787,722068.0,0.056218647299947744,0.37,
monthly,2025-02-01,individuals,snaive_level12,865831.0729626002,722068.0,0.1990990778743833,0.0,
monthly,2025-02-01,individuals,seasonal_index_level,808883.7584737492,722068.0,0.12023210898938763,0.0,
monthly,2025-02-01,individuals,combo_stat_median,765949.5527322326,722068.0,0.06077205018396126,0.38,
monthly,2025-02-01,individuals,combo_ratio_mean,763208.1702831252,722068.0,0.05697547915587631,0.08,
monthly,2025-03-01,visits,seasonal_naive,233598.0,244459.0,0.04442871810814897,0.0,
monthly,2025-03-01,visits,damped_yoy_3m,235482.59641792826,244459.0,0.03671946454035946,0.0,
monthly,2025-03-01,visits,sf_ets_log,241743.46689971222,244459.0,0.011108337595620466,0.03,
monthly,2025-03-01,visits,sf_ets_level,241802.63773980387,244459.0,0.010866289480837787,0.03,
monthly,2025-03-01,visits,sf_arima_log,249069.94628682014,244459.0,0.018861838945672504,0.26,
monthly,2025-03-01,visits,sf_theta_log,245467.636503884,244459.0,0.004125994558940249,0.0,
monthly,2025-03-01,visits,sf_ces_log,255640.4908713823,244459.0,0.04573973906210149,0.0,
monthly,2025-03-01,visits,sf_mstl_log,251244.6015759405,244459.0,0.027757626333824836,0.01,
monthly,2025-03-01,visits,ratio_ses,237992.35308682945,244459.0,0.02645288949545954,0.0,
monthly,2025-03-01,visits,ratio_ets_auto,237992.35308682945,244459.0,0.02645288949545954,0.0,
monthly,2025-03-01,visits,ratio_arima,236520.47140498864,244459.0,0.03247386512671391,0.17,
monthly,2025-03-01,visits,ratio_theta,234209.29771128966,244459.0,0.04192810364400712,0.0,
monthly,2025-03-01,visits,ratio_mean3_half,235486.58410528864,244459.0,0.03670315224520826,0.0,
monthly,2025-03-01,visits,dyoy_w1_d0.25,233965.4517277037,244459.0,0.042925595998904886,0.0,
monthly,2025-03-01,visits,dyoy_w1_d0.5,234332.90345540745,244459.0,0.041422473889660694,0.0,
monthly,2025-03-01,visits,dyoy_w1_d0.75,234700.35518311115,244459.0,0.0399193517804165,0.0,
monthly,2025-03-01,visits,dyoy_w1_d1.0,235067.80691081486,244459.0,0.03841622967117242,0.0,
monthly,2025-03-01,visits,dyoy_w3_d0.25,234540.29820896412,244459.0,0.04057409132425427,0.0,
monthly,2025-03-01,visits,dyoy_w3_d0.5,235482.59641792826,244459.0,0.03671946454035946,0.0,
monthly,2025-03-01,visits,dyoy_w3_d0.75,236424.89462689243,244459.0,0.03286483775646454,0.0,
monthly,2025-03-01,visits,dyoy_w3_d1.0,237367.19283585655,244459.0,0.02901021097256984,0.0,
monthly,2025-03-01,visits,dyoy_w6_d0.25,236441.14862540603,244459.0,0.032798348085339324,0.0,
monthly,2025-03-01,visits,dyoy_w6_d0.5,239284.297250812,244459.0,0.021167978062529902,0.0,
monthly,2025-03-01,visits,dyoy_w6_d0.75,242127.445876218,244459.0,0.009537608039720369,0.0,
monthly,2025-03-01,visits,dyoy_w6_d1.0,244970.59450162403,244459.0,0.002092761983089275,0.0,
monthly,2025-03-01,visits,dyoy_w12_d0.25,238716.7828828255,244459.0,0.02348948951429275,0.0,
monthly,2025-03-01,visits,dyoy_w12_d0.5,243835.56576565103,244459.0,0.00255026092043642,0.0,
monthly,2025-03-01,visits,dyoy_w12_d0.75,248954.34864847653,244459.0,0.01838896767341991,0.0,
monthly,2025-03-01,visits,dyoy_w12_d1.0,254073.13153130203,244459.0,0.03932819626727602,0.0,
monthly,2025-03-01,visits,damped_yoy_auto,235482.59641792826,244459.0,0.03671946454035946,0.37,
monthly,2025-03-01,visits,snaive_level12,254781.8242610721,244459.0,0.0422272211743977,0.0,
monthly,2025-03-01,visits,seasonal_index_level,263745.10318430525,244459.0,0.07889299712551079,0.01,
monthly,2025-03-01,visits,combo_stat_median,239867.90999327082,244459.0,0.01878061354554006,0.4,
monthly,2025-03-01,visits,combo_ratio_mean,236240.7074010359,244459.0,0.03361828608872697,0.16,
monthly,2025-03-01,pounds,seasonal_naive,12216851.57,12452621.8,0.018933380760026042,0.0,
monthly,2025-03-01,pounds,damped_yoy_3m,12281870.751561161,12452621.8,0.013712056077928914,0.0,
monthly,2025-03-01,pounds,sf_ets_log,13189908.996997396,12452621.8,0.059207386913283866,0.04,
monthly,2025-03-01,pounds,sf_ets_level,13225401.816204183,12452621.8,0.06205761554600353,0.04,
monthly,2025-03-01,pounds,sf_arima_log,12126812.520363003,12452621.8,0.026163910288915848,0.17,
monthly,2025-03-01,pounds,sf_theta_log,12596550.647867775,12452621.8,0.011558116048121958,0.0,
monthly,2025-03-01,pounds,sf_ces_log,13300108.282618007,12452621.8,0.06805687157526985,0.01,
monthly,2025-03-01,pounds,sf_mstl_log,13138270.323946206,12452621.8,0.055060575592700056,0.01,
monthly,2025-03-01,pounds,ratio_ses,12129783.382025352,12452621.8,0.025925337102476576,0.0,
monthly,2025-03-01,pounds,ratio_ets_auto,12129783.382025352,12452621.8,0.025925337102476576,0.0,
monthly,2025-03-01,pounds,ratio_arima,12126812.50071119,12452621.8,0.026163911867042366,0.14,
monthly,2025-03-01,pounds,ratio_theta,12009892.854610974,12452621.8,0.035553070871310544,0.0,
monthly,2025-03-01,pounds,ratio_mean3_half,12275564.094729118,12452621.8,0.014218508207715974,0.0,
monthly,2025-03-01,pounds,dyoy_w1_d0.25,12044096.633047733,12452621.8,0.03280635785086372,0.0,
monthly,2025-03-01,pounds,dyoy_w1_d0.5,11871341.696095467,12452621.8,0.04667933494170151,0.0,
monthly,2025-03-01,pounds,dyoy_w1_d0.75,11698586.759143202,12452621.8,0.06055231203253908,0.0,
monthly,2025-03-01,pounds,dyoy_w1_d1.0,11525831.822190935,12452621.8,0.07442528912337687,0.0,
monthly,2025-03-01,pounds,dyoy_w3_d0.25,12249361.160780579,12452621.8,0.01632271841897759,0.0,
monthly,2025-03-01,pounds,dyoy_w3_d0.5,12281870.751561161,12452621.8,0.013712056077928914,0.0,
monthly,2025-03-01,pounds,dyoy_w3_d0.75,12314380.342341743,12452621.8,0.011101393736880127,0.0,
monthly,2025-03-01,pounds,dyoy_w3_d1.0,12346889.933122322,12452621.8,0.008490731395831785,0.0,
monthly,2025-03-01,pounds,dyoy_w6_d0.25,12266851.329822447,12452621.8,0.01491818134053935,0.0,
monthly,2025-03-01,pounds,dyoy_w6_d0.5,12316851.089644896,12452621.8,0.010902981921052546,0.0,
monthly,2025-03-01,pounds,dyoy_w6_d0.75,12366850.849467345,12452621.8,0.006887782501565742,0.0,
monthly,2025-03-01,pounds,dyoy_w6_d1.0,12416850.60928979,12452621.8,0.002872583082079272,0.0,
monthly,2025-03-01,pounds,dyoy_w12_d0.25,12396164.927168028,12452621.8,0.004533733838441356,0.0,
monthly,2025-03-01,pounds,dyoy_w12_d0.5,12575478.284336057,12452621.8,0.00986591308314333,0.0,
monthly,2025-03-01,pounds,dyoy_w12_d0.75,12754791.641504088,12452621.8,0.024265560004728348,0.0,
monthly,2025-03-01,pounds,dyoy_w12_d1.0,12934104.998672117,12452621.8,0.03866520692631292,0.0,
monthly,2025-03-01,pounds,damped_yoy_auto,12281870.751561161,12452621.8,0.013712056077928914,0.34,
monthly,2025-03-01,pounds,snaive_level12,12949466.925469149,12452621.8,0.03989883684327,0.0,
monthly,2025-03-01,pounds,seasonal_index_level,13629947.042751865,12452621.8,0.09454436677357902,0.0,
monthly,2025-03-01,pounds,combo_stat_median,12439210.699714467,12452621.8,0.0010769700149034778,0.47,
monthly,2025-03-01,pounds,combo_ratio_mean,12088829.579115838,12452621.8,0.029214106613609903,0.16,
monthly,2025-03-01,individuals,seasonal_naive,739082.0,760491.0,0.02815154945949394,0.0,
monthly,2025-03-01,individuals,damped_yoy_3m,740414.2997386476,760491.0,0.026399655303418923,0.0,
monthly,2025-03-01,individuals,sf_ets_log,742009.7558007168,760491.0,0.024301726383722078,0.06,
monthly,2025-03-01,individuals,sf_ets_level,748484.7914550105,760491.0,0.015787443303062698,0.05,
monthly,2025-03-01,individuals,sf_arima_log,684220.9947230095,760491.0,0.10029047717460227,0.51,
monthly,2025-03-01,individuals,sf_theta_log,755604.0460958018,760491.0,0.006426050938404648,0.0,
monthly,2025-03-01,individuals,sf_ces_log,822536.1507404351,760491.0,0.08158564761507381,0.0,
monthly,2025-03-01,individuals,sf_mstl_log,806187.3776013083,760491.0,0.06008799262753706,0.01,
monthly,2025-03-01,individuals,ratio_ses,716155.6975645868,760491.0,0.05829826051250209,0.0,
monthly,2025-03-01,individuals,ratio_ets_auto,716155.6975645868,760491.0,0.05829826051250209,0.0,
monthly,2025-03-01,individuals,ratio_arima,706881.7706580481,760491.0,0.07049291752558795,0.09,
monthly,2025-03-01,individuals,ratio_theta,707089.0403603674,760491.0,0.07022037031290651,0.0,
monthly,2025-03-01,individuals,ratio_mean3_half,740673.8477321038,760491.0,0.026058365277033202,0.0,
monthly,2025-03-01,individuals,dyoy_w1_d0.25,731031.942664512,760491.0,0.038736891476017554,0.0,
monthly,2025-03-01,individuals,dyoy_w1_d0.5,722981.885329024,760491.0,0.049322233492540946,0.0,
monthly,2025-03-01,individuals,dyoy_w1_d0.75,714931.8279935361,760491.0,0.05990757550906434,0.0,
monthly,2025-03-01,individuals,dyoy_w1_d1.0,706881.7706580481,760491.0,0.07049291752558795,0.0,
monthly,2025-03-01,individuals,dyoy_w3_d0.25,739748.1498693238,760491.0,0.027275602381456432,0.0,
monthly,2025-03-01,individuals,dyoy_w3_d0.5,740414.2997386476,760491.0,0.026399655303418923,0.0,
monthly,2025-03-01,individuals,dyoy_w3_d0.75,741080.4496079715,760491.0,0.025523708225381414,0.0,
monthly,2025-03-01,individuals,dyoy_w3_d1.0,741746.5994772952,760491.0,0.024647761147344016,0.0,
monthly,2025-03-01,individuals,dyoy_w6_d0.25,746440.0167841656,760491.0,0.018476199213185107,0.0,
monthly,2025-03-01,individuals,dyoy_w6_d0.5,753798.0335683313,760491.0,0.008800848966876273,0.0,
monthly,2025-03-01,individuals,dyoy_w6_d0.75,761156.050352497,760491.0,0.0008745012794326712,0.0,
monthly,2025-03-01,individuals,dyoy_w6_d1.0,768514.0671366627,760491.0,0.010549851525741394,0.0,
monthly,2025-03-01,individuals,dyoy_w12_d0.25,757162.2038208845,760491.0,0.004377167092201706,0.0,
monthly,2025-03-01,individuals,dyoy_w12_d0.5,775242.4076417688,760491.0,0.01939721527509053,0.0,
monthly,2025-03-01,individuals,dyoy_w12_d0.75,793322.6114626531,760491.0,0.04317159764238254,0.0,
monthly,2025-03-01,individuals,dyoy_w12_d1.0,811402.8152835376,760491.0,0.06694598000967478,0.0,
monthly,2025-03-01,individuals,damped_yoy_auto,740414.2997386476,760491.0,0.026399655303418923,0.33,
monthly,2025-03-01,individuals,snaive_level12,814197.3619925078,760491.0,0.07062064112857058,0.0,
monthly,2025-03-01,individuals,seasonal_index_level,855144.1126001044,760491.0,0.12446315945896069,0.0,
monthly,2025-03-01,individuals,combo_stat_median,741212.0277696822,760491.0,0.025350690843570445,0.41,
monthly,2025-03-01,individuals,combo_ratio_mean,710042.1695276675,760491.0,0.06633718278366552,0.08,
monthly,2025-04-01,visits,seasonal_naive,238454.0,263231.0,0.09412645167172562,0.0,
monthly,2025-04-01,visits,damped_yoy_3m,241356.06087392315,263231.0,0.08310168303154586,0.0,
monthly,2025-04-01,visits,sf_ets_log,243438.47197617323,263231.0,0.07519071850893999,0.05,
monthly,2025-04-01,visits,sf_ets_level,248919.59218370705,263231.0,0.054368246203117976,0.03,
monthly,2025-04-01,visits,sf_arima_log,247640.46802892644,263231.0,0.05922756807166918,0.28,
monthly,2025-04-01,visits,sf_theta_log,246833.49004289022,263231.0,0.06229323277695176,0.0,
monthly,2025-04-01,visits,sf_ces_log,254542.89726615028,263231.0,0.03300562142699648,0.0,
monthly,2025-04-01,visits,sf_mstl_log,251878.29955361827,263231.0,0.04312828065988328,0.01,
monthly,2025-04-01,visits,ratio_ses,246199.68003068375,263231.0,0.06470104193395243,0.0,
monthly,2025-04-01,visits,ratio_ets_auto,246199.68003068375,263231.0,0.06470104193395243,0.0,
monthly,2025-04-01,visits,ratio_arima,245369.7235399002,263231.0,0.06785400070698278,0.12,
monthly,2025-04-01,visits,ratio_theta,246234.87593429914,263231.0,0.06456733464409914,0.0,
monthly,2025-04-01,visits,ratio_mean3_half,241347.14065733328,263231.0,0.08313557044066511,0.0,
monthly,2025-04-01,visits,dyoy_w1_d0.25,241225.69420757028,263231.0,0.08359693878163943,0.0,
monthly,2025-04-01,visits,dyoy_w1_d0.5,243997.38841514054,263231.0,0.07306742589155324,0.0,
monthly,2025-04-01,visits,dyoy_w1_d0.75,246769.08262271082,263231.0,0.06253791300146705,0.0,
monthly,2025-04-01,visits,dyoy_w1_d1.0,249540.7768302811,263231.0,0.05200840011138086,0.0,
monthly,2025-04-01,visits,dyoy_w3_d0.25,239905.03043696162,263231.0,0.08861406735163557,0.0,
monthly,2025-04-01,visits,dyoy_w3_d0.5,241356.06087392315,263231.0,0.08310168303154586,0.0,
monthly,2025-04-01,visits,dyoy_w3_d0.75,242807.09131088472,263231.0,0.07758929871145603,0.0,
monthly,2025-04-01,visits,dyoy_w3_d1.0,244258.12174784634,263231.0,0.07207691439136599,0.0,
monthly,2025-04-01,visits,dyoy_w6_d0.25,240793.04493812082,263231.0,0.08524054941051462,0.0,
monthly,2025-04-01,visits,dyoy_w6_d0.5,243132.08987624163,263231.0,0.07635464714930373,0.0,
monthly,2025-04-01,visits,dyoy_w6_d0.75,245471.13481436248,263231.0,0.06746874488809262,0.0,
monthly,2025-04-01,visits,dyoy_w6_d1.0,247810.1797524833,263231.0,0.05858284262688174,0.0,
monthly,2025-04-01,visits,dyoy_w12_d0.25,242883.2872417054,263231.0,0.07729983458747103,0.0,
monthly,2025-04-01,visits,dyoy_w12_d0.5,247312.57448341078,263231.0,0.06047321750321666,0.0,
monthly,2025-04-01,visits,dyoy_w12_d0.75,251741.86172511615,263231.0,0.04364660041896229,0.0,
monthly,2025-04-01,visits,dyoy_w12_d1.0,256171.14896682155,263231.0,0.026819983334707698,0.0,
monthly,2025-04-01,visits,damped_yoy_auto,241356.06087392315,263231.0,0.08310168303154586,0.4,
monthly,2025-04-01,visits,snaive_level12,256688.50697851044,263231.0,0.024854568882424766,0.0,
monthly,2025-04-01,visits,seasonal_index_level,262792.9830952144,263231.0,0.0016640019784356364,0.0,
monthly,2025-04-01,visits,combo_stat_median,244819.0760034285,263231.0,0.06994588022144621,0.41,
monthly,2025-04-01,visits,combo_ratio_mean,245934.75983496103,263231.0,0.06570745909501152,0.18,
monthly,2025-04-01,pounds,seasonal_naive,12977668.52,12772997.24,0.01602374729707523,0.0,
monthly,2025-04-01,pounds,damped_yoy_3m,12857535.910337605,12772997.24,0.006618546042808315,0.0,
monthly,2025-04-01,pounds,sf_ets_log,13137675.926901253,12772997.24,0.028550752814634706,0.03,
monthly,2025-04-01,pounds,sf_ets_level,13159144.06970905,12772997.24,0.0302314971539952,0.04,
monthly,2025-04-01,pounds,sf_arima_log,13030520.652132614,12772997.24,0.02016154918801294,0.14,
monthly,2025-04-01,pounds,sf_theta_log,12595140.090403738,12772997.24,0.01392446473246578,0.0,
monthly,2025-04-01,pounds,sf_ces_log,13026148.229653504,12772997.24,0.019819231531714054,0.0,
monthly,2025-04-01,pounds,sf_mstl_log,13021723.891725127,12772997.24,0.019472849406575676,0.01,
monthly,2025-04-01,pounds,ratio_ses,13030241.424968489,12772997.24,0.020139688448604698,0.0,
monthly,2025-04-01,pounds,ratio_ets_auto,13030241.424968489,12772997.24,0.020139688448604698,0.0,
monthly,2025-04-01,pounds,ratio_arima,13030520.655025406,12772997.24,0.02016154941449,0.14,
monthly,2025-04-01,pounds,ratio_theta,12841747.90773585,12772997.24,0.005382500790069189,0.0,
monthly,2025-04-01,pounds,ratio_mean3_half,12855379.316639312,12772997.24,0.006449705976708575,0.0,
monthly,2025-04-01,pounds,dyoy_w1_d0.25,13040281.785666125,12772997.24,0.020925749895967627,0.0,
monthly,2025-04-01,pounds,dyoy_w1_d0.5,13102895.05133225,12772997.24,0.025827752494860023,0.0,
monthly,2025-04-01,pounds,dyoy_w1_d0.75,13165508.31699838,12772997.24,0.030729755093752642,0.0,
monthly,2025-04-01,pounds,dyoy_w1_d1.0,13228121.582664505,12772997.24,0.03563175769264504,0.0,
monthly,2025-04-01,pounds,dyoy_w3_d0.25,12917602.215168802,12772997.24,0.011321146669941884,0.0,
monthly,2025-04-01,pounds,dyoy_w3_d0.5,12857535.910337605,12772997.24,0.006618546042808315,0.0,
monthly,2025-04-01,pounds,dyoy_w3_d0.75,12797469.605506409,12772997.24,0.001915945415675191,0.0,
monthly,2025-04-01,pounds,dyoy_w3_d1.0,12737403.300675211,12772997.24,0.0027866552114582666,0.0,
monthly,2025-04-01,pounds,dyoy_w6_d0.25,13033040.633528616,12772997.24,0.02035883893517676,0.0,
monthly,2025-04-01,pounds,dyoy_w6_d0.5,13088412.747057231,12772997.24,0.024693930573277845,0.0,
monthly,2025-04-01,pounds,dyoy_w6_d0.75,13143784.860585848,12772997.24,0.029029022211379374,0.0,
monthly,2025-04-01,pounds,dyoy_w6_d1.0,13199156.974114463,12772997.24,0.03336411384948068,0.0,
monthly,2025-04-01,pounds,dyoy_w12_d0.25,13151727.646445114,12772997.24,0.029650864188639936,0.0,
monthly,2025-04-01,pounds,dyoy_w12_d0.5,13325786.77289023,12772997.24,0.043277981080205086,0.0,
monthly,2025-04-01,pounds,dyoy_w12_d0.75,13499845.899335343,12772997.24,0.05690509797176957,0.0,
monthly,2025-04-01,pounds,dyoy_w12_d1.0,13673905.025780458,12772997.24,0.0705322148633345,0.0,
monthly,2025-04-01,pounds,damped_yoy_auto,12797469.605506409,12772997.24,0.001915945415675191,0.35,
monthly,2025-04-01,pounds,snaive_level12,13687698.871705776,12772997.24,0.0716121372704357,0.0,
monthly,2025-04-01,pounds,seasonal_index_level,13506542.119100945,12772997.24,0.05742934608987249,0.0,
monthly,2025-04-01,pounds,combo_stat_median,12913855.515237449,12772997.24,0.011027816932139833,0.42,
monthly,2025-04-01,pounds,combo_ratio_mean,12967503.329243248,12772997.24,0.015227912884387962,0.18,
monthly,2025-04-01,individuals,seasonal_naive,760721.0,786971.0,0.03335573991926,0.0,
monthly,2025-04-01,individuals,damped_yoy_3m,760310.4554877074,786971.0,0.033877416718395725,0.0,
monthly,2025-04-01,individuals,sf_ets_log,753068.8907593132,786971.0,0.04307923575415962,0.06,
monthly,2025-04-01,individuals,sf_ets_level,757414.8590356137,786971.0,0.03755683622952599,0.04,
monthly,2025-04-01,individuals,sf_arima_log,771873.1695620248,786971.0,0.01918473544511201,0.64,
monthly,2025-04-01,individuals,sf_theta_log,765405.0215342664,786971.0,0.02740377785932846,0.0,
monthly,2025-04-01,individuals,sf_ces_log,790216.0524851925,786971.0,0.00412347149411163,0.0,
monthly,2025-04-01,individuals,sf_mstl_log,793872.8240204147,786971.0,0.00877011226641744,0.01,
monthly,2025-04-01,individuals,ratio_ses,772181.3469663922,786971.0,0.018793136003242505,0.0,
monthly,2025-04-01,individuals,ratio_ets_auto,772181.3469663922,786971.0,0.018793136003242505,0.0,
monthly,2025-04-01,individuals,ratio_arima,782756.8172557307,786971.0,0.005354940327241153,0.1,
monthly,2025-04-01,individuals,ratio_theta,756182.1430052853,786971.0,0.039123242145790216,0.01,
monthly,2025-04-01,individuals,ratio_mean3_half,760174.9633063468,786971.0,0.034049585936016924,0.0,
monthly,2025-04-01,individuals,dyoy_w1_d0.25,766229.9543139327,786971.0,0.026355540021255286,0.0,
monthly,2025-04-01,individuals,dyoy_w1_d0.5,771738.9086278655,786971.0,0.019355340123250464,0.0,
monthly,2025-04-01,individuals,dyoy_w1_d0.75,777247.862941798,786971.0,0.012355140225245864,0.0,
monthly,2025-04-01,individuals,dyoy_w1_d1.0,782756.8172557307,786971.0,0.005354940327241153,0.0,
monthly,2025-04-01,individuals,dyoy_w3_d0.25,760515.7277438537,786971.0,0.03361657831882792,0.0,
monthly,2025-04-01,individuals,dyoy_w3_d0.5,760310.4554877074,786971.0,0.033877416718395725,0.0,
monthly,2025-04-01,individuals,dyoy_w3_d0.75,760105.1832315611,786971.0,0.034138255117963534,0.0,
monthly,2025-04-01,individuals,dyoy_w3_d1.0,759899.9109754147,786971.0,0.034399093517531565,0.0,
monthly,2025-04-01,individuals,dyoy_w6_d0.25,766297.9423978016,786971.0,0.026269147912945212,0.0,
monthly,2025-04-01,individuals,dyoy_w6_d0.5,771874.8847956032,786971.0,0.019182555906630316,0.0,
monthly,2025-04-01,individuals,dyoy_w6_d0.75,777451.827193405,786971.0,0.012095963900315199,0.0,
monthly,2025-04-01,individuals,dyoy_w6_d1.0,783028.7695912066,786971.0,0.005009371894000414,0.0,
monthly,2025-04-01,individuals,dyoy_w12_d0.25,776190.893607557,786971.0,0.013698225719172563,0.0,
monthly,2025-04-01,individuals,dyoy_w12_d0.5,791660.787215114,786971.0,0.0059592884809147595,0.0,
monthly,2025-04-01,individuals,dyoy_w12_d0.75,807130.6808226712,786971.0,0.025616802681002415,0.0,
monthly,2025-04-01,individuals,dyoy_w12_d1.0,822600.5744302282,786971.0,0.04527431688108985,0.01,
monthly,2025-04-01,individuals,damped_yoy_auto,760310.4554877074,786971.0,0.033877416718395725,0.44,
monthly,2025-04-01,individuals,snaive_level12,824912.1980866496,786971.0,0.04821168516584429,0.0,
monthly,2025-04-01,individuals,seasonal_index_level,849046.2416403218,786971.0,0.07887869011732551,0.0,
monthly,2025-04-01,individuals,combo_stat_median,762857.7385109869,786971.0,0.030640597288862148,0.39,
monthly,2025-04-01,individuals,combo_ratio_mean,770373.4357424695,786971.0,0.021090439492091217,0.09,
monthly,2025-05-01,visits,seasonal_naive,236713.0,247081.0,0.04196194770136108,0.0,
monthly,2025-05-01,visits,damped_yoy_3m,242889.0339966483,247081.0,0.01696595854538263,0.0,
monthly,2025-05-01,visits,sf_ets_log,261079.63884110993,247081.0,0.056656071657108065,0.03,
monthly,2025-05-01,visits,sf_ets_level,258865.70299456772,247081.0,0.047695707053831526,0.03,
monthly,2025-05-01,visits,sf_arima_log,259834.7507576953,247081.0,0.051617691193152515,0.18,
monthly,2025-05-01,visits,sf_theta_log,256865.36404769923,247081.0,0.03959982373269999,0.0,
monthly,2025-05-01,visits,sf_ces_log,264709.1710754439,247081.0,0.07134571689220914,0.0,
monthly,2025-05-01,visits,sf_mstl_log,261107.89399241135,247081.0,0.05677042748091243,0.01,
monthly,2025-05-01,visits,ratio_ses,252622.17649731098,247081.0,0.022426558486128068,0.0,
monthly,2025-05-01,visits,ratio_ets_auto,252622.17649731098,247081.0,0.022426558486128068,0.0,
monthly,2025-05-01,visits,ratio_arima,255493.1955403737,247081.0,0.034046306840160634,0.14,
monthly,2025-05-01,visits,ratio_theta,257467.94051828253,247081.0,0.04203860482304389,0.0,
monthly,2025-05-01,visits,ratio_mean3_half,242728.6297109996,247081.0,0.017615155714119646,0.0,
monthly,2025-05-01,visits,dyoy_w1_d0.25,242862.02455085676,247081.0,0.01707527268038922,0.0,
monthly,2025-05-01,visits,dyoy_w1_d0.5,249011.04910171355,247081.0,0.0078114023405828625,0.0,
monthly,2025-05-01,visits,dyoy_w1_d0.75,255160.0736525703,247081.0,0.032698077361554834,0.0,
monthly,2025-05-01,visits,dyoy_w1_d1.0,261309.09820342707,247081.0,0.05758475238252658,0.0,
monthly,2025-05-01,visits,dyoy_w3_d0.25,239801.01699832414,247081.0,0.02946395312337191,0.0,
monthly,2025-05-01,visits,dyoy_w3_d0.5,242889.0339966483,247081.0,0.01696595854538263,0.0,
monthly,2025-05-01,visits,dyoy_w3_d0.75,245977.0509949725,247081.0,0.004467963967393351,0.0,
monthly,2025-05-01,visits,dyoy_w3_d1.0,249065.06799329663,247081.0,0.008030030610595817,0.0,
monthly,2025-05-01,visits,dyoy_w6_d0.25,238866.02860453658,247081.0,0.03324809028400977,0.0,
monthly,2025-05-01,visits,dyoy_w6_d0.5,241019.0572090732,247081.0,0.024534232866658345,0.0,
monthly,2025-05-01,visits,dyoy_w6_d0.75,243172.0858136097,247081.0,0.015820375449307256,0.0,
monthly,2025-05-01,visits,dyoy_w6_d1.0,245325.11441814632,247081.0,0.007106518031955833,0.0,
monthly,2025-05-01,visits,dyoy_w12_d0.25,240552.51185503555,247081.0,0.026422461237264105,0.0,
monthly,2025-05-01,visits,dyoy_w12_d0.5,244392.0237100711,247081.0,0.01088297477316702,0.0,
monthly,2025-05-01,visits,dyoy_w12_d0.75,248231.53556510663,247081.0,0.004656511690929843,0.0,
monthly,2025-05-01,visits,dyoy_w12_d1.0,252071.0474201422,247081.0,0.020195998155026817,0.0,
monthly,2025-05-01,visits,damped_yoy_auto,242889.0339966483,247081.0,0.01696595854538263,0.26,
monthly,2025-05-01,visits,snaive_level12,252266.85955139555,247081.0,0.020988499930773896,0.0,
monthly,2025-05-01,visits,seasonal_index_level,267358.99713991873,247081.0,0.08207024068997093,0.0,
monthly,2025-05-01,visits,combo_stat_median,254743.77027250512,247081.0,0.03101319110941403,0.31,
monthly,2025-05-01,visits,combo_ratio_mean,255194.4375186557,247081.0,0.03283715671644405,0.14,
monthly,2025-05-01,pounds,seasonal_naive,13259350.76,12164935.65,0.08996472661160348,0.0,
monthly,2025-05-01,pounds,damped_yoy_3m,13140650.087824209,12164935.65,0.08020711871371122,0.0,
monthly,2025-05-01,pounds,sf_ets_log,13117536.862543672,12164935.65,0.0783071312459982,0.03,
monthly,2025-05-01,pounds,sf_ets_level,13144634.194720551,12164935.65,0.08053462615073936,0.03,
monthly,2025-05-01,pounds,sf_arima_log,13206268.525678998,12164935.65,0.08560118241800962,0.15,
monthly,2025-05-01,pounds,sf_theta_log,12740393.436929094,12164935.65,0.04730463057805756,0.0,
monthly,2025-05-01,pounds,sf_ces_log,13540006.750036761,12164935.65,0.11303562465098294,0.0,
monthly,2025-05-01,pounds,sf_mstl_log,13454583.40437026,12164935.65,0.10601352867577707,0.0,
monthly,2025-05-01,pounds,ratio_ses,13205753.12061644,12164935.65,0.08555881433013912,0.0,
monthly,2025-05-01,pounds,ratio_ets_auto,13205753.12061644,12164935.65,0.08555881433013912,0.0,
monthly,2025-05-01,pounds,ratio_arima,13206268.525467675,12164935.65,0.08560118240063819,0.15,
monthly,2025-05-01,pounds,ratio_theta,13005538.132396601,12164935.65,0.06910044628116063,0.0,
monthly,2025-05-01,pounds,ratio_mean3_half,13138346.054280508,12164935.65,0.08001771914679279,0.0,
monthly,2025-05-01,pounds,dyoy_w1_d0.25,13207072.334799128,12164935.65,0.08566725832200572,0.0,
monthly,2025-05-01,pounds,dyoy_w1_d0.5,13154793.909598256,12164935.65,0.08136979003240796,0.0,
monthly,2025-05-01,pounds,dyoy_w1_d0.75,13102515.484397382,12164935.65,0.0770723217428102,0.0,
monthly,2025-05-01,pounds,dyoy_w1_d1.0,13050237.05919651,12164935.65,0.07277485345321244,0.0,
monthly,2025-05-01,pounds,dyoy_w3_d0.25,13200000.423912104,12164935.65,0.08508592266265746,0.0,
monthly,2025-05-01,pounds,dyoy_w3_d0.5,13140650.087824209,12164935.65,0.08020711871371122,0.0,
monthly,2025-05-01,pounds,dyoy_w3_d0.75,13081299.751736313,12164935.65,0.0753283147647652,0.0,
monthly,2025-05-01,pounds,dyoy_w3_d1.0,13021949.415648418,12164935.65,0.07044951081581896,0.0,
monthly,2025-05-01,pounds,dyoy_w6_d0.25,13264712.741323043,12164935.65,0.09040550011647963,0.0,
monthly,2025-05-01,pounds,dyoy_w6_d0.5,13270074.722646086,12164935.65,0.09084627362135578,0.0,
monthly,2025-05-01,pounds,dyoy_w6_d0.75,13275436.703969128,12164935.65,0.09128704712623192,0.0,
monthly,2025-05-01,pounds,dyoy_w6_d1.0,13280798.685292171,12164935.65,0.09172782063110807,0.0,
monthly,2025-05-01,pounds,dyoy_w12_d0.25,13378619.30967732,12164935.65,0.09976901601426214,0.0,
monthly,2025-05-01,pounds,dyoy_w12_d0.5,13497887.859354638,12164935.65,0.10957330541692079,0.0,
monthly,2025-05-01,pounds,dyoy_w12_d0.75,13617156.409031957,12164935.65,0.11937759481957944,0.0,
monthly,2025-05-01,pounds,dyoy_w12_d1.0,13736424.958709275,12164935.65,0.12918188422223786,0.0,
monthly,2025-05-01,pounds,damped_yoy_auto,13140650.087824209,12164935.65,0.08020711871371122,0.27,
monthly,2025-05-01,pounds,snaive_level12,13740095.322830604,12164935.65,0.12948360091248023,0.0,
monthly,2025-05-01,pounds,seasonal_index_level,14065027.099729238,12164935.65,0.15619412255002252,0.0,
monthly,2025-05-01,pounds,combo_stat_median,13129093.475183941,12164935.65,0.07925712497985482,0.32,
monthly,2025-05-01,pounds,combo_ratio_mean,13139186.592826905,12164935.65,0.08008681433731257,0.14,
monthly,2025-05-01,individuals,seasonal_naive,762730.0,730685.0,0.04385610762503678,0.0,
monthly,2025-05-01,individuals,damped_yoy_3m,765227.6536137057,730685.0,0.04727434340886383,0.0,
monthly,2025-05-01,individuals,sf_ets_log,772256.4642531321,730685.0,0.05689382463459913,0.03,
monthly,2025-05-01,individuals,sf_ets_level,774398.9033635063,730685.0,0.05982592137994658,0.03,
monthly,2025-05-01,individuals,sf_arima_log,779472.0433294522,730685.0,0.06676891318345413,0.38,
monthly,2025-05-01,individuals,sf_theta_log,783533.6307004117,730685.0,0.07232751555104011,0.0,
monthly,2025-05-01,individuals,sf_ces_log,798901.5376692005,730685.0,0.09335970721884324,0.0,
monthly,2025-05-01,individuals,sf_mstl_log,796868.6929963342,730685.0,0.09057759909719532,0.0,
monthly,2025-05-01,individuals,ratio_ses,785640.7063379155,730685.0,0.07521121459714575,0.0,
monthly,2025-05-01,individuals,ratio_ets_auto,785640.7063379155,730685.0,0.07521121459714575,0.0,
monthly,2025-05-01,individuals,ratio_arima,789049.3240360132,730685.0,0.07987617651383738,0.07,
monthly,2025-05-01,individuals,ratio_theta,769950.3624698636,730685.0,0.0537377426248844,0.0,
monthly,2025-05-01,individuals,ratio_mean3_half,765013.2975486411,730685.0,0.04698098024270525,0.0,
monthly,2025-05-01,individuals,dyoy_w1_d0.25,769309.8310090033,730685.0,0.05286112484723704,0.0,
monthly,2025-05-01,individuals,dyoy_w1_d0.5,775889.6620180066,730685.0,0.06186614206943686,0.0,
monthly,2025-05-01,individuals,dyoy_w1_d0.75,782469.4930270098,730685.0,0.0708711592916369,0.0,
monthly,2025-05-01,individuals,dyoy_w1_d1.0,789049.3240360132,730685.0,0.07987617651383738,0.0,
monthly,2025-05-01,individuals,dyoy_w3_d0.25,763978.8268068528,730685.0,0.0455652255169503,0.0,
monthly,2025-05-01,individuals,dyoy_w3_d0.5,765227.6536137057,730685.0,0.04727434340886383,0.0,
monthly,2025-05-01,individuals,dyoy_w3_d0.75,766476.4804205586,730685.0,0.048983461300777575,0.0,
monthly,2025-05-01,individuals,dyoy_w3_d1.0,767725.3072274114,730685.0,0.0506925791926911,0.0,
monthly,2025-05-01,individuals,dyoy_w6_d0.25,765287.4565609479,730685.0,0.04735618845459788,0.0,
monthly,2025-05-01,individuals,dyoy_w6_d0.5,767844.913121896,730685.0,0.05085626928415943,0.0,
monthly,2025-05-01,individuals,dyoy_w6_d0.75,770402.3696828438,730685.0,0.05435635011372031,0.0,
monthly,2025-05-01,individuals,dyoy_w6_d1.0,772959.8262437917,730685.0,0.057856430943281634,0.0,
monthly,2025-05-01,individuals,dyoy_w12_d0.25,774759.9023061905,730685.0,0.06031997687949042,0.0,
monthly,2025-05-01,individuals,dyoy_w12_d0.5,786789.8046123809,730685.0,0.07678384613394407,0.0,
monthly,2025-05-01,individuals,dyoy_w12_d0.75,798819.7069185711,730685.0,0.09324771538839749,0.0,
monthly,2025-05-01,individuals,dyoy_w12_d1.0,810849.6092247616,730685.0,0.10971158464285113,0.0,
monthly,2025-05-01,individuals,damped_yoy_auto,767844.913121896,730685.0,0.05085626928415943,0.28,
monthly,2025-05-01,individuals,snaive_level12,812395.5845185238,730685.0,0.11182737365420636,0.0,
monthly,2025-05-01,individuals,seasonal_index_level,853029.5532821505,730685.0,0.16743816183738613,0.0,
monthly,2025-05-01,individuals,combo_stat_median,777895.047476772,730685.0,0.06461067009281973,0.32,
monthly,2025-05-01,individuals,combo_ratio_mean,781546.7976145974,730685.0,0.06960837791195562,0.07,
monthly,2025-06-01,visits,seasonal_naive,229388.0,237261.0,0.03318286612633348,0.0,
monthly,2025-06-01,visits,damped_yoy_3m,236832.79787235544,237261.0,0.0018047724979856072,0.0,
monthly,2025-06-01,visits,sf_ets_log,252120.02041119858,237261.0,0.06262731932849719,0.03,
monthly,2025-06-01,visits,sf_ets_level,256050.8989080648,237261.0,0.0791950590618129,0.03,
monthly,2025-06-01,visits,sf_arima_log,259335.90737957842,237261.0,0.0930406066718863,0.24,
monthly,2025-06-01,visits,sf_theta_log,253782.02855999957,237261.0,0.06963229759631617,0.0,
monthly,2025-06-01,visits,sf_ces_log,267468.7133981316,237261.0,0.12731849481428292,0.0,
monthly,2025-06-01,visits,sf_mstl_log,271129.2037251134,237261.0,0.1427466112218756,0.0,
monthly,2025-06-01,visits,ratio_ses,242122.79103363052,237261.0,0.020491319827660393,0.0,
monthly,2025-06-01,visits,ratio_ets_auto,242122.79103363052,237261.0,0.020491319827660393,0.0,
monthly,2025-06-01,visits,ratio_arima,245230.1120258617,237261.0,0.03358795598881259,0.11,
monthly,2025-06-01,visits,ratio_theta,240093.91335811972,237261.0,0.011940071727421397,0.0,
monthly,2025-06-01,visits,ratio_mean3_half,236656.51077743535,237261.0,0.0025477816521242147,0.0,
monthly,2025-06-01,visits,dyoy_w1_d0.25,231899.79147744313,237261.0,0.02259624853033948,0.0,
monthly,2025-06-01,visits,dyoy_w1_d0.5,234411.58295488628,237261.0,0.012009630934345372,0.0,
monthly,2025-06-01,visits,dyoy_w1_d0.75,236923.37443232947,237261.0,0.0014230133383511534,0.0,
monthly,2025-06-01,visits,dyoy_w1_d1.0,239435.1659097726,237261.0,0.009163604257642843,0.0,
monthly,2025-06-01,visits,dyoy_w3_d0.25,233110.39893617775,237261.0,0.01749381931215943,0.0,
monthly,2025-06-01,visits,dyoy_w3_d0.5,236832.79787235544,237261.0,0.0018047724979856072,0.0,
monthly,2025-06-01,visits,dyoy_w3_d0.75,240555.19680853313,237261.0,0.013884274316188217,0.0,
monthly,2025-06-01,visits,dyoy_w3_d1.0,244277.59574471088,237261.0,0.029573321130362373,0.0,
monthly,2025-06-01,visits,dyoy_w6_d0.25,231716.90121747108,237261.0,0.02336708849127722,0.0,
monthly,2025-06-01,visits,dyoy_w6_d0.5,234045.8024349422,237261.0,0.013551310856220855,0.0,
monthly,2025-06-01,visits,dyoy_w6_d0.75,236374.70365241327,237261.0,0.0037355332211645997,0.0,
monthly,2025-06-01,visits,dyoy_w6_d1.0,238703.60486988435,237261.0,0.006080244413891656,0.0,
monthly,2025-06-01,visits,dyoy_w12_d0.25,232584.8596070995,237261.0,0.01970884550305574,0.0,
monthly,2025-06-01,visits,dyoy_w12_d0.5,235781.719214199,237261.0,0.006234824879778,0.0,
monthly,2025-06-01,visits,dyoy_w12_d0.75,238978.5788212985,237261.0,0.007239195743499849,0.0,
monthly,2025-06-01,visits,dyoy_w12_d1.0,242175.438428398,237261.0,0.020713216366777365,0.0,
monthly,2025-06-01,visits,damped_yoy_auto,231716.90121747108,237261.0,0.02336708849127722,0.28,
monthly,2025-06-01,visits,snaive_level12,242243.18040571245,237261.0,0.020998733064905073,0.0,
monthly,2025-06-01,visits,seasonal_index_level,269179.84820344526,237261.0,0.13453053052733166,0.0,
monthly,2025-06-01,visits,combo_stat_median,247121.40572241455,237261.0,0.04155931957807879,0.3,
monthly,2025-06-01,visits,combo_ratio_mean,242482.27213920397,237261.0,0.022006449181298127,0.12,
monthly,2025-06-01,pounds,seasonal_naive,12496300.72,11662638.6,0.07148143302665666,0.0,
monthly,2025-06-01,pounds,damped_yoy_3m,12323528.536054887,11662638.6,0.056667273909601246,0.0,
monthly,2025-06-01,pounds,sf_ets_log,13044564.742491335,11662638.6,0.11849172300437538,0.03,
monthly,2025-06-01,pounds,sf_ets_level,13055702.543904616,11662638.6,0.11944672142242463,0.03,
monthly,2025-06-01,pounds,sf_arima_log,12027325.994752305,11662638.6,0.03126971582162419,0.15,
monthly,2025-06-01,pounds,sf_theta_log,12531752.822204504,11662638.6,0.07452123417461509,0.0,
monthly,2025-06-01,pounds,sf_ces_log,12747372.546390297,11662638.6,0.09300930806432572,0.0,
monthly,2025-06-01,pounds,sf_mstl_log,12957201.63043685,11662638.6,0.11100086994351788,0.0,
monthly,2025-06-01,pounds,ratio_ses,12026177.824843593,11662638.6,0.031171267267391167,0.0,
monthly,2025-06-01,pounds,ratio_ets_auto,12026177.824843593,11662638.6,0.031171267267391167,0.0,
monthly,2025-06-01,pounds,ratio_arima,11876088.636796765,11662638.6,0.01830203645312012,0.09,
monthly,2025-06-01,pounds,ratio_theta,11892881.437140483,11662638.6,0.019741916476815335,0.0,
monthly,2025-06-01,pounds,ratio_mean3_half,12324775.03847753,11662638.6,0.05677415387608176,0.0,
monthly,2025-06-01,pounds,dyoy_w1_d0.25,12238442.311722402,11662638.6,0.049371650058881444,0.0,
monthly,2025-06-01,pounds,dyoy_w1_d0.5,11980583.903444802,11662638.6,0.027261867091106007,0.0,
monthly,2025-06-01,pounds,dyoy_w1_d0.75,11722725.495167205,11662638.6,0.005152084123330791,0.0,
monthly,2025-06-01,pounds,dyoy_w1_d1.0,11464867.086889606,11662638.6,0.016957698844444535,0.0,
monthly,2025-06-01,pounds,dyoy_w3_d0.25,12409914.628027443,11662638.6,0.06407435346812873,0.0,
monthly,2025-06-01,pounds,dyoy_w3_d0.5,12323528.536054887,11662638.6,0.056667273909601246,0.0,
monthly,2025-06-01,pounds,dyoy_w3_d0.75,12237142.44408233,11662638.6,0.04926019435107354,0.0,
monthly,2025-06-01,pounds,dyoy_w3_d1.0,12150756.352109773,11662638.6,0.04185311479254561,0.0,
monthly,2025-06-01,pounds,dyoy_w6_d0.25,12469011.205854088,11662638.6,0.06914152393044981,0.0,
monthly,2025-06-01,pounds,dyoy_w6_d0.5,12441721.691708174,11662638.6,0.06680161483424296,0.0,
monthly,2025-06-01,pounds,dyoy_w6_d0.75,12414432.17756226,11662638.6,0.06446170573803589,0.0,
monthly,2025-06-01,pounds,dyoy_w6_d1.0,12387142.663416347,11662638.6,0.06212179664182904,0.0,
monthly,2025-06-01,pounds,dyoy_w12_d0.25,12550956.773467228,11662638.6,0.07616785565722917,0.0,
monthly,2025-06-01,pounds,dyoy_w12_d0.5,12605612.826934459,11662638.6,0.0808542782878019,0.0,
monthly,2025-06-01,pounds,dyoy_w12_d0.75,12660268.880401688,11662638.6,0.0855407009183744,0.0,
monthly,2025-06-01,pounds,dyoy_w12_d1.0,12714924.933868917,11662638.6,0.09022712354894691,0.0,
monthly,2025-06-01,pounds,damped_yoy_auto,12409914.628027443,11662638.6,0.06407435346812873,0.27,
monthly,2025-06-01,pounds,snaive_level12,12716386.489310255,11662638.6,0.090352442997784,0.0,
monthly,2025-06-01,pounds,seasonal_index_level,13629375.510385491,11662638.6,0.16863567309592287,0.0,
monthly,2025-06-01,pounds,combo_stat_median,12470833.725115974,11662638.6,0.06929779382137191,0.31,
monthly,2025-06-01,pounds,combo_ratio_mean,11931715.966260279,11662638.6,0.023071740065775392,0.1,
monthly,2025-06-01,individuals,seasonal_naive,725005.0,698375.0,0.03813137640952213,0.0,
monthly,2025-06-01,individuals,damped_yoy_3m,727506.671372307,698375.0,0.04171350831903631,0.0,
monthly,2025-06-01,individuals,sf_ets_log,751185.8805628925,698375.0,0.07561966073082882,0.03,
monthly,2025-06-01,individuals,sf_ets_level,756745.0685212491,698375.0,0.08357983679434278,0.03,
monthly,2025-06-01,individuals,sf_arima_log,701284.1158405854,698375.0,0.004165549798583079,0.38,
monthly,2025-06-01,individuals,sf_theta_log,763459.3921865723,698375.0,0.093194046445781,0.0,
monthly,2025-06-01,individuals,sf_ces_log,756774.8308200404,698375.0,0.08362245329520723,0.0,
monthly,2025-06-01,individuals,sf_mstl_log,764400.5451195658,698375.0,0.09454167906864619,0.01,
monthly,2025-06-01,individuals,ratio_ses,706732.7036160444,698375.0,0.011967357961044423,0.0,
monthly,2025-06-01,individuals,ratio_ets_auto,706732.7036160444,698375.0,0.011967357961044423,0.0,
monthly,2025-06-01,individuals,ratio_arima,694544.961421473,698375.0,0.0054842148967633175,0.07,
monthly,2025-06-01,individuals,ratio_theta,695271.496963595,698375.0,0.004443891944019951,0.0,
monthly,2025-06-01,individuals,ratio_mean3_half,727372.1888646454,698375.0,0.041520943425302104,0.0,
monthly,2025-06-01,individuals,dyoy_w1_d0.25,717389.9903553682,698375.0,0.027227478582950715,0.0,
monthly,2025-06-01,individuals,dyoy_w1_d0.5,709774.9807107365,698375.0,0.01632358075637952,0.0,
monthly,2025-06-01,individuals,dyoy_w1_d0.75,702159.9710661047,698375.0,0.005419682929808101,0.0,
monthly,2025-06-01,individuals,dyoy_w1_d1.0,694544.961421473,698375.0,0.0054842148967633175,0.0,
monthly,2025-06-01,individuals,dyoy_w3_d0.25,726255.8356861535,698375.0,0.03992244236427922,0.0,
monthly,2025-06-01,individuals,dyoy_w3_d0.5,727506.671372307,698375.0,0.04171350831903631,0.0,
monthly,2025-06-01,individuals,dyoy_w3_d0.75,728757.5070584607,698375.0,0.04350457427379384,0.0,
monthly,2025-06-01,individuals,dyoy_w3_d1.0,730008.3427446142,698375.0,0.045295640228550926,0.0,
monthly,2025-06-01,individuals,dyoy_w6_d0.25,725961.1202529442,698375.0,0.03950044067004721,0.0,
monthly,2025-06-01,individuals,dyoy_w6_d0.5,726917.2405058884,698375.0,0.04086950493057229,0.0,
monthly,2025-06-01,individuals,dyoy_w6_d0.75,727873.3607588324,698375.0,0.04223856919109714,0.0,
monthly,2025-06-01,individuals,dyoy_w6_d1.0,728829.4810117766,698375.0,0.04360763345162222,0.0,
monthly,2025-06-01,individuals,dyoy_w12_d0.25,732504.9042006306,698375.0,0.048870455272068236,0.0,
monthly,2025-06-01,individuals,dyoy_w12_d0.5,740004.8084012611,698375.0,0.05960953413461412,0.0,
monthly,2025-06-01,individuals,dyoy_w12_d0.75,747504.7126018916,698375.0,0.07034861299716,0.0,
monthly,2025-06-01,individuals,dyoy_w12_d1.0,755004.6168025223,698375.0,0.08108769185970632,0.0,
monthly,2025-06-01,individuals,damped_yoy_auto,725961.1202529442,698375.0,0.03950044067004721,0.27,
monthly,2025-06-01,individuals,snaive_level12,755916.350377018,698375.0,0.08239319903636,0.0,
monthly,2025-06-01,individuals,seasonal_index_level,847710.490474725,698375.0,0.21383281256448905,0.0,
monthly,2025-06-01,individuals,combo_stat_median,738573.5004079184,698375.0,0.057560050700437904,0.31,
monthly,2025-06-01,individuals,combo_ratio_mean,698849.7206670375,698375.0,0.0006797503734203847,0.09,
monthly,2025-07-01,visits,seasonal_naive,235324.0,260002.0,0.09491465450265768,0.0,
monthly,2025-07-01,visits,damped_yoy_3m,242508.08628992768,260002.0,0.0672837659328479,0.0,
monthly,2025-07-01,visits,sf_ets_log,246377.9051866274,260002.0,0.05239996159019,0.03,
monthly,2025-07-01,visits,sf_ets_level,242402.2772552539,260002.0,0.06769072062809556,0.04,
monthly,2025-07-01,visits,sf_arima_log,245513.48279651967,260002.0,0.05572463751617418,0.21,
monthly,2025-07-01,visits,sf_theta_log,247106.4925611298,260002.0,0.0495977240131622,0.0,
monthly,2025-07-01,visits,sf_ces_log,249964.5667518094,260002.0,0.038605215529844306,0.0,
monthly,2025-07-01,visits,sf_mstl_log,250689.9553966569,260002.0,0.0358152806645452,0.0,
monthly,2025-07-01,visits,ratio_ses,245949.34343517778,260002.0,0.054048263339598224,0.0,
monthly,2025-07-01,visits,ratio_ets_auto,245949.34343517778,260002.0,0.054048263339598224,0.0,
monthly,2025-07-01,visits,ratio_arima,244337.9075154214,260002.0,0.06024604612494755,0.13,
monthly,2025-07-01,visits,ratio_theta,242810.9629563545,260002.0,0.06611886463813932,0.0,
monthly,2025-07-01,visits,ratio_mean3_half,242307.6408213565,260002.0,0.06805470411244341,0.0,
monthly,2025-07-01,visits,dyoy_w1_d0.25,237343.1834925977,260002.0,0.08714862388520983,0.0,
monthly,2025-07-01,visits,dyoy_w1_d0.5,239362.36698519535,260002.0,0.07938259326776198,0.0,
monthly,2025-07-01,visits,dyoy_w1_d0.75,241381.5504777931,260002.0,0.07161656265031391,0.0,
monthly,2025-07-01,visits,dyoy_w1_d1.0,243400.73397039075,260002.0,0.06385053203286606,0.0,
monthly,2025-07-01,visits,dyoy_w3_d0.25,238916.04314496386,260002.0,0.08109921021775268,0.0,
monthly,2025-07-01,visits,dyoy_w3_d0.5,242508.08628992768,260002.0,0.0672837659328479,0.0,
monthly,2025-07-01,visits,dyoy_w3_d0.75,246100.12943489148,260002.0,0.05346832164794313,0.0,
monthly,2025-07-01,visits,dyoy_w3_d1.0,249692.17257985537,260002.0,0.03965287736303813,0.0,
monthly,2025-07-01,visits,dyoy_w6_d0.25,237827.06095483952,260002.0,0.08528757103853235,0.0,
monthly,2025-07-01,visits,dyoy_w6_d0.5,240330.121909679,260002.0,0.07566048757440713,0.0,
monthly,2025-07-01,visits,dyoy_w6_d0.75,242833.18286451855,260002.0,0.06603340411028169,0.0,
monthly,2025-07-01,visits,dyoy_w6_d1.0,245336.24381935806,260002.0,0.05640632064615636,0.0,
monthly,2025-07-01,visits,dyoy_w12_d0.25,238508.8891154473,260002.0,0.08266517520847039,0.0,
monthly,2025-07-01,visits,dyoy_w12_d0.5,241693.77823089456,260002.0,0.0704156959142831,0.0,
monthly,2025-07-01,visits,dyoy_w12_d0.75,244878.6673463419,260002.0,0.05816621662009558,0.0,
monthly,2025-07-01,visits,dyoy_w12_d1.0,248063.55646178918,260002.0,0.045916737325908286,0.0,
monthly,2025-07-01,visits,damped_yoy_auto,240330.121909679,260002.0,0.07566048757440713,0.29,
monthly,2025-07-01,visits,snaive_level12,248128.24381140867,260002.0,0.04566794174118405,0.0,
monthly,2025-07-01,visits,seasonal_index_level,265147.4693831467,260002.0,0.019790114626605515,0.0,
monthly,2025-07-01,visits,combo_stat_median,246163.6243109026,260002.0,0.05322411246489411,0.31,
monthly,2025-07-01,visits,combo_ratio_mean,244366.0713023179,260002.0,0.06013772470089496,0.12,
monthly,2025-07-01,pounds,seasonal_naive,13293611.25,12796556.84,0.038842824379624386,0.0,
monthly,2025-07-01,pounds,damped_yoy_3m,12927622.359995777,12796556.84,0.010242248882612381,0.0,
monthly,2025-07-01,pounds,sf_ets_log,12336007.782650633,12796556.84,0.03599007632348128,0.03,
monthly,2025-07-01,pounds,sf_ets_level,12011249.076000946,12796556.84,0.061368677044774,0.03,
monthly,2025-07-01,pounds,sf_arima_log,12620788.11269057,12796556.84,0.013735626661697364,0.13,
monthly,2025-07-01,pounds,sf_theta_log,12152133.973858323,12796556.84,0.05035908285323387,0.0,
monthly,2025-07-01,pounds,sf_ces_log,11988423.39384918,12796556.84,0.06315241328235455,0.0,
monthly,2025-07-01,pounds,sf_mstl_log,12197442.34778721,12796556.84,0.046818413711104845,0.01,
monthly,2025-07-01,pounds,ratio_ses,12619980.453141889,12796556.84,0.013798742041778111,0.0,
monthly,2025-07-01,pounds,ratio_ets_auto,12619980.453141889,12796556.84,0.013798742041778111,0.0,
monthly,2025-07-01,pounds,ratio_arima,12449295.563859006,12796556.84,0.02713708699011208,0.09,
monthly,2025-07-01,pounds,ratio_theta,12473503.888930306,12796556.84,0.025245302709857254,0.0,
monthly,2025-07-01,pounds,ratio_mean3_half,12919909.821196524,12796556.84,0.009639544663369248,0.0,
monthly,2025-07-01,pounds,dyoy_w1_d0.25,13071898.032915808,12796556.84,0.021516818653525283,0.0,
monthly,2025-07-01,pounds,dyoy_w1_d0.5,12850184.815831615,12796556.84,0.00419081292742618,0.0,
monthly,2025-07-01,pounds,dyoy_w1_d0.75,12628471.59874742,12796556.84,0.013135192798673256,0.0,
monthly,2025-07-01,pounds,dyoy_w1_d1.0,12406758.381663227,12796556.84,0.03046119852477225,0.0,
monthly,2025-07-01,pounds,dyoy_w3_d0.25,13110616.80499789,12796556.84,0.024542536631118494,0.0,
monthly,2025-07-01,pounds,dyoy_w3_d0.5,12927622.359995777,12796556.84,0.010242248882612381,0.0,
monthly,2025-07-01,pounds,dyoy_w3_d0.75,12744627.914993666,12796556.84,0.004058038865893399,0.0,
monthly,2025-07-01,pounds,dyoy_w3_d1.0,12561633.469991555,12796556.84,0.01835832661439918,0.0,
monthly,2025-07-01,pounds,dyoy_w6_d0.25,13170508.964459445,12796556.84,0.029222870584259875,0.0,
monthly,2025-07-01,pounds,dyoy_w6_d0.5,13047406.67891889,12796556.84,0.019602916788895364,0.0,
monthly,2025-07-01,pounds,dyoy_w6_d0.75,12924304.393378336,12796556.84,0.009982962993531075,0.0,
monthly,2025-07-01,pounds,dyoy_w6_d1.0,12801202.107837781,12796556.84,0.00036300919816656396,0.0,
monthly,2025-07-01,pounds,dyoy_w12_d0.25,13322132.542418735,12796556.84,0.04107164989693701,0.0,
monthly,2025-07-01,pounds,dyoy_w12_d0.5,13350653.83483747,12796556.84,0.04330047541424986,0.0,
monthly,2025-07-01,pounds,dyoy_w12_d0.75,13379175.127256202,12796556.84,0.04552930093156227,0.0,
monthly,2025-07-01,pounds,dyoy_w12_d1.0,13407696.419674937,12796556.84,0.047758126448875116,0.0,
monthly,2025-07-01,pounds,damped_yoy_auto,13110616.80499789,12796556.84,0.024542536631118494,0.27,
monthly,2025-07-01,pounds,snaive_level12,13403770.581833007,12796556.84,0.047451337842297825,0.0,
monthly,2025-07-01,pounds,seasonal_index_level,13500313.69512162,12796556.84,0.054995798004177754,0.0,
monthly,2025-07-01,pounds,combo_stat_median,12477994.11789626,12796556.84,0.02489440918262975,0.31,
monthly,2025-07-01,pounds,combo_ratio_mean,12514259.968643734,12796556.84,0.022060377247249074,0.09,
monthly,2025-07-01,individuals,seasonal_naive,732973.0,773672.0,0.052604979888117964,0.0,
monthly,2025-07-01,individuals,damped_yoy_3m,727687.8955716724,773672.0,0.05943617505651966,0.0,
monthly,2025-07-01,individuals,sf_ets_log,723147.6534939706,773672.0,0.06530460777439195,0.03,
monthly,2025-07-01,individuals,sf_ets_level,730262.4294960016,773672.0,0.05610849365622439,0.03,
monthly,2025-07-01,individuals,sf_arima_log,705524.0013402128,773672.0,0.08808383741402981,0.4,
monthly,2025-07-01,individuals,sf_theta_log,736391.0825403637,773672.0,0.04818698034779123,0.0,
monthly,2025-07-01,individuals,sf_ces_log,702905.1393515242,773672.0,0.09146881449564648,0.0,
monthly,2025-07-01,individuals,sf_mstl_log,702525.9340582839,773672.0,0.09195895152172506,0.0,
monthly,2025-07-01,individuals,ratio_ses,707963.0114975321,773672.0,0.08493132555200122,0.0,
monthly,2025-07-01,individuals,ratio_ets_auto,707963.0114975321,773672.0,0.08493132555200122,0.0,
monthly,2025-07-01,individuals,ratio_arima,706050.3291356611,773672.0,0.08740353905057807,0.08,
monthly,2025-07-01,individuals,ratio_theta,695368.1515734417,773672.0,0.10121065312762811,0.0,
monthly,2025-07-01,individuals,ratio_mean3_half,727324.2013451207,773672.0,0.05990626344869576,0.0,
monthly,2025-07-01,individuals,dyoy_w1_d0.25,726242.3322839153,773672.0,0.06130461967873302,0.0,
monthly,2025-07-01,individuals,dyoy_w1_d0.5,719511.6645678305,773672.0,0.07000425946934807,0.0,
monthly,2025-07-01,individuals,dyoy_w1_d0.75,712780.9968517459,773672.0,0.07870389925996302,0.0,
monthly,2025-07-01,individuals,dyoy_w1_d1.0,706050.3291356611,773672.0,0.08740353905057807,0.0,
monthly,2025-07-01,individuals,dyoy_w3_d0.25,730330.4477858362,773672.0,0.05602057747231881,0.0,
monthly,2025-07-01,individuals,dyoy_w3_d0.5,727687.8955716724,773672.0,0.05943617505651966,0.0,
monthly,2025-07-01,individuals,dyoy_w3_d0.75,725045.3433575084,773672.0,0.06285177264072062,0.0,
monthly,2025-07-01,individuals,dyoy_w3_d1.0,722402.7911433446,773672.0,0.06626737022492146,0.0,
monthly,2025-07-01,individuals,dyoy_w6_d0.25,731556.8764653107,773672.0,0.05443537252826691,0.0,
monthly,2025-07-01,individuals,dyoy_w6_d0.5,730140.7529306213,773672.0,0.05626576516841597,0.0,
monthly,2025-07-01,individuals,dyoy_w6_d0.75,728724.6293959318,773672.0,0.05809615780856503,0.0,
monthly,2025-07-01,individuals,dyoy_w6_d1.0,727308.5058612424,773672.0,0.0599265504487142,0.0,
monthly,2025-07-01,individuals,dyoy_w12_d0.25,738649.7511475056,773672.0,0.04526756668522891,0.0,
monthly,2025-07-01,individuals,dyoy_w12_d0.5,744326.5022950113,773672.0,0.037930153482339635,0.0,
monthly,2025-07-01,individuals,dyoy_w12_d0.75,750003.2534425168,773672.0,0.030592740279450692,0.0,
monthly,2025-07-01,individuals,dyoy_w12_d1.0,755680.0045900224,773672.0,0.023255327076561638,0.0,
monthly,2025-07-01,individuals,damped_yoy_auto,730140.7529306213,773672.0,0.05626576516841597,0.29,
monthly,2025-07-01,individuals,snaive_level12,756252.167738638,773672.0,0.022515784804622574,0.0,
monthly,2025-07-01,individuals,seasonal_index_level,820575.4835581925,773672.0,0.06062450697219557,0.0,
monthly,2025-07-01,individuals,combo_stat_median,726644.2032122959,773672.0,0.060785186471404073,0.33,
monthly,2025-07-01,individuals,combo_ratio_mean,703127.1640688783,773672.0,0.09118183924340251,0.08,
monthly,2025-08-01,visits,seasonal_naive,241478.0,240290.0,0.004944025968621313,0.0,
monthly,2025-08-01,visits,damped_yoy_3m,248865.81358092456,240290.0,0.03568943185702511,0.0,
monthly,2025-08-01,visits,sf_ets_log,252828.3577219504,240290.0,0.05218010621311908,0.03,
monthly,2025-08-01,visits,sf_ets_level,257397.06771747494,240290.0,0.0711934234361602,0.03,
monthly,2025-08-01,visits,sf_arima_log,254169.50267843672,240290.0,0.05776146605533605,0.21,
monthly,2025-08-01,visits,sf_theta_log,255348.46316580146,240290.0,0.0626678728444856,0.0,
monthly,2025-08-01,visits,sf_ces_log,277058.9169092709,240290.0,0.15301892259049854,0.0,
monthly,2025-08-01,visits,sf_mstl_log,273768.5161235471,240290.0,0.13932546557720715,0.01,
monthly,2025-08-01,visits,ratio_ses,259272.54400182952,240290.0,0.07899847684809824,0.0,
monthly,2025-08-01,visits,ratio_ets_auto,259272.54400182952,240290.0,0.07899847684809824,0.0,
monthly,2025-08-01,visits,ratio_arima,259456.63303449634,240290.0,0.07976458876564285,0.12,
monthly,2025-08-01,visits,ratio_theta,262190.9332429185,240290.0,0.09114375647308881,0.0,
monthly,2025-08-01,visits,ratio_mean3_half,248680.34724071596,240290.0,0.03491758808404821,0.0,
monthly,2025-08-01,visits,dyoy_w1_d0.25,247808.8396976084,240290.0,0.031290689157303264,0.0,
monthly,2025-08-01,visits,dyoy_w1_d0.5,254139.6793952168,240290.0,0.057637352345985216,0.0,
monthly,2025-08-01,visits,dyoy_w1_d0.75,260470.5190928252,240290.0,0.08398401553466739,0.0,
monthly,2025-08-01,visits,dyoy_w1_d1.0,266801.3587904336,240290.0,0.11033067872334934,0.0,
monthly,2025-08-01,visits,dyoy_w3_d0.25,245171.90679046226,240290.0,0.020316728912823212,0.0,
monthly,2025-08-01,visits,dyoy_w3_d0.5,248865.81358092456,240290.0,0.03568943185702511,0.0,
monthly,2025-08-01,visits,dyoy_w3_d0.75,252559.72037138682,240290.0,0.05106213480122701,0.0,
monthly,2025-08-01,visits,dyoy_w3_d1.0,256253.6271618491,240290.0,0.06643483774542891,0.0,
monthly,2025-08-01,visits,dyoy_w6_d0.25,244898.03163296788,240290.0,0.01917695964446242,0.0,
monthly,2025-08-01,visits,dyoy_w6_d0.5,248318.06326593575,240290.0,0.03340989332030353,0.0,
monthly,2025-08-01,visits,dyoy_w6_d0.75,251738.09489890354,240290.0,0.047642826996144416,0.0,
monthly,2025-08-01,visits,dyoy_w6_d1.0,255158.1265318714,240290.0,0.061875760671985525,0.0,
monthly,2025-08-01,visits,dyoy_w12_d0.25,244721.60052802903,240290.0,0.018442717250110485,0.0,
monthly,2025-08-01,visits,dyoy_w12_d0.5,247965.20105605805,240290.0,0.031941408531599436,0.0,
monthly,2025-08-01,visits,dyoy_w12_d0.75,251208.80158408714,240290.0,0.04544009981308883,0.0,
monthly,2025-08-01,visits,dyoy_w12_d1.0,254452.40211211616,240290.0,0.058938791094578,0.0,
monthly,2025-08-01,visits,damped_yoy_auto,248865.81358092456,240290.0,0.03568943185702511,0.28,
monthly,2025-08-01,visits,snaive_level12,254401.37419384418,240290.0,0.05872643136977884,0.0,
monthly,2025-08-01,visits,seasonal_index_level,284577.42823305517,240290.0,0.18430824517481037,0.0,
monthly,2025-08-01,visits,combo_stat_median,254088.41044387594,240290.0,0.057423989528802455,0.34,
monthly,2025-08-01,visits,combo_ratio_mean,260306.70342641478,240290.0,0.0833022740289433,0.13,
monthly,2025-08-01,pounds,seasonal_naive,13235462.38,12821574.42,0.032280587893666945,0.0,
monthly,2025-08-01,pounds,damped_yoy_3m,12824472.052094165,12821574.42,0.00022599658975153147,0.0,
monthly,2025-08-01,pounds,sf_ets_log,12517911.857592748,12821574.42,0.023683718743119142,0.03,
monthly,2025-08-01,pounds,sf_ets_level,12408485.510803137,12821574.42,0.032218267091481234,0.03,
monthly,2025-08-01,pounds,sf_arima_log,12641291.0308376,12821574.42,0.014060940041901726,0.13,
monthly,2025-08-01,pounds,sf_theta_log,12511938.946654998,12821574.42,0.02414956722179229,0.0,
monthly,2025-08-01,pounds,sf_ces_log,13472299.082083076,12821574.42,0.050752321108711085,0.0,
monthly,2025-08-01,pounds,sf_mstl_log,13376286.955289343,12821574.42,0.04326399528782243,0.0,
monthly,2025-08-01,pounds,ratio_ses,12641228.916269429,12821574.42,0.014065784577068419,0.0,
monthly,2025-08-01,pounds,ratio_ets_auto,12641228.916269429,12821574.42,0.014065784577068419,0.0,
monthly,2025-08-01,pounds,ratio_arima,12422508.475679187,12821574.42,0.031124566394773012,0.09,
monthly,2025-08-01,pounds,ratio_theta,12429368.658468695,12821574.42,0.030589516441874243,0.0,
monthly,2025-08-01,pounds,ratio_mean3_half,12815866.111942256,12821574.42,0.0004452111629005273,0.0,
monthly,2025-08-01,pounds,dyoy_w1_d0.25,13111742.33093568,12821574.42,0.02263122307998744,0.0,
monthly,2025-08-01,pounds,dyoy_w1_d0.5,12988022.281871358,12821574.42,0.012981858266307933,0.0,
monthly,2025-08-01,pounds,dyoy_w1_d0.75,12864302.232807035,12821574.42,0.0033324934526282046,0.0,
monthly,2025-08-01,pounds,dyoy_w1_d1.0,12740582.183742711,12821574.42,0.006316871361051524,0.0,
monthly,2025-08-01,pounds,dyoy_w3_d0.25,13029967.216047082,12821574.42,0.016253292241709127,0.0,
monthly,2025-08-01,pounds,dyoy_w3_d0.5,12824472.052094165,12821574.42,0.00022599658975153147,0.0,
monthly,2025-08-01,pounds,dyoy_w3_d0.75,12618976.888141247,12821574.42,0.015801299062206287,0.0,
monthly,2025-08-01,pounds,dyoy_w3_d1.0,12413481.724188328,12821574.42,0.031828594714163994,0.0,
monthly,2025-08-01,pounds,dyoy_w6_d0.25,13101776.198253127,12821574.42,0.021853929094390212,0.0,
monthly,2025-08-01,pounds,dyoy_w6_d0.5,12968090.016506253,12821574.42,0.011427270295113479,0.0,
monthly,2025-08-01,pounds,dyoy_w6_d0.75,12834403.834759379,12821574.42,0.0010006114958367451,0.0,
monthly,2025-08-01,pounds,dyoy_w6_d1.0,12700717.653012505,12821574.42,0.009426047303439877,0.0,
monthly,2025-08-01,pounds,dyoy_w12_d0.25,13212364.512452265,12821574.42,0.030479103396434892,0.0,
monthly,2025-08-01,pounds,dyoy_w12_d0.5,13189266.644904532,12821574.42,0.02867761889920306,0.0,
monthly,2025-08-01,pounds,dyoy_w12_d0.75,13166168.777356796,12821574.42,0.02687613440197123,0.0,
monthly,2025-08-01,pounds,dyoy_w12_d1.0,13143070.909809062,12821574.42,0.0250746499047394,0.0,
monthly,2025-08-01,pounds,damped_yoy_auto,13029967.216047082,12821574.42,0.016253292241709127,0.27,
monthly,2025-08-01,pounds,snaive_level12,13135570.593029203,12821574.42,0.02448967363472998,0.0,
monthly,2025-08-01,pounds,seasonal_index_level,14269223.077435175,12821574.42,0.11290724602253444,0.0,
monthly,2025-08-01,pounds,combo_stat_median,12579570.386931088,12821574.42,0.01887475166009389,0.31,
monthly,2025-08-01,pounds,combo_ratio_mean,12497702.01680577,12821574.42,0.025259955804571965,0.09,
monthly,2025-08-01,individuals,seasonal_naive,745923.0,727272.0,0.025645150645150716,0.0,
monthly,2025-08-01,individuals,damped_yoy_3m,742903.9826757953,727272.0,0.021493997673216247,0.0,
monthly,2025-08-01,individuals,sf_ets_log,750127.3299931989,727272.0,0.03142611016675856,0.03,
monthly,2025-08-01,individuals,sf_ets_level,753283.6504123928,727272.0,0.03576605508309516,0.03,
monthly,2025-08-01,individuals,sf_arima_log,743220.4842969143,727272.0,0.02192918783744502,0.39,
monthly,2025-08-01,individuals,sf_theta_log,761229.192406577,727272.0,0.04669118625022972,0.0,
monthly,2025-08-01,individuals,sf_ces_log,822597.8676583235,727272.0,0.131073199103394,0.0,
monthly,2025-08-01,individuals,sf_mstl_log,801262.3718428274,727272.0,0.10173686302075069,0.01,
monthly,2025-08-01,individuals,ratio_ses,770162.8757214474,727272.0,0.05897501309200326,0.0,
monthly,2025-08-01,individuals,ratio_ets_auto,770162.8757214474,727272.0,0.05897501309200326,0.0,
monthly,2025-08-01,individuals,ratio_arima,787341.0606611703,727272.0,0.08259504100415005,0.08,
monthly,2025-08-01,individuals,ratio_theta,751283.1766284296,727272.0,0.03301540087949162,0.0,
monthly,2025-08-01,individuals,ratio_mean3_half,742659.9259198941,727272.0,0.021158419298273667,0.0,
monthly,2025-08-01,individuals,dyoy_w1_d0.25,756277.5151652927,727272.0,0.03988262323490055,0.0,
monthly,2025-08-01,individuals,dyoy_w1_d0.5,766632.0303305852,727272.0,0.05412009582465038,0.0,
monthly,2025-08-01,individuals,dyoy_w1_d0.75,776986.5454958776,727272.0,0.06835756841440022,0.0,
monthly,2025-08-01,individuals,dyoy_w1_d1.0,787341.0606611703,727272.0,0.08259504100415005,0.0,
monthly,2025-08-01,individuals,dyoy_w3_d0.25,744413.4913378976,727272.0,0.02356957415918326,0.0,
monthly,2025-08-01,individuals,dyoy_w3_d0.5,742903.9826757953,727272.0,0.021493997673216247,0.0,
monthly,2025-08-01,individuals,dyoy_w3_d0.75,741394.4740136929,727272.0,0.019418421187249013,0.0,
monthly,2025-08-01,individuals,dyoy_w3_d1.0,739884.9653515905,727272.0,0.01734284470128178,0.0,
monthly,2025-08-01,individuals,dyoy_w6_d0.25,745789.2896649871,727272.0,0.025461298750655947,0.0,
monthly,2025-08-01,individuals,dyoy_w6_d0.5,745655.5793299744,727272.0,0.025277446856161623,0.0,
monthly,2025-08-01,individuals,dyoy_w6_d0.75,745521.8689949617,727272.0,0.025093594961667298,0.0,
monthly,2025-08-01,individuals,dyoy_w6_d1.0,745388.1586599489,727272.0,0.02490974306717275,0.0,
monthly,2025-08-01,individuals,dyoy_w12_d0.25,750577.6628154081,727272.0,0.0320453184165046,0.0,
monthly,2025-08-01,individuals,dyoy_w12_d0.5,755232.325630816,727272.0,0.03844548618785826,0.0,
monthly,2025-08-01,individuals,dyoy_w12_d0.75,759886.9884462241,727272.0,0.04484565395921214,0.0,
monthly,2025-08-01,individuals,dyoy_w12_d1.0,764541.6512616322,727272.0,0.05124582173056602,0.0,
monthly,2025-08-01,individuals,damped_yoy_auto,745789.2896649871,727272.0,0.025461298750655947,0.27,
monthly,2025-08-01,individuals,snaive_level12,764611.7024830425,727272.0,0.05134214225632561,0.0,
monthly,2025-08-01,individuals,seasonal_index_level,875406.1878760632,727272.0,0.20368471201429883,0.0,
monthly,2025-08-01,individuals,combo_stat_median,755678.261199888,727272.0,0.03905864820849425,0.32,
monthly,2025-08-01,individuals,combo_ratio_mean,769595.7043370157,727272.0,0.05819515165854838,0.08,
monthly,2025-09-01,visits,seasonal_naive,236829.0,253913.0,0.06728288823337125,0.0,
monthly,2025-09-01,visits,damped_yoy_3m,242087.97274600322,253913.0,0.046571176954298465,0.0,
monthly,2025-09-01,visits,sf_ets_log,248504.05220724514,253913.0,0.021302366530090433,0.03,
monthly,2025-09-01,visits,sf_ets_level,249209.86329466107,253913.0,0.01852263060709347,0.03,
monthly,2025-09-01,visits,sf_arima_log,253472.00882270496,253913.0,0.0017367806189326762,0.23,
monthly,2025-09-01,visits,sf_theta_log,249327.10141645052,253913.0,0.01806090504838065,0.0,
monthly,2025-09-01,visits,sf_ces_log,242484.3909080378,253913.0,0.045009940774840995,0.0,
monthly,2025-09-01,visits,sf_mstl_log,244123.356084119,253913.0,0.03855511106513254,0.01,
monthly,2025-09-01,visits,ratio_ses,245178.67267019636,253913.0,0.03439889777129823,0.0,
monthly,2025-09-01,visits,ratio_ets_auto,245178.67267019636,253913.0,0.03439889777129823,0.0,
monthly,2025-09-01,visits,ratio_arima,246740.4693746232,253913.0,0.0282479850396663,0.13,
monthly,2025-09-01,visits,ratio_theta,239167.87828960834,253913.0,0.05807155092646554,0.0,
monthly,2025-09-01,visits,ratio_mean3_half,241957.4082148422,253913.0,0.04708538666849593,0.0,
monthly,2025-09-01,visits,dyoy_w1_d0.25,236537.71792461423,253913.0,0.0684300609869749,0.0,
monthly,2025-09-01,visits,dyoy_w1_d0.5,236246.4358492285,253913.0,0.06957723374057845,0.0,
monthly,2025-09-01,visits,dyoy_w1_d0.75,235955.15377384276,253913.0,0.07072440649418199,0.0,
monthly,2025-09-01,visits,dyoy_w1_d1.0,235663.871698457,253913.0,0.07187157924778564,0.0,
monthly,2025-09-01,visits,dyoy_w3_d0.25,239458.4863730016,253913.0,0.056927032593834914,0.0,
monthly,2025-09-01,visits,dyoy_w3_d0.5,242087.97274600322,253913.0,0.046571176954298465,0.0,
monthly,2025-09-01,visits,dyoy_w3_d0.75,244717.45911900484,253913.0,0.03621532131476202,0.0,
monthly,2025-09-01,visits,dyoy_w3_d1.0,247346.94549200643,253913.0,0.02585946567522568,0.0,
monthly,2025-09-01,visits,dyoy_w6_d0.25,240066.4214906128,253913.0,0.054532767165868634,0.0,
monthly,2025-09-01,visits,dyoy_w6_d0.5,243303.84298122555,253913.0,0.04178264609836613,0.0,
monthly,2025-09-01,visits,dyoy_w6_d0.75,246541.26447183834,253913.0,0.02903252503086362,0.0,
monthly,2025-09-01,visits,dyoy_w6_d1.0,249778.6859624511,253913.0,0.016282403963361114,0.0,
monthly,2025-09-01,visits,dyoy_w12_d0.25,239890.73964607605,253913.0,0.05522466495974587,0.0,
monthly,2025-09-01,visits,dyoy_w12_d0.5,242952.4792921521,253913.0,0.043166441686120494,0.0,
monthly,2025-09-01,visits,dyoy_w12_d0.75,246014.2189382282,253913.0,0.03110821841249478,0.0,
monthly,2025-09-01,visits,dyoy_w12_d1.0,249075.95858430426,253913.0,0.019049995138869402,0.0,
monthly,2025-09-01,visits,damped_yoy_auto,246541.26447183834,253913.0,0.02903252503086362,0.27,
monthly,2025-09-01,visits,snaive_level12,249033.58899745863,253913.0,0.01921686169097825,0.0,
monthly,2025-09-01,visits,seasonal_index_level,263315.52266901557,253913.0,0.03703048945511078,0.0,
monthly,2025-09-01,visits,combo_stat_median,247522.65833954175,253913.0,0.025167445780476916,0.3,
monthly,2025-09-01,visits,combo_ratio_mean,243695.6734448093,253913.0,0.04023947791247673,0.14,
monthly,2025-09-01,pounds,seasonal_naive,12209702.0,12348815.25,0.011265311463785954,0.0,
monthly,2025-09-01,pounds,damped_yoy_3m,11936788.526579827,12348815.25,0.0333656885360053,0.0,
monthly,2025-09-01,pounds,sf_ets_log,12628998.866613386,12348815.25,0.022689109112178585,0.04,
monthly,2025-09-01,pounds,sf_ets_level,12604352.962158957,12348815.25,0.020693297857780957,0.04,
monthly,2025-09-01,pounds,sf_arima_log,11731124.411692308,12348815.25,0.050020250995956195,0.14,
monthly,2025-09-01,pounds,sf_theta_log,12706562.490412245,12348815.25,0.028970167029767957,0.0,
monthly,2025-09-01,pounds,sf_ces_log,12177921.612383842,12348815.25,0.013838869086340688,0.0,
monthly,2025-09-01,pounds,sf_mstl_log,12144769.458202513,12348815.25,0.016523511581201022,0.01,
monthly,2025-09-01,pounds,ratio_ses,11731159.389581107,12348815.25,0.050017418506515754,0.0,
monthly,2025-09-01,pounds,ratio_ets_auto,11731159.389581107,12348815.25,0.050017418506515754,0.0,
monthly,2025-09-01,pounds,ratio_arima,11501225.795323415,12348815.25,0.06863730953271696,0.08,
monthly,2025-09-01,pounds,ratio_theta,11505801.791376425,12348815.25,0.06826674798811772,0.0,
monthly,2025-09-01,pounds,ratio_mean3_half,11930253.958146663,12348815.25,0.03389485415237192,0.0,
monthly,2025-09-01,pounds,dyoy_w1_d0.25,12114249.183394512,12348815.25,0.018995025988868708,0.0,
monthly,2025-09-01,pounds,dyoy_w1_d0.5,12018796.366789022,12348815.25,0.026724740513951573,0.0,
monthly,2025-09-01,pounds,dyoy_w1_d0.75,11923343.550183535,12348815.25,0.034454455039034215,0.0,
monthly,2025-09-01,pounds,dyoy_w1_d1.0,11827890.733578047,12348815.25,0.04218416956411697,0.0,
monthly,2025-09-01,pounds,dyoy_w3_d0.25,12073245.263289914,12348815.25,0.022315499999895683,0.0,
monthly,2025-09-01,pounds,dyoy_w3_d0.5,11936788.526579827,12348815.25,0.0333656885360053,0.0,
monthly,2025-09-01,pounds,dyoy_w3_d0.75,11800331.789869742,12348815.25,0.04441587707211492,0.0,
monthly,2025-09-01,pounds,dyoy_w3_d1.0,11663875.053159656,12348815.25,0.055466065608224535,0.0,
monthly,2025-09-01,pounds,dyoy_w6_d0.25,12099079.231645558,12348815.25,0.02022348000990959,0.0,
monthly,2025-09-01,pounds,dyoy_w6_d0.5,11988456.463291118,12348815.25,0.029181648556033113,0.0,
monthly,2025-09-01,pounds,dyoy_w6_d0.75,11877833.694936674,12348815.25,0.03813981710215686,0.0,
monthly,2025-09-01,pounds,dyoy_w6_d1.0,11767210.926582234,12348815.25,0.04709798564828038,0.0,
monthly,2025-09-01,pounds,dyoy_w12_d0.25,12178551.464730028,12348815.25,0.013787864003388606,0.0,
monthly,2025-09-01,pounds,dyoy_w12_d0.5,12147400.929460056,12348815.25,0.01631041654299137,0.0,
monthly,2025-09-01,pounds,dyoy_w12_d0.75,12116250.394190084,12348815.25,0.01883296908259402,0.0,
monthly,2025-09-01,pounds,dyoy_w12_d1.0,12085099.858920112,12348815.25,0.021355521622196783,0.0,
monthly,2025-09-01,pounds,damped_yoy_auto,11936788.526579827,12348815.25,0.0333656885360053,0.28,
monthly,2025-09-01,pounds,snaive_level12,12079310.55174147,12348815.25,0.021824336408185374,0.0,
monthly,2025-09-01,pounds,seasonal_index_level,12942851.81378136,12348815.25,0.04810474136629095,0.0,
monthly,2025-09-01,pounds,combo_stat_median,12282893.696596608,12348815.25,0.005338289711913302,0.32,
monthly,2025-09-01,pounds,combo_ratio_mean,11579395.658760317,12348815.25,0.0623071586757834,0.11,
monthly,2025-09-01,individuals,seasonal_naive,729144.0,759212.0,0.03960422121884266,0.0,
monthly,2025-09-01,individuals,damped_yoy_3m,728386.0399537003,759212.0,0.04060257220157182,0.0,
monthly,2025-09-01,individuals,sf_ets_log,739182.3240547418,759212.0,0.026382190936468652,0.03,
monthly,2025-09-01,individuals,sf_ets_level,743304.7713180725,759212.0,0.02095228826984763,0.03,
monthly,2025-09-01,individuals,sf_arima_log,745117.036187034,759212.0,0.018565254254366392,0.37,
monthly,2025-09-01,individuals,sf_theta_log,750046.6736752705,759212.0,0.012072156821453683,0.0,
monthly,2025-09-01,individuals,sf_ces_log,707871.1943625972,759212.0,0.06762380683840985,0.0,
monthly,2025-09-01,individuals,sf_mstl_log,710822.2040625181,759212.0,0.06373686919790778,0.01,
monthly,2025-09-01,individuals,ratio_ses,721735.4411489142,759212.0,0.049362442705180976,0.0,
monthly,2025-09-01,individuals,ratio_ets_auto,721735.4411489142,759212.0,0.049362442705180976,0.0,
monthly,2025-09-01,individuals,ratio_arima,710912.5407957658,759212.0,0.06361788170396965,0.08,
monthly,2025-09-01,individuals,ratio_theta,708723.8343287025,759212.0,0.0665007477111762,0.0,
monthly,2025-09-01,individuals,ratio_mean3_half,728086.8971349628,759212.0,0.04099658970753517,0.0,
monthly,2025-09-01,individuals,dyoy_w1_d0.25,724586.1351989415,759212.0,0.045607636340124436,0.0,
monthly,2025-09-01,individuals,dyoy_w1_d0.5,720028.2703978829,759212.0,0.05161105146140621,0.0,
monthly,2025-09-01,individuals,dyoy_w1_d0.75,715470.4055968244,759212.0,0.05761446658268787,0.0,
monthly,2025-09-01,individuals,dyoy_w1_d1.0,710912.5407957658,759212.0,0.06361788170396965,0.0,
monthly,2025-09-01,individuals,dyoy_w3_d0.25,728765.0199768501,759212.0,0.04010339671020724,0.0,
monthly,2025-09-01,individuals,dyoy_w3_d0.5,728386.0399537003,759212.0,0.04060257220157182,0.0,
monthly,2025-09-01,individuals,dyoy_w3_d0.75,728007.0599305505,759212.0,0.041101747692936175,0.0,
monthly,2025-09-01,individuals,dyoy_w3_d1.0,727628.0799074005,759212.0,0.041600923184300864,0.0,
monthly,2025-09-01,individuals,dyoy_w6_d0.25,729594.2426660733,759212.0,0.03901118176994933,0.0,
monthly,2025-09-01,individuals,dyoy_w6_d0.5,730044.4853321465,759212.0,0.03841814232105589,0.0,
monthly,2025-09-01,individuals,dyoy_w6_d0.75,730494.7279982197,759212.0,0.037825102872162675,0.0,
monthly,2025-09-01,individuals,dyoy_w6_d1.0,730944.9706642928,759212.0,0.037232063423269346,0.0,
monthly,2025-09-01,individuals,dyoy_w12_d0.25,732951.8546063652,759212.0,0.034588685892260385,0.0,
monthly,2025-09-01,individuals,dyoy_w12_d0.5,736759.7092127303,759212.0,0.02957315056567822,0.0,
monthly,2025-09-01,individuals,dyoy_w12_d0.75,740567.5638190955,759212.0,0.024557615239095942,0.0,
monthly,2025-09-01,individuals,dyoy_w12_d1.0,744375.4184254606,759212.0,0.019542079912513777,0.0,
monthly,2025-09-01,individuals,damped_yoy_auto,730044.4853321465,759212.0,0.03841814232105589,0.3,
monthly,2025-09-01,individuals,snaive_level12,744422.0673601814,759212.0,0.019480636027642606,0.0,
monthly,2025-09-01,individuals,seasonal_index_level,808090.0819697237,759212.0,0.06438001766268675,0.0,
monthly,2025-09-01,individuals,combo_stat_median,734613.4046934441,759212.0,0.03240016662876222,0.33,
monthly,2025-09-01,individuals,combo_ratio_mean,713790.6054244608,759212.0,0.05982702404010887,0.09,
monthly,2025-10-01,visits,seasonal_naive,256920.0,280606.0,0.08441016941904311,0.0,
monthly,2025-10-01,visits,damped_yoy_3m,264223.6850136835,280606.0,0.05838191266871162,0.0,
monthly,2025-10-01,visits,sf_ets_log,251279.42428557866,280606.0,0.1045115774944988,0.04,
monthly,2025-10-01,visits,sf_ets_level,255515.13041116062,280606.0,0.08941672519062094,0.03,
monthly,2025-10-01,visits,sf_arima_log,251807.84221373525,280606.0,0.10262844624229261,0.22,
monthly,2025-10-01,visits,sf_theta_log,253210.07113155082,280606.0,0.09763130107142814,0.0,
monthly,2025-10-01,visits,sf_ces_log,255395.19970281114,280606.0,0.08984412413558107,0.0,
monthly,2025-10-01,visits,sf_mstl_log,254194.56202764498,280606.0,0.09412285543557519,0.01,
monthly,2025-10-01,visits,ratio_ses,270441.3256039448,280606.0,0.03622400945117077,0.0,
monthly,2025-10-01,visits,ratio_ets_auto,270441.3256039448,280606.0,0.03622400945117077,0.0,
monthly,2025-10-01,visits,ratio_arima,266403.24784684565,280606.0,0.050614570440954076,0.12,
monthly,2025-10-01,visits,ratio_theta,270441.23741914163,280606.0,0.036224323716735785,0.0,
monthly,2025-10-01,visits,ratio_mean3_half,264059.0287833419,280606.0,0.058968700657356155,0.0,
monthly,2025-10-01,visits,dyoy_w1_d0.25,261553.32328388837,280606.0,0.06789832261645024,0.0,
monthly,2025-10-01,visits,dyoy_w1_d0.5,266186.64656777674,280606.0,0.05138647581385736,0.0,
monthly,2025-10-01,visits,dyoy_w1_d0.75,270819.96985166514,280606.0,0.03487462901126437,0.0,
monthly,2025-10-01,visits,dyoy_w1_d1.0,275453.2931355535,280606.0,0.018362782208671602,0.0,
monthly,2025-10-01,visits,dyoy_w3_d0.25,260571.84250684176,280606.0,0.07139604104387731,0.0,
monthly,2025-10-01,visits,dyoy_w3_d0.5,264223.6850136835,280606.0,0.05838191266871162,0.0,
monthly,2025-10-01,visits,dyoy_w3_d0.75,267875.5275205253,280606.0,0.04536778429354571,0.0,
monthly,2025-10-01,visits,dyoy_w3_d1.0,271527.3700273671,280606.0,0.03235365591837991,0.0,
monthly,2025-10-01,visits,dyoy_w6_d0.25,260705.9026672101,280606.0,0.07091828874931372,0.0,
monthly,2025-10-01,visits,dyoy_w6_d0.5,264491.8053344202,280606.0,0.057426408079584323,0.0,
monthly,2025-10-01,visits,dyoy_w6_d0.75,268277.7080016302,280606.0,0.04393452740985504,0.0,
monthly,2025-10-01,visits,dyoy_w6_d1.0,272063.6106688403,280606.0,0.030442646740125645,0.0,
monthly,2025-10-01,visits,dyoy_w12_d0.25,260075.63523126254,280606.0,0.07316438268867187,0.0,
monthly,2025-10-01,visits,dyoy_w12_d0.5,263231.2704625251,280606.0,0.06191859595830074,0.0,
monthly,2025-10-01,visits,dyoy_w12_d0.75,266386.9056937877,280606.0,0.05067280922792927,0.0,
monthly,2025-10-01,visits,dyoy_w12_d1.0,269542.5409250502,280606.0,0.03942702249755814,0.0,
monthly,2025-10-01,visits,damped_yoy_auto,264223.6850136835,280606.0,0.05838191266871162,0.28,
monthly,2025-10-01,visits,snaive_level12,269410.2608061119,280606.0,0.0398984312305799,0.0,
monthly,2025-10-01,visits,seasonal_index_level,281948.24936063105,280606.0,0.004783395082895714,0.0,
monthly,2025-10-01,visits,combo_stat_median,258716.87807261717,280606.0,0.07800660687006988,0.32,
monthly,2025-10-01,visits,combo_ratio_mean,269095.2702899774,280606.0,0.04102096786962017,0.12,
monthly,2025-10-01,pounds,seasonal_naive,13871543.45,13379601.15,0.03676808407700549,0.0,
monthly,2025-10-01,pounds,damped_yoy_3m,13733355.536211573,13379601.15,0.026439830473688808,0.0,
monthly,2025-10-01,pounds,sf_ets_log,12560282.801517956,13379601.15,0.06123638061378567,0.03,
monthly,2025-10-01,pounds,sf_ets_level,12542922.202813579,13379601.15,0.06253392293285376,0.03,
monthly,2025-10-01,pounds,sf_arima_log,13614905.964533787,13379601.15,0.017586833261751478,0.17,
monthly,2025-10-01,pounds,sf_theta_log,12591360.997956244,13379601.15,0.05891357621252824,0.0,
monthly,2025-10-01,pounds,sf_ces_log,13357606.812709853,13379601.15,0.0016438709228747683,0.0,
monthly,2025-10-01,pounds,sf_mstl_log,13232074.08902177,13379601.15,0.0110262674742162,0.0,
monthly,2025-10-01,pounds,ratio_ses,13615453.347195467,13379601.15,0.01762774499413733,0.0,
monthly,2025-10-01,pounds,ratio_ets_auto,13615453.347195467,13379601.15,0.01762774499413733,0.0,
monthly,2025-10-01,pounds,ratio_arima,13614905.963894702,13379601.15,0.017586833213985686,0.12,
monthly,2025-10-01,pounds,ratio_theta,13278567.655043645,13379601.15,0.007551308430173598,0.0,
monthly,2025-10-01,pounds,ratio_mean3_half,13736841.605256202,13379601.15,0.026700381517441585,0.0,
monthly,2025-10-01,pounds,dyoy_w1_d0.25,13911055.378543502,13379601.15,0.039721231043087,0.0,
monthly,2025-10-01,pounds,dyoy_w1_d0.5,13950567.307087,13379601.15,0.04267437800916807,0.0,
monthly,2025-10-01,pounds,dyoy_w1_d0.75,13990079.2356305,13379601.15,0.045627524975249356,0.0,
monthly,2025-10-01,pounds,dyoy_w1_d1.0,14029591.164174,13379601.15,0.048580671941330644,0.0,
monthly,2025-10-01,pounds,dyoy_w3_d0.25,13802449.493105786,13379601.15,0.03160395727534704,0.0,
monthly,2025-10-01,pounds,dyoy_w3_d0.5,13733355.536211573,13379601.15,0.026439830473688808,0.0,
monthly,2025-10-01,pounds,dyoy_w3_d0.75,13664261.579317357,13379601.15,0.021275703672030355,0.0,
monthly,2025-10-01,pounds,dyoy_w3_d1.0,13595167.622423144,13379601.15,0.016111576870372124,0.0,
monthly,2025-10-01,pounds,dyoy_w6_d0.25,13741525.749850035,13379601.15,0.027050477498728354,0.0,
monthly,2025-10-01,pounds,dyoy_w6_d0.5,13611508.04970007,13379601.15,0.017332870920451215,0.0,
monthly,2025-10-01,pounds,dyoy_w6_d0.75,13481490.349550106,13379601.15,0.007615264342174077,0.0,
monthly,2025-10-01,pounds,dyoy_w6_d1.0,13351472.649400141,13379601.15,0.002102342236103172,0.0,
monthly,2025-10-01,pounds,dyoy_w12_d0.25,13835277.01731331,13379601.15,0.034057507559805744,0.0,
monthly,2025-10-01,pounds,dyoy_w12_d0.5,13799010.584626624,13379601.15,0.03134693104260622,0.0,
monthly,2025-10-01,pounds,dyoy_w12_d0.75,13762744.151939938,13379601.15,0.02863635452540647,0.0,
monthly,2025-10-01,pounds,dyoy_w12_d1.0,13726477.71925325,13379601.15,0.025925778008206946,0.0,
monthly,2025-10-01,pounds,damped_yoy_auto,13733355.536211573,13379601.15,0.026439830473688808,0.29,
monthly,2025-10-01,pounds,snaive_level12,13719401.078445759,13379601.15,0.02539686532029073,0.0,
monthly,2025-10-01,pounds,seasonal_index_level,14175376.538716994,13379601.15,0.05947676465056606,0.0,
monthly,2025-10-01,pounds,combo_stat_median,13103407.172575856,13379601.15,0.02064291560919551,0.34,
monthly,2025-10-01,pounds,combo_ratio_mean,13502975.65537794,13379601.15,0.00922108992598325,0.13,
monthly,2025-10-01,individuals,seasonal_naive,808443.0,833627.0,0.030210153941750972,0.0,
monthly,2025-10-01,individuals,damped_yoy_3m,817983.7726735022,833627.0,0.018765259914203525,0.0,
monthly,2025-10-01,individuals,sf_ets_log,749915.2311489779,833627.0,0.10041873505899179,0.03,
monthly,2025-10-01,individuals,sf_ets_level,752139.6823534166,833627.0,0.0977503339582132,0.03,
monthly,2025-10-01,individuals,sf_arima_log,783662.9188591547,833627.0,0.05993577600155142,0.4,
monthly,2025-10-01,individuals,sf_theta_log,760586.005893318,833627.0,0.08761831623337779,0.0,
monthly,2025-10-01,individuals,sf_ces_log,790358.7413739477,833627.0,0.0519036195157454,0.0,
monthly,2025-10-01,individuals,sf_mstl_log,771725.6925721751,833627.0,0.07425540130996833,0.01,
monthly,2025-10-01,individuals,ratio_ses,829942.6306436997,833627.0,0.004419685730309042,0.0,
monthly,2025-10-01,individuals,ratio_ets_auto,829942.6306436997,833627.0,0.004419685730309042,0.0,
monthly,2025-10-01,individuals,ratio_arima,841781.0842796484,833627.0,0.009781454151135183,0.08,
monthly,2025-10-01,individuals,ratio_theta,813115.3899311547,833627.0,0.024605261188571537,0.0,
monthly,2025-10-01,individuals,ratio_mean3_half,817811.0854880803,833627.0,0.018972411536478218,0.0,
monthly,2025-10-01,individuals,dyoy_w1_d0.25,816777.5210699122,833627.0,0.020212251918529267,0.0,
monthly,2025-10-01,individuals,dyoy_w1_d0.5,825112.0421398242,833627.0,0.010214349895307784,0.0,
monthly,2025-10-01,individuals,dyoy_w1_d0.75,833446.5632097363,833627.0,0.00021644787208641159,0.0,
monthly,2025-10-01,individuals,dyoy_w1_d1.0,841781.0842796484,833627.0,0.009781454151135183,0.0,
monthly,2025-10-01,individuals,dyoy_w3_d0.25,813213.386336751,833627.0,0.024487706927977304,0.0,
monthly,2025-10-01,individuals,dyoy_w3_d0.5,817983.7726735022,833627.0,0.018765259914203525,0.0,
monthly,2025-10-01,individuals,dyoy_w3_d0.75,822754.1590102535,833627.0,0.013042812900429746,0.0,
monthly,2025-10-01,individuals,dyoy_w3_d1.0,827524.5453470045,833627.0,0.007320365886656077,0.0,
monthly,2025-10-01,individuals,dyoy_w6_d0.25,809336.0250982499,833627.0,0.02913890133327024,0.0,
monthly,2025-10-01,individuals,dyoy_w6_d0.5,810229.0501964997,833627.0,0.02806764872478973,0.0,
monthly,2025-10-01,individuals,dyoy_w6_d0.75,811122.0752947496,833627.0,0.026996396116309107,0.0,
monthly,2025-10-01,individuals,dyoy_w6_d1.0,812015.1003929994,833627.0,0.025925143507828596,0.0,
monthly,2025-10-01,individuals,dyoy_w12_d0.25,811842.5797411731,833627.0,0.026132095360187346,0.0,
monthly,2025-10-01,individuals,dyoy_w12_d0.5,815242.1594823464,833627.0,0.02205403677862361,0.0,
monthly,2025-10-01,individuals,dyoy_w12_d0.75,818641.7392235196,833627.0,0.017975978197059872,0.0,
monthly,2025-10-01,individuals,dyoy_w12_d1.0,822041.3189646928,833627.0,0.013897919615496135,0.0,
monthly,2025-10-01,individuals,damped_yoy_auto,810229.0501964997,833627.0,0.02806764872478973,0.29,
monthly,2025-10-01,individuals,snaive_level12,821765.0410419209,833627.0,0.01422933633157164,0.0,
monthly,2025-10-01,individuals,seasonal_index_level,870177.1229681168,833627.0,0.043844696690626295,0.0,
monthly,2025-10-01,individuals,combo_stat_median,785407.5280449088,833627.0,0.057842982479083815,0.33,
monthly,2025-10-01,individuals,combo_ratio_mean,828279.7016181676,833627.0,0.006414497589248502,0.09,
monthly,2025-11-01,visits,seasonal_naive,245399.0,268225.0,0.08510019573119587,0.0,
monthly,2025-11-01,visits,damped_yoy_3m,252004.7035568607,268225.0,0.06047272417984639,0.0,
monthly,2025-11-01,visits,sf_ets_log,263331.29219408263,268225.0,0.01824478630223647,0.03,
monthly,2025-11-01,visits,sf_ets_level,269422.64290835353,268225.0,0.00446506816424086,0.03,
monthly,2025-11-01,visits,sf_arima_log,273584.7004742282,268225.0,0.01998210634440567,0.22,
monthly,2025-11-01,visits,sf_theta_log,268986.8421401845,268225.0,0.002840309964337706,0.0,
monthly,2025-11-01,visits,sf_ces_log,271069.2863700462,268225.0,0.010604106142403591,0.0,
monthly,2025-11-01,visits,sf_mstl_log,263997.98974967835,268225.0,0.015759195639189705,0.01,
monthly,2025-11-01,visits,ratio_ses,262839.04796042864,268225.0,0.02007997777825099,0.0,
monthly,2025-11-01,visits,ratio_ets_auto,262839.04796042864,268225.0,0.02007997777825099,0.0,
monthly,2025-11-01,visits,ratio_arima,265863.7354702782,268225.0,0.008803297715432201,0.13,
monthly,2025-11-01,visits,ratio_theta,264548.2652206413,268225.0,0.013707651335105653,0.0,
monthly,2025-11-01,visits,ratio_mean3_half,251733.2941922344,268225.0,0.06148459617025104,0.0,
monthly,2025-11-01,visits,dyoy_w1_d0.25,251054.96364043283,268225.0,0.06401355712393386,0.0,
monthly,2025-11-01,visits,dyoy_w1_d0.5,256710.92728086567,268225.0,0.042926918516671964,0.0,
monthly,2025-11-01,visits,dyoy_w1_d0.75,262366.8909212984,268225.0,0.021840279909410287,0.0,
monthly,2025-11-01,visits,dyoy_w1_d1.0,268022.8545617313,268225.0,0.000753641302148278,0.0,
monthly,2025-11-01,visits,dyoy_w3_d0.25,248701.85177843034,268225.0,0.07278645995552113,0.0,
monthly,2025-11-01,visits,dyoy_w3_d0.5,252004.7035568607,268225.0,0.06047272417984639,0.0,
monthly,2025-11-01,visits,dyoy_w3_d0.75,255307.555335291,268225.0,0.048158988404171876,0.0,
monthly,2025-11-01,visits,dyoy_w3_d1.0,258610.40711372133,268225.0,0.03584525262849725,0.0,
monthly,2025-11-01,visits,dyoy_w6_d0.25,248922.0631529069,268225.0,0.07196546499056056,0.0,
monthly,2025-11-01,visits,dyoy_w6_d0.5,252445.1263058138,268225.0,0.05883073424992524,0.0,
monthly,2025-11-01,visits,dyoy_w6_d0.75,255968.1894587207,268225.0,0.04569600350928993,0.0,
monthly,2025-11-01,visits,dyoy_w6_d1.0,259491.25261162763,268225.0,0.032561272768654614,0.0,
monthly,2025-11-01,visits,dyoy_w12_d0.25,248281.08973844713,268225.0,0.07435515056968167,0.0,
monthly,2025-11-01,visits,dyoy_w12_d0.5,251163.17947689423,268225.0,0.0636101054081677,0.0,
monthly,2025-11-01,visits,dyoy_w12_d0.75,254045.26921534134,268225.0,0.052865060246653606,0.0,
monthly,2025-11-01,visits,dyoy_w12_d1.0,256927.35895378847,268225.0,0.042120015085139406,0.0,
monthly,2025-11-01,visits,damped_yoy_auto,252004.7035568607,268225.0,0.06047272417984639,0.28,
monthly,2025-11-01,visits,snaive_level12,256706.2059234524,268225.0,0.04294452074395605,0.0,
monthly,2025-11-01,visits,seasonal_index_level,281045.68736140826,268225.0,0.04779825654360437,0.0,
monthly,2025-11-01,visits,combo_stat_median,263085.17007725564,268225.0,0.019162382040243675,0.32,
monthly,2025-11-01,visits,combo_ratio_mean,264417.01621711603,268225.0,0.014196975609596318,0.13,
monthly,2025-11-01,pounds,seasonal_naive,13130956.42,13156865.21,0.001969222119894365,0.0,
monthly,2025-11-01,pounds,damped_yoy_3m,13002922.713715203,13156865.21,0.011700545215572511,0.0,
monthly,2025-11-01,pounds,sf_ets_log,12937796.418993453,13156865.21,0.016650530921305084,0.04,
monthly,2025-11-01,pounds,sf_ets_level,12775671.171216173,13156865.21,0.028973013913230483,0.03,
monthly,2025-11-01,pounds,sf_arima_log,12794792.645629954,13156865.21,0.027519668142138465,0.16,
monthly,2025-11-01,pounds,sf_theta_log,12999539.189424502,13156865.21,0.011957713183526564,0.0,
monthly,2025-11-01,pounds,sf_ces_log,13535335.455552291,13156865.21,0.02876598942920161,0.0,
monthly,2025-11-01,pounds,sf_mstl_log,13326702.679026585,13156865.21,0.012908657671547585,0.01,
monthly,2025-11-01,pounds,ratio_ses,12794898.543776425,13156865.21,0.02751161925322909,0.0,
monthly,2025-11-01,pounds,ratio_ets_auto,12794898.543776425,13156865.21,0.02751161925322909,0.0,
monthly,2025-11-01,pounds,ratio_arima,12794792.644251732,13156865.21,0.02751966824689156,0.12,
monthly,2025-11-01,pounds,ratio_theta,12526394.636533542,13156865.21,0.04791951299974284,0.0,
monthly,2025-11-01,pounds,ratio_mean3_half,13007779.551551936,13156865.21,0.011331396656306114,0.0,
monthly,2025-11-01,pounds,dyoy_w1_d0.25,13014536.914742015,13156865.21,0.010817796867737761,0.0,
monthly,2025-11-01,pounds,dyoy_w1_d0.5,12898117.40948403,13156865.21,0.019666371615581046,0.0,
monthly,2025-11-01,pounds,dyoy_w1_d0.75,12781697.904226046,13156865.21,0.028514946363424443,0.0,
monthly,2025-11-01,pounds,dyoy_w1_d1.0,12665278.398968061,13156865.21,0.03736352111126773,0.0,
monthly,2025-11-01,pounds,dyoy_w3_d0.25,13066939.566857602,13156865.21,0.006834883667733327,0.0,
monthly,2025-11-01,pounds,dyoy_w3_d0.5,13002922.713715203,13156865.21,0.011700545215572511,0.0,
monthly,2025-11-01,pounds,dyoy_w3_d0.75,12938905.860572807,13156865.21,0.016566206763411362,0.0,
monthly,2025-11-01,pounds,dyoy_w3_d1.0,12874889.00743041,13156865.21,0.021431868311250324,0.0,
monthly,2025-11-01,pounds,dyoy_w6_d0.25,12997250.344445508,13156865.21,0.012131679013719476,0.0,
monthly,2025-11-01,pounds,dyoy_w6_d0.5,12863544.268891016,13156865.21,0.022294135907544588,0.0,
monthly,2025-11-01,pounds,dyoy_w6_d0.75,12729838.193336526,13156865.21,0.03245659280136948,0.0,
monthly,2025-11-01,pounds,dyoy_w6_d1.0,12596132.117782034,13156865.21,0.04261904969519459,0.0,
monthly,2025-11-01,pounds,dyoy_w12_d0.25,13065769.894614452,13156865.21,0.006923785714268105,0.0,
monthly,2025-11-01,pounds,dyoy_w12_d0.5,13000583.369228905,13156865.21,0.011878349308641734,0.0,
monthly,2025-11-01,pounds,dyoy_w12_d0.75,12935396.84384336,13156865.21,0.01683291290301525,0.0,
monthly,2025-11-01,pounds,dyoy_w12_d1.0,12870210.31845781,13156865.21,0.021787476497389102,0.0,
monthly,2025-11-01,pounds,damped_yoy_auto,13002922.713715203,13156865.21,0.011700545215572511,0.29,
monthly,2025-11-01,pounds,snaive_level12,12869870.820312805,13156865.21,0.021813280375409083,0.0,
monthly,2025-11-01,pounds,seasonal_index_level,13919531.733997792,13156865.21,0.057967191411075536,0.0,
monthly,2025-11-01,pounds,combo_stat_median,12968667.804208977,13156865.21,0.014304122052415824,0.31,
monthly,2025-11-01,pounds,combo_ratio_mean,12705361.941520566,13156865.21,0.03431693349995446,0.12,
monthly,2025-11-01,individuals,seasonal_naive,769640.0,812890.0,0.05320523072002359,0.0,
monthly,2025-11-01,individuals,damped_yoy_3m,775808.0469189975,812890.0,0.04561743050228506,0.0,
monthly,2025-11-01,individuals,sf_ets_log,792397.7588195362,812890.0,0.025209119537039193,0.04,
monthly,2025-11-01,individuals,sf_ets_level,790097.698655057,812890.0,0.02803860466353747,0.03,
monthly,2025-11-01,individuals,sf_arima_log,778563.2274717594,812890.0,0.04222806594771811,0.39,
monthly,2025-11-01,individuals,sf_theta_log,802638.4631626119,812890.0,0.01261122272064863,0.0,
monthly,2025-11-01,individuals,sf_ces_log,805507.9614957845,812890.0,0.009081226862448277,0.0,
monthly,2025-11-01,individuals,sf_mstl_log,806901.3880534284,812890.0,0.007367063128555618,0.01,
monthly,2025-11-01,individuals,ratio_ses,792622.6399294968,812890.0,0.02493247557542,0.0,
monthly,2025-11-01,individuals,ratio_ets_auto,792622.6399294968,812890.0,0.02493247557542,0.0,
monthly,2025-11-01,individuals,ratio_arima,793615.2385264019,812890.0,0.02371140187921872,0.08,
monthly,2025-11-01,individuals,ratio_theta,778234.7076438725,812890.0,0.042632204057286405,0.0,
monthly,2025-11-01,individuals,ratio_mean3_half,775532.7277191121,812890.0,0.04595612233006674,0.0,
monthly,2025-11-01,individuals,dyoy_w1_d0.25,775633.8096316006,812890.0,0.04583177350982226,0.0,
monthly,2025-11-01,individuals,dyoy_w1_d0.5,781627.619263201,812890.0,0.03845831629962104,0.0,
monthly,2025-11-01,individuals,dyoy_w1_d0.75,787621.4288948014,812890.0,0.031084859089419936,0.0,
monthly,2025-11-01,individuals,dyoy_w1_d1.0,793615.2385264019,812890.0,0.02371140187921872,0.0,
monthly,2025-11-01,individuals,dyoy_w3_d0.25,772724.0234594988,812890.0,0.049411330611154325,0.0,
monthly,2025-11-01,individuals,dyoy_w3_d0.5,775808.0469189975,812890.0,0.04561743050228506,0.0,
monthly,2025-11-01,individuals,dyoy_w3_d0.75,778892.0703784962,812890.0,0.0418235303934158,0.0,
monthly,2025-11-01,individuals,dyoy_w3_d1.0,781976.093837995,812890.0,0.038029630284546534,0.0,
monthly,2025-11-01,individuals,dyoy_w6_d0.25,770435.6178519778,812890.0,0.052226478549400546,0.0,
monthly,2025-11-01,individuals,dyoy_w6_d0.5,771231.2357039558,812890.0,0.05124772637877728,0.0,
monthly,2025-11-01,individuals,dyoy_w6_d0.75,772026.8535559336,812890.0,0.05026897420815413,0.0,
monthly,2025-11-01,individuals,dyoy_w6_d1.0,772822.4714079114,812890.0,0.049290222037531084,0.0,
monthly,2025-11-01,individuals,dyoy_w12_d0.25,771324.5463344067,812890.0,0.05113293762451654,0.0,
monthly,2025-11-01,individuals,dyoy_w12_d0.5,773009.0926688133,812890.0,0.04906064452900971,0.0,
monthly,2025-11-01,individuals,dyoy_w12_d0.75,774693.6390032198,812890.0,0.046988351433502995,0.0,
monthly,2025-11-01,individuals,dyoy_w12_d1.0,776378.1853376265,812890.0,0.044916058337995945,0.0,
monthly,2025-11-01,individuals,damped_yoy_auto,772724.0234594988,812890.0,0.049411330611154325,0.29,
monthly,2025-11-01,individuals,snaive_level12,776111.9047992458,812890.0,0.04524363099651152,0.0,
monthly,2025-11-01,individuals,seasonal_index_level,868935.0936204663,812890.0,0.06894548293184344,0.0,
monthly,2025-11-01,individuals,combo_stat_median,792510.1993745165,812890.0,0.02507079755622965,0.31,
monthly,2025-11-01,individuals,combo_ratio_mean,788157.5286999238,812890.0,0.03042536050397504,0.08,
monthly,2025-12-01,visits,seasonal_naive,225715.0,233979.0,0.0353194090067912,0.0,
monthly,2025-12-01,visits,damped_yoy_3m,235425.2144225514,233979.0,0.006180958216555288,0.0,
monthly,2025-12-01,visits,sf_ets_log,266192.1456413463,233979.0,0.1376753710433256,0.04,
monthly,2025-12-01,visits,sf_ets_level,271663.83065651153,233979.0,0.1610607390257739,0.03,
monthly,2025-12-01,visits,sf_arima_log,279010.492957484,233979.0,0.19245954960694744,0.22,
monthly,2025-12-01,visits,sf_theta_log,270364.48199086846,233979.0,0.15550746857995135,0.0,
monthly,2025-12-01,visits,sf_ces_log,245741.70171980874,233979.0,0.0502724676992754,0.0,
monthly,2025-12-01,visits,sf_mstl_log,239709.33746115453,233979.0,0.0244908195229252,0.01,
monthly,2025-12-01,visits,ratio_ses,244116.01870256756,233979.0,0.0433244808404496,0.0,
monthly,2025-12-01,visits,ratio_ets_auto,244116.01870256756,233979.0,0.0433244808404496,0.0,
monthly,2025-12-01,visits,ratio_arima,246629.00504783334,233979.0,0.054064702592255376,0.13,
monthly,2025-12-01,visits,ratio_theta,245040.89722327315,233979.0,0.04727730789204654,0.0,
monthly,2025-12-01,visits,ratio_mean3_half,235192.25424388403,233979.0,0.005185312544647269,0.0,
monthly,2025-12-01,visits,dyoy_w1_d0.25,230963.76893345124,233979.0,0.012886759352543464,0.0,
monthly,2025-12-01,visits,dyoy_w1_d0.5,236212.53786690248,233979.0,0.009545890301704274,0.0,
monthly,2025-12-01,visits,dyoy_w1_d0.75,241461.3068003537,233979.0,0.03197853995595201,0.0,
monthly,2025-12-01,visits,dyoy_w1_d1.0,246710.07573380493,233979.0,0.05441118961019975,0.0,
monthly,2025-12-01,visits,dyoy_w3_d0.25,230570.1072112757,233979.0,0.014569225395117957,0.0,
monthly,2025-12-01,visits,dyoy_w3_d0.5,235425.2144225514,233979.0,0.006180958216555288,0.0,
monthly,2025-12-01,visits,dyoy_w3_d0.75,240280.32163382706,233979.0,0.02693114182822831,0.0,
monthly,2025-12-01,visits,dyoy_w3_d1.0,245135.42884510275,233979.0,0.04768132543990178,0.0,
monthly,2025-12-01,visits,dyoy_w6_d0.25,229422.38032989515,233979.0,0.01947448134279084,0.0,
monthly,2025-12-01,visits,dyoy_w6_d0.5,233129.76065979028,233979.0,0.003629553678790476,0.0,
monthly,2025-12-01,visits,dyoy_w6_d0.75,236837.14098968546,233979.0,0.012215373985209999,0.0,
monthly,2025-12-01,visits,dyoy_w6_d1.0,240544.5213195806,233979.0,0.028060301649210473,0.0,
monthly,2025-12-01,visits,dyoy_w12_d0.25,228722.6453810728,233979.0,0.02246507002306708,0.0,
monthly,2025-12-01,visits,dyoy_w12_d0.5,231730.2907621456,233979.0,0.009610731039342846,0.0,
monthly,2025-12-01,visits,dyoy_w12_d0.75,234737.93614321845,233979.0,0.00324360794438161,0.0,
monthly,2025-12-01,visits,dyoy_w12_d1.0,237745.58152429128,233979.0,0.016097946928105955,0.0,
monthly,2025-12-01,visits,damped_yoy_auto,240544.5213195806,233979.0,0.028060301649210473,0.28,
monthly,2025-12-01,visits,snaive_level12,237501.38431811408,233979.0,0.015054275461105826,0.0,
monthly,2025-12-01,visits,seasonal_index_level,256253.0767711845,233979.0,0.09519690558205873,0.0,
monthly,2025-12-01,visits,combo_stat_median,255154.08217195692,233979.0,0.09049992594188772,0.32,
monthly,2025-12-01,visits,combo_ratio_mean,245261.97365789136,233979.0,0.04822216377491717,0.18,
monthly,2025-12-01,pounds,seasonal_naive,13409452.06,13078182.34,0.025329951165063758,0.0,
monthly,2025-12-01,pounds,damped_yoy_3m,13353553.368459465,13078182.34,0.021055756931698033,0.0,
monthly,2025-12-01,pounds,sf_ets_log,12968145.456934262,13078182.34,0.008413774957792608,0.04,
monthly,2025-12-01,pounds,sf_ets_level,12979364.746943966,13078182.34,0.007555911860457676,0.05,
monthly,2025-12-01,pounds,sf_arima_log,13217800.177088436,13078182.34,0.010675630103536005,0.19,
monthly,2025-12-01,pounds,sf_theta_log,13123201.170466317,13078182.34,0.0034422849671260636,0.0,
monthly,2025-12-01,pounds,sf_ces_log,12377620.784565993,13078182.34,0.05356719590086456,0.0,
monthly,2025-12-01,pounds,sf_mstl_log,12257619.55987988,13078182.34,0.06274287655482558,0.01,
monthly,2025-12-01,pounds,ratio_ses,13218535.142738255,13078182.34,0.010731827947449757,0.0,
monthly,2025-12-01,pounds,ratio_ets_auto,13218535.142738255,13078182.34,0.010731827947449757,0.0,
monthly,2025-12-01,pounds,ratio_arima,13217800.172384566,13078182.34,0.010675629743862824,0.17,
monthly,2025-12-01,pounds,ratio_theta,12970676.742166648,13078182.34,0.008220224725307812,0.0,
monthly,2025-12-01,pounds,ratio_mean3_half,13358575.350062825,13078182.34,0.021439753841421494,0.0,
monthly,2025-12-01,pounds,dyoy_w1_d0.25,13416066.632966455,13078182.34,0.02583572274665613,0.0,
monthly,2025-12-01,pounds,dyoy_w1_d0.5,13422681.205932908,13078182.34,0.026341494328248283,0.0,
monthly,2025-12-01,pounds,dyoy_w1_d0.75,13429295.778899359,13078182.34,0.026847265909840434,0.0,
monthly,2025-12-01,pounds,dyoy_w1_d1.0,13435910.351865811,13078182.34,0.027353037491432586,0.0,
monthly,2025-12-01,pounds,dyoy_w3_d0.25,13381502.714229733,13078182.34,0.023192854048381006,0.0,
monthly,2025-12-01,pounds,dyoy_w3_d0.5,13353553.368459465,13078182.34,0.021055756931698033,0.0,
monthly,2025-12-01,pounds,dyoy_w3_d0.75,13325604.022689197,13078182.34,0.01891865981501506,0.0,
monthly,2025-12-01,pounds,dyoy_w3_d1.0,13297654.67691893,13078182.34,0.016781562698332086,0.0,
monthly,2025-12-01,pounds,dyoy_w6_d0.25,13320690.325650899,13078182.34,0.01854294269236334,0.0,
monthly,2025-12-01,pounds,dyoy_w6_d0.5,13231928.5913018,13078182.34,0.011755934219663144,0.0,
monthly,2025-12-01,pounds,dyoy_w6_d0.75,13143166.8569527,13078182.34,0.004968925746962949,0.0,
monthly,2025-12-01,pounds,dyoy_w6_d1.0,13054405.122603599,13078182.34,0.0018180827257375798,0.0,
monthly,2025-12-01,pounds,dyoy_w12_d0.25,13349995.818124162,13078182.34,0.020783735159649375,0.0,
monthly,2025-12-01,pounds,dyoy_w12_d0.5,13290539.576248322,13078182.34,0.016237519154234548,0.0,
monthly,2025-12-01,pounds,dyoy_w12_d0.75,13231083.334372483,13078182.34,0.011691303148819943,0.0,
monthly,2025-12-01,pounds,dyoy_w12_d1.0,13171627.092496643,13078182.34,0.0071450871434051155,0.0,
monthly,2025-12-01,pounds,damped_yoy_auto,13353553.368459465,13078182.34,0.021055756931698033,0.38,
monthly,2025-12-01,pounds,snaive_level12,13170363.066902608,13078182.34,0.007048435669892106,0.0,
monthly,2025-12-01,pounds,seasonal_index_level,13220364.423437534,13078182.34,0.010871700649307092,0.0,
monthly,2025-12-01,pounds,combo_stat_median,13170868.156602286,13078182.34,0.007087056457288021,0.42,
monthly,2025-12-01,pounds,combo_ratio_mean,13135670.685763156,13078182.34,0.004395744322001516,0.16,
monthly,2025-12-01,individuals,seasonal_naive,710647.0,705038.0,0.007955599556336068,0.0,
monthly,2025-12-01,individuals,damped_yoy_3m,725816.758067585,705038.0,0.029471827146316798,0.0,
monthly,2025-12-01,individuals,sf_ets_log,803985.1412780385,705038.0,0.14034299041759235,0.06,
monthly,2025-12-01,individuals,sf_ets_level,803546.4185391059,705038.0,0.13972072220093934,0.05,
monthly,2025-12-01,individuals,sf_arima_log,796681.0390257852,705038.0,0.12998312009534962,0.57,
monthly,2025-12-01,individuals,sf_theta_log,814035.1543054521,705038.0,0.1545975597137348,0.0,
monthly,2025-12-01,individuals,sf_ces_log,780451.2023353251,705038.0,0.10696331592811315,0.0,
monthly,2025-12-01,individuals,sf_mstl_log,716983.4449779616,705038.0,0.016942980347104175,0.01,
monthly,2025-12-01,individuals,ratio_ses,745327.1033678903,705038.0,0.05714458421800006,0.0,
monthly,2025-12-01,individuals,ratio_ets_auto,745327.1033678903,705038.0,0.05714458421800006,0.0,
monthly,2025-12-01,individuals,ratio_arima,750581.8822176602,705038.0,0.06459776950697727,0.07,
monthly,2025-12-01,individuals,ratio_theta,738018.9458197515,705038.0,0.046778962013042547,0.0,
monthly,2025-12-01,individuals,ratio_mean3_half,725699.1919138806,705038.0,0.029305075632633404,0.0,
monthly,2025-12-01,individuals,dyoy_w1_d0.25,720630.720554415,705038.0,0.022116142043996145,0.0,
monthly,2025-12-01,individuals,dyoy_w1_d0.5,730614.44110883,705038.0,0.036276684531656445,0.0,
monthly,2025-12-01,individuals,dyoy_w1_d0.75,740598.1616632452,705038.0,0.050437227019316966,0.0,
monthly,2025-12-01,individuals,dyoy_w1_d1.0,750581.8822176602,705038.0,0.06459776950697727,0.0,
monthly,2025-12-01,individuals,dyoy_w3_d0.25,718231.8790337925,705038.0,0.018713713351326433,0.0,
monthly,2025-12-01,individuals,dyoy_w3_d0.5,725816.758067585,705038.0,0.029471827146316798,0.0,
monthly,2025-12-01,individuals,dyoy_w3_d0.75,733401.6371013776,705038.0,0.04022994094130761,0.0,
monthly,2025-12-01,individuals,dyoy_w3_d1.0,740986.5161351701,705038.0,0.05098805473629797,0.0,
monthly,2025-12-01,individuals,dyoy_w6_d0.25,714345.8512762219,705038.0,0.013201914331173459,0.0,
monthly,2025-12-01,individuals,dyoy_w6_d0.5,718044.7025524437,705038.0,0.01844822910601085,0.0,
monthly,2025-12-01,individuals,dyoy_w6_d0.75,721743.5538286655,705038.0,0.02369454388084824,0.0,
monthly,2025-12-01,individuals,dyoy_w6_d1.0,725442.4051048873,705038.0,0.02894085865568563,0.0,
monthly,2025-12-01,individuals,dyoy_w12_d0.25,712972.0077844686,705038.0,0.01125330518988843,0.0,
monthly,2025-12-01,individuals,dyoy_w12_d0.5,715297.0155689371,705038.0,0.014551010823440791,0.0,
monthly,2025-12-01,individuals,dyoy_w12_d0.75,717622.0233534058,705038.0,0.017848716456993374,0.0,
monthly,2025-12-01,individuals,dyoy_w12_d1.0,719947.0311378743,705038.0,0.021146422090545958,0.0,
monthly,2025-12-01,individuals,damped_yoy_auto,725816.758067585,705038.0,0.029471827146316798,0.38,
monthly,2025-12-01,individuals,snaive_level12,719557.120802096,705038.0,0.02059338759342899,0.0,
monthly,2025-12-01,individuals,seasonal_index_level,774784.0319634703,705038.0,0.09892520965319629,0.0,
monthly,2025-12-01,individuals,combo_stat_median,774656.1223229645,705038.0,0.09874378731779632,0.43,
monthly,2025-12-01,individuals,combo_ratio_mean,744642.6438017674,705038.0,0.056173771912673365,0.11,
monthly,2026-01-01,visits,seasonal_naive,247974.0,238004.0,0.041890052268029,0.0,
monthly,2026-01-01,visits,damped_yoy_3m,257302.564204419,238004.0,0.08108504144644213,0.0,
monthly,2026-01-01,visits,sf_ets_log,253841.42605192884,238004.0,0.06654268857636358,0.05,
monthly,2026-01-01,visits,sf_ets_level,257154.34127479832,238004.0,0.0804622664946737,0.04,
monthly,2026-01-01,visits,sf_arima_log,254364.49305223764,238004.0,0.06874041214533211,0.38,
monthly,2026-01-01,visits,sf_theta_log,252392.99123332932,238004.0,0.06045693027566479,0.0,
monthly,2026-01-01,visits,sf_ces_log,252735.97632681343,238004.0,0.061898019893839695,0.01,
monthly,2026-01-01,visits,sf_mstl_log,247862.42032522988,238004.0,0.04142123798436104,0.01,
monthly,2026-01-01,visits,ratio_ses,262874.7735552355,238004.0,0.10449729229439608,0.0,
monthly,2026-01-01,visits,ratio_ets_auto,262874.7735552355,238004.0,0.10449729229439608,0.0,
monthly,2026-01-01,visits,ratio_arima,263060.8004849547,238004.0,0.1052789049131726,0.17,
monthly,2026-01-01,visits,ratio_theta,258959.23006662124,238004.0,0.08804570539411616,0.0,
monthly,2026-01-01,visits,ratio_mean3_half,256938.86909793917,238004.0,0.07955693642938422,0.0,
monthly,2026-01-01,visits,dyoy_w1_d0.25,250243.7396451277,238004.0,0.05142661318770991,0.0,
monthly,2026-01-01,visits,dyoy_w1_d0.5,252513.47929025537,238004.0,0.060963174107390605,0.0,
monthly,2026-01-01,visits,dyoy_w1_d0.75,254783.21893538313,238004.0,0.07049973502707152,0.0,
monthly,2026-01-01,visits,dyoy_w1_d1.0,257052.9585805108,238004.0,0.08003629594675221,0.0,
monthly,2026-01-01,visits,dyoy_w3_d0.25,252638.28210220952,238004.0,0.061487546857235564,0.0,
monthly,2026-01-01,visits,dyoy_w3_d0.5,257302.564204419,238004.0,0.08108504144644213,0.0,
monthly,2026-01-01,visits,dyoy_w3_d0.75,261966.84630662858,238004.0,0.10068253603564892,0.0,
monthly,2026-01-01,visits,dyoy_w3_d1.0,266631.12840883806,238004.0,0.12028003062485526,0.0,
monthly,2026-01-01,visits,dyoy_w6_d0.25,252074.1759944231,238004.0,0.05911739296155982,0.0,
monthly,2026-01-01,visits,dyoy_w6_d0.5,256174.3519888462,238004.0,0.07634473365509065,0.0,
monthly,2026-01-01,visits,dyoy_w6_d0.75,260274.52798326933,238004.0,0.09357207434862169,0.0,
monthly,2026-01-01,visits,dyoy_w6_d1.0,264374.70397769246,238004.0,0.11079941504215252,0.0,
monthly,2026-01-01,visits,dyoy_w12_d0.25,251348.2031235753,238004.0,0.05606713804631558,0.0,
monthly,2026-01-01,visits,dyoy_w12_d0.5,254722.4062471507,238004.0,0.0702442238246026,0.0,
monthly,2026-01-01,visits,dyoy_w12_d0.75,258096.60937072607,238004.0,0.0844213096028894,0.0,
monthly,2026-01-01,visits,dyoy_w12_d1.0,261470.81249430138,238004.0,0.09859839538117576,0.0,
monthly,2026-01-01,visits,damped_yoy_auto,264374.70397769246,238004.0,0.11079941504215252,0.39,
monthly,2026-01-01,visits,snaive_level12,261239.44274076464,238004.0,0.09762626989783629,0.0,
monthly,2026-01-01,visits,seasonal_index_level,270950.97606414644,238004.0,0.13843034597799386,0.0,
monthly,2026-01-01,visits,combo_stat_median,258358.09980358215,238004.0,0.08551999043537983,0.39,
monthly,2026-01-01,visits,combo_ratio_mean,261631.60136893715,238004.0,0.09927396753389495,0.2,
monthly,2026-01-01,pounds,seasonal_naive,12757764.66,12403368.22,0.02857259687159397,0.0,
monthly,2026-01-01,pounds,damped_yoy_3m,12631913.191743566,12403368.22,0.018426041030938922,0.0,
monthly,2026-01-01,pounds,sf_ets_log,12984927.779734315,12403368.22,0.04688722848657911,0.03,
monthly,2026-01-01,pounds,sf_ets_level,12954627.061015245,12403368.22,0.04444428571638781,0.03,
monthly,2026-01-01,pounds,sf_arima_log,12520223.517002752,12403368.22,0.009421255172794574,0.16,
monthly,2026-01-01,pounds,sf_theta_log,13153092.24572031,12403368.22,0.06044519620980093,0.0,
monthly,2026-01-01,pounds,sf_ces_log,12855789.338808406,12403368.22,0.03647566618871245,0.01,
monthly,2026-01-01,pounds,sf_mstl_log,12489845.521419276,12403368.22,0.006972082089753195,0.01,
monthly,2026-01-01,pounds,ratio_ses,12520288.795869915,12403368.22,0.009426518167975129,0.0,
monthly,2026-01-01,pounds,ratio_ets_auto,12520288.795869915,12403368.22,0.009426518167975129,0.0,
monthly,2026-01-01,pounds,ratio_arima,12520223.51861525,12403368.22,0.00942125530279947,0.2,
monthly,2026-01-01,pounds,ratio_theta,12289782.51539646,12403368.22,0.009157649969657955,0.0,
monthly,2026-01-01,pounds,ratio_mean3_half,12632608.981443128,12403368.22,0.018482137865864834,0.0,
monthly,2026-01-01,pounds,dyoy_w1_d0.25,12678972.08316998,12403368.22,0.022220082342276903,0.0,
monthly,2026-01-01,pounds,dyoy_w1_d0.5,12600179.50633996,12403368.22,0.015867567812959615,0.0,
monthly,2026-01-01,pounds,dyoy_w1_d0.75,12521386.929509938,12403368.22,0.009515053283642327,0.0,
monthly,2026-01-01,pounds,dyoy_w1_d1.0,12442594.352679918,12403368.22,0.0031625387543252614,0.0,
monthly,2026-01-01,pounds,dyoy_w3_d0.25,12694838.925871784,12403368.22,0.023499318951266446,0.0,
monthly,2026-01-01,pounds,dyoy_w3_d0.5,12631913.191743566,12403368.22,0.018426041030938922,0.0,
monthly,2026-01-01,pounds,dyoy_w3_d0.75,12568987.457615351,12403368.22,0.013352763110611843,0.0,
monthly,2026-01-01,pounds,dyoy_w3_d1.0,12506061.723487133,12403368.22,0.00827948519028432,0.0,
monthly,2026-01-01,pounds,dyoy_w6_d0.25,12694535.230976377,12403368.22,0.023474834078285323,0.0,
monthly,2026-01-01,pounds,dyoy_w6_d0.5,12631305.801952753,12403368.22,0.018377071284976454,0.0,
monthly,2026-01-01,pounds,dyoy_w6_d0.75,12568076.372929128,12403368.22,0.013279308491667585,0.0,
monthly,2026-01-01,pounds,dyoy_w6_d1.0,12504846.943905504,12403368.22,0.008181545698358939,0.0,
monthly,2026-01-01,pounds,dyoy_w12_d0.25,12667563.7622691,12403368.22,0.021300306302532768,0.0,
monthly,2026-01-01,pounds,dyoy_w12_d0.5,12577362.864538202,12403368.22,0.014028015733471566,0.0,
monthly,2026-01-01,pounds,dyoy_w12_d0.75,12487161.9668073,12403368.22,0.006755725164410142,0.0,
monthly,2026-01-01,pounds,dyoy_w12_d1.0,12396961.069076402,12403368.22,0.0005165654046509482,0.0,
monthly,2026-01-01,pounds,damped_yoy_auto,12631913.191743566,12403368.22,0.018426041030938922,0.39,
monthly,2026-01-01,pounds,snaive_level12,12395590.924613,12403368.22,0.0006270309200737678,0.0,
monthly,2026-01-01,pounds,seasonal_index_level,13104102.506436838,12403368.22,0.05649548364668622,0.0,
monthly,2026-01-01,pounds,combo_stat_median,12808420.48573894,12403368.22,0.03265663475875913,0.46,
monthly,2026-01-01,pounds,combo_ratio_mean,12443431.609960541,12403368.22,0.003230041167038733,0.2,
monthly,2026-01-01,individuals,seasonal_naive,778384.0,716558.0,0.08628191995623524,0.0,
monthly,2026-01-01,individuals,damped_yoy_3m,789067.2118248986,716558.0,0.10119098778451785,0.0,
monthly,2026-01-01,individuals,sf_ets_log,754538.2957535797,716558.0,0.05300379837163183,0.05,
monthly,2026-01-01,individuals,sf_ets_level,763700.9191291933,716558.0,0.0657907931098296,0.05,
monthly,2026-01-01,individuals,sf_arima_log,742063.2936279114,716558.0,0.0355941788772316,0.59,
monthly,2026-01-01,individuals,sf_theta_log,763017.5855573533,716558.0,0.06483715980751503,0.0,
monthly,2026-01-01,individuals,sf_ces_log,780956.3071642871,716558.0,0.08987173008226423,0.0,
monthly,2026-01-01,individuals,sf_mstl_log,756335.82289396,716558.0,0.055512356144178154,0.01,
monthly,2026-01-01,individuals,ratio_ses,784653.3155303473,716558.0,0.09503112871581543,0.0,
monthly,2026-01-01,individuals,ratio_ets_auto,784653.3155303473,716558.0,0.09503112871581543,0.0,
monthly,2026-01-01,individuals,ratio_arima,787149.1105995215,716558.0,0.0985141615884848,0.21,
monthly,2026-01-01,individuals,ratio_theta,772683.2870245613,716558.0,0.07832623043014153,0.01,
monthly,2026-01-01,individuals,ratio_mean3_half,788493.4430598246,716558.0,0.10039025879248387,0.0,
monthly,2026-01-01,individuals,dyoy_w1_d0.25,776848.0912239129,716558.0,0.08413846642408984,0.0,
monthly,2026-01-01,individuals,dyoy_w1_d0.5,775312.1824478257,716558.0,0.081995012891944,0.0,
monthly,2026-01-01,individuals,dyoy_w1_d0.75,773776.2736717386,716558.0,0.0798515593597986,0.0,
monthly,2026-01-01,individuals,dyoy_w1_d1.0,772240.3648956513,716558.0,0.07770810582765297,0.0,
monthly,2026-01-01,individuals,dyoy_w3_d0.25,783725.6059124493,716558.0,0.09373645387037666,0.0,
monthly,2026-01-01,individuals,dyoy_w3_d0.5,789067.2118248986,716558.0,0.10119098778451785,0.0,
monthly,2026-01-01,individuals,dyoy_w3_d0.75,794408.8177373478,716558.0,0.10864552169865904,0.0,
monthly,2026-01-01,individuals,dyoy_w3_d1.0,799750.4236497971,716558.0,0.11610005561280046,0.0,
monthly,2026-01-01,individuals,dyoy_w6_d0.25,783358.0277657072,716558.0,0.0932234763490285,0.0,
monthly,2026-01-01,individuals,dyoy_w6_d0.5,788332.0555314147,716558.0,0.1001650327418222,0.0,
monthly,2026-01-01,individuals,dyoy_w6_d0.75,793306.0832971222,716558.0,0.1071065891346159,0.0,
monthly,2026-01-01,individuals,dyoy_w6_d1.0,798280.1110628295,716558.0,0.1140481455274096,0.0,
monthly,2026-01-01,individuals,dyoy_w12_d0.25,780113.6655142879,716558.0,0.08869577272780127,0.0,
monthly,2026-01-01,individuals,dyoy_w12_d0.5,781843.3310285758,716558.0,0.09110962549936752,0.0,
monthly,2026-01-01,individuals,dyoy_w12_d0.75,783572.9965428637,716558.0,0.09352347827093355,0.0,
monthly,2026-01-01,individuals,dyoy_w12_d1.0,785302.6620571516,716558.0,0.0959373310424998,0.0,
monthly,2026-01-01,individuals,damped_yoy_auto,778384.0,716558.0,0.08628191995623524,0.38,
monthly,2026-01-01,individuals,snaive_level12,784624.5568275449,716558.0,0.09499099420778911,0.0,
monthly,2026-01-01,individuals,seasonal_index_level,838596.6155761696,716558.0,0.17031226443102931,0.0,
monthly,2026-01-01,individuals,combo_stat_median,770700.7927786766,716558.0,0.07555953988187514,0.44,
monthly,2026-01-01,individuals,combo_ratio_mean,781495.2377181434,716558.0,0.09062384024481385,0.24,
monthly,2026-02-01,visits,seasonal_naive,241336.0,268283.0,0.10044244324090601,0.0,
monthly,2026-02-01,visits,damped_yoy_3m,244880.08383953007,268283.0,0.08723219943294924,0.0,
monthly,2026-02-01,visits,sf_ets_log,249059.94309602134,268283.0,0.07165216172466637,0.05,
monthly,2026-02-01,visits,sf_ets_level,242409.52417743718,268283.0,0.09644098143588231,0.07,
monthly,2026-02-01,visits,sf_arima_log,247189.01518364146,268283.0,0.0786258719947166,0.32,
monthly,2026-02-01,visits,sf_theta_log,246168.90070998346,268283.0,0.08242825408250443,0.0,
monthly,2026-02-01,visits,sf_ces_log,251575.59007886835,268283.0,0.0622753209153456,0.01,
monthly,2026-02-01,visits,sf_mstl_log,250116.93095891242,268283.0,0.06771233749841621,0.01,
monthly,2026-02-01,visits,ratio_ses,244040.9613722657,268283.0,0.09035995060340873,0.0,
monthly,2026-02-01,visits,ratio_ets_auto,244040.9613722657,268283.0,0.09035995060340873,0.0,
monthly,2026-02-01,visits,ratio_arima,239254.5283263665,268283.0,0.10820093585368251,0.2,
monthly,2026-02-01,visits,ratio_theta,234734.05722324044,268283.0,0.1250505726294978,0.0,
monthly,2026-02-01,visits,ratio_mean3_half,244732.85829272083,268283.0,0.08778096900392185,0.0,
monthly,2026-02-01,visits,dyoy_w1_d0.25,238910.2215716164,268283.0,0.10948430734852233,0.0,
monthly,2026-02-01,visits,dyoy_w1_d0.5,236484.44314323278,268283.0,0.11852617145613853,0.0,
monthly,2026-02-01,visits,dyoy_w1_d0.75,234058.66471484915,268283.0,0.12756803556375484,0.0,
monthly,2026-02-01,visits,dyoy_w1_d1.0,231632.8862864655,268283.0,0.13660989967137127,0.0,
monthly,2026-02-01,visits,dyoy_w3_d0.25,243108.041919765,268283.0,0.09383732133692779,0.0,
monthly,2026-02-01,visits,dyoy_w3_d0.5,244880.08383953007,268283.0,0.08723219943294924,0.0,
monthly,2026-02-01,visits,dyoy_w3_d0.75,246652.12575929513,268283.0,0.0806270775289708,0.0,
monthly,2026-02-01,visits,dyoy_w3_d1.0,248424.16767906013,268283.0,0.07402195562499247,0.0,
monthly,2026-02-01,visits,dyoy_w6_d0.25,243854.29518914403,268283.0,0.09105573148822688,0.0,
monthly,2026-02-01,visits,dyoy_w6_d0.5,246372.59037828806,268283.0,0.08166901973554763,0.0,
monthly,2026-02-01,visits,dyoy_w6_d0.75,248890.88556743207,268283.0,0.07228230798286861,0.0,
monthly,2026-02-01,visits,dyoy_w6_d1.0,251409.1807565761,268283.0,0.06289559623018937,0.0,
monthly,2026-02-01,visits,dyoy_w12_d0.25,244297.72417326013,268283.0,0.08940289107673571,0.0,
monthly,2026-02-01,visits,dyoy_w12_d0.5,247259.44834652025,268283.0,0.0783633389125653,0.0,
monthly,2026-02-01,visits,dyoy_w12_d0.75,250221.17251978032,268283.0,0.06732378674839512,0.0,
monthly,2026-02-01,visits,dyoy_w12_d1.0,253182.89669304044,268283.0,0.05628423458422471,0.0,
monthly,2026-02-01,visits,damped_yoy_auto,251409.1807565761,268283.0,0.06289559623018937,0.38,
monthly,2026-02-01,visits,snaive_level12,252942.91914688054,268283.0,0.05717872863028761,0.0,
monthly,2026-02-01,visits,seasonal_index_level,258686.78925580782,268283.0,0.035768985527193986,0.0,
monthly,2026-02-01,visits,combo_stat_median,247614.4219030024,268283.0,0.07704020790358546,0.48,
monthly,2026-02-01,visits,combo_ratio_mean,239343.18230729087,268283.0,0.10787048636219632,0.23,
monthly,2026-02-01,pounds,seasonal_naive,11767658.75,13306607.34,0.1156529647774216,0.0,
monthly,2026-02-01,pounds,damped_yoy_3m,11668878.08199924,13306607.34,0.12307639476801147,0.0,
monthly,2026-02-01,pounds,sf_ets_log,12950426.921795107,13306607.34,0.026767184835627122,0.04,
monthly,2026-02-01,pounds,sf_ets_level,12821107.219903722,13306607.34,0.03648564263535847,0.05,
monthly,2026-02-01,pounds,sf_arima_log,11504012.789765561,13306607.34,0.1354661262766651,0.26,
monthly,2026-02-01,pounds,sf_theta_log,12850321.873556709,13306607.34,0.0342901428429232,0.0,
monthly,2026-02-01,pounds,sf_ces_log,11724848.5646052,13306607.34,0.11887017742230899,0.0,
monthly,2026-02-01,pounds,sf_mstl_log,11405576.522570062,13306607.34,0.14286367432781988,0.01,
monthly,2026-02-01,pounds,ratio_ses,11503971.846431805,13306607.34,0.13546920319422273,0.0,
monthly,2026-02-01,pounds,ratio_ets_auto,11503971.846431805,13306607.34,0.13546920319422273,0.0,
monthly,2026-02-01,pounds,ratio_arima,11504012.789735885,13306607.34,0.1354661262788952,0.16,
monthly,2026-02-01,pounds,ratio_theta,11311677.137517683,13306607.34,0.14992027280203168,0.01,
monthly,2026-02-01,pounds,ratio_mean3_half,11667638.84766449,13306607.34,0.12316952401599235,0.0,
monthly,2026-02-01,pounds,dyoy_w1_d0.25,11685935.648828316,13306607.34,0.12179450777809475,0.0,
monthly,2026-02-01,pounds,dyoy_w1_d0.5,11604212.547656633,13306607.34,0.12793605077876802,0.0,
monthly,2026-02-01,pounds,dyoy_w1_d0.75,11522489.446484948,13306607.34,0.13407759377944128,0.0,
monthly,2026-02-01,pounds,dyoy_w1_d1.0,11440766.345313264,13306607.34,0.14021913678011455,0.0,
monthly,2026-02-01,pounds,dyoy_w3_d0.25,11718268.41599962,13306607.34,0.11936467977271659,0.0,
monthly,2026-02-01,pounds,dyoy_w3_d0.5,11668878.08199924,13306607.34,0.12307639476801147,0.0,
monthly,2026-02-01,pounds,dyoy_w3_d0.75,11619487.74799886,13306607.34,0.12678810976330657,0.0,
monthly,2026-02-01,pounds,dyoy_w3_d1.0,11570097.41399848,13306607.34,0.13049982475860133,0.0,
monthly,2026-02-01,pounds,dyoy_w6_d0.25,11714277.432390857,13306607.34,0.11966460472780005,0.0,
monthly,2026-02-01,pounds,dyoy_w6_d0.5,11660896.114781717,13306607.34,0.12367624467817828,0.0,
monthly,2026-02-01,pounds,dyoy_w6_d0.75,11607514.797172576,13306607.34,0.12768788462855651,0.0,
monthly,2026-02-01,pounds,dyoy_w6_d1.0,11554133.479563434,13306607.34,0.13169952457893497,0.0,
monthly,2026-02-01,pounds,dyoy_w12_d0.25,11681937.881254587,13306607.34,0.12209494255245779,0.0,
monthly,2026-02-01,pounds,dyoy_w12_d0.5,11596217.012509175,13306607.34,0.12853692032749386,0.0,
monthly,2026-02-01,pounds,dyoy_w12_d0.75,11510496.143763762,13306607.34,0.13497889810253005,0.0,
monthly,2026-02-01,pounds,dyoy_w12_d1.0,11424775.27501835,13306607.34,0.14142087587756613,0.0,
monthly,2026-02-01,pounds,damped_yoy_auto,11619487.74799886,13306607.34,0.12678810976330657,0.41,
monthly,2026-02-01,pounds,snaive_level12,11423615.218310647,13306607.34,0.14150805487654472,0.0,
monthly,2026-02-01,pounds,seasonal_index_level,12077964.264364956,13306607.34,0.09233330812593465,0.0,
monthly,2026-02-01,pounds,combo_stat_median,12234904.810777783,13306607.34,0.080539126303115,0.46,
monthly,2026-02-01,pounds,combo_ratio_mean,11439887.257895125,13306607.34,0.14028520075838313,0.17,
monthly,2026-02-01,individuals,seasonal_naive,722068.0,853046.0,0.1535415440667912,0.0,
monthly,2026-02-01,individuals,damped_yoy_3m,718202.1836460467,853046.0,0.15807332354170034,0.0,
monthly,2026-02-01,individuals,sf_ets_log,735567.6037789321,853046.0,0.13771636725460046,0.04,
monthly,2026-02-01,individuals,sf_ets_level,744787.4181225923,853046.0,0.12690825802759487,0.05,
monthly,2026-02-01,individuals,sf_arima_log,683710.3537953813,853046.0,0.19850705144226544,0.47,
monthly,2026-02-01,individuals,sf_theta_log,744561.7510575153,853046.0,0.1271728006959586,0.0,
monthly,2026-02-01,individuals,sf_ces_log,698450.7757489465,853046.0,0.1812273010494786,0.01,
monthly,2026-02-01,individuals,sf_mstl_log,690658.0973380057,853046.0,0.19036242202881715,0.01,
monthly,2026-02-01,individuals,ratio_ses,680791.4980156783,853046.0,0.20192873770502617,0.0,
monthly,2026-02-01,individuals,ratio_ets_auto,680791.4980156783,853046.0,0.20192873770502617,0.0,
monthly,2026-02-01,individuals,ratio_arima,680741.8137809314,853046.0,0.2019869810292394,0.17,
monthly,2026-02-01,individuals,ratio_theta,677624.2065724274,853046.0,0.2056416575748231,0.01,
monthly,2026-02-01,individuals,ratio_mean3_half,717747.1304933162,853046.0,0.15860676857600153,0.0,
monthly,2026-02-01,individuals,dyoy_w1_d0.25,707729.7761387696,853046.0,0.17034980981240222,0.0,
monthly,2026-02-01,individuals,dyoy_w1_d0.5,693391.552277539,853046.0,0.18715807555801323,0.0,
monthly,2026-02-01,individuals,dyoy_w1_d0.75,679053.3284163087,853046.0,0.203966341303624,0.0,
monthly,2026-02-01,individuals,dyoy_w1_d1.0,664715.1045550782,853046.0,0.22077460704923513,0.0,
monthly,2026-02-01,individuals,dyoy_w3_d0.25,720135.0918230234,853046.0,0.15580743380424578,0.0,
monthly,2026-02-01,individuals,dyoy_w3_d0.5,718202.1836460467,853046.0,0.15807332354170034,0.0,
monthly,2026-02-01,individuals,dyoy_w3_d0.75,716269.2754690701,853046.0,0.1603392132791549,0.0,
monthly,2026-02-01,individuals,dyoy_w3_d1.0,714336.3672920935,853046.0,0.16260510301660935,0.0,
monthly,2026-02-01,individuals,dyoy_w6_d0.25,722561.4411622962,853046.0,0.15296309793106555,0.0,
monthly,2026-02-01,individuals,dyoy_w6_d0.5,723054.8823245924,853046.0,0.15238465179534,0.0,
monthly,2026-02-01,individuals,dyoy_w6_d0.75,723548.3234868888,853046.0,0.1518062056596141,0.0,
monthly,2026-02-01,individuals,dyoy_w6_d1.0,724041.764649185,853046.0,0.15122775952388856,0.0,
monthly,2026-02-01,individuals,dyoy_w12_d0.25,722252.3074027473,853046.0,0.1533254860784209,0.0,
monthly,2026-02-01,individuals,dyoy_w12_d0.5,722436.6148054948,853046.0,0.15310942809005046,0.0,
monthly,2026-02-01,individuals,dyoy_w12_d0.75,722620.9222082422,853046.0,0.15289337010168003,0.0,
monthly,2026-02-01,individuals,dyoy_w12_d1.0,722805.2296109897,853046.0,0.1526773121133096,0.0,
monthly,2026-02-01,individuals,damped_yoy_auto,722068.0,853046.0,0.1535415440667912,0.38,
monthly,2026-02-01,individuals,snaive_level12,722151.1460472265,853046.0,0.1534440744728579,0.0,
monthly,2026-02-01,individuals,seasonal_index_level,780741.494374115,853046.0,0.08476038294052723,0.01,
monthly,2026-02-01,individuals,combo_stat_median,728817.8018894661,853046.0,0.14562895566069578,0.44,
monthly,2026-02-01,individuals,combo_ratio_mean,679719.172789679,853046.0,0.20318579210302956,0.17,
monthly,2026-03-01,visits,seasonal_naive,244459.0,279131.0,0.12421407869423318,0.0,
monthly,2026-03-01,visits,damped_yoy_3m,248773.80690815003,279131.0,0.10875607901612494,0.0,
monthly,2026-03-01,visits,sf_ets_log,259285.5871871107,279131.0,0.07109712935105483,0.05,
monthly,2026-03-01,visits,sf_ets_level,259679.17064367066,279131.0,0.06968709801609041,0.04,
monthly,2026-03-01,visits,sf_arima_log,262917.86737082945,279131.0,0.058084313921314856,0.32,
monthly,2026-03-01,visits,sf_theta_log,258961.16008112938,279131.0,0.07225940479155168,0.0,
monthly,2026-03-01,visits,sf_ces_log,266665.9051896866,279131.0,0.044656791292666975,0.0,
monthly,2026-03-01,visits,sf_mstl_log,257798.95058382413,279131.0,0.07642307524487024,0.01,
monthly,2026-03-01,visits,ratio_ses,258328.65155122546,279131.0,0.074525396494028,0.0,
monthly,2026-03-01,visits,ratio_ets_auto,258328.65155122546,279131.0,0.074525396494028,0.0,
monthly,2026-03-01,visits,ratio_arima,254524.76806044692,279131.0,0.08815298888175471,0.19,
monthly,2026-03-01,visits,ratio_theta,261731.6335973994,279131.0,0.062334052479304014,0.0,
monthly,2026-03-01,visits,ratio_mean3_half,248599.52784045012,279131.0,0.10938044201306873,0.0,
monthly,2026-03-01,visits,dyoy_w1_d0.25,251282.92667587925,279131.0,0.09976703886032279,0.0,
monthly,2026-03-01,visits,dyoy_w1_d0.5,258106.8533517585,279131.0,0.07531999902641229,0.0,
monthly,2026-03-01,visits,dyoy_w1_d0.75,264930.78002763784,279131.0,0.050872959192501566,0.0,
monthly,2026-03-01,visits,dyoy_w1_d1.0,271754.70670351706,279131.0,0.026425919358591288,0.0,
monthly,2026-03-01,visits,dyoy_w3_d0.25,246616.403454075,279131.0,0.116485078855179,0.0,
monthly,2026-03-01,visits,dyoy_w3_d0.5,248773.80690815003,279131.0,0.10875607901612494,0.0,
monthly,2026-03-01,visits,dyoy_w3_d0.75,250931.2103622251,279131.0,0.10102707917707066,0.0,
monthly,2026-03-01,visits,dyoy_w3_d1.0,253088.61381630012,279131.0,0.09329807933801648,0.0,
monthly,2026-03-01,visits,dyoy_w6_d0.25,248192.5661202278,279131.0,0.11083840160989711,0.0,
monthly,2026-03-01,visits,dyoy_w6_d0.5,251926.13224045557,279131.0,0.09746272452556126,0.0,
monthly,2026-03-01,visits,dyoy_w6_d0.75,255659.69836068337,279131.0,0.0840870474412252,0.0,
monthly,2026-03-01,visits,dyoy_w6_d1.0,259393.26448091114,279131.0,0.07071137035688924,0.0,
monthly,2026-03-01,visits,dyoy_w12_d0.25,247999.32240405446,279131.0,0.11153070635631845,0.0,
monthly,2026-03-01,visits,dyoy_w12_d0.5,251539.64480810892,279131.0,0.09884733401840384,0.0,
monthly,2026-03-01,visits,dyoy_w12_d0.75,255079.96721216344,279131.0,0.08616396168048901,0.0,
monthly,2026-03-01,visits,dyoy_w12_d1.0,258620.2896162179,279131.0,0.07348058934257429,0.0,
monthly,2026-03-01,visits,damped_yoy_auto,255079.96721216344,279131.0,0.08616396168048901,0.37,
monthly,2026-03-01,visits,snaive_level12,258351.12931073096,279131.0,0.07444486885823876,0.0,
monthly,2026-03-01,visits,seasonal_index_level,272222.5094597453,279131.0,0.024749993874756626,0.0,
monthly,2026-03-01,visits,combo_stat_median,258644.90581617743,279131.0,0.07339240064278985,0.47,
monthly,2026-03-01,visits,combo_ratio_mean,258195.01773635726,279131.0,0.07500414595169558,0.18,
monthly,2026-03-01,pounds,seasonal_naive,12452621.8,13642661.744,0.08722930805811235,0.0,
monthly,2026-03-01,pounds,damped_yoy_3m,12592672.390093252,13642661.744,0.07696367275018978,0.0,
monthly,2026-03-01,pounds,sf_ets_log,12980399.405242626,13642661.744,0.04854348448891477,0.06,
monthly,2026-03-01,pounds,sf_ets_level,12947621.6176307,13642661.744,0.050946079248426535,0.06,
monthly,2026-03-01,pounds,sf_arima_log,13521339.551678976,13642661.744,0.008892853505979681,0.36,
monthly,2026-03-01,pounds,sf_theta_log,13105344.890313625,13642661.744,0.03938504551156863,0.0,
monthly,2026-03-01,pounds,sf_ces_log,13622235.669425318,13642661.744,0.0014972206273212718,0.01,
monthly,2026-03-01,pounds,sf_mstl_log,13116620.502678258,13642661.744,0.038558548998189,0.01,
monthly,2026-03-01,pounds,ratio_ses,12921104.527015897,13642661.744,0.05288976817895841,0.0,
monthly,2026-03-01,pounds,ratio_ets_auto,12921104.527015897,13642661.744,0.05288976817895841,0.0,
monthly,2026-03-01,pounds,ratio_arima,12922452.44874339,13642661.744,0.05279096621840362,0.17,
monthly,2026-03-01,pounds,ratio_theta,12755497.682958405,13642661.744,0.06502866359138215,0.0,
monthly,2026-03-01,pounds,ratio_mean3_half,12598163.644332547,13642661.744,0.07656116667459123,0.0,
monthly,2026-03-01,pounds,dyoy_w1_d0.25,12859753.438672673,13642661.744,0.0573867709995558,0.0,
monthly,2026-03-01,pounds,dyoy_w1_d0.5,13266885.077345345,13642661.744,0.02754423394099914,0.0,
monthly,2026-03-01,pounds,dyoy_w1_d0.75,13674016.71601802,13642661.744,0.002298303117557632,0.0,
monthly,2026-03-01,pounds,dyoy_w1_d1.0,14081148.354690691,13642661.744,0.03214084017611407,0.0,
monthly,2026-03-01,pounds,dyoy_w3_d0.25,12522647.095046626,13642661.744,0.08209649040415101,0.0,
monthly,2026-03-01,pounds,dyoy_w3_d0.5,12592672.390093252,13642661.744,0.07696367275018978,0.0,
monthly,2026-03-01,pounds,dyoy_w3_d0.75,12662697.68513988,13642661.744,0.07183085509622833,0.0,
monthly,2026-03-01,pounds,dyoy_w3_d1.0,12732722.980186505,13642661.744,0.06669803744226699,0.0,
monthly,2026-03-01,pounds,dyoy_w6_d0.25,12473862.361725854,13642661.744,0.08567238594683924,0.0,
monthly,2026-03-01,pounds,dyoy_w6_d0.5,12495102.923451705,13642661.744,0.08411546383556634,0.0,
monthly,2026-03-01,pounds,dyoy_w6_d0.75,12516343.485177556,13642661.744,0.08255854172429333,0.0,
monthly,2026-03-01,pounds,dyoy_w6_d1.0,12537584.046903407,13642661.744,0.08100161961302044,0.0,
monthly,2026-03-01,pounds,dyoy_w12_d0.25,12406686.243234312,13642661.744,0.09059636044331798,0.0,
monthly,2026-03-01,pounds,dyoy_w12_d0.5,12360750.686468625,13642661.744,0.09396341282852338,0.0,
monthly,2026-03-01,pounds,dyoy_w12_d0.75,12314815.129702937,13642661.744,0.09733046521372901,0.0,
monthly,2026-03-01,pounds,dyoy_w12_d1.0,12268879.572937248,13642661.744,0.10069751759893464,0.0,
monthly,2026-03-01,pounds,damped_yoy_auto,12662697.68513988,13642661.744,0.07183085509622833,0.36,
monthly,2026-03-01,pounds,snaive_level12,12272404.372347038,13642661.744,0.10043915163810302,0.0,
monthly,2026-03-01,pounds,seasonal_index_level,13042181.873100352,13642661.744,0.04401486177459013,0.0,
monthly,2026-03-01,pounds,combo_stat_median,12950751.966129262,13642661.744,0.050716626333936476,0.4,
monthly,2026-03-01,pounds,combo_ratio_mean,12866351.552905897,13642661.744,0.0569031326629148,0.2,
monthly,2026-03-01,individuals,seasonal_naive,760491.0,865523.0,0.12135090575293783,0.0,
monthly,2026-03-01,individuals,damped_yoy_3m,771418.570319782,865523.0,0.10872551010223641,0.0,
monthly,2026-03-01,individuals,sf_ets_log,787880.8838658411,865523.0,0.08970543374833362,0.05,
monthly,2026-03-01,individuals,sf_ets_level,787290.804005834,865523.0,0.0903871947876208,0.04,
monthly,2026-03-01,individuals,sf_arima_log,865190.6370781307,865523.0,0.00038400241457392514,0.35,
monthly,2026-03-01,individuals,sf_theta_log,802704.2528737996,865523.0,0.07257894605481352,0.0,
monthly,2026-03-01,individuals,sf_ces_log,891791.2494378443,865523.0,0.030349568339425037,0.0,
monthly,2026-03-01,individuals,sf_mstl_log,841348.3093975867,865523.0,0.02793073159513182,0.01,
monthly,2026-03-01,individuals,ratio_ses,829706.0202542397,865523.0,0.04138189250402391,0.0,
monthly,2026-03-01,individuals,ratio_ets_auto,829706.0202542397,865523.0,0.04138189250402391,0.0,
monthly,2026-03-01,individuals,ratio_arima,830091.9399274772,865523.0,0.040936012182833825,0.15,
monthly,2026-03-01,individuals,ratio_theta,816855.0252110953,865523.0,0.056229556914033085,0.0,
monthly,2026-03-01,individuals,ratio_mean3_half,770186.3404184459,865523.0,0.11014919254780531,0.0,
monthly,2026-03-01,individuals,dyoy_w1_d0.25,794977.9147358697,865523.0,0.08150573152201646,0.0,
monthly,2026-03-01,individuals,dyoy_w1_d0.5,829464.8294717395,865523.0,0.04166055729109508,0.0,
monthly,2026-03-01,individuals,dyoy_w1_d0.75,863951.7442076093,865523.0,0.001815383060173592,0.0,
monthly,2026-03-01,individuals,dyoy_w1_d1.0,898438.6589434791,865523.0,0.03802979117074767,0.0,
monthly,2026-03-01,individuals,dyoy_w3_d0.25,765954.785159891,865523.0,0.11503820792758712,0.0,
monthly,2026-03-01,individuals,dyoy_w3_d0.5,771418.570319782,865523.0,0.10872551010223641,0.0,
monthly,2026-03-01,individuals,dyoy_w3_d0.75,776882.3554796732,865523.0,0.10241281227688548,0.0,
monthly,2026-03-01,individuals,dyoy_w3_d1.0,782346.1406395643,865523.0,0.09610011445153477,0.0,
monthly,2026-03-01,individuals,dyoy_w6_d0.25,767309.5520530723,865523.0,0.11347294981985201,0.0,
monthly,2026-03-01,individuals,dyoy_w6_d0.5,774128.1041061446,865523.0,0.10559499388676596,0.0,
monthly,2026-03-01,individuals,dyoy_w6_d0.75,780946.656159217,865523.0,0.09771703795368003,0.0,
monthly,2026-03-01,individuals,dyoy_w6_d1.0,787765.2082122891,865523.0,0.08983908202059432,0.0,
monthly,2026-03-01,individuals,dyoy_w12_d0.25,764153.4100367456,865523.0,0.11711946414278351,0.0,
monthly,2026-03-01,individuals,dyoy_w12_d0.5,767815.8200734912,865523.0,0.1128880225326292,0.0,
monthly,2026-03-01,individuals,dyoy_w12_d0.75,771478.2301102366,865523.0,0.1086565809224751,0.0,
monthly,2026-03-01,individuals,dyoy_w12_d1.0,775140.6401469822,865523.0,0.10442513931232078,0.0,
monthly,2026-03-01,individuals,damped_yoy_auto,764153.4100367456,865523.0,0.11711946414278351,0.41,
monthly,2026-03-01,individuals,snaive_level12,774085.8007338773,865523.0,0.10564386996777975,0.0,
monthly,2026-03-01,individuals,seasonal_index_level,839458.2755454719,865523.0,0.0301144215168494,0.0,
monthly,2026-03-01,individuals,combo_stat_median,795292.5683698204,865523.0,0.08114218990157351,0.42,
monthly,2026-03-01,individuals,combo_ratio_mean,825550.9951309374,865523.0,0.04618248720029694,0.15,
monthly,2026-04-01,visits,seasonal_naive,263231.0,263173.0,0.00022038734976614904,0.0,
monthly,2026-04-01,visits,damped_yoy_3m,272495.23569202295,263173.0,0.03542246238034652,0.0,
monthly,2026-04-01,visits,sf_ets_log,261758.00955674084,263173.0,0.005376655064384117,0.04,
monthly,2026-04-01,visits,sf_ets_level,262382.195876423,263173.0,0.0030048831892975914,0.04,
monthly,2026-04-01,visits,sf_arima_log,275988.69962267875,263173.0,0.04869686336622192,0.27,
monthly,2026-04-01,visits,sf_theta_log,270804.186844355,263173.0,0.02899684558961213,0.0,
monthly,2026-04-01,visits,sf_ces_log,282372.6501163211,263173.0,0.0729544828547044,0.0,
monthly,2026-04-01,visits,sf_mstl_log,271272.3730995507,263173.0,0.030775851244431385,0.01,
monthly,2026-04-01,visits,ratio_ses,288192.23257109924,263173.0,0.09506762688839365,0.0,
monthly,2026-04-01,visits,ratio_ets_auto,288192.23257109924,263173.0,0.09506762688839365,0.0,
monthly,2026-04-01,visits,ratio_arima,288958.7186404494,263173.0,0.09798010677557878,0.25,
monthly,2026-04-01,visits,ratio_theta,294451.75362841866,263173.0,0.11885244165783981,0.01,
monthly,2026-04-01,visits,ratio_mean3_half,272037.57770271966,263173.0,0.03368346183962512,0.0,
monthly,2026-04-01,visits,dyoy_w1_d0.25,272564.61548562336,263173.0,0.03568609046377613,0.0,
monthly,2026-04-01,visits,dyoy_w1_d0.5,281898.23097124667,263173.0,0.0711517935777859,0.0,
monthly,2026-04-01,visits,dyoy_w1_d0.75,291231.8464568701,263173.0,0.10661749669179632,0.0,
monthly,2026-04-01,visits,dyoy_w1_d1.0,300565.46194249345,263173.0,0.1420831998058063,0.0,
monthly,2026-04-01,visits,dyoy_w3_d0.25,267863.1178460115,263173.0,0.017821424865056334,0.01,
monthly,2026-04-01,visits,dyoy_w3_d0.5,272495.23569202295,263173.0,0.03542246238034652,0.0,
monthly,2026-04-01,visits,dyoy_w3_d0.75,277127.3535380344,263173.0,0.053023499895636705,0.0,
monthly,2026-04-01,visits,dyoy_w3_d1.0,281759.4713840459,263173.0,0.07062453741092711,0.0,
monthly,2026-04-01,visits,dyoy_w6_d0.25,268022.06267653714,263173.0,0.01842538055399734,0.0,
monthly,2026-04-01,visits,dyoy_w6_d0.5,272813.1253530742,263173.0,0.03663037375822831,0.0,
monthly,2026-04-01,visits,dyoy_w6_d0.75,277604.1880296114,263173.0,0.05483536696245972,0.0,
monthly,2026-04-01,visits,dyoy_w6_d1.0,282395.2507061485,263173.0,0.07304036016669069,0.0,
monthly,2026-04-01,visits,dyoy_w12_d0.25,267572.8885390708,263173.0,0.01671861679986475,0.0,
monthly,2026-04-01,visits,dyoy_w12_d0.5,271914.77707814163,263173.0,0.03321684624996335,0.01,
monthly,2026-04-01,visits,dyoy_w12_d0.75,276256.66561721236,263173.0,0.04971507570006173,0.01,
monthly,2026-04-01,visits,dyoy_w12_d1.0,280598.5541562832,263173.0,0.06621330515016055,0.0,
monthly,2026-04-01,visits,damped_yoy_auto,280598.5541562832,263173.0,0.06621330515016055,0.54,
monthly,2026-04-01,visits,snaive_level12,280218.4939054858,263173.0,0.06476915909111414,0.0,
monthly,2026-04-01,visits,seasonal_index_level,280287.2764567751,263173.0,0.06503051778402447,0.01,
monthly,2026-04-01,visits,combo_stat_median,275701.3705003191,263173.0,0.04760507536988645,0.54,
monthly,2026-04-01,visits,combo_ratio_mean,290534.23494665575,263173.0,0.10396672510727067,0.25,
monthly,2026-04-01,pounds,seasonal_naive,12772997.24,13074244.029,0.02304123958003257,0.0,
monthly,2026-04-01,pounds,damped_yoy_3m,13183114.352607477,13074244.029,0.008327083643688615,0.0,
monthly,2026-04-01,pounds,sf_ets_log,13029232.327556984,13074244.029,0.0034427766028517492,0.07,
monthly,2026-04-01,pounds,sf_ets_level,13042279.900912413,13074244.029,0.002444816542867545,0.08,
monthly,2026-04-01,pounds,sf_arima_log,13381794.852479955,13074244.029,0.023523411586763743,0.64,
monthly,2026-04-01,pounds,sf_theta_log,13397828.749307966,13074244.029,0.02474978435389641,0.0,
monthly,2026-04-01,pounds,sf_ces_log,13813359.645436676,13074244.029,0.056532187619968255,0.01,
monthly,2026-04-01,pounds,sf_mstl_log,13462761.877745636,13074244.029,0.029716276358607407,0.01,
monthly,2026-04-01,pounds,ratio_ses,13594538.407639151,13074244.029,0.03979537000266231,0.0,
monthly,2026-04-01,pounds,ratio_ets_auto,13594538.407639151,13074244.029,0.03979537000266231,0.01,
monthly,2026-04-01,pounds,ratio_arima,13597136.660449276,13074244.029,0.03999410063705766,0.27,
monthly,2026-04-01,pounds,ratio_theta,13505615.338391678,13074244.029,0.032993977199358815,0.01,
monthly,2026-04-01,pounds,ratio_mean3_half,13175170.926784033,13074244.029,0.007719520727941687,0.0,
monthly,2026-04-01,pounds,dyoy_w1_d0.25,13078161.428801624,13074244.029,0.0002996272513298148,0.0,
monthly,2026-04-01,pounds,dyoy_w1_d0.5,13383325.61760325,13074244.029,0.02364049408269242,0.0,
monthly,2026-04-01,pounds,dyoy_w1_d0.75,13688489.806404877,13074244.029,0.046981360914055026,0.0,
monthly,2026-04-01,pounds,dyoy_w1_d1.0,13993653.995206501,13074244.029,0.07032222774541741,0.0,
monthly,2026-04-01,pounds,dyoy_w3_d0.25,12978055.796303738,13074244.029,0.007357077968172088,0.0,
monthly,2026-04-01,pounds,dyoy_w3_d0.5,13183114.352607477,13074244.029,0.008327083643688615,0.0,
monthly,2026-04-01,pounds,dyoy_w3_d0.75,13388172.908911215,13074244.029,0.024011245255548985,0.0,
monthly,2026-04-01,pounds,dyoy_w3_d1.0,13593231.465214953,13074244.029,0.039695406867409355,0.0,
monthly,2026-04-01,pounds,dyoy_w6_d0.25,12838078.991683325,13074244.029,0.018063379939431745,0.0,
monthly,2026-04-01,pounds,dyoy_w6_d0.5,12903160.74336665,13074244.029,0.013085520298831033,0.0,
monthly,2026-04-01,pounds,dyoy_w6_d0.75,12968242.495049976,13074244.029,0.008107660658230098,0.0,
monthly,2026-04-01,pounds,dyoy_w6_d1.0,13033324.2467333,13074244.029,0.0031298010176293856,0.0,
monthly,2026-04-01,pounds,dyoy_w12_d0.25,12745628.606008368,13074244.029,0.025134563976527358,0.0,
monthly,2026-04-01,pounds,dyoy_w12_d0.5,12718259.972016735,13074244.029,0.027227888373022258,0.0,
monthly,2026-04-01,pounds,dyoy_w12_d0.75,12690891.338025102,13074244.029,0.029321212769517047,0.0,
monthly,2026-04-01,pounds,dyoy_w12_d1.0,12663522.70403347,13074244.029,0.031414537166011836,0.0,
monthly,2026-04-01,pounds,damped_yoy_auto,13688489.806404877,13074244.029,0.046981360914055026,0.48,
monthly,2026-04-01,pounds,snaive_level12,12664063.450076135,13074244.029,0.0313731775247611,0.0,
monthly,2026-04-01,pounds,seasonal_index_level,13148361.256091401,13074244.029,0.005668949342463092,0.01,
monthly,2026-04-01,pounds,combo_stat_median,13496183.578473559,13074244.029,0.03227257717827925,0.54,
monthly,2026-04-01,pounds,combo_ratio_mean,13565763.468826702,13074244.029,0.03759448261302634,0.23,
monthly,2026-04-01,individuals,seasonal_naive,786971.0,801510.0,0.018139511671719677,0.0,
monthly,2026-04-01,individuals,damped_yoy_3m,817285.2884769763,801510.0,0.019681960895030937,0.0,
monthly,2026-04-01,individuals,sf_ets_log,825298.4403753789,801510.0,0.029679530355677386,0.06,
monthly,2026-04-01,individuals,sf_ets_level,823502.2079592082,801510.0,0.02743846983719256,0.07,
monthly,2026-04-01,individuals,sf_arima_log,875291.0271675113,801510.0,0.09205253479995412,0.53,
monthly,2026-04-01,individuals,sf_theta_log,839479.2766434776,801510.0,0.04737218081306227,0.0,
monthly,2026-04-01,individuals,sf_ces_log,896655.2294224356,801510.0,0.11870747641630874,0.0,
monthly,2026-04-01,individuals,sf_mstl_log,870783.2501534875,801510.0,0.08642842903206138,0.01,
monthly,2026-04-01,individuals,ratio_ses,884261.564847534,801510.0,0.10324458191106034,0.0,
monthly,2026-04-01,individuals,ratio_ets_auto,884261.564847534,801510.0,0.10324458191106034,0.0,
monthly,2026-04-01,individuals,ratio_arima,884383.6021767609,801510.0,0.10339684118321779,0.23,
monthly,2026-04-01,individuals,ratio_theta,877602.4681797381,801510.0,0.09493639278329424,0.01,
monthly,2026-04-01,individuals,ratio_mean3_half,815451.4664097634,801510.0,0.017394001833743067,0.0,
monthly,2026-04-01,individuals,dyoy_w1_d0.25,814143.2933183956,801510.0,0.0157618661256822,0.0,
monthly,2026-04-01,individuals,dyoy_w1_d0.5,841315.5866367911,801510.0,0.04966324392308419,0.0,
monthly,2026-04-01,individuals,dyoy_w1_d0.75,868487.879955187,801510.0,0.0835646217204864,0.0,
monthly,2026-04-01,individuals,dyoy_w1_d1.0,895660.1732735825,801510.0,0.11746599951788816,0.0,
monthly,2026-04-01,individuals,dyoy_w3_d0.25,802128.1442384882,801510.0,0.0007712246116557964,0.0,
monthly,2026-04-01,individuals,dyoy_w3_d0.5,817285.2884769763,801510.0,0.019681960895030937,0.0,
monthly,2026-04-01,individuals,dyoy_w3_d0.75,832442.4327154643,801510.0,0.03859269717840608,0.0,
monthly,2026-04-01,individuals,dyoy_w3_d1.0,847599.5769539524,801510.0,0.05750343346178144,0.0,
monthly,2026-04-01,individuals,dyoy_w6_d0.25,797220.0448071213,801510.0,0.005352341446617892,0.0,
monthly,2026-04-01,individuals,dyoy_w6_d0.5,807469.0896142425,801510.0,0.007434828778483782,0.0,
monthly,2026-04-01,individuals,dyoy_w6_d0.75,817718.1344213639,801510.0,0.020221999003585678,0.0,
monthly,2026-04-01,individuals,dyoy_w6_d1.0,827967.1792284852,801510.0,0.03300916922868735,0.0,
monthly,2026-04-01,individuals,dyoy_w12_d0.25,792578.6966715815,801510.0,0.011143096565755295,0.0,
monthly,2026-04-01,individuals,dyoy_w12_d0.5,798186.393343163,801510.0,0.004146681459790913,0.0,
monthly,2026-04-01,individuals,dyoy_w12_d0.75,803794.0900147443,801510.0,0.002849733646173247,0.0,
monthly,2026-04-01,individuals,dyoy_w12_d1.0,809401.7866863258,801510.0,0.009846148752137518,0.0,
monthly,2026-04-01,individuals,damped_yoy_auto,868487.879955187,801510.0,0.0835646217204864,0.43,
monthly,2026-04-01,individuals,snaive_level12,807797.1959151967,801510.0,0.007844188987282452,0.0,
monthly,2026-04-01,individuals,seasonal_index_level,851964.8218279526,801510.0,0.06294970970786729,0.0,
monthly,2026-04-01,individuals,combo_stat_median,853983.5782993323,801510.0,0.06546840126677433,0.45,
monthly,2026-04-01,individuals,combo_ratio_mean,882082.545068011,801510.0,0.10052593862585746,0.2,
monthly,2026-05-01,visits,seasonal_naive,247081.0,229370.0,0.07721585211666748,0.0,
monthly,2026-05-01,visits,damped_yoy_3m,257234.55504415068,229370.0,0.12148299709705146,0.0,
monthly,2026-05-01,visits,sf_ets_log,262522.2412897599,229370.0,0.1445360827037534,0.06,
monthly,2026-05-01,visits,sf_ets_level,263197.7949173557,229370.0,0.14748133983239176,0.05,
monthly,2026-05-01,visits,sf_arima_log,272384.1906473383,229370.0,0.18753189452560615,0.29,
monthly,2026-05-01,visits,sf_theta_log,268383.1045908003,229370.0,0.1700880873296433,0.0,
monthly,2026-05-01,visits,sf_ces_log,271987.0387353467,229370.0,0.18580040430460265,0.0,
monthly,2026-05-01,visits,sf_mstl_log,265150.5274842657,229370.0,0.15599480090799012,0.01,
monthly,2026-05-01,visits,ratio_ses,259761.77759101512,229370.0,0.13250110123824,0.0,
monthly,2026-05-01,visits,ratio_ets_auto,259761.77759101512,229370.0,0.13250110123824,0.0,
monthly,2026-05-01,visits,ratio_arima,259521.71892093375,229370.0,0.1314545011158117,0.18,
monthly,2026-05-01,visits,ratio_theta,254690.768091174,229370.0,0.11039267598715607,0.0,
monthly,2026-05-01,visits,ratio_mean3_half,257090.23466914255,229370.0,0.12085379373563487,0.0,
monthly,2026-05-01,visits,dyoy_w1_d0.25,247067.38961786416,229370.0,0.07715651400734247,0.0,
monthly,2026-05-01,visits,dyoy_w1_d0.5,247053.77923572832,229370.0,0.07709717589801768,0.0,
monthly,2026-05-01,visits,dyoy_w1_d0.75,247040.16885359248,229370.0,0.07703783778869289,0.0,
monthly,2026-05-01,visits,dyoy_w1_d1.0,247026.55847145664,229370.0,0.0769784996793681,0.0,
monthly,2026-05-01,visits,dyoy_w3_d0.25,252157.77752207534,229370.0,0.09934942460685936,0.0,
monthly,2026-05-01,visits,dyoy_w3_d0.5,257234.55504415068,229370.0,0.12148299709705146,0.0,
monthly,2026-05-01,visits,dyoy_w3_d0.75,262311.332566226,229370.0,0.14361656958724334,0.0,
monthly,2026-05-01,visits,dyoy_w3_d1.0,267388.11008830136,229370.0,0.16575014207743544,0.0,
monthly,2026-05-01,visits,dyoy_w6_d0.25,250559.76666270464,229370.0,0.09238246790209992,0.0,
monthly,2026-05-01,visits,dyoy_w6_d0.5,254038.53332540928,229370.0,0.10754908368753235,0.0,
monthly,2026-05-01,visits,dyoy_w6_d0.75,257517.29998811398,229370.0,0.12271569947296501,0.0,
monthly,2026-05-01,visits,dyoy_w6_d1.0,260996.06665081866,229370.0,0.13788231525839767,0.0,
monthly,2026-05-01,visits,dyoy_w12_d0.25,250593.61803377623,229370.0,0.0925300520284964,0.0,
monthly,2026-05-01,visits,dyoy_w12_d0.5,254106.23606755244,229370.0,0.10784425194032532,0.0,
monthly,2026-05-01,visits,dyoy_w12_d0.75,257618.85410132867,229370.0,0.12315845185215446,0.0,
monthly,2026-05-01,visits,dyoy_w12_d1.0,261131.47213510488,229370.0,0.13847265176398338,0.0,
monthly,2026-05-01,visits,damped_yoy_auto,257618.85410132867,229370.0,0.12315845185215446,0.4,
monthly,2026-05-01,visits,snaive_level12,260863.57049198335,229370.0,0.13730466273698982,0.0,
monthly,2026-05-01,visits,seasonal_index_level,275418.88731500786,229370.0,0.20076246813012966,0.01,
monthly,2026-05-01,visits,combo_stat_median,261142.00944038754,229370.0,0.1385185919709968,0.45,
monthly,2026-05-01,visits,combo_ratio_mean,257991.42153437427,229370.0,0.12478275944706918,0.23,
monthly,2026-05-01,pounds,seasonal_naive,12164935.65,11536291.828,0.054492711468533184,0.0,
monthly,2026-05-01,pounds,damped_yoy_3m,12663169.652376192,11536291.828,0.0976811128894226,0.0,
monthly,2026-05-01,pounds,sf_ets_log,13037730.311126584,11536291.828,0.13014914198706462,0.06,
monthly,2026-05-01,pounds,sf_ets_level,13137968.915953826,11536291.828,0.13883812162816134,0.06,
monthly,2026-05-01,pounds,sf_arima_log,13013183.211045314,11536291.828,0.12802132652892118,0.32,
monthly,2026-05-01,pounds,sf_theta_log,13295056.235915124,11536291.828,0.15245491654834753,0.0,
monthly,2026-05-01,pounds,sf_ces_log,13749585.108738221,11536291.828,0.1918548276809613,0.01,
monthly,2026-05-01,pounds,sf_mstl_log,13507351.285513537,11536291.828,0.17085728125648947,0.01,
monthly,2026-05-01,pounds,ratio_ses,12723602.912008746,11536291.828,0.10291964711979595,0.0,
monthly,2026-05-01,pounds,ratio_ets_auto,12723602.912008746,11536291.828,0.10291964711979595,0.0,
monthly,2026-05-01,pounds,ratio_arima,12723375.334814217,11536291.828,0.10289992005342818,0.22,
monthly,2026-05-01,pounds,ratio_theta,12639235.711210659,11536291.828,0.09560644786513439,0.01,
monthly,2026-05-01,pounds,ratio_mean3_half,12656094.496896902,11536291.828,0.09706781742283965,0.0,
monthly,2026-05-01,pounds,dyoy_w1_d0.25,12236662.115881436,11536291.828,0.06071017431975423,0.0,
monthly,2026-05-01,pounds,dyoy_w1_d0.5,12308388.581762869,11536291.828,0.06692763717097505,0.0,
monthly,2026-05-01,pounds,dyoy_w1_d0.75,12380115.047644306,11536291.828,0.07314510002219632,0.0,
monthly,2026-05-01,pounds,dyoy_w1_d1.0,12451841.513525741,11536291.828,0.07936256287341736,0.0,
monthly,2026-05-01,pounds,dyoy_w3_d0.25,12414052.651188094,11536291.828,0.07608691217897778,0.0,
monthly,2026-05-01,pounds,dyoy_w3_d0.5,12663169.652376192,11536291.828,0.0976811128894226,0.0,
monthly,2026-05-01,pounds,dyoy_w3_d0.75,12912286.653564287,11536291.828,0.11927531359986743,0.0,
monthly,2026-05-01,pounds,dyoy_w3_d1.0,13161403.654752383,11536291.828,0.14086951431031225,0.0,
monthly,2026-05-01,pounds,dyoy_w6_d0.25,12259430.876550507,11536291.828,0.06268383804190525,0.0,
monthly,2026-05-01,pounds,dyoy_w6_d0.5,12353926.103101013,11536291.828,0.07087496461527731,0.0,
monthly,2026-05-01,pounds,dyoy_w6_d0.75,12448421.329651522,11536291.828,0.0790660911886496,0.0,
monthly,2026-05-01,pounds,dyoy_w6_d1.0,12542916.556202028,11536291.828,0.08725721776202167,0.0,
monthly,2026-05-01,pounds,dyoy_w12_d0.25,12148783.949070396,11536291.828,0.05309263411521914,0.0,
monthly,2026-05-01,pounds,dyoy_w12_d0.5,12132632.248140791,11536291.828,0.051692556761905095,0.0,
monthly,2026-05-01,pounds,dyoy_w12_d0.75,12116480.547211187,11536291.828,0.05029247940859105,0.0,
monthly,2026-05-01,pounds,dyoy_w12_d1.0,12100328.846281582,11536291.828,0.04889240205527701,0.0,
monthly,2026-05-01,pounds,damped_yoy_auto,12380115.047644306,11536291.828,0.07314510002219632,0.35,
monthly,2026-05-01,pounds,snaive_level12,12100659.606105348,11536291.828,0.04892107329805562,0.0,
monthly,2026-05-01,pounds,seasonal_index_level,13360329.010756033,11536291.828,0.15811295431421657,0.0,
monthly,2026-05-01,pounds,combo_stat_median,12880666.611567665,11536291.828,0.11653439455343029,0.39,
monthly,2026-05-01,pounds,combo_ratio_mean,12695404.652677873,11536291.828,0.10047533834611944,0.17,
monthly,2026-05-01,individuals,seasonal_naive,730685.0,710185.0,0.02886571808754046,0.0,
monthly,2026-05-01,individuals,damped_yoy_3m,771017.667130419,710185.0,0.08565749365365227,0.0,
monthly,2026-05-01,individuals,sf_ets_log,814459.4842989494,710185.0,0.14682721304864144,0.07,
monthly,2026-05-01,individuals,sf_ets_level,813982.3661991259,710185.0,0.1461553907772284,0.06,
monthly,2026-05-01,individuals,sf_arima_log,795624.7354005846,710185.0,0.12030630807547982,0.42,
monthly,2026-05-01,individuals,sf_theta_log,825894.6460056584,710185.0,0.16292887910285136,0.0,
monthly,2026-05-01,individuals,sf_ces_log,819675.0017740778,710185.0,0.15417109876169977,0.01,
monthly,2026-05-01,individuals,sf_mstl_log,819858.5664017533,710185.0,0.15442957314186212,0.01,
monthly,2026-05-01,individuals,ratio_ses,771419.1269755501,710185.0,0.08622278276160444,0.0,
monthly,2026-05-01,individuals,ratio_ets_auto,771419.1269755501,710185.0,0.08622278276160444,0.01,
monthly,2026-05-01,individuals,ratio_arima,808854.7640517999,710185.0,0.13893529721382447,0.32,
monthly,2026-05-01,individuals,ratio_theta,765945.1124678648,710185.0,0.07851491156228985,0.01,
monthly,2026-05-01,individuals,ratio_mean3_half,769989.9245850008,710185.0,0.08421034601547595,0.0,
monthly,2026-05-01,individuals,dyoy_w1_d0.25,734059.7842090116,710185.0,0.0336176970916191,0.0,
monthly,2026-05-01,individuals,dyoy_w1_d0.5,737434.568418023,710185.0,0.038369676095697525,0.0,
monthly,2026-05-01,individuals,dyoy_w1_d0.75,740809.3526270344,710185.0,0.043121655099775946,0.0,
monthly,2026-05-01,individuals,dyoy_w1_d1.0,744184.136836046,710185.0,0.04787363410385459,0.0,
monthly,2026-05-01,individuals,dyoy_w3_d0.25,750851.3335652095,710185.0,0.057261605870596366,0.0,
monthly,2026-05-01,individuals,dyoy_w3_d0.5,771017.667130419,710185.0,0.08565749365365227,0.0,
monthly,2026-05-01,individuals,dyoy_w3_d0.75,791184.0006956287,710185.0,0.1140533814367084,0.0,
monthly,2026-05-01,individuals,dyoy_w3_d1.0,811350.3342608382,710185.0,0.14244926921976409,0.0,
monthly,2026-05-01,individuals,dyoy_w6_d0.25,739816.7048061693,710185.0,0.041723923775029315,0.0,
monthly,2026-05-01,individuals,dyoy_w6_d0.5,748948.4096123384,710185.0,0.05458212946251817,0.0,
monthly,2026-05-01,individuals,dyoy_w6_d0.75,758080.1144185076,710185.0,0.0674403351500068,0.0,
monthly,2026-05-01,individuals,dyoy_w6_d1.0,767211.8192246767,710185.0,0.08029854083749544,0.0,
monthly,2026-05-01,individuals,dyoy_w12_d0.25,735639.6469075726,710185.0,0.03584227617814029,0.0,
monthly,2026-05-01,individuals,dyoy_w12_d0.5,740594.2938151453,710185.0,0.042818834268740114,0.0,
monthly,2026-05-01,individuals,dyoy_w12_d0.75,745548.9407227179,710185.0,0.04979539235933994,0.0,
monthly,2026-05-01,individuals,dyoy_w12_d1.0,750503.5876302904,710185.0,0.05677195044993977,0.0,
monthly,2026-05-01,individuals,damped_yoy_auto,750851.3335652095,710185.0,0.057261605870596366,0.41,
monthly,2026-05-01,individuals,snaive_level12,749046.0970732436,710185.0,0.05471968159457541,0.0,
monthly,2026-05-01,individuals,seasonal_index_level,834278.88174041,710185.0,0.1747345856930378,0.0,
monthly,2026-05-01,individuals,combo_stat_median,792939.3056372497,710185.0,0.11652499790512283,0.51,
monthly,2026-05-01,individuals,combo_ratio_mean,782073.0011650715,710185.0,0.10122433051257285,0.29,
monthly,2026-06-01,visits,seasonal_naive,237261.0,239937.0,0.011152927643506394,0.0,
monthly,2026-06-01,visits,damped_yoy_3m,239917.71487312045,239937.0,8.037579397734973e-05,0.0,
monthly,2026-06-01,visits,sf_ets_log,260124.86686713915,239937.0,0.08413819822344681,0.06,
monthly,2026-06-01,visits,sf_ets_level,260675.25518852807,239937.0,0.08643208504119038,0.06,
monthly,2026-06-01,visits,sf_arima_log,250026.2172796425,239937.0,0.04204944331071281,0.31,
monthly,2026-06-01,visits,sf_theta_log,248800.01549844068,239937.0,0.036938927712027336,0.0,
monthly,2026-06-01,visits,sf_ces_log,256479.60098658776,239937.0,0.06894560233139435,0.01,
monthly,2026-06-01,visits,sf_mstl_log,259365.39939774238,239937.0,0.0809729195486415,0.01,
monthly,2026-06-01,visits,ratio_ses,235959.76469402888,239937.0,0.01657616501819692,0.0,
monthly,2026-06-01,visits,ratio_ets_auto,235959.76469402888,239937.0,0.01657616501819692,0.0,
monthly,2026-06-01,visits,ratio_arima,235017.64583234055,239937.0,0.020502690988298822,0.23,
monthly,2026-06-01,visits,ratio_theta,224909.03160266666,239937.0,0.06263297614512708,0.0,
monthly,2026-06-01,visits,ratio_mean3_half,239566.9793113095,239937.0,0.0015421576859363517,0.0,
monthly,2026-06-01,visits,dyoy_w1_d0.25,233009.22672423214,239937.0,0.028873301223937387,0.0,
monthly,2026-06-01,visits,dyoy_w1_d0.5,228757.45344846428,239937.0,0.04659367480436827,0.0,
monthly,2026-06-01,visits,dyoy_w1_d0.75,224505.6801726964,239937.0,0.06431404838479937,0.0,
monthly,2026-06-01,visits,dyoy_w1_d1.0,220253.90689692853,239937.0,0.08203442196523036,0.0,
monthly,2026-06-01,visits,dyoy_w3_d0.25,238589.35743656024,239937.0,0.005616651718741816,0.0,
monthly,2026-06-01,visits,dyoy_w3_d0.5,239917.71487312045,239937.0,8.037579397734973e-05,0.0,
monthly,2026-06-01,visits,dyoy_w3_d0.75,241246.0723096807,239937.0,0.005455900130787228,0.0,
monthly,2026-06-01,visits,dyoy_w3_d1.0,242574.42974624093,239937.0,0.010992176055551806,0.0,
monthly,2026-06-01,visits,dyoy_w6_d0.25,238961.7679269776,239937.0,0.004064533911078305,0.0,
monthly,2026-06-01,visits,dyoy_w6_d0.5,240662.53585395523,239937.0,0.0030238598213498946,0.0,
monthly,2026-06-01,visits,dyoy_w6_d0.75,242363.30378093288,239937.0,0.010112253553778316,0.0,
monthly,2026-06-01,visits,dyoy_w6_d1.0,244064.07170791048,239937.0,0.017200647286206294,0.0,
monthly,2026-06-01,visits,dyoy_w12_d0.25,240050.68264263324,239937.0,0.0004738020506767082,0.0,
monthly,2026-06-01,visits,dyoy_w12_d0.5,242840.36528526645,239937.0,0.012100531744859921,0.0,
monthly,2026-06-01,visits,dyoy_w12_d0.75,245630.04792789972,239937.0,0.023727261439043357,0.0,
monthly,2026-06-01,visits,dyoy_w12_d1.0,248419.73057053296,239937.0,0.03535399113322657,0.0,
monthly,2026-06-01,visits,damped_yoy_auto,245630.04792789972,239937.0,0.023727261439043357,0.43,
monthly,2026-06-01,visits,snaive_level12,248060.21114215587,239937.0,0.03385560018736533,0.0,
monthly,2026-06-01,visits,seasonal_index_level,270699.75600194006,239937.0,0.12821180560705536,0.0,
monthly,2026-06-01,visits,combo_stat_median,247215.0317131702,239937.0,0.030333094575535346,0.52,
monthly,2026-06-01,visits,combo_ratio_mean,231962.14737634538,239937.0,0.033237277383874164,0.4,
monthly,2026-06-01,pounds,seasonal_naive,11662638.6,12253807.27,0.04824367292337872,0.0,
monthly,2026-06-01,pounds,damped_yoy_3m,11797173.813441694,12253807.27,0.03726461878311438,0.0,
monthly,2026-06-01,pounds,sf_ets_log,12953330.27895075,12253807.27,0.05708617685405715,0.07,
monthly,2026-06-01,pounds,sf_ets_level,12965928.0229814,12253807.27,0.05811424460092729,0.05,
monthly,2026-06-01,pounds,sf_arima_log,12194759.138897367,12253807.27,0.004818757942047558,0.56,
monthly,2026-06-01,pounds,sf_theta_log,12496888.94945169,12253807.27,0.019837237039528777,0.0,
monthly,2026-06-01,pounds,sf_ces_log,12631016.569782672,12253807.27,0.03078302861072113,0.0,
monthly,2026-06-01,pounds,sf_mstl_log,12672103.726166658,12253807.27,0.03413604008533255,0.01,
monthly,2026-06-01,pounds,ratio_ses,11720373.846074535,12253807.27,0.04353205597018217,0.0,
monthly,2026-06-01,pounds,ratio_ets_auto,11720373.846074535,12253807.27,0.04353205597018217,0.0,
monthly,2026-06-01,pounds,ratio_arima,11719772.057371406,12253807.27,0.043581166315225905,0.15,
monthly,2026-06-01,pounds,ratio_theta,11631389.070421688,12253807.27,0.050793862337147,0.0,
monthly,2026-06-01,pounds,ratio_mean3_half,11782837.850702832,12253807.27,0.03843453784769446,0.0,
monthly,2026-06-01,pounds,dyoy_w1_d0.25,11511966.908939539,12253807.27,0.060539581267664344,0.0,
monthly,2026-06-01,pounds,dyoy_w1_d0.5,11361295.217879077,12253807.27,0.07283548961194997,0.0,
monthly,2026-06-01,pounds,dyoy_w1_d0.75,11210623.526818618,12253807.27,0.08513139795623548,0.0,
monthly,2026-06-01,pounds,dyoy_w1_d1.0,11059951.835758157,12253807.27,0.0974273063005211,0.0,
monthly,2026-06-01,pounds,dyoy_w3_d0.25,11729906.206720848,12253807.27,0.04275414585324644,0.0,
monthly,2026-06-01,pounds,dyoy_w3_d0.5,11797173.813441694,12253807.27,0.03726461878311438,0.0,
monthly,2026-06-01,pounds,dyoy_w3_d0.75,11864441.420162542,12253807.27,0.031775091712982206,0.0,
monthly,2026-06-01,pounds,dyoy_w3_d1.0,11931709.02688339,12253807.27,0.026285564642849923,0.0,
monthly,2026-06-01,pounds,dyoy_w6_d0.25,11729057.79294107,12253807.27,0.042823382602371396,0.0,
monthly,2026-06-01,pounds,dyoy_w6_d0.5,11795476.985882139,12253807.27,0.03740309228136418,0.0,
monthly,2026-06-01,pounds,dyoy_w6_d0.75,11861896.178823212,12253807.27,0.03198280196035652,0.0,
monthly,2026-06-01,pounds,dyoy_w6_d1.0,11928315.371764282,12253807.27,0.026562511639349307,0.0,
monthly,2026-06-01,pounds,dyoy_w12_d0.25,11655886.929315593,12253807.27,0.04879465846898423,0.0,
monthly,2026-06-01,pounds,dyoy_w12_d0.5,11649135.258631188,12253807.27,0.04934564401458974,0.0,
monthly,2026-06-01,pounds,dyoy_w12_d0.75,11642383.587946782,12253807.27,0.04989662956019525,0.0,
monthly,2026-06-01,pounds,dyoy_w12_d1.0,11635631.917262375,12253807.27,0.05044761510580087,0.0,
monthly,2026-06-01,pounds,damped_yoy_auto,11361295.217879077,12253807.27,0.07283548961194997,0.38,
monthly,2026-06-01,pounds,snaive_level12,11633046.1623893,12253807.27,0.05065863155286099,0.0,
monthly,2026-06-01,pounds,seasonal_index_level,12943753.664105006,12253807.27,0.05630465527184736,0.0,
monthly,2026-06-01,pounds,combo_stat_median,12108631.397763113,12253807.27,0.011847409465326697,0.49,
monthly,2026-06-01,pounds,combo_ratio_mean,11690511.657955876,12253807.27,0.04596902820751836,0.21,
monthly,2026-06-01,individuals,seasonal_naive,698375.0,740733.0,0.05718389757172959,0.0,
monthly,2026-06-01,individuals,damped_yoy_3m,713560.3040266936,740733.0,0.03668352290677801,0.0,
monthly,2026-06-01,individuals,sf_ets_log,768175.0016260116,740733.0,0.037047089337199246,0.06,
monthly,2026-06-01,individuals,sf_ets_level,776046.316098994,740733.0,0.047673474921454906,0.05,
monthly,2026-06-01,individuals,sf_arima_log,732625.0852664473,740733.0,0.010945799273898604,0.65,
monthly,2026-06-01,individuals,sf_theta_log,770748.3706981072,740733.0,0.0405211738887119,0.01,
monthly,2026-06-01,individuals,sf_ces_log,729003.9503158736,740733.0,0.015834382542868175,0.01,
monthly,2026-06-01,individuals,sf_mstl_log,757139.3021592903,740733.0,0.02214873936936823,0.01,
monthly,2026-06-01,individuals,ratio_ses,699241.3446646418,740733.0,0.056014320052378164,0.0,
monthly,2026-06-01,individuals,ratio_ets_auto,699241.3446646418,740733.0,0.056014320052378164,0.01,
monthly,2026-06-01,individuals,ratio_arima,689655.1340824118,740733.0,0.0689558395772677,0.37,
monthly,2026-06-01,individuals,ratio_theta,696025.9316749893,740733.0,0.06035517295032178,0.01,
monthly,2026-06-01,individuals,ratio_mean3_half,712390.3480133386,740733.0,0.038262980030134175,0.0,
monthly,2026-06-01,individuals,dyoy_w1_d0.25,693476.6212526602,740733.0,0.06379677798523875,0.0,
monthly,2026-06-01,individuals,dyoy_w1_d0.5,688578.2425053203,740733.0,0.0704096583987478,0.0,
monthly,2026-06-01,individuals,dyoy_w1_d0.75,683679.8637579805,740733.0,0.07702253881225685,0.0,
monthly,2026-06-01,individuals,dyoy_w1_d1.0,678781.4850106407,740733.0,0.083635419225766,0.0,
monthly,2026-06-01,individuals,dyoy_w3_d0.25,705967.6520133468,740733.0,0.046933710239253856,0.0,
monthly,2026-06-01,individuals,dyoy_w3_d0.5,713560.3040266936,740733.0,0.03668352290677801,0.0,
monthly,2026-06-01,individuals,dyoy_w3_d0.75,721152.9560400405,740733.0,0.026433335574302164,0.0,
monthly,2026-06-01,individuals,dyoy_w3_d1.0,728745.6080533873,740733.0,0.016183148241826317,0.0,
monthly,2026-06-01,individuals,dyoy_w6_d0.25,704699.3110452179,740733.0,0.04864598843953505,0.0,
monthly,2026-06-01,individuals,dyoy_w6_d0.5,711023.6220904357,740733.0,0.040108079307340616,0.0,
monthly,2026-06-01,individuals,dyoy_w6_d0.75,717347.9331356536,740733.0,0.03157017017514596,0.0,
monthly,2026-06-01,individuals,dyoy_w6_d1.0,723672.2441808714,740733.0,0.02303226104295153,0.0,
monthly,2026-06-01,individuals,dyoy_w12_d0.25,703351.3746553755,740733.0,0.05046572158203366,0.0,
monthly,2026-06-01,individuals,dyoy_w12_d0.5,708327.749310751,740733.0,0.04374754559233762,0.0,
monthly,2026-06-01,individuals,dyoy_w12_d0.75,713304.1239661262,740733.0,0.037029369602641915,0.0,
monthly,2026-06-01,individuals,dyoy_w12_d1.0,718280.4986215017,740733.0,0.030311193612945875,0.0,
monthly,2026-06-01,individuals,damped_yoy_auto,693476.6212526602,740733.0,0.06379677798523875,0.35,
monthly,2026-06-01,individuals,snaive_level12,716787.6811838871,740733.0,0.03232651821386778,0.0,
monthly,2026-06-01,individuals,seasonal_index_level,820675.1247751412,740733.0,0.10792299624175139,0.0,
monthly,2026-06-01,individuals,combo_stat_median,733708.1731453267,740733.0,0.009483615357589459,0.45,
monthly,2026-06-01,individuals,combo_ratio_mean,694974.1368073476,740733.0,0.06177511085998921,0.34,
monthly,2026-07-01,visits,seasonal_naive,260002.0,239143.0,0.08722396223180273,0.0,
monthly,2026-07-01,visits,damped_yoy_3m,257377.36656219527,239143.0,0.07624879909591864,0.0,
monthly,2026-07-01,visits,sf_ets_log,258917.26959475823,239143.0,0.08268805524208611,0.05,
monthly,2026-07-01,visits,sf_ets_level,259424.17218408978,239143.0,0.08480771832790324,0.04,
monthly,2026-07-01,visits,sf_arima_log,247388.04077417674,239143.0,0.03447744978601408,0.43,
monthly,2026-07-01,visits,sf_theta_log,245467.630236543,239143.0,0.026447064043450874,0.0,
monthly,2026-07-01,visits,sf_ces_log,252258.81744475634,239143.0,0.05484508200012694,0.01,
monthly,2026-07-01,visits,sf_mstl_log,255630.42436414814,239143.0,0.06894378829465286,0.01,
monthly,2026-07-01,visits,ratio_ses,260625.18173335958,239143.0,0.08982985800696475,0.0,
monthly,2026-07-01,visits,ratio_ets_auto,260625.18173335958,239143.0,0.08982985800696475,0.0,
monthly,2026-07-01,visits,ratio_arima,260198.78769922061,239143.0,0.08804684937138285,0.23,
monthly,2026-07-01,visits,ratio_theta,255965.46508117748,239143.0,0.0703447940402917,0.01,
monthly,2026-07-01,visits,ratio_mean3_half,257269.7712109828,239143.0,0.07579887854121936,0.0,
monthly,2026-07-01,visits,dyoy_w1_d0.25,260735.1223336326,239143.0,0.0902895854515191,0.0,
monthly,2026-07-01,visits,dyoy_w1_d0.5,261468.2446672652,239143.0,0.09335520867123503,0.0,
monthly,2026-07-01,visits,dyoy_w1_d0.75,262201.3670008977,239143.0,0.09642083189095096,0.0,
monthly,2026-07-01,visits,dyoy_w1_d1.0,262934.4893345303,239143.0,0.09948645511066734,0.0,
monthly,2026-07-01,visits,dyoy_w3_d0.25,258689.68328109762,239143.0,0.08173638066386069,0.0,
monthly,2026-07-01,visits,dyoy_w3_d0.5,257377.36656219527,239143.0,0.07624879909591864,0.0,
monthly,2026-07-01,visits,dyoy_w3_d0.75,256065.04984329292,239143.0,0.0707612175279766,0.0,
monthly,2026-07-01,visits,dyoy_w3_d1.0,254752.73312439054,239143.0,0.06527363596003455,0.0,
monthly,2026-07-01,visits,dyoy_w6_d0.25,261606.0578596975,239143.0,0.09393148810417817,0.0,
monthly,2026-07-01,visits,dyoy_w6_d0.5,263210.115719395,239143.0,0.10063901397655384,0.0,
monthly,2026-07-01,visits,dyoy_w6_d0.75,264814.1735790924,239143.0,0.10734653984892906,0.0,
monthly,2026-07-01,visits,dyoy_w6_d1.0,266418.2314387899,239143.0,0.1140540657213045,0.0,
monthly,2026-07-01,visits,dyoy_w12_d0.25,262935.26562440663,239143.0,0.09948970124321699,0.0,
monthly,2026-07-01,visits,dyoy_w12_d0.5,265868.53124881326,239143.0,0.11175544025463124,0.0,
monthly,2026-07-01,visits,dyoy_w12_d0.75,268801.79687321995,239143.0,0.12402117926604572,0.01,
monthly,2026-07-01,visits,dyoy_w12_d1.0,271735.0624976266,239143.0,0.13628691827745976,0.01,
monthly,2026-07-01,visits,damped_yoy_auto,263210.115719395,239143.0,0.10063901397655384,0.45,
monthly,2026-07-01,visits,snaive_level12,271326.39321147796,239143.0,0.13457802742073977,0.0,
monthly,2026-07-01,visits,seasonal_index_level,275320.17452089046,239143.0,0.1512784171850754,0.0,
monthly,2026-07-01,visits,combo_stat_median,259771.2256640589,239143.0,0.08625895662452554,0.49,
monthly,2026-07-01,visits,combo_ratio_mean,258929.8115045859,239143.0,0.08274050047287984,0.29,
monthly,2026-07-01,pounds,seasonal_naive,12796556.84,12999406.86,0.01560455966834784,0.0,
monthly,2026-07-01,pounds,damped_yoy_3m,12842667.714888558,12999406.86,0.012057407449391988,0.0,
monthly,2026-07-01,pounds,sf_ets_log,12920766.506140148,12999406.86,0.006049534006188573,0.05,
monthly,2026-07-01,pounds,sf_ets_level,12934938.268220196,12999406.86,0.004959348720607992,0.06,
monthly,2026-07-01,pounds,sf_arima_log,12594410.18475097,12999406.86,0.031155011887136874,0.52,
monthly,2026-07-01,pounds,sf_theta_log,12423022.187610667,12999406.86,0.044339305523462325,0.0,
monthly,2026-07-01,pounds,sf_ces_log,13091343.825895581,12999406.86,0.007072396985933205,0.01,
monthly,2026-07-01,pounds,sf_mstl_log,12743461.515904222,12999406.86,0.019689001725404665,0.01,
monthly,2026-07-01,pounds,ratio_ses,13092758.580488019,12999406.86,0.007181229227871011,0.0,
monthly,2026-07-01,pounds,ratio_ets_auto,13092758.580488019,12999406.86,0.007181229227871011,0.0,
monthly,2026-07-01,pounds,ratio_arima,13092743.06208148,12999406.86,0.007180035449823707,0.18,
monthly,2026-07-01,pounds,ratio_theta,12992579.289189188,12999406.86,0.0005252217185247599,0.01,
monthly,2026-07-01,pounds,ratio_mean3_half,12838635.400287805,12999406.86,0.012367599648480776,0.0,
monthly,2026-07-01,pounds,dyoy_w1_d0.25,12958718.3316474,12999406.86,0.0031300296075662537,0.0,
monthly,2026-07-01,pounds,dyoy_w1_d0.5,13120879.8232948,12999406.86,0.009344500453215332,0.0,
monthly,2026-07-01,pounds,dyoy_w1_d0.75,13283041.314942202,12999406.86,0.021819030513996918,0.0,
monthly,2026-07-01,pounds,dyoy_w1_d1.0,13445202.806589602,12999406.86,0.0342935605747785,0.0,
monthly,2026-07-01,pounds,dyoy_w3_d0.25,12819612.277444279,12999406.86,0.013830983558869914,0.0,
monthly,2026-07-01,pounds,dyoy_w3_d0.5,12842667.714888558,12999406.86,0.012057407449391988,0.0,
monthly,2026-07-01,pounds,dyoy_w3_d0.75,12865723.15233284,12999406.86,0.01028383133991384,0.0,
monthly,2026-07-01,pounds,dyoy_w3_d1.0,12888778.58977712,12999406.86,0.008510255230435915,0.0,
monthly,2026-07-01,pounds,dyoy_w6_d0.25,12911270.777834661,12999406.86,0.006780007973789859,0.0,
monthly,2026-07-01,pounds,dyoy_w6_d0.5,13025984.715669319,12999406.86,0.0020445437207678996,0.0,
monthly,2026-07-01,pounds,dyoy_w6_d0.75,13140698.653503977,12999406.86,0.010869095415325436,0.0,
monthly,2026-07-01,pounds,dyoy_w6_d1.0,13255412.591338636,12999406.86,0.019693647109883416,0.0,
monthly,2026-07-01,pounds,dyoy_w12_d0.25,12818953.453120373,12999406.86,0.013881664665400417,0.01,
monthly,2026-07-01,pounds,dyoy_w12_d0.5,12841350.066240748,12999406.86,0.012158769662452995,0.0,
monthly,2026-07-01,pounds,dyoy_w12_d0.75,12863746.67936112,12999406.86,0.010435874659505795,0.0,
monthly,2026-07-01,pounds,dyoy_w12_d1.0,12886143.292481493,12999406.86,0.008712979656558484,0.0,
monthly,2026-07-01,pounds,damped_yoy_auto,13140698.653503977,12999406.86,0.010869095415325436,0.4,
monthly,2026-07-01,pounds,snaive_level12,12890744.581323264,12999406.86,0.00835901821113827,0.0,
monthly,2026-07-01,pounds,seasonal_index_level,13358599.114858966,12999406.86,0.027631434166756064,0.0,
monthly,2026-07-01,pounds,combo_stat_median,13006762.543314084,12999406.86,0.0005658476108412192,0.46,
monthly,2026-07-01,pounds,combo_ratio_mean,13059360.310586229,12999406.86,0.0046120143197232455,0.16,
monthly,2026-07-01,individuals,seasonal_naive,773672.0,739444.0,0.04628883323145505,0.0,
monthly,2026-07-01,individuals,damped_yoy_3m,780025.5527670868,739444.0,0.05488117121389413,0.0,
monthly,2026-07-01,individuals,sf_ets_log,755544.2736396722,739444.0,0.02177348607828611,0.06,
monthly,2026-07-01,individuals,sf_ets_level,762412.3128344651,739444.0,0.03106159876131942,0.08,
monthly,2026-07-01,individuals,sf_arima_log,790046.0597837437,739444.0,0.06843257878046716,0.71,
monthly,2026-07-01,individuals,sf_theta_log,760324.3210641748,739444.0,0.028237866645986376,0.0,
monthly,2026-07-01,individuals,sf_ces_log,756583.3096260255,739444.0,0.023178644530249093,0.0,
monthly,2026-07-01,individuals,sf_mstl_log,756209.7720652655,739444.0,0.022673484490056683,0.01,
monthly,2026-07-01,individuals,ratio_ses,803237.086398974,739444.0,0.0862716938658965,0.0,
monthly,2026-07-01,individuals,ratio_ets_auto,803237.086398974,739444.0,0.0862716938658965,0.0,
monthly,2026-07-01,individuals,ratio_arima,832117.9223766959,739444.0,0.12532919649993235,0.39,
monthly,2026-07-01,individuals,ratio_theta,796231.5439523591,739444.0,0.07679762626021591,0.01,
monthly,2026-07-01,individuals,ratio_mean3_half,779981.4981456068,739444.0,0.05482159317758595,0.0,
monthly,2026-07-01,individuals,dyoy_w1_d0.25,785403.2327102202,739444.0,0.0621537705495212,0.0,
monthly,2026-07-01,individuals,dyoy_w1_d0.5,797134.4654204403,739444.0,0.07801870786758736,0.0,
monthly,2026-07-01,individuals,dyoy_w1_d0.75,808865.6981306603,739444.0,0.09388364518565351,0.0,
monthly,2026-07-01,individuals,dyoy_w1_d1.0,820596.9308408806,739444.0,0.10974858250371988,0.0,
monthly,2026-07-01,individuals,dyoy_w3_d0.25,776848.7763835435,739444.0,0.05058500222267481,0.0,
monthly,2026-07-01,individuals,dyoy_w3_d0.5,780025.5527670868,739444.0,0.05488117121389413,0.0,
monthly,2026-07-01,individuals,dyoy_w3_d0.75,783202.32915063,739444.0,0.05917734020511367,0.0,
monthly,2026-07-01,individuals,dyoy_w3_d1.0,786379.1055341735,739444.0,0.06347350919633343,0.0,
monthly,2026-07-01,individuals,dyoy_w6_d0.25,782769.6976542637,739444.0,0.05859226344965096,0.0,
monthly,2026-07-01,individuals,dyoy_w6_d0.5,791867.3953085276,739444.0,0.07089569366784731,0.0,
monthly,2026-07-01,individuals,dyoy_w6_d0.75,800965.0929627914,739444.0,0.08319912388604345,0.0,
monthly,2026-07-01,individuals,dyoy_w6_d1.0,810062.7906170551,739444.0,0.09550255410423936,0.0,
monthly,2026-07-01,individuals,dyoy_w12_d0.25,780688.2258022962,739444.0,0.05577734865966355,0.0,
monthly,2026-07-01,individuals,dyoy_w12_d0.5,787704.4516045924,739444.0,0.06526586408787205,0.0,
monthly,2026-07-01,individuals,dyoy_w12_d0.75,794720.6774068883,739444.0,0.0747543795160801,0.0,
monthly,2026-07-01,individuals,dyoy_w12_d1.0,801736.9032091845,739444.0,0.0842428949442886,0.0,
monthly,2026-07-01,individuals,damped_yoy_auto,801736.9032091845,739444.0,0.0842428949442886,0.36,
monthly,2026-07-01,individuals,snaive_level12,800468.3629732933,739444.0,0.08252736241458902,0.0,
monthly,2026-07-01,individuals,seasonal_index_level,834140.172861499,739444.0,0.12806402224035773,0.0,
monthly,2026-07-01,individuals,combo_stat_median,781030.6121366797,739444.0,0.05624038079513749,0.51,
monthly,2026-07-01,individuals,combo_ratio_mean,810528.850909343,739444.0,0.09613283887534818,0.54,
final,2026-08-01,visits,seasonal_naive,240290.0,,,0.0,
final,2026-08-01,visits,damped_yoy_3m,234496.3284852165,,,0.0,
final,2026-08-01,visits,sf_ets_log,246838.8864637722,,,0.09,
final,2026-08-01,visits,sf_ets_level,248819.75700057685,,,0.08,
final,2026-08-01,visits,sf_arima_log,244708.5343736181,,,0.49,
final,2026-08-01,visits,sf_theta_log,243208.24850746067,,,0.0,
final,2026-08-01,visits,sf_ces_log,254741.31010813342,,,0.01,
final,2026-08-01,visits,sf_mstl_log,255542.23322834537,,,0.01,
final,2026-08-01,visits,ratio_ses,231605.947374182,,,0.0,
final,2026-08-01,visits,ratio_ets_auto,231605.947374182,,,0.0,
final,2026-08-01,visits,ratio_arima,230904.97643482444,,,0.39,
final,2026-08-01,visits,ratio_theta,225326.87167155882,,,0.01,
final,2026-08-01,visits,ratio_mean3_half,234482.56174757122,,,0.0,
final,2026-08-01,visits,dyoy_w1_d0.25,235470.60523572896,,,0.0,
final,2026-08-01,visits,dyoy_w1_d0.5,230651.21047145792,,,0.0,
final,2026-08-01,visits,dyoy_w1_d0.75,225831.81570718685,,,0.0,
final,2026-08-01,visits,dyoy_w1_d1.0,221012.4209429158,,,0.0,
final,2026-08-01,visits,dyoy_w3_d0.25,237393.16424260827,,,0.0,
final,2026-08-01,visits,dyoy_w3_d0.5,234496.3284852165,,,0.0,
final,2026-08-01,visits,dyoy_w3_d0.75,231599.49272782475,,,0.0,
final,2026-08-01,visits,dyoy_w3_d1.0,228702.65697043302,,,0.0,
final,2026-08-01,visits,dyoy_w6_d0.25,241322.48415161678,,,0.0,
final,2026-08-01,visits,dyoy_w6_d0.5,242354.96830323362,,,0.0,
final,2026-08-01,visits,dyoy_w6_d0.75,243387.45245485046,,,0.0,
final,2026-08-01,visits,dyoy_w6_d1.0,244419.93660646726,,,0.0,
final,2026-08-01,visits,dyoy_w12_d0.25,242050.16153439056,,,0.01,
final,2026-08-01,visits,dyoy_w12_d0.5,243810.32306878112,,,0.0,
final,2026-08-01,visits,dyoy_w12_d0.75,245570.48460317164,,,0.0,
final,2026-08-01,visits,dyoy_w12_d1.0,247330.6461375622,,,0.0,
final,2026-08-01,visits,damped_yoy_auto,242354.96830323362,,,0.62,
final,2026-08-01,visits,snaive_level12,246953.5424014615,,,0.0,
final,2026-08-01,visits,seasonal_index_level,277720.69771593955,,,0.01,
final,2026-08-01,visits,combo_stat_median,242781.60840534716,,,0.73,
final,2026-08-01,visits,combo_ratio_mean,229279.26516018843,,,0.38,
final,2026-08-01,pounds,seasonal_naive,12821574.42,,,0.0,
final,2026-08-01,pounds,damped_yoy_3m,12850522.085298175,,,0.01,
final,2026-08-01,pounds,sf_ets_log,12927009.083195612,,,0.1,
final,2026-08-01,pounds,sf_ets_level,12942815.697528483,,,0.09,
final,2026-08-01,pounds,sf_arima_log,13142173.516628092,,,0.87,
final,2026-08-01,pounds,sf_theta_log,12723103.207200749,,,0.0,
final,2026-08-01,pounds,sf_ces_log,13489257.18882689,,,0.01,
final,2026-08-01,pounds,sf_mstl_log,13478634.168872695,,,0.01,
final,2026-08-01,pounds,ratio_ses,13081288.91813218,,,0.0,
final,2026-08-01,pounds,ratio_ets_auto,13081288.91813218,,,0.01,
final,2026-08-01,pounds,ratio_arima,13081237.857153676,,,0.28,
final,2026-08-01,pounds,ratio_theta,12987909.038558453,,,0.01,
final,2026-08-01,pounds,ratio_mean3_half,12847487.37021558,,,0.0,
final,2026-08-01,pounds,dyoy_w1_d0.25,12872386.069181258,,,0.0,
final,2026-08-01,pounds,dyoy_w1_d0.5,12923197.718362518,,,0.0,
final,2026-08-01,pounds,dyoy_w1_d0.75,12974009.367543777,,,0.0,
final,2026-08-01,pounds,dyoy_w1_d1.0,13024821.016725035,,,0.0,
final,2026-08-01,pounds,dyoy_w3_d0.25,12836048.252649086,,,0.0,
final,2026-08-01,pounds,dyoy_w3_d0.5,12850522.085298175,,,0.0,
final,2026-08-01,pounds,dyoy_w3_d0.75,12864995.917947263,,,0.0,
final,2026-08-01,pounds,dyoy_w3_d1.0,12879469.75059635,,,0.0,
final,2026-08-01,pounds,dyoy_w6_d0.25,12960715.264891744,,,0.01,
final,2026-08-01,pounds,dyoy_w6_d0.5,13099856.109783487,,,0.0,
final,2026-08-01,pounds,dyoy_w6_d0.75,13238996.954675235,,,0.01,
final,2026-08-01,pounds,dyoy_w6_d1.0,13378137.799566979,,,0.0,
final,2026-08-01,pounds,dyoy_w12_d0.25,12858825.23334941,,,0.0,
final,2026-08-01,pounds,dyoy_w12_d0.5,12896076.046698824,,,0.0,
final,2026-08-01,pounds,dyoy_w12_d0.75,12933326.860048236,,,0.0,
final,2026-08-01,pounds,dyoy_w12_d1.0,12970577.673397647,,,0.0,
final,2026-08-01,pounds,damped_yoy_auto,13238996.954675235,,,0.63,
final,2026-08-01,pounds,snaive_level12,12974020.653941855,,,0.0,
final,2026-08-01,pounds,seasonal_index_level,13946892.47634745,,,0.0,
final,2026-08-01,pounds,combo_stat_median,13004149.000663895,,,0.74,
final,2026-08-01,pounds,combo_ratio_mean,13050145.271281436,,,0.24,
final,2026-08-01,individuals,seasonal_naive,727272.0,,,0.0,
final,2026-08-01,individuals,damped_yoy_3m,725229.9098501315,,,0.01,
final,2026-08-01,individuals,sf_ets_log,748180.9458193984,,,0.09,
final,2026-08-01,individuals,sf_ets_level,752782.5815281313,,,0.09,
final,2026-08-01,individuals,sf_arima_log,729173.6056238667,,,0.9,
final,2026-08-01,individuals,sf_theta_log,754355.757739911,,,0.0,
final,2026-08-01,individuals,sf_ces_log,778011.6768135974,,,0.01,
final,2026-08-01,individuals,sf_mstl_log,770799.4877483462,,,0.01,
final,2026-08-01,individuals,ratio_ses,717935.1828953916,,,0.0,
final,2026-08-01,individuals,ratio_ets_auto,717935.1828953916,,,0.0,
final,2026-08-01,individuals,ratio_arima,717801.9879077598,,,0.31,
final,2026-08-01,individuals,ratio_theta,711543.9070034726,,,0.01,
final,2026-08-01,individuals,ratio_mean3_half,725477.5669627981,,,0.0,
final,2026-08-01,individuals,dyoy_w1_d0.25,719228.1952558707,,,0.0,
final,2026-08-01,individuals,dyoy_w1_d0.5,711184.3905117414,,,0.0,
final,2026-08-01,individuals,dyoy_w1_d0.75,703140.5857676121,,,0.0,
final,2026-08-01,individuals,dyoy_w1_d1.0,695096.7810234828,,,0.0,
final,2026-08-01,individuals,dyoy_w3_d0.25,726250.9549250657,,,0.01,
final,2026-08-01,individuals,dyoy_w3_d0.5,725229.9098501315,,,0.0,
final,2026-08-01,individuals,dyoy_w3_d0.75,724208.8647751973,,,0.0,
final,2026-08-01,individuals,dyoy_w3_d1.0,723187.8197002632,,,0.01,
final,2026-08-01,individuals,dyoy_w6_d0.25,736955.0707641905,,,0.01,
final,2026-08-01,individuals,dyoy_w6_d0.5,746638.141528381,,,0.01,
final,2026-08-01,individuals,dyoy_w6_d0.75,756321.2122925713,,,0.01,
final,2026-08-01,individuals,dyoy_w6_d1.0,766004.2830567618,,,0.0,
final,2026-08-01,individuals,dyoy_w12_d0.25,732326.4089867781,,,0.0,
final,2026-08-01,individuals,dyoy_w12_d0.5,737380.8179735563,,,0.0,
final,2026-08-01,individuals,dyoy_w12_d0.75,742435.2269603347,,,0.01,
final,2026-08-01,individuals,dyoy_w12_d1.0,747489.6359471128,,,0.01,
final,2026-08-01,individuals,damped_yoy_auto,737380.8179735563,,,0.67,
final,2026-08-01,individuals,snaive_level12,746261.0682879162,,,0.0,
final,2026-08-01,individuals,seasonal_index_level,848991.1101014867,,,0.0,
final,2026-08-01,individuals,combo_stat_median,742780.8818964774,,,0.77,
final,2026-08-01,individuals,combo_ratio_mean,715760.3592688747,,,0.31,
